ISO-10303-21;
HEADER;
FILE_DESCRIPTION(('FreeCAD Model'),'2;1');
FILE_NAME('Open CASCADE Shape Model','2026-09-13T20:44:37',(''),(''),
  'Open CASCADE STEP processor 7.9','FreeCAD','Unknown');
FILE_SCHEMA(('AUTOMOTIVE_DESIGN { 1 0 10303 214 1 1 1 1 }'));
ENDSEC;
DATA;
#1 = APPLICATION_PROTOCOL_DEFINITION('international standard',
  'automotive_design',2000,#2);
#2 = APPLICATION_CONTEXT(
  'core data for automotive mechanical design processes');
#3 = SHAPE_DEFINITION_REPRESENTATION(#4,#10);
#4 = PRODUCT_DEFINITION_SHAPE('','',#5);
#5 = PRODUCT_DEFINITION('design','',#6,#9);
#6 = PRODUCT_DEFINITION_FORMATION('','',#7);
#7 = PRODUCT('proto','proto','',(#8));
#8 = PRODUCT_CONTEXT('',#2,'mechanical');
#9 = PRODUCT_DEFINITION_CONTEXT('part definition',#2,'design');
#10 = SHAPE_REPRESENTATION('',(#11,#15,#19),#23);
#11 = AXIS2_PLACEMENT_3D('',#12,#13,#14);
#12 = CARTESIAN_POINT('',(0.,0.,0.));
#13 = DIRECTION('',(0.,0.,1.));
#14 = DIRECTION('',(1.,0.,-0.));
#15 = AXIS2_PLACEMENT_3D('',#16,#17,#18);
#16 = CARTESIAN_POINT('',(330.06234918837,-39.40281556595,
    227.38353273872));
#17 = DIRECTION('',(-0.593320064482,7.387420691619E-04,0.804966306962));
#18 = DIRECTION('',(0.804966643315,6.253421318289E-04,0.593319738503));
#19 = AXIS2_PLACEMENT_3D('',#20,#21,#22);
#20 = CARTESIAN_POINT('',(148.98336642769,115.88452395153,
    467.09491169616));
#21 = DIRECTION('',(-0.801386617614,-5.385228587389E-04,-0.598146469607)
  );
#22 = DIRECTION('',(9.618442961457E-05,0.999999465763,
    -1.029185186299E-03));
#23 = ( GEOMETRIC_REPRESENTATION_CONTEXT(3) 
GLOBAL_UNCERTAINTY_ASSIGNED_CONTEXT((#27)) GLOBAL_UNIT_ASSIGNED_CONTEXT(
(#24,#25,#26)) REPRESENTATION_CONTEXT('Context #1',
  '3D Context with UNIT and UNCERTAINTY') );
#24 = ( LENGTH_UNIT() NAMED_UNIT(*) SI_UNIT(.MILLI.,.METRE.) );
#25 = ( NAMED_UNIT(*) PLANE_ANGLE_UNIT() SI_UNIT($,.RADIAN.) );
#26 = ( NAMED_UNIT(*) SI_UNIT($,.STERADIAN.) SOLID_ANGLE_UNIT() );
#27 = UNCERTAINTY_MEASURE_WITH_UNIT(LENGTH_MEASURE(5.E-05),#24,
  'distance_accuracy_value','confusion accuracy');
#28 = PRODUCT_RELATED_PRODUCT_CATEGORY('part',$,(#7));
#29 = SHAPE_DEFINITION_REPRESENTATION(#30,#36);
#30 = PRODUCT_DEFINITION_SHAPE('','',#31);
#31 = PRODUCT_DEFINITION('design','',#32,#35);
#32 = PRODUCT_DEFINITION_FORMATION('','',#33);
#33 = PRODUCT('ActuatorArm','ActuatorArm','',(#34));
#34 = PRODUCT_CONTEXT('',#2,'mechanical');
#35 = PRODUCT_DEFINITION_CONTEXT('part definition',#2,'design');
#36 = ADVANCED_BREP_SHAPE_REPRESENTATION('',(#11,#37),#1463);
#37 = MANIFOLD_SOLID_BREP('',#38);
#38 = CLOSED_SHELL('',(#39,#81,#159,#241,#274,#369,#399,#449,#483,#500,
    #511,#872,#881,#912,#944,#962,#994,#1115,#1140,#1158,#1183,#1213,
    #1247,#1279,#1297,#1307,#1324,#1429,#1445));
#39 = ADVANCED_FACE('',(#40),#76,.F.);
#40 = FACE_BOUND('',#41,.T.);
#41 = EDGE_LOOP('',(#42,#53,#61,#70));
#42 = ORIENTED_EDGE('',*,*,#43,.T.);
#43 = EDGE_CURVE('',#44,#46,#48,.T.);
#44 = VERTEX_POINT('',#45);
#45 = CARTESIAN_POINT('',(-342.5418982521,146.84969103714,
    301.39314777145));
#46 = VERTEX_POINT('',#47);
#47 = CARTESIAN_POINT('',(-342.5412697429,146.81323751652,
    301.28800834969));
#48 = CIRCLE('',#49,8.75);
#49 = AXIS2_PLACEMENT_3D('',#50,#51,#52);
#50 = CARTESIAN_POINT('',(-342.5236051609,155.09850342986,
    298.47437072061));
#51 = DIRECTION('',(0.999981939273,-9.124741300661E-05,
    6.009392853767E-03));
#52 = DIRECTION('',(-6.009379369692E-03,1.473368774084E-04,
    0.999981932663));
#53 = ORIENTED_EDGE('',*,*,#54,.T.);
#54 = EDGE_CURVE('',#46,#55,#57,.T.);
#55 = VERTEX_POINT('',#56);
#56 = CARTESIAN_POINT('',(-342.5413904968,145.50256448074,
    301.28820073798));
#57 = LINE('',#58,#59);
#58 = CARTESIAN_POINT('',(-342.5395850618,165.09891766056,
    301.28532427007));
#59 = VECTOR('',#60,1.);
#60 = DIRECTION('',(-9.2131169587E-05,-0.999999984983,1.467858760759E-04
    ));
#61 = ORIENTED_EDGE('',*,*,#62,.F.);
#62 = EDGE_CURVE('',#63,#55,#65,.T.);
#63 = VERTEX_POINT('',#64);
#64 = CARTESIAN_POINT('',(-342.5420194661,145.53402361928,
    301.39334089285));
#65 = CIRCLE('',#66,10.);
#66 = AXIS2_PLACEMENT_3D('',#67,#68,#69);
#67 = CARTESIAN_POINT('',(-342.5236051609,155.09850342986,
    298.47437072061));
#68 = DIRECTION('',(0.999981939273,-9.124741300634E-05,
    6.009392853768E-03));
#69 = DIRECTION('',(-6.009379369692E-03,1.473368774086E-04,
    0.999981932663));
#70 = ORIENTED_EDGE('',*,*,#71,.T.);
#71 = EDGE_CURVE('',#63,#44,#72,.T.);
#72 = LINE('',#73,#74);
#73 = CARTESIAN_POINT('',(-342.5420595514,145.09893345289,
    301.39340475794));
#74 = VECTOR('',#75,1.);
#75 = DIRECTION('',(9.2131169587E-05,0.999999984983,-1.46785876076E-04)
  );
#76 = PLANE('',#77);
#77 = AXIS2_PLACEMENT_3D('',#78,#79,#80);
#78 = CARTESIAN_POINT('',(-342.5236051609,155.09850342986,
    298.47437072061));
#79 = DIRECTION('',(0.999981939273,-9.124741300661E-05,
    6.009392853767E-03));
#80 = DIRECTION('',(-6.009379369692E-03,1.473368774084E-04,
    0.999981932663));
#81 = ADVANCED_FACE('',(#82),#154,.T.);
#82 = FACE_BOUND('',#83,.T.);
#83 = EDGE_LOOP('',(#84,#125,#133,#142,#153));
#84 = ORIENTED_EDGE('',*,*,#85,.F.);
#85 = EDGE_CURVE('',#86,#46,#88,.T.);
#86 = VERTEX_POINT('',#87);
#87 = CARTESIAN_POINT('',(-353.8242072224,146.34953465703,
    298.40774895777));
#88 = B_SPLINE_CURVE_WITH_KNOTS('',3,(#89,#90,#91,#92,#93,#94,#95,#96,
    #97,#98,#99,#100,#101,#102,#103,#104,#105,#106,#107,#108,#109,#110,
    #111,#112,#113,#114,#115,#116,#117,#118,#119,#120,#121,#122,#123,
    #124),.UNSPECIFIED.,.F.,.F.,(4,2,2,2,2,2,2,2,2,2,2,2,2,2,2,2,2,4),(
    1.944838032256E-02,2.04773971767E-02,2.150641403085E-02,
    2.2535430885E-02,2.356444773915E-02,2.459346459329E-02,
    2.562248144744E-02,2.665149830159E-02,2.768051515574E-02,
    2.819502358281E-02,2.870953200988E-02,2.973854886403E-02,
    3.076756571818E-02,3.179658257233E-02,3.282559942647E-02,
    3.385461628062E-02,3.488363313477E-02,3.591264998891E-02),
  .UNSPECIFIED.);
#89 = CARTESIAN_POINT('',(-353.8242072224,146.34953465703,
    298.40774895777));
#90 = CARTESIAN_POINT('',(-353.8262723848,146.3495852903,298.7513992536)
  );
#91 = CARTESIAN_POINT('',(-353.7989321135,146.3698770349,299.09492611072
    ));
#92 = CARTESIAN_POINT('',(-353.684273089,146.45075439293,299.77826264449
    ));
#93 = CARTESIAN_POINT('',(-353.5988901285,146.50996335963,
    300.10736170805));
#94 = CARTESIAN_POINT('',(-353.3764829383,146.66017542441,
    300.74299872142));
#95 = CARTESIAN_POINT('',(-353.2378725275,146.7522058261,301.05184020736
    ));
#96 = CARTESIAN_POINT('',(-352.9187663113,146.95711823595,
    301.63043171735));
#97 = CARTESIAN_POINT('',(-352.7382348178,147.07009714956,
    301.90176449259));
#98 = CARTESIAN_POINT('',(-352.3362525425,147.31031729621,
    302.41192511064));
#99 = CARTESIAN_POINT('',(-352.1144591284,147.43766058481,
    302.65036801773));
#100 = CARTESIAN_POINT('',(-351.6419185076,147.69160688031,
    303.08340025524));
#101 = CARTESIAN_POINT('',(-351.3897205224,147.81918972714,
    303.28003909467));
#102 = CARTESIAN_POINT('',(-350.8498910457,148.06644503086,
    303.63482073765));
#103 = CARTESIAN_POINT('',(-350.5612492567,148.18627074503,
    303.79291291368));
#104 = CARTESIAN_POINT('',(-349.9618397705,148.39851779983,
    304.05935284273));
#105 = CARTESIAN_POINT('',(-349.6490405672,148.49203115274,
    304.16931412045));
#106 = CARTESIAN_POINT('',(-349.1555762788,148.6025048041,
    304.29634063464));
#107 = CARTESIAN_POINT('',(-348.9871152014,148.63419672077,
    304.33216212505));
#108 = CARTESIAN_POINT('',(-348.6495674467,148.68446586364,
    304.38887191623));
#109 = CARTESIAN_POINT('',(-348.4795193442,148.70327612787,
    304.41003205662));
#110 = CARTESIAN_POINT('',(-347.9654014404,148.73933469326,
    304.45163851121));
#111 = CARTESIAN_POINT('',(-347.6127883305,148.73531882932,
    304.44961473373));
#112 = CARTESIAN_POINT('',(-346.9269591274,148.67200669278,
    304.38600086354));
#113 = CARTESIAN_POINT('',(-346.5922195485,148.61377437683,
    304.32543637998));
#114 = CARTESIAN_POINT('',(-345.9371928945,148.45489153909,
    304.14915490143));
#115 = CARTESIAN_POINT('',(-345.6247452222,148.35624125806,
    304.03539171347));
#116 = CARTESIAN_POINT('',(-345.0314343573,148.13779559728,
    303.76399053087));
#117 = CARTESIAN_POINT('',(-344.7491380834,148.01755705491,303.605895889
    ));
#118 = CARTESIAN_POINT('',(-344.2098949453,147.76599919477,
    303.24384585871));
#119 = CARTESIAN_POINT('',(-343.9591350014,147.63760460859,
    303.04404778639));
#120 = CARTESIAN_POINT('',(-343.4911705235,147.3845112297,
    302.60626726672));
#121 = CARTESIAN_POINT('',(-343.2736149777,147.25950914534,
    302.36780965683));
#122 = CARTESIAN_POINT('',(-342.8740518454,147.02165418611,
    301.84994702293));
#123 = CARTESIAN_POINT('',(-342.6966333739,146.91156841194,
    301.57658608765));
#124 = CARTESIAN_POINT('',(-342.5412697429,146.81323751652,
    301.28800834969));
#125 = ORIENTED_EDGE('',*,*,#126,.T.);
#126 = EDGE_CURVE('',#86,#127,#129,.T.);
#127 = VERTEX_POINT('',#128);
#128 = CARTESIAN_POINT('',(-353.8243223864,145.0995346758,
    298.40793244012));
#129 = LINE('',#130,#131);
#130 = CARTESIAN_POINT('',(-353.822479763,165.09953437545,298.4049967226
    ));
#131 = VECTOR('',#132,1.);
#132 = DIRECTION('',(-9.2131169587E-05,-0.999999984983,
    1.467858760759E-04));
#133 = ORIENTED_EDGE('',*,*,#134,.T.);
#134 = EDGE_CURVE('',#127,#135,#137,.T.);
#135 = VERTEX_POINT('',#136);
#136 = CARTESIAN_POINT('',(-341.8245391151,145.09843970684,
    298.48004515437));
#137 = CIRCLE('',#138,6.);
#138 = AXIS2_PLACEMENT_3D('',#139,#140,#141);
#139 = CARTESIAN_POINT('',(-347.8244307508,145.09898719132,
    298.44398879724));
#140 = DIRECTION('',(9.2131169587E-05,0.999999984983,-1.467858760759E-04
    ));
#141 = DIRECTION('',(-0.999981939273,9.124741300661E-05,
    -6.009392853767E-03));
#142 = ORIENTED_EDGE('',*,*,#143,.T.);
#143 = EDGE_CURVE('',#135,#55,#144,.T.);
#144 = B_SPLINE_CURVE_WITH_KNOTS('',3,(#145,#146,#147,#148,#149,#150,
    #151,#152),.UNSPECIFIED.,.F.,.F.,(4,2,2,4),(2.952017897623E-03,
    4.424146765423E-03,5.160211199323E-03,5.896275633223E-03),
  .UNSPECIFIED.);
#145 = CARTESIAN_POINT('',(-341.8245391151,145.09843970684,
    298.48004515437));
#146 = CARTESIAN_POINT('',(-341.8274855723,145.09851194754,
    298.97034602254));
#147 = CARTESIAN_POINT('',(-341.8925377383,145.13616422274,
    299.4682123284));
#148 = CARTESIAN_POINT('',(-342.0742407808,145.2406816321,
    300.17444632885));
#149 = CARTESIAN_POINT('',(-342.1487106428,145.28339307396,
    300.40484055212));
#150 = CARTESIAN_POINT('',(-342.3252035382,145.38314244991,
    300.85588398808));
#151 = CARTESIAN_POINT('',(-342.4272995916,145.44021257424,
    301.07628461674));
#152 = CARTESIAN_POINT('',(-342.5413904968,145.50256448074,
    301.28820073798));
#153 = ORIENTED_EDGE('',*,*,#54,.F.);
#154 = CYLINDRICAL_SURFACE('',#155,6.);
#155 = AXIS2_PLACEMENT_3D('',#156,#157,#158);
#156 = CARTESIAN_POINT('',(-347.8225881274,165.09898689098,
    298.44105307972));
#157 = DIRECTION('',(-9.2131169587E-05,-0.999999984983,
    1.467858760759E-04));
#158 = DIRECTION('',(0.999981939273,-9.124741300661E-05,
    6.009392853767E-03));
#159 = ADVANCED_FACE('',(#160),#236,.T.);
#160 = FACE_BOUND('',#161,.T.);
#161 = EDGE_LOOP('',(#162,#163,#210,#218,#229));
#162 = ORIENTED_EDGE('',*,*,#126,.F.);
#163 = ORIENTED_EDGE('',*,*,#164,.F.);
#164 = EDGE_CURVE('',#165,#86,#167,.T.);
#165 = VERTEX_POINT('',#166);
#166 = CARTESIAN_POINT('',(-342.5074673178,146.81240875477,
    295.66316553324));
#167 = B_SPLINE_CURVE_WITH_KNOTS('',3,(#168,#169,#170,#171,#172,#173,
    #174,#175,#176,#177,#178,#179,#180,#181,#182,#183,#184,#185,#186,
    #187,#188,#189,#190,#191,#192,#193,#194,#195,#196,#197,#198,#199,
    #200,#201,#202,#203,#204,#205,#206,#207,#208,#209),.UNSPECIFIED.,.F.
  ,.F.,(4,2,2,2,2,2,2,2,2,2,2,2,2,2,2,2,2,2,2,2,4),(2.958346841161E-03,
    3.988973933748E-03,5.019601026335E-03,6.050228118923E-03,
    7.08085521151E-03,7.596168757804E-03,8.111482304097E-03,
    9.142109396685E-03,9.657422942978E-03,1.017273648927E-02,
    1.068805003557E-02,1.120336358186E-02,1.223399067445E-02,
    1.326461776703E-02,1.429524485962E-02,1.532587195221E-02,
    1.63564990448E-02,1.738712613738E-02,1.841775322997E-02,
    1.893306677626E-02,1.944838032256E-02),.UNSPECIFIED.);
#168 = CARTESIAN_POINT('',(-342.5074673178,146.81240875477,
    295.66316553324));
#169 = CARTESIAN_POINT('',(-342.6605589857,146.91143554257,
    295.37040287326));
#170 = CARTESIAN_POINT('',(-342.8383247012,147.02365523574,
    295.09018754754));
#171 = CARTESIAN_POINT('',(-343.22960569,147.26000383284,294.57133566527
    ));
#172 = CARTESIAN_POINT('',(-343.4433547321,147.38439109394,
    294.33131740532));
#173 = CARTESIAN_POINT('',(-343.9076843533,147.63814186714,
    293.88683880852));
#174 = CARTESIAN_POINT('',(-344.1598346724,147.7681907285,
    293.68169064224));
#175 = CARTESIAN_POINT('',(-344.6892548839,148.01681582054,
    293.31759014791));
#176 = CARTESIAN_POINT('',(-344.9678913046,148.13630774859,
    293.15694758123));
#177 = CARTESIAN_POINT('',(-345.4101457034,148.29998687935,
    292.94813634306));
#178 = CARTESIAN_POINT('',(-345.5616448441,148.35192929599,
    292.88392932462));
#179 = CARTESIAN_POINT('',(-345.8738480135,148.44877096953,
    292.76685842928));
#180 = CARTESIAN_POINT('',(-346.0346345193,148.49360808701,
    292.7140788407));
#181 = CARTESIAN_POINT('',(-346.521314815,148.6118915474,292.57692679089
    ));
#182 = CARTESIAN_POINT('',(-346.8548430859,148.67023095412,
    292.5121713515));
#183 = CARTESIAN_POINT('',(-347.3709811504,148.7178536251,
    292.45809112866));
#184 = CARTESIAN_POINT('',(-347.5460456818,148.72696367951,
    292.44740542749));
#185 = CARTESIAN_POINT('',(-347.892038771,148.73074332302,
    292.44134594366));
#186 = CARTESIAN_POINT('',(-348.0641417047,148.72556510542,
    292.44580365204));
#187 = CARTESIAN_POINT('',(-348.4066158923,148.70161990315,
    292.46933789175));
#188 = CARTESIAN_POINT('',(-348.5769872222,148.6828543838,
    292.48841466163));
#189 = CARTESIAN_POINT('',(-348.9160467193,148.63250714536,
    292.5411740009));
#190 = CARTESIAN_POINT('',(-349.085249879,148.60074964399,
    292.57506044964));
#191 = CARTESIAN_POINT('',(-349.5794892003,148.49048136891,
    292.69599302755));
#192 = CARTESIAN_POINT('',(-349.8949135111,148.39672776434,
    292.80247298903));
#193 = CARTESIAN_POINT('',(-350.5024264415,148.18257011029,
    293.06429704914));
#194 = CARTESIAN_POINT('',(-350.7910609723,148.0632603076,
    293.21854324205));
#195 = CARTESIAN_POINT('',(-351.3321541326,147.81731852627,
    293.56533507594));
#196 = CARTESIAN_POINT('',(-351.5865905561,147.68988845382,
    293.75875850546));
#197 = CARTESIAN_POINT('',(-352.0659121966,147.43514618939,
    294.1878884725));
#198 = CARTESIAN_POINT('',(-352.2906378213,147.30774342845,
    294.42428769058));
#199 = CARTESIAN_POINT('',(-352.69614116,147.06915638706,294.92675732333
    ));
#200 = CARTESIAN_POINT('',(-352.8790786212,146.95679456374,
    295.19454732568));
#201 = CARTESIAN_POINT('',(-353.2041198235,146.7527098936,
    295.76688234202));
#202 = CARTESIAN_POINT('',(-353.3471238469,146.66034689546,
    296.07476995457));
#203 = CARTESIAN_POINT('',(-353.5779128196,146.50983738339,
    296.70890754998));
#204 = CARTESIAN_POINT('',(-353.6671094776,146.45081500347,
    297.03652337125));
#205 = CARTESIAN_POINT('',(-353.7591383766,146.39038096707,
    297.54517754372));
#206 = CARTESIAN_POINT('',(-353.782830328,146.37492477966,
    297.71849810573));
#207 = CARTESIAN_POINT('',(-353.8147469516,146.35455594161,
    298.06338710834));
#208 = CARTESIAN_POINT('',(-353.8231730255,146.34950930077,
    298.23565493238));
#209 = CARTESIAN_POINT('',(-353.8242072224,146.34953465703,
    298.40774895777));
#210 = ORIENTED_EDGE('',*,*,#211,.F.);
#211 = EDGE_CURVE('',#212,#165,#214,.T.);
#212 = VERTEX_POINT('',#213);
#213 = CARTESIAN_POINT('',(-342.5075880717,145.50173571899,
    295.66335792153));
#214 = LINE('',#215,#216);
#215 = CARTESIAN_POINT('',(-342.5057826367,165.09808889881,
    295.66048145362));
#216 = VECTOR('',#217,1.);
#217 = DIRECTION('',(9.2131169587E-05,0.999999984983,-1.467858760759E-04
    ));
#218 = ORIENTED_EDGE('',*,*,#219,.T.);
#219 = EDGE_CURVE('',#212,#135,#220,.T.);
#220 = B_SPLINE_CURVE_WITH_KNOTS('',3,(#221,#222,#223,#224,#225,#226,
    #227,#228),.UNSPECIFIED.,.F.,.F.,(4,2,2,4),(0.,1.476008948811E-03,
    2.214013423217E-03,2.952017897623E-03),.UNSPECIFIED.);
#221 = CARTESIAN_POINT('',(-342.5075880717,145.50173571899,
    295.66335792153));
#222 = CARTESIAN_POINT('',(-342.2840174207,145.37687831277,
    296.0908936752));
#223 = CARTESIAN_POINT('',(-342.1130414006,145.27581802827,
    296.54136423075));
#224 = CARTESIAN_POINT('',(-341.9383912571,145.17064623464,
    297.25463683405));
#225 = CARTESIAN_POINT('',(-341.894023854,145.14337493815,
    297.50009308918));
#226 = CARTESIAN_POINT('',(-341.8366356908,145.10741928641,
    297.98909878102));
#227 = CARTESIAN_POINT('',(-341.8230620036,145.09840349129,
    298.23424857878));
#228 = CARTESIAN_POINT('',(-341.8245391151,145.09843970684,
    298.48004515437));
#229 = ORIENTED_EDGE('',*,*,#230,.T.);
#230 = EDGE_CURVE('',#135,#127,#231,.T.);
#231 = CIRCLE('',#232,6.);
#232 = AXIS2_PLACEMENT_3D('',#233,#234,#235);
#233 = CARTESIAN_POINT('',(-347.8244307508,145.09898719132,
    298.44398879724));
#234 = DIRECTION('',(9.2131169587E-05,0.999999984983,-1.467858760759E-04
    ));
#235 = DIRECTION('',(-0.999981939273,9.124741300661E-05,
    -6.009392853767E-03));
#236 = CYLINDRICAL_SURFACE('',#237,6.);
#237 = AXIS2_PLACEMENT_3D('',#238,#239,#240);
#238 = CARTESIAN_POINT('',(-347.8225881274,165.09898689098,
    298.44105307972));
#239 = DIRECTION('',(-9.2131169587E-05,-0.999999984983,
    1.467858760759E-04));
#240 = DIRECTION('',(0.999981939273,-9.124741300661E-05,
    6.009392853767E-03));
#241 = ADVANCED_FACE('',(#242),#269,.F.);
#242 = FACE_BOUND('',#243,.T.);
#243 = EDGE_LOOP('',(#244,#253,#254,#263));
#244 = ORIENTED_EDGE('',*,*,#245,.F.);
#245 = EDGE_CURVE('',#212,#246,#248,.T.);
#246 = VERTEX_POINT('',#247);
#247 = CARTESIAN_POINT('',(-342.5069533085,145.53316387357,
    295.5582085357));
#248 = CIRCLE('',#249,10.);
#249 = AXIS2_PLACEMENT_3D('',#250,#251,#252);
#250 = CARTESIAN_POINT('',(-342.5236051609,155.09850342986,
    298.47437072061));
#251 = DIRECTION('',(0.999981939273,-9.124741300634E-05,
    6.009392853768E-03));
#252 = DIRECTION('',(-6.009379369692E-03,1.473368774086E-04,
    0.999981932663));
#253 = ORIENTED_EDGE('',*,*,#211,.T.);
#254 = ORIENTED_EDGE('',*,*,#255,.T.);
#255 = EDGE_CURVE('',#165,#256,#258,.T.);
#256 = VERTEX_POINT('',#257);
#257 = CARTESIAN_POINT('',(-342.5068320945,146.84883129143,
    295.5580154143));
#258 = CIRCLE('',#259,8.75);
#259 = AXIS2_PLACEMENT_3D('',#260,#261,#262);
#260 = CARTESIAN_POINT('',(-342.5236051609,155.09850342986,
    298.47437072061));
#261 = DIRECTION('',(0.999981939273,-9.124741300661E-05,
    6.009392853767E-03));
#262 = DIRECTION('',(-6.009379369692E-03,1.473368774084E-04,
    0.999981932663));
#263 = ORIENTED_EDGE('',*,*,#264,.T.);
#264 = EDGE_CURVE('',#256,#246,#265,.T.);
#265 = LINE('',#266,#267);
#266 = CARTESIAN_POINT('',(-342.5069933939,145.09807370717,
    295.55827240079));
#267 = VECTOR('',#268,1.);
#268 = DIRECTION('',(-9.2131169587E-05,-0.999999984983,1.46785876076E-04
    ));
#269 = PLANE('',#270);
#270 = AXIS2_PLACEMENT_3D('',#271,#272,#273);
#271 = CARTESIAN_POINT('',(-342.5236051609,155.09850342986,
    298.47437072061));
#272 = DIRECTION('',(0.999981939273,-9.124741300661E-05,
    6.009392853767E-03));
#273 = DIRECTION('',(-6.009379369692E-03,1.473368774084E-04,
    0.999981932663));
#274 = ADVANCED_FACE('',(#275),#364,.T.);
#275 = FACE_BOUND('',#276,.T.);
#276 = EDGE_LOOP('',(#277,#278,#295,#344,#361,#362,#363));
#277 = ORIENTED_EDGE('',*,*,#43,.F.);
#278 = ORIENTED_EDGE('',*,*,#279,.F.);
#279 = EDGE_CURVE('',#280,#44,#282,.T.);
#280 = VERTEX_POINT('',#281);
#281 = CARTESIAN_POINT('',(-347.8604485815,148.77848627247,
    304.49333952219));
#282 = B_SPLINE_CURVE_WITH_KNOTS('',3,(#283,#284,#285,#286,#287,#288,
    #289,#290,#291,#292,#293,#294),.UNSPECIFIED.,.F.,.F.,(4,2,2,2,2,4),(
    0.,1.683292577891E-03,3.366585155782E-03,5.049877733673E-03,
    5.891524022618E-03,6.733170311564E-03),.UNSPECIFIED.);
#283 = CARTESIAN_POINT('',(-347.8604485815,148.77848627247,
    304.49333952219));
#284 = CARTESIAN_POINT('',(-347.2886805355,148.77843409918,
    304.49677556306));
#285 = CARTESIAN_POINT('',(-346.7382391886,148.70028259985,
    304.42086684426));
#286 = CARTESIAN_POINT('',(-345.6722927408,148.43079024722,
    304.12488203579));
#287 = CARTESIAN_POINT('',(-345.1810432353,148.24721387226,
    303.91151446509));
#288 = CARTESIAN_POINT('',(-344.2683946457,147.84346102558,
    303.36712734613));
#289 = CARTESIAN_POINT('',(-343.8580346429,147.62804284268,
    303.04240055736));
#290 = CARTESIAN_POINT('',(-343.3073824184,147.31725191837,
    302.47724835752));
#291 = CARTESIAN_POINT('',(-343.1337178276,147.21488568156,
    302.27406041351));
#292 = CARTESIAN_POINT('',(-342.8166569341,147.0228279373,
    301.84910848291));
#293 = CARTESIAN_POINT('',(-342.6721964407,146.93255404259,
    301.6265118886));
#294 = CARTESIAN_POINT('',(-342.5418982521,146.84969103714,
    301.39314777145));
#295 = ORIENTED_EDGE('',*,*,#296,.F.);
#296 = EDGE_CURVE('',#297,#280,#299,.T.);
#297 = VERTEX_POINT('',#298);
#298 = CARTESIAN_POINT('',(-347.7877350912,148.77670349626,
    292.39355813697));
#299 = B_SPLINE_CURVE_WITH_KNOTS('',3,(#300,#301,#302,#303,#304,#305,
    #306,#307,#308,#309,#310,#311,#312,#313,#314,#315,#316,#317,#318,
    #319,#320,#321,#322,#323,#324,#325,#326,#327,#328,#329,#330,#331,
    #332,#333,#334,#335,#336,#337,#338,#339,#340,#341,#342,#343),
  .UNSPECIFIED.,.F.,.F.,(4,2,2,2,2,2,2,2,2,2,2,2,2,2,2,2,2,2,2,2,2,4),(
    1.959899670742E-02,2.021061902662E-02,2.082224134583E-02,
    2.143386366503E-02,2.204548598424E-02,2.326873062265E-02,
    2.449197526106E-02,2.571521989947E-02,2.693846453787E-02,
    2.816170917628E-02,2.938495381469E-02,3.06081984531E-02,
    3.121982077231E-02,3.183144309151E-02,3.305468772992E-02,
    3.366631004912E-02,3.427793236833E-02,3.550117700674E-02,
    3.672442164515E-02,3.733604396435E-02,3.794766628356E-02,
    3.917091092196E-02),.UNSPECIFIED.);
#300 = CARTESIAN_POINT('',(-347.7877350912,148.77670349626,
    292.39355813697));
#301 = CARTESIAN_POINT('',(-347.9918034162,148.7767221173,
    292.39233178809));
#302 = CARTESIAN_POINT('',(-348.1960494506,148.76683732247,
    292.40140433167));
#303 = CARTESIAN_POINT('',(-348.6049004155,148.72747033916,
    292.44053876077));
#304 = CARTESIAN_POINT('',(-348.809426159,148.69781660702,
    292.47080299679));
#305 = CARTESIAN_POINT('',(-349.206605318,148.62271986452,
    292.55006819797));
#306 = CARTESIAN_POINT('',(-349.4009190902,148.57717069269,
    292.59917851345));
#307 = CARTESIAN_POINT('',(-349.7818761927,148.4729813,292.71554839752)
  );
#308 = CARTESIAN_POINT('',(-349.9694462445,148.41400401978,
    292.78321875121));
#309 = CARTESIAN_POINT('',(-350.5143063229,148.22397418334,
    293.01026576708));
#310 = CARTESIAN_POINT('',(-350.8522787999,148.08113255094,
    293.19203365914));
#311 = CARTESIAN_POINT('',(-351.4878296379,147.78305804414,
    293.61393030102));
#312 = CARTESIAN_POINT('',(-351.7877982929,147.62617766337,
    293.85686119911));
#313 = CARTESIAN_POINT('',(-352.3333387461,147.32314127373,
    294.39195093902));
#314 = CARTESIAN_POINT('',(-352.5797199176,147.17676209552,
    294.68365322252));
#315 = CARTESIAN_POINT('',(-353.0202699459,146.90611151371,
    295.32059200267));
#316 = CARTESIAN_POINT('',(-353.2151549451,146.78121210943,
    295.66913056919));
#317 = CARTESIAN_POINT('',(-353.5314716628,146.5752750693,
    296.39726829939));
#318 = CARTESIAN_POINT('',(-353.6557140668,146.49247451106,
    296.78062053125));
#319 = CARTESIAN_POINT('',(-353.8270988919,146.37872302957,
    297.58471086491));
#320 = CARTESIAN_POINT('',(-353.8711914337,146.34982976613,
    297.99048908752));
#321 = CARTESIAN_POINT('',(-353.8771224355,146.34925282506,
    298.80950053901));
#322 = CARTESIAN_POINT('',(-353.8372131729,146.37878746634,
    299.22666557227));
#323 = CARTESIAN_POINT('',(-353.7180737639,146.46280024198,
    299.82484916159));
#324 = CARTESIAN_POINT('',(-353.6686006396,146.49731954456,
    300.02091841418));
#325 = CARTESIAN_POINT('',(-353.5505755238,146.57852432527,
    300.40664883011));
#326 = CARTESIAN_POINT('',(-353.4815590135,146.6255216638,
    300.59733694721));
#327 = CARTESIAN_POINT('',(-353.2494734354,146.78113642243,
    301.15113683256));
#328 = CARTESIAN_POINT('',(-353.0625161329,146.90376321023,
    301.49573677876));
#329 = CARTESIAN_POINT('',(-352.7367208852,147.10772505347,
    301.98035605704));
#330 = CARTESIAN_POINT('',(-352.6199577192,147.17937659483,
    302.13702993329));
#331 = CARTESIAN_POINT('',(-352.3748742457,147.3256726613,
    302.43506805097));
#332 = CARTESIAN_POINT('',(-352.24631874,147.40048114757,302.57691883998
    ));
#333 = CARTESIAN_POINT('',(-351.8426427776,147.62750927003,
    302.98234925958));
#334 = CARTESIAN_POINT('',(-351.5486766086,147.78303414278,
    303.22681592891));
#335 = CARTESIAN_POINT('',(-350.9115572827,148.08437645864,
    303.66073419892));
#336 = CARTESIAN_POINT('',(-350.5755382828,148.22687842023,
    303.84565664379));
#337 = CARTESIAN_POINT('',(-350.0408707877,148.41444792259,
    304.07610399835));
#338 = CARTESIAN_POINT('',(-349.8574914473,148.47256472016,
    304.14501950568));
#339 = CARTESIAN_POINT('',(-349.4789228626,148.57692094362,
    304.2661574569));
#340 = CARTESIAN_POINT('',(-349.2821718013,148.62342395384,
    304.31867507291));
#341 = CARTESIAN_POINT('',(-348.6845913485,148.73706384941,
    304.44578241121));
#342 = CARTESIAN_POINT('',(-348.2759510354,148.77852418668,
    304.49084255962));
#343 = CARTESIAN_POINT('',(-347.8604485815,148.77848627247,
    304.49333952219));
#344 = ORIENTED_EDGE('',*,*,#345,.F.);
#345 = EDGE_CURVE('',#256,#297,#346,.T.);
#346 = B_SPLINE_CURVE_WITH_KNOTS('',3,(#347,#348,#349,#350,#351,#352,
    #353,#354,#355,#356,#357,#358,#359,#360),.UNSPECIFIED.,.F.,.F.,(4,2,
    2,2,2,2,4),(1.28786633488E-02,1.455874668846E-02,1.539878835828E-02,
    1.623883002811E-02,1.791891336777E-02,1.875895503759E-02,
    1.959899670742E-02),.UNSPECIFIED.);
#347 = CARTESIAN_POINT('',(-342.5068320945,146.84883129143,
    295.5580154143));
#348 = CARTESIAN_POINT('',(-342.7658708433,147.01706312231,
    295.08063794278));
#349 = CARTESIAN_POINT('',(-343.0794591342,147.21346444936,
    294.65325919156));
#350 = CARTESIAN_POINT('',(-343.6245097607,147.52467573309,
    294.08078242572));
#351 = CARTESIAN_POINT('',(-343.8191193973,147.63126660856,
    293.90156684535));
#352 = CARTESIAN_POINT('',(-344.2259093424,147.84077248736,
    293.57292598658));
#353 = CARTESIAN_POINT('',(-344.4391625347,147.9443476124,
    293.42228627328));
#354 = CARTESIAN_POINT('',(-345.1113858107,148.24372886266,
    293.0103212322));
#355 = CARTESIAN_POINT('',(-345.6087066126,148.43016283705,
    292.78721059487));
#356 = CARTESIAN_POINT('',(-346.3964796775,148.6301054158,
    292.55796448543));
#357 = CARTESIAN_POINT('',(-346.6682920864,148.68414982392,
    292.49817317706));
#358 = CARTESIAN_POINT('',(-347.2275087043,148.75793395018,
    292.41630936008));
#359 = CARTESIAN_POINT('',(-347.5074544488,148.77667792091,
    292.39524248388));
#360 = CARTESIAN_POINT('',(-347.7877350912,148.77670349626,
    292.39355813697));
#361 = ORIENTED_EDGE('',*,*,#255,.F.);
#362 = ORIENTED_EDGE('',*,*,#164,.T.);
#363 = ORIENTED_EDGE('',*,*,#85,.T.);
#364 = CYLINDRICAL_SURFACE('',#365,8.75);
#365 = AXIS2_PLACEMENT_3D('',#366,#367,#368);
#366 = CARTESIAN_POINT('',(-334.0050741833,155.09772612191,
    298.52556284436));
#367 = DIRECTION('',(0.999981939273,-9.124741300661E-05,
    6.009392853767E-03));
#368 = DIRECTION('',(9.2131169587E-05,0.999999984983,-1.467858760759E-04
    ));
#369 = ADVANCED_FACE('',(#370,#374),#394,.F.);
#370 = FACE_BOUND('',#371,.T.);
#371 = EDGE_LOOP('',(#372,#373));
#372 = ORIENTED_EDGE('',*,*,#230,.F.);
#373 = ORIENTED_EDGE('',*,*,#134,.F.);
#374 = FACE_BOUND('',#375,.T.);
#375 = EDGE_LOOP('',(#376,#387));
#376 = ORIENTED_EDGE('',*,*,#377,.T.);
#377 = EDGE_CURVE('',#378,#380,#382,.T.);
#378 = VERTEX_POINT('',#379);
#379 = CARTESIAN_POINT('',(-342.4245282787,145.09849445529,
    298.47643951865));
#380 = VERTEX_POINT('',#381);
#381 = CARTESIAN_POINT('',(-353.2243332228,145.09947992735,
    298.41153807583));
#382 = CIRCLE('',#383,5.4);
#383 = AXIS2_PLACEMENT_3D('',#384,#385,#386);
#384 = CARTESIAN_POINT('',(-347.8244307508,145.09898719132,
    298.44398879724));
#385 = DIRECTION('',(9.2131169587E-05,0.999999984983,-1.467858760759E-04
    ));
#386 = DIRECTION('',(-0.999981939273,9.124741300661E-05,
    -6.009392853767E-03));
#387 = ORIENTED_EDGE('',*,*,#388,.T.);
#388 = EDGE_CURVE('',#380,#378,#389,.T.);
#389 = CIRCLE('',#390,5.4);
#390 = AXIS2_PLACEMENT_3D('',#391,#392,#393);
#391 = CARTESIAN_POINT('',(-347.8244307508,145.09898719132,
    298.44398879724));
#392 = DIRECTION('',(9.2131169587E-05,0.999999984983,-1.467858760759E-04
    ));
#393 = DIRECTION('',(-0.999981939273,9.124741300661E-05,
    -6.009392853767E-03));
#394 = PLANE('',#395);
#395 = AXIS2_PLACEMENT_3D('',#396,#397,#398);
#396 = CARTESIAN_POINT('',(-347.8244307508,145.09898719132,
    298.44398879724));
#397 = DIRECTION('',(9.2131169587E-05,0.999999984983,-1.467858760759E-04
    ));
#398 = DIRECTION('',(-0.999981939273,9.124741300661E-05,
    -6.009392853767E-03));
#399 = ADVANCED_FACE('',(#400),#444,.F.);
#400 = FACE_BOUND('',#401,.F.);
#401 = EDGE_LOOP('',(#402,#412,#421,#428,#429,#437));
#402 = ORIENTED_EDGE('',*,*,#403,.T.);
#403 = EDGE_CURVE('',#404,#406,#408,.T.);
#404 = VERTEX_POINT('',#405);
#405 = CARTESIAN_POINT('',(-342.8244842019,145.49853094825,
    298.47397704716));
#406 = VERTEX_POINT('',#407);
#407 = CARTESIAN_POINT('',(-342.5245172595,145.19850357854,
    298.47582390078));
#408 = LINE('',#409,#410);
#409 = CARTESIAN_POINT('',(-342.4245282787,145.09849445529,
    298.47643951865));
#410 = VECTOR('',#411,1.);
#411 = DIRECTION('',(0.707028863749,-0.707171292232,4.353075726068E-03)
  );
#412 = ORIENTED_EDGE('',*,*,#413,.F.);
#413 = EDGE_CURVE('',#414,#406,#416,.T.);
#414 = VERTEX_POINT('',#415);
#415 = CARTESIAN_POINT('',(-342.5195128428,145.13319971942,
    297.64208158119));
#416 = B_SPLINE_CURVE_WITH_KNOTS('',3,(#417,#418,#419,#420),
  .UNSPECIFIED.,.F.,.F.,(4,4),(3.087169578148E-03,3.920444278684E-03),
  .PIECEWISE_BEZIER_KNOTS.);
#417 = CARTESIAN_POINT('',(-342.5195128428,145.13319971942,
    297.64208158119));
#418 = CARTESIAN_POINT('',(-342.5211676003,145.1761348249,297.9180903838
    ));
#419 = CARTESIAN_POINT('',(-342.5228353855,145.19846234266,
    298.19595412263));
#420 = CARTESIAN_POINT('',(-342.5245172595,145.19850357854,
    298.47582390078));
#421 = ORIENTED_EDGE('',*,*,#422,.T.);
#422 = EDGE_CURVE('',#414,#378,#423,.T.);
#423 = B_SPLINE_CURVE_WITH_KNOTS('',3,(#424,#425,#426,#427),
  .UNSPECIFIED.,.F.,.F.,(4,4),(4.193405548317E-05,8.819859720256E-04),
  .PIECEWISE_BEZIER_KNOTS.);
#424 = CARTESIAN_POINT('',(-342.5195128428,145.13319971942,
    297.64208158119));
#425 = CARTESIAN_POINT('',(-342.4547134056,145.11026009137,
    297.91706479258));
#426 = CARTESIAN_POINT('',(-342.4228379251,145.0984530115,298.1951587105
    ));
#427 = CARTESIAN_POINT('',(-342.4245282787,145.09849445529,
    298.47643951865));
#428 = ORIENTED_EDGE('',*,*,#377,.T.);
#429 = ORIENTED_EDGE('',*,*,#430,.F.);
#430 = EDGE_CURVE('',#431,#380,#433,.T.);
#431 = VERTEX_POINT('',#432);
#432 = CARTESIAN_POINT('',(-352.8243035947,145.49944342238,
    298.41388311862));
#433 = LINE('',#434,#435);
#434 = CARTESIAN_POINT('',(-353.2243332228,145.09947992735,
    298.41153807583));
#435 = VECTOR('',#436,1.);
#436 = DIRECTION('',(-0.707159156899,-0.707042248903,-4.145489149357E-03
    ));
#437 = ORIENTED_EDGE('',*,*,#438,.T.);
#438 = EDGE_CURVE('',#431,#404,#439,.T.);
#439 = CIRCLE('',#440,5.);
#440 = AXIS2_PLACEMENT_3D('',#441,#442,#443);
#441 = CARTESIAN_POINT('',(-347.8243938983,145.49898718531,
    298.44393008289));
#442 = DIRECTION('',(-9.213116958673E-05,-0.999999984983,
    1.467858760761E-04));
#443 = DIRECTION('',(-0.999981939273,9.124741300634E-05,
    -6.009392853768E-03));
#444 = CONICAL_SURFACE('',#445,5.4,0.785398163397);
#445 = AXIS2_PLACEMENT_3D('',#446,#447,#448);
#446 = CARTESIAN_POINT('',(-347.8244307508,145.09898719132,
    298.44398879724));
#447 = DIRECTION('',(-9.2131169587E-05,-0.999999984983,
    1.467858760759E-04));
#448 = DIRECTION('',(0.999981939273,-9.124741300661E-05,
    6.009392853767E-03));
#449 = ADVANCED_FACE('',(#450),#478,.F.);
#450 = FACE_BOUND('',#451,.F.);
#451 = EDGE_LOOP('',(#452,#453,#462,#469,#470,#477));
#452 = ORIENTED_EDGE('',*,*,#388,.T.);
#453 = ORIENTED_EDGE('',*,*,#454,.T.);
#454 = EDGE_CURVE('',#378,#455,#457,.T.);
#455 = VERTEX_POINT('',#456);
#456 = CARTESIAN_POINT('',(-342.5295336866,145.13344540866,
    299.30958535568));
#457 = B_SPLINE_CURVE_WITH_KNOTS('',3,(#458,#459,#460,#461),
  .UNSPECIFIED.,.F.,.F.,(4,4),(8.819859720256E-04,1.715649451346E-03),
  .PIECEWISE_BEZIER_KNOTS.);
#458 = CARTESIAN_POINT('',(-342.4245282787,145.09849445529,
    298.47643951865));
#459 = CARTESIAN_POINT('',(-342.4262057775,145.0985355839,
    298.75558123903));
#460 = CARTESIAN_POINT('',(-342.4618672783,145.11057130915,
    299.0371517115));
#461 = CARTESIAN_POINT('',(-342.5295336866,145.13344540866,
    299.30958535568));
#462 = ORIENTED_EDGE('',*,*,#463,.F.);
#463 = EDGE_CURVE('',#406,#455,#464,.T.);
#464 = B_SPLINE_CURVE_WITH_KNOTS('',3,(#465,#466,#467,#468),
  .UNSPECIFIED.,.F.,.F.,(4,4),(3.920444278684E-03,4.749614343545E-03),
  .PIECEWISE_BEZIER_KNOTS.);
#465 = CARTESIAN_POINT('',(-342.5245172595,145.19850357854,
    298.47582390078));
#466 = CARTESIAN_POINT('',(-342.5261908488,145.1985446113,
    298.75431506576));
#467 = CARTESIAN_POINT('',(-342.5278815292,145.17602844925,
    299.03530772776));
#468 = CARTESIAN_POINT('',(-342.5295336866,145.13344540866,
    299.30958535568));
#469 = ORIENTED_EDGE('',*,*,#403,.F.);
#470 = ORIENTED_EDGE('',*,*,#471,.T.);
#471 = EDGE_CURVE('',#404,#431,#472,.T.);
#472 = CIRCLE('',#473,5.);
#473 = AXIS2_PLACEMENT_3D('',#474,#475,#476);
#474 = CARTESIAN_POINT('',(-347.8243938983,145.49898718531,
    298.44393008289));
#475 = DIRECTION('',(-9.213116958673E-05,-0.999999984983,
    1.467858760761E-04));
#476 = DIRECTION('',(-0.999981939273,9.124741300634E-05,
    -6.009392853768E-03));
#477 = ORIENTED_EDGE('',*,*,#430,.T.);
#478 = CONICAL_SURFACE('',#479,5.4,0.785398163397);
#479 = AXIS2_PLACEMENT_3D('',#480,#481,#482);
#480 = CARTESIAN_POINT('',(-347.8244307508,145.09898719132,
    298.44398879724));
#481 = DIRECTION('',(-9.2131169587E-05,-0.999999984983,
    1.467858760759E-04));
#482 = DIRECTION('',(0.999981939273,-9.124741300661E-05,
    6.009392853767E-03));
#483 = ADVANCED_FACE('',(#484),#495,.F.);
#484 = FACE_BOUND('',#485,.T.);
#485 = EDGE_LOOP('',(#486,#487,#494));
#486 = ORIENTED_EDGE('',*,*,#413,.F.);
#487 = ORIENTED_EDGE('',*,*,#488,.F.);
#488 = EDGE_CURVE('',#455,#414,#489,.T.);
#489 = CIRCLE('',#490,10.);
#490 = AXIS2_PLACEMENT_3D('',#491,#492,#493);
#491 = CARTESIAN_POINT('',(-342.5236051609,155.09850342986,
    298.47437072061));
#492 = DIRECTION('',(0.999981939273,-9.124741300661E-05,
    6.009392853767E-03));
#493 = DIRECTION('',(-6.009379369692E-03,1.473368774084E-04,
    0.999981932663));
#494 = ORIENTED_EDGE('',*,*,#463,.F.);
#495 = PLANE('',#496);
#496 = AXIS2_PLACEMENT_3D('',#497,#498,#499);
#497 = CARTESIAN_POINT('',(-342.5236051609,155.09850342986,
    298.47437072061));
#498 = DIRECTION('',(0.999981939273,-9.124741300661E-05,
    6.009392853767E-03));
#499 = DIRECTION('',(-6.009379369692E-03,1.473368774084E-04,
    0.999981932663));
#500 = ADVANCED_FACE('',(#501),#506,.T.);
#501 = FACE_BOUND('',#502,.T.);
#502 = EDGE_LOOP('',(#503,#504,#505));
#503 = ORIENTED_EDGE('',*,*,#488,.T.);
#504 = ORIENTED_EDGE('',*,*,#422,.T.);
#505 = ORIENTED_EDGE('',*,*,#454,.T.);
#506 = CYLINDRICAL_SURFACE('',#507,10.);
#507 = AXIS2_PLACEMENT_3D('',#508,#509,#510);
#508 = CARTESIAN_POINT('',(-342.5236051609,155.09850342986,
    298.47437072061));
#509 = DIRECTION('',(0.999981939273,-9.124741300661E-05,
    6.009392853767E-03));
#510 = DIRECTION('',(-6.009379369692E-03,1.473368774084E-04,
    0.999981932663));
#511 = ADVANCED_FACE('',(#512,#718),#867,.T.);
#512 = FACE_BOUND('',#513,.F.);
#513 = EDGE_LOOP('',(#514,#515,#522,#529,#530,#531,#532,#553,#608,#615,
    #624,#633,#640,#641,#696,#717));
#514 = ORIENTED_EDGE('',*,*,#219,.T.);
#515 = ORIENTED_EDGE('',*,*,#516,.F.);
#516 = EDGE_CURVE('',#517,#135,#519,.T.);
#517 = VERTEX_POINT('',#518);
#518 = CARTESIAN_POINT('',(13.469043908367,145.066019501,300.61518243531
    ));
#519 = B_SPLINE_CURVE_WITH_KNOTS('',1,(#520,#521),.UNSPECIFIED.,.F.,.F.,
  (2,2),(-241.,114.29999999998),.PIECEWISE_BEZIER_KNOTS.);
#520 = CARTESIAN_POINT('',(13.469043908367,145.066019501,300.61518243531
    ));
#521 = CARTESIAN_POINT('',(-341.8245391151,145.09843970684,
    298.48004515437));
#522 = ORIENTED_EDGE('',*,*,#523,.T.);
#523 = EDGE_CURVE('',#517,#517,#524,.T.);
#524 = CIRCLE('',#525,10.);
#525 = AXIS2_PLACEMENT_3D('',#526,#527,#528);
#526 = CARTESIAN_POINT('',(13.469965220063,155.06601935083,
    300.61371457655));
#527 = DIRECTION('',(0.999981939273,-9.124741300719E-05,
    6.009392853767E-03));
#528 = DIRECTION('',(-9.213116958758E-05,-0.999999984983,
    1.467858760766E-04));
#529 = ORIENTED_EDGE('',*,*,#516,.T.);
#530 = ORIENTED_EDGE('',*,*,#143,.T.);
#531 = ORIENTED_EDGE('',*,*,#62,.F.);
#532 = ORIENTED_EDGE('',*,*,#533,.F.);
#533 = EDGE_CURVE('',#534,#63,#536,.T.);
#534 = VERTEX_POINT('',#535);
#535 = CARTESIAN_POINT('',(-347.8605997561,147.13762384303,
    304.49358037762));
#536 = B_SPLINE_CURVE_WITH_KNOTS('',3,(#537,#538,#539,#540,#541,#542,
    #543,#544,#545,#546,#547,#548,#549,#550,#551,#552),.UNSPECIFIED.,.F.
  ,.F.,(4,2,2,2,2,2,2,4),(2.911161702153E-02,2.994037431697E-02,
    3.076913161241E-02,3.159788890785E-02,3.242664620329E-02,
    3.325540349873E-02,3.408416079417E-02,3.574167538505E-02),
  .UNSPECIFIED.);
#537 = CARTESIAN_POINT('',(-347.8605997561,147.13762384303,
    304.49358037762));
#538 = CARTESIAN_POINT('',(-347.5827373904,147.13759848835,
    304.4952501919));
#539 = CARTESIAN_POINT('',(-347.3067217612,147.12299057486,
    304.47785958478));
#540 = CARTESIAN_POINT('',(-346.7582726661,147.06626216267,
    304.40547030925));
#541 = CARTESIAN_POINT('',(-346.4840206112,147.02362834739,
    304.34973931533));
#542 = CARTESIAN_POINT('',(-345.9560910198,146.91727939115,
    304.20457102243));
#543 = CARTESIAN_POINT('',(-345.7005599306,146.85357400647,
    304.11515185953));
#544 = CARTESIAN_POINT('',(-345.2046405863,146.71046492057,
    303.90384654571));
#545 = CARTESIAN_POINT('',(-344.9633070612,146.63062602801,
    303.78118588594));
#546 = CARTESIAN_POINT('',(-344.5058089883,146.46418062853,
    303.50944515415));
#547 = CARTESIAN_POINT('',(-344.2882399161,146.37723265981,
    303.35992758274));
#548 = CARTESIAN_POINT('',(-343.8737109535,146.20051911477,
    303.03345961558));
#549 = CARTESIAN_POINT('',(-343.6756593106,146.11019979283,
    302.85533160159));
#550 = CARTESIAN_POINT('',(-343.1207042894,145.84521124327,
    302.2856561075));
#551 = CARTESIAN_POINT('',(-342.8044584051,145.67797602638,
    301.8633687382));
#552 = CARTESIAN_POINT('',(-342.5420194661,145.53402361928,
    301.39334089285));
#553 = ORIENTED_EDGE('',*,*,#554,.F.);
#554 = EDGE_CURVE('',#555,#534,#557,.T.);
#555 = VERTEX_POINT('',#556);
#556 = CARTESIAN_POINT('',(-353.8743223914,145.09953923825,
    298.40763196502));
#557 = B_SPLINE_CURVE_WITH_KNOTS('',3,(#558,#559,#560,#561,#562,#563,
    #564,#565,#566,#567,#568,#569,#570,#571,#572,#573,#574,#575,#576,
    #577,#578,#579,#580,#581,#582,#583,#584,#585,#586,#587,#588,#589,
    #590,#591,#592,#593,#594,#595,#596,#597,#598,#599,#600,#601,#602,
    #603,#604,#605,#606,#607),.UNSPECIFIED.,.F.,.F.,(4,2,2,2,2,2,2,2,2,2
    ,2,2,2,2,2,2,2,2,2,2,2,2,2,2,4),(9.712043377913E-03,
    1.092451673064E-02,1.1530753407E-02,1.213699008337E-02,
    1.334946343609E-02,1.456193678882E-02,1.516817346518E-02,
    1.577441014154E-02,1.698688349427E-02,1.759312017063E-02,
    1.8199356847E-02,1.880559352336E-02,1.941183019972E-02,
    2.062430355245E-02,2.123054022881E-02,2.183677690518E-02,
    2.244301358154E-02,2.30492502579E-02,2.426172361063E-02,
    2.547419696335E-02,2.668667031608E-02,2.729290699244E-02,
    2.789914366881E-02,2.850538034517E-02,2.911161702153E-02),
  .UNSPECIFIED.);
#558 = CARTESIAN_POINT('',(-347.7878862657,147.13584106681,
    292.39379899241));
#559 = CARTESIAN_POINT('',(-348.1972405672,147.13587842001,
    292.39133897716));
#560 = CARTESIAN_POINT('',(-348.5991873141,147.10423635705,
    292.43003007817));
#561 = CARTESIAN_POINT('',(-349.1918872907,147.01567560689,
    292.54687539557));
#562 = CARTESIAN_POINT('',(-349.3887689445,146.97905918405,
    292.59608791381));
#563 = CARTESIAN_POINT('',(-349.7711448526,146.89537821766,
    292.71205233528));
#564 = CARTESIAN_POINT('',(-349.9573327507,146.84829250209,
    292.77882367478));
#565 = CARTESIAN_POINT('',(-350.5022245134,146.69462956428,
    293.00447960879));
#566 = CARTESIAN_POINT('',(-350.8502063918,146.57453393717,
    293.1905530658));
#567 = CARTESIAN_POINT('',(-351.4952692594,146.32370099552,
    293.61922941735));
#568 = CARTESIAN_POINT('',(-351.7933667505,146.19299117126,
    293.86139550156));
#569 = CARTESIAN_POINT('',(-352.2065968802,145.99894798983,
    294.26824249063));
#570 = CARTESIAN_POINT('',(-352.3390933257,145.93433404394,
    294.41184492404));
#571 = CARTESIAN_POINT('',(-352.5879320521,145.8095715459,
    294.70911540876));
#572 = CARTESIAN_POINT('',(-352.7047993693,145.74919025457,
    294.86319746967));
#573 = CARTESIAN_POINT('',(-353.0331690373,145.57594866925,
    295.34215315075));
#574 = CARTESIAN_POINT('',(-353.2227316961,145.47091467783,295.683525743
    ));
#575 = CARTESIAN_POINT('',(-353.4596802691,145.33708936922,
    296.23351041965));
#576 = CARTESIAN_POINT('',(-353.5301415949,145.29676006621,
    296.42231276866));
#577 = CARTESIAN_POINT('',(-353.65107306,145.22715713492,296.80308528933
    ));
#578 = CARTESIAN_POINT('',(-353.702039653,145.19760151414,
    296.99616079208));
#579 = CARTESIAN_POINT('',(-353.7848802343,145.14961295028,
    297.38778837842));
#580 = CARTESIAN_POINT('',(-353.8167558719,145.13117793777,
    297.58633985214));
#581 = CARTESIAN_POINT('',(-353.8607109125,145.10619885282,
    297.9891654052));
#582 = CARTESIAN_POINT('',(-353.8727619173,145.09967826983,
    298.19498319077));
#583 = CARTESIAN_POINT('',(-353.8772767887,145.09926757326,
    298.80842182867));
#584 = CARTESIAN_POINT('',(-353.8391967195,145.12397976666,
    299.21103643946));
#585 = CARTESIAN_POINT('',(-353.7226045228,145.19582744885,
    299.80587311633));
#586 = CARTESIAN_POINT('',(-353.6733509148,145.22583053561,
    300.00380960021));
#587 = CARTESIAN_POINT('',(-353.5565945212,145.29582191343,
    300.38951727756));
#588 = CARTESIAN_POINT('',(-353.4892529187,145.33571778095,
    300.57734042331));
#589 = CARTESIAN_POINT('',(-353.337444872,145.42408392824,
    300.94356901813));
#590 = CARTESIAN_POINT('',(-353.2529761865,145.47255778997,
    301.12197262993));
#591 = CARTESIAN_POINT('',(-353.0670938853,145.57699175644,
    301.46970644459));
#592 = CARTESIAN_POINT('',(-352.9651522856,145.63323137786,
    301.63973074097));
#593 = CARTESIAN_POINT('',(-352.6392476174,145.80843588078,
    302.12798204607));
#594 = CARTESIAN_POINT('',(-352.3947437112,145.93435197844,
    302.42672678489));
#595 = CARTESIAN_POINT('',(-351.851214639,146.19294170574,
    302.97547720739));
#596 = CARTESIAN_POINT('',(-351.5508159872,146.32599228022,
    303.22547275586));
#597 = CARTESIAN_POINT('',(-350.9137773958,146.57579612147,
    303.65972805251));
#598 = CARTESIAN_POINT('',(-350.5747653664,146.69390845117,
    303.84685795913));
#599 = CARTESIAN_POINT('',(-350.0300745121,146.84870660966,
    304.08074967566));
#600 = CARTESIAN_POINT('',(-349.841944668,146.89655889391,
    304.15084829169));
#601 = CARTESIAN_POINT('',(-349.4616413546,146.9802377515,
    304.27134180458));
#602 = CARTESIAN_POINT('',(-349.2684284176,147.01639064054,
    304.32224182412));
#603 = CARTESIAN_POINT('',(-348.8755275724,147.07557134264,
    304.40504243773));
#604 = CARTESIAN_POINT('',(-348.6758402141,147.09859858771,
    304.43694582539));
#605 = CARTESIAN_POINT('',(-348.2694717372,147.12974241366,
    304.48074593513));
#606 = CARTESIAN_POINT('',(-348.0638563162,147.13764239,304.49235890704)
  );
#607 = CARTESIAN_POINT('',(-347.8605997561,147.13762384303,
    304.49358037762));
#608 = ORIENTED_EDGE('',*,*,#609,.T.);
#609 = EDGE_CURVE('',#555,#610,#612,.T.);
#610 = VERTEX_POINT('',#611);
#611 = CARTESIAN_POINT('',(-356.8242682042,145.09980841804,
    298.38990426156));
#612 = B_SPLINE_CURVE_WITH_KNOTS('',1,(#613,#614),.UNSPECIFIED.,.F.,.F.,
  (2,2),(126.35000090805,129.3),.PIECEWISE_BEZIER_KNOTS.);
#613 = CARTESIAN_POINT('',(-353.8743223914,145.09953923825,
    298.40763196502));
#614 = CARTESIAN_POINT('',(-356.8242682042,145.09980841804,
    298.38990426156));
#615 = ORIENTED_EDGE('',*,*,#616,.F.);
#616 = EDGE_CURVE('',#617,#610,#619,.T.);
#617 = VERTEX_POINT('',#618);
#618 = CARTESIAN_POINT('',(-356.8834406862,155.10128163664,
    308.38825572942));
#619 = CIRCLE('',#620,10.);
#620 = AXIS2_PLACEMENT_3D('',#621,#622,#623);
#621 = CARTESIAN_POINT('',(-356.8233468925,155.09980826786,
    298.3884364028));
#622 = DIRECTION('',(0.999981939273,-9.124741300634E-05,
    6.009392853768E-03));
#623 = DIRECTION('',(6.009379369692E-03,-1.473368774086E-04,
    -0.999981932663));
#624 = ORIENTED_EDGE('',*,*,#625,.F.);
#625 = EDGE_CURVE('',#626,#617,#628,.T.);
#626 = VERTEX_POINT('',#627);
#627 = CARTESIAN_POINT('',(-356.7632530988,155.09833489909,
    288.38861707617));
#628 = CIRCLE('',#629,10.);
#629 = AXIS2_PLACEMENT_3D('',#630,#631,#632);
#630 = CARTESIAN_POINT('',(-356.8233468925,155.09980826786,
    298.3884364028));
#631 = DIRECTION('',(0.999981939273,-9.124741300634E-05,
    6.009392853768E-03));
#632 = DIRECTION('',(6.009379369692E-03,-1.473368774086E-04,
    -0.999981932663));
#633 = ORIENTED_EDGE('',*,*,#634,.F.);
#634 = EDGE_CURVE('',#610,#626,#635,.T.);
#635 = CIRCLE('',#636,10.);
#636 = AXIS2_PLACEMENT_3D('',#637,#638,#639);
#637 = CARTESIAN_POINT('',(-356.8233468925,155.09980826786,
    298.3884364028));
#638 = DIRECTION('',(0.999981939273,-9.124741300634E-05,
    6.009392853768E-03));
#639 = DIRECTION('',(6.009379369692E-03,-1.473368774086E-04,
    -0.999981932663));
#640 = ORIENTED_EDGE('',*,*,#609,.F.);
#641 = ORIENTED_EDGE('',*,*,#642,.F.);
#642 = EDGE_CURVE('',#643,#555,#645,.T.);
#643 = VERTEX_POINT('',#644);
#644 = CARTESIAN_POINT('',(-347.7878862657,147.13584106681,
    292.39379899241));
#645 = B_SPLINE_CURVE_WITH_KNOTS('',3,(#646,#647,#648,#649,#650,#651,
    #652,#653,#654,#655,#656,#657,#658,#659,#660,#661,#662,#663,#664,
    #665,#666,#667,#668,#669,#670,#671,#672,#673,#674,#675,#676,#677,
    #678,#679,#680,#681,#682,#683,#684,#685,#686,#687,#688,#689,#690,
    #691,#692,#693,#694,#695),.UNSPECIFIED.,.F.,.F.,(4,2,2,2,2,2,2,2,2,2
    ,2,2,2,2,2,2,2,2,2,2,2,2,2,2,4),(9.712043377913E-03,
    1.092451673064E-02,1.1530753407E-02,1.213699008337E-02,
    1.334946343609E-02,1.456193678882E-02,1.516817346518E-02,
    1.577441014154E-02,1.698688349427E-02,1.759312017063E-02,
    1.8199356847E-02,1.880559352336E-02,1.941183019972E-02,
    2.062430355245E-02,2.123054022881E-02,2.183677690518E-02,
    2.244301358154E-02,2.30492502579E-02,2.426172361063E-02,
    2.547419696335E-02,2.668667031608E-02,2.729290699244E-02,
    2.789914366881E-02,2.850538034517E-02,2.911161702153E-02),
  .UNSPECIFIED.);
#646 = CARTESIAN_POINT('',(-347.7878862657,147.13584106681,
    292.39379899241));
#647 = CARTESIAN_POINT('',(-348.1972405672,147.13587842001,
    292.39133897716));
#648 = CARTESIAN_POINT('',(-348.5991873141,147.10423635705,
    292.43003007817));
#649 = CARTESIAN_POINT('',(-349.1918872907,147.01567560689,
    292.54687539557));
#650 = CARTESIAN_POINT('',(-349.3887689445,146.97905918405,
    292.59608791381));
#651 = CARTESIAN_POINT('',(-349.7711448526,146.89537821766,
    292.71205233528));
#652 = CARTESIAN_POINT('',(-349.9573327507,146.84829250209,
    292.77882367478));
#653 = CARTESIAN_POINT('',(-350.5022245134,146.69462956428,
    293.00447960879));
#654 = CARTESIAN_POINT('',(-350.8502063918,146.57453393717,
    293.1905530658));
#655 = CARTESIAN_POINT('',(-351.4952692594,146.32370099552,
    293.61922941735));
#656 = CARTESIAN_POINT('',(-351.7933667505,146.19299117126,
    293.86139550156));
#657 = CARTESIAN_POINT('',(-352.2065968802,145.99894798983,
    294.26824249063));
#658 = CARTESIAN_POINT('',(-352.3390933257,145.93433404394,
    294.41184492404));
#659 = CARTESIAN_POINT('',(-352.5879320521,145.8095715459,
    294.70911540876));
#660 = CARTESIAN_POINT('',(-352.7047993693,145.74919025457,
    294.86319746967));
#661 = CARTESIAN_POINT('',(-353.0331690373,145.57594866925,
    295.34215315075));
#662 = CARTESIAN_POINT('',(-353.2227316961,145.47091467783,295.683525743
    ));
#663 = CARTESIAN_POINT('',(-353.4596802691,145.33708936922,
    296.23351041965));
#664 = CARTESIAN_POINT('',(-353.5301415949,145.29676006621,
    296.42231276866));
#665 = CARTESIAN_POINT('',(-353.65107306,145.22715713492,296.80308528933
    ));
#666 = CARTESIAN_POINT('',(-353.702039653,145.19760151414,
    296.99616079208));
#667 = CARTESIAN_POINT('',(-353.7848802343,145.14961295028,
    297.38778837842));
#668 = CARTESIAN_POINT('',(-353.8167558719,145.13117793777,
    297.58633985214));
#669 = CARTESIAN_POINT('',(-353.8607109125,145.10619885282,
    297.9891654052));
#670 = CARTESIAN_POINT('',(-353.8727619173,145.09967826983,
    298.19498319077));
#671 = CARTESIAN_POINT('',(-353.8772767887,145.09926757326,
    298.80842182867));
#672 = CARTESIAN_POINT('',(-353.8391967195,145.12397976666,
    299.21103643946));
#673 = CARTESIAN_POINT('',(-353.7226045228,145.19582744885,
    299.80587311633));
#674 = CARTESIAN_POINT('',(-353.6733509148,145.22583053561,
    300.00380960021));
#675 = CARTESIAN_POINT('',(-353.5565945212,145.29582191343,
    300.38951727756));
#676 = CARTESIAN_POINT('',(-353.4892529187,145.33571778095,
    300.57734042331));
#677 = CARTESIAN_POINT('',(-353.337444872,145.42408392824,
    300.94356901813));
#678 = CARTESIAN_POINT('',(-353.2529761865,145.47255778997,
    301.12197262993));
#679 = CARTESIAN_POINT('',(-353.0670938853,145.57699175644,
    301.46970644459));
#680 = CARTESIAN_POINT('',(-352.9651522856,145.63323137786,
    301.63973074097));
#681 = CARTESIAN_POINT('',(-352.6392476174,145.80843588078,
    302.12798204607));
#682 = CARTESIAN_POINT('',(-352.3947437112,145.93435197844,
    302.42672678489));
#683 = CARTESIAN_POINT('',(-351.851214639,146.19294170574,
    302.97547720739));
#684 = CARTESIAN_POINT('',(-351.5508159872,146.32599228022,
    303.22547275586));
#685 = CARTESIAN_POINT('',(-350.9137773958,146.57579612147,
    303.65972805251));
#686 = CARTESIAN_POINT('',(-350.5747653664,146.69390845117,
    303.84685795913));
#687 = CARTESIAN_POINT('',(-350.0300745121,146.84870660966,
    304.08074967566));
#688 = CARTESIAN_POINT('',(-349.841944668,146.89655889391,
    304.15084829169));
#689 = CARTESIAN_POINT('',(-349.4616413546,146.9802377515,
    304.27134180458));
#690 = CARTESIAN_POINT('',(-349.2684284176,147.01639064054,
    304.32224182412));
#691 = CARTESIAN_POINT('',(-348.8755275724,147.07557134264,
    304.40504243773));
#692 = CARTESIAN_POINT('',(-348.6758402141,147.09859858771,
    304.43694582539));
#693 = CARTESIAN_POINT('',(-348.2694717372,147.12974241366,
    304.48074593513));
#694 = CARTESIAN_POINT('',(-348.0638563162,147.13764239,304.49235890704)
  );
#695 = CARTESIAN_POINT('',(-347.8605997561,147.13762384303,
    304.49358037762));
#696 = ORIENTED_EDGE('',*,*,#697,.F.);
#697 = EDGE_CURVE('',#246,#643,#698,.T.);
#698 = B_SPLINE_CURVE_WITH_KNOTS('',3,(#699,#700,#701,#702,#703,#704,
    #705,#706,#707,#708,#709,#710,#711,#712,#713,#714,#715,#716),
  .UNSPECIFIED.,.F.,.F.,(4,2,2,2,2,2,2,2,4),(3.068173534428E-03,
    3.898657264863E-03,4.729140995299E-03,5.559624725735E-03,
    6.39010845617E-03,7.220592186606E-03,8.051075917041E-03,
    8.881559647477E-03,9.712043377913E-03),.UNSPECIFIED.);
#699 = CARTESIAN_POINT('',(-342.5069533085,145.53316387357,
    295.5582085357));
#700 = CARTESIAN_POINT('',(-342.6349790005,145.60486915692,
    295.32227609967));
#701 = CARTESIAN_POINT('',(-342.7792940801,145.68376377874,
    295.09414313376));
#702 = CARTESIAN_POINT('',(-343.0938925769,145.84914421984,
    294.66281880315));
#703 = CARTESIAN_POINT('',(-343.263430332,145.9352723807,294.46017462093
    ));
#704 = CARTESIAN_POINT('',(-343.6267255553,146.11065916495,
    294.07899517224));
#705 = CARTESIAN_POINT('',(-343.8204777134,146.19993852963,
    293.90046426496));
#706 = CARTESIAN_POINT('',(-344.2337999287,146.37761911805,
    293.56720489661));
#707 = CARTESIAN_POINT('',(-344.4512903971,146.46504530408,
    293.41436228776));
#708 = CARTESIAN_POINT('',(-344.9027087689,146.63017198705,
    293.13935855367));
#709 = CARTESIAN_POINT('',(-345.1375206803,146.70827599323,
    293.01646538274));
#710 = CARTESIAN_POINT('',(-345.6272604839,146.85046677424,
    292.80039163533));
#711 = CARTESIAN_POINT('',(-345.8840658899,146.91493791934,
    292.70667265915));
#712 = CARTESIAN_POINT('',(-346.4124552144,147.02180921595,
    292.55431526725));
#713 = CARTESIAN_POINT('',(-346.6810545096,147.06371211974,
    292.49627637096));
#714 = CARTESIAN_POINT('',(-347.2275674068,147.12072868183,
    292.41685834289));
#715 = CARTESIAN_POINT('',(-347.5074990006,147.13581548174,
    292.39548398007));
#716 = CARTESIAN_POINT('',(-347.7878862657,147.13584106681,
    292.39379899241));
#717 = ORIENTED_EDGE('',*,*,#245,.F.);
#718 = FACE_BOUND('',#719,.F.);
#719 = EDGE_LOOP('',(#720,#731,#740,#751,#762,#771,#780,#797,#846));
#720 = ORIENTED_EDGE('',*,*,#721,.F.);
#721 = EDGE_CURVE('',#722,#724,#726,.T.);
#722 = VERTEX_POINT('',#723);
#723 = CARTESIAN_POINT('',(-342.5396222502,164.69527114072,
    301.28538351968));
#724 = VERTEX_POINT('',#725);
#725 = CARTESIAN_POINT('',(-342.5402570134,164.66384298615,
    301.39053290551));
#726 = CIRCLE('',#727,10.);
#727 = AXIS2_PLACEMENT_3D('',#728,#729,#730);
#728 = CARTESIAN_POINT('',(-342.5236051609,155.09850342986,
    298.47437072061));
#729 = DIRECTION('',(0.999981939273,-9.124741300634E-05,
    6.009392853768E-03));
#730 = DIRECTION('',(-6.009379369692E-03,1.473368774086E-04,
    0.999981932663));
#731 = ORIENTED_EDGE('',*,*,#732,.T.);
#732 = EDGE_CURVE('',#722,#733,#735,.T.);
#733 = VERTEX_POINT('',#734);
#734 = CARTESIAN_POINT('',(-342.5329474186,164.69891522675,
    301.27295064763));
#735 = B_SPLINE_CURVE_WITH_KNOTS('',3,(#736,#737,#738,#739),
  .UNSPECIFIED.,.F.,.F.,(4,4),(0.,1.439124224045E-05),
  .PIECEWISE_BEZIER_KNOTS.);
#736 = CARTESIAN_POINT('',(-342.5396222502,164.69527114072,
    301.28538351968));
#737 = CARTESIAN_POINT('',(-342.5373922486,164.69648811115,
    301.28124150212));
#738 = CARTESIAN_POINT('',(-342.5351673058,164.69770280853,
    301.27709721147));
#739 = CARTESIAN_POINT('',(-342.5329474186,164.69891522675,
    301.27295064763));
#740 = ORIENTED_EDGE('',*,*,#741,.F.);
#741 = EDGE_CURVE('',#742,#733,#744,.T.);
#742 = VERTEX_POINT('',#743);
#743 = CARTESIAN_POINT('',(-342.2226892675,165.09847590546,
    298.4747056797));
#744 = B_SPLINE_CURVE_WITH_KNOTS('',3,(#745,#746,#747,#748,#749,#750),
  .UNSPECIFIED.,.F.,.F.,(4,2,4),(2.984407855851E-03,4.406522001634E-03,
    5.828636147418E-03),.UNSPECIFIED.);
#745 = CARTESIAN_POINT('',(-342.2226892675,165.09847590546,
    298.4747056797));
#746 = CARTESIAN_POINT('',(-342.2255855176,165.0985469152,298.956651917)
  );
#747 = CARTESIAN_POINT('',(-342.2560686451,165.06398941775,
    299.43025293043));
#748 = CARTESIAN_POINT('',(-342.3635472675,164.93012021824,
    300.36243279339));
#749 = CARTESIAN_POINT('',(-342.4406866625,164.83081416713,
    300.82099595013));
#750 = CARTESIAN_POINT('',(-342.5329474186,164.69891522675,
    301.27295064763));
#751 = ORIENTED_EDGE('',*,*,#752,.F.);
#752 = EDGE_CURVE('',#753,#742,#755,.T.);
#753 = VERTEX_POINT('',#754);
#754 = CARTESIAN_POINT('',(-342.4992948941,164.69809014023,
    295.67305182472));
#755 = B_SPLINE_CURVE_WITH_KNOTS('',3,(#756,#757,#758,#759,#760,#761),
  .UNSPECIFIED.,.F.,.F.,(4,2,4),(1.409106626243E-04,1.562659259238E-03,
    2.984407855851E-03),.UNSPECIFIED.);
#756 = CARTESIAN_POINT('',(-342.4992948941,164.69809014023,
    295.67305182472));
#757 = CARTESIAN_POINT('',(-342.4124900222,164.8300956233,
    296.12595191301));
#758 = CARTESIAN_POINT('',(-342.3408695438,164.92953593399,
    296.58532751974));
#759 = CARTESIAN_POINT('',(-342.2445924858,165.06369328315,
    297.51868637059));
#760 = CARTESIAN_POINT('',(-342.2197937618,165.09840491398,
    297.99288332489));
#761 = CARTESIAN_POINT('',(-342.2226892675,165.09847590546,
    298.4747056797));
#762 = ORIENTED_EDGE('',*,*,#763,.T.);
#763 = EDGE_CURVE('',#753,#764,#766,.T.);
#764 = VERTEX_POINT('',#765);
#765 = CARTESIAN_POINT('',(-342.5058198251,164.69444237897,
    295.66054070323));
#766 = B_SPLINE_CURVE_WITH_KNOTS('',3,(#767,#768,#769,#770),
  .UNSPECIFIED.,.F.,.F.,(4,4),(5.881892143816E-03,5.896275633223E-03),
  .PIECEWISE_BEZIER_KNOTS.);
#767 = CARTESIAN_POINT('',(-342.4992948941,164.69809014023,
    295.67305182472));
#768 = CARTESIAN_POINT('',(-342.5014650974,164.6968763229,
    295.66887864192));
#769 = CARTESIAN_POINT('',(-342.5036400748,164.69566039984,
    295.66470826894));
#770 = CARTESIAN_POINT('',(-342.5058198251,164.69444237897,
    295.66054070323));
#771 = ORIENTED_EDGE('',*,*,#772,.F.);
#772 = EDGE_CURVE('',#773,#764,#775,.T.);
#773 = VERTEX_POINT('',#774);
#774 = CARTESIAN_POINT('',(-342.5051908558,164.66298324043,
    295.55540054836));
#775 = CIRCLE('',#776,10.);
#776 = AXIS2_PLACEMENT_3D('',#777,#778,#779);
#777 = CARTESIAN_POINT('',(-342.5236051609,155.09850342986,
    298.47437072061));
#778 = DIRECTION('',(0.999981939273,-9.124741300634E-05,
    6.009392853768E-03));
#779 = DIRECTION('',(-6.009379369692E-03,1.473368774086E-04,
    0.999981932663));
#780 = ORIENTED_EDGE('',*,*,#781,.F.);
#781 = EDGE_CURVE('',#782,#773,#784,.T.);
#782 = VERTEX_POINT('',#783);
#783 = CARTESIAN_POINT('',(-347.7864191221,163.06035023927,
    292.39146149934));
#784 = B_SPLINE_CURVE_WITH_KNOTS('',3,(#785,#786,#787,#788,#789,#790,
    #791,#792,#793,#794,#795,#796),.UNSPECIFIED.,.F.,.F.,(4,2,2,2,2,4),(
    1.941107159451E-02,2.106795942839E-02,2.272484726226E-02,
    2.438173509613E-02,2.521017901307E-02,2.603862293001E-02),
  .UNSPECIFIED.);
#785 = CARTESIAN_POINT('',(-347.7864191221,163.06035023927,
    292.39146149934));
#786 = CARTESIAN_POINT('',(-347.2244192838,163.06029895731,
    292.39483883815));
#787 = CARTESIAN_POINT('',(-346.6782221879,163.12024470509,
    292.47505097097));
#788 = CARTESIAN_POINT('',(-345.6183187133,163.33431611303,
    292.7802947724));
#789 = CARTESIAN_POINT('',(-345.1279418915,163.4825342776,
    292.99817759488));
#790 = CARTESIAN_POINT('',(-344.2135280667,163.81743549585,
    293.55624061295));
#791 = CARTESIAN_POINT('',(-343.8053829058,163.99809631767,
    293.88663339318));
#792 = CARTESIAN_POINT('',(-343.2577000348,164.26269404742,
    294.46201639707));
#793 = CARTESIAN_POINT('',(-343.0861906655,164.34994380084,
    294.66774855868));
#794 = CARTESIAN_POINT('',(-342.7742902253,164.51407646964,
    295.09645426715));
#795 = CARTESIAN_POINT('',(-342.6325744678,164.59159950648,
    295.32069655262));
#796 = CARTESIAN_POINT('',(-342.5051908558,164.66298324043,
    295.55540054836));
#797 = ORIENTED_EDGE('',*,*,#798,.F.);
#798 = EDGE_CURVE('',#799,#782,#801,.T.);
#799 = VERTEX_POINT('',#800);
#800 = CARTESIAN_POINT('',(-347.8591326124,163.06213301548,
    304.49124288456));
#801 = B_SPLINE_CURVE_WITH_KNOTS('',3,(#802,#803,#804,#805,#806,#807,
    #808,#809,#810,#811,#812,#813,#814,#815,#816,#817,#818,#819,#820,
    #821,#822,#823,#824,#825,#826,#827,#828,#829,#830,#831,#832,#833,
    #834,#835,#836,#837,#838,#839,#840,#841,#842,#843,#844,#845),
  .UNSPECIFIED.,.F.,.F.,(4,2,2,2,2,2,2,2,2,2,2,2,2,2,2,2,2,2,2,2,2,4),(
    0.,1.213191974657E-03,2.426383949314E-03,3.639575923971E-03,
    4.852767898629E-03,5.459363885957E-03,6.065959873286E-03,
    7.279151847943E-03,8.4923438226E-03,9.705535797257E-03,
    1.031213178459E-02,1.091872777191E-02,1.152532375924E-02,
    1.213191974657E-02,1.334511172123E-02,1.455830369589E-02,
    1.516489968321E-02,1.577149567054E-02,1.69846876452E-02,
    1.759128363253E-02,1.819787961986E-02,1.941107159451E-02),
  .UNSPECIFIED.);
#802 = CARTESIAN_POINT('',(-347.8591326124,163.06213301548,
    304.49124288456));
#803 = CARTESIAN_POINT('',(-348.2705238789,163.06217055455,
    304.48877062817));
#804 = CARTESIAN_POINT('',(-348.6718776095,163.09417015657,
    304.44486650525));
#805 = CARTESIAN_POINT('',(-349.4566025406,163.21187089783,
    304.28031853986));
#806 = CARTESIAN_POINT('',(-349.8428781915,163.29878223012,
    304.15762853857));
#807 = CARTESIAN_POINT('',(-350.5657851258,163.5038147988,
    303.84802305304));
#808 = CARTESIAN_POINT('',(-350.9071694263,163.62234372713,
    303.66054065368));
#809 = CARTESIAN_POINT('',(-351.5517092998,163.87501609823,
    303.22130457647));
#810 = CARTESIAN_POINT('',(-351.8469364369,164.00593327525,
    302.97508017385));
#811 = CARTESIAN_POINT('',(-352.2533358283,164.19912988805,
    302.5653473985));
#812 = CARTESIAN_POINT('',(-352.3826597219,164.26302818093,
    302.42197775173));
#813 = CARTESIAN_POINT('',(-352.6289345702,164.38832140773,
    302.12083102683));
#814 = CARTESIAN_POINT('',(-352.7456155707,164.44959795754,
    301.96318606301));
#815 = CARTESIAN_POINT('',(-353.069802672,164.6237846548,301.47775481189
    ));
#816 = CARTESIAN_POINT('',(-353.2543793652,164.7284271687,
    301.13454653795));
#817 = CARTESIAN_POINT('',(-353.5585243228,164.90520153795,
    300.4052199639));
#818 = CARTESIAN_POINT('',(-353.6783125657,164.97755188822,
    300.01419654328));
#819 = CARTESIAN_POINT('',(-353.8349606535,165.07381913713,
    299.22559886287));
#820 = CARTESIAN_POINT('',(-353.8742190249,165.09912728108,
    298.8244781206));
#821 = CARTESIAN_POINT('',(-353.8716956371,165.09973748683,
    298.21195573397));
#822 = CARTESIAN_POINT('',(-353.8603307339,165.09356995766,
    298.00573515279));
#823 = CARTESIAN_POINT('',(-353.8174889496,165.06913350665,
    297.60139729481));
#824 = CARTESIAN_POINT('',(-353.7860614754,165.05090001129,
    297.40177920838));
#825 = CARTESIAN_POINT('',(-353.7037411798,165.00307946177,
    297.00746712888));
#826 = CARTESIAN_POINT('',(-353.652847517,164.9734905857,296.81277349394
    ));
#827 = CARTESIAN_POINT('',(-353.5315213862,164.90350058636,
    296.42826514599));
#828 = CARTESIAN_POINT('',(-353.4610958349,164.86311035921,
    296.2389252861));
#829 = CARTESIAN_POINT('',(-353.2259414756,164.73002882632,
    295.69068664401));
#830 = CARTESIAN_POINT('',(-353.0363060611,164.62469165958,
    295.34691201605));
#831 = CARTESIAN_POINT('',(-352.5928537912,164.39037460955,
    294.69926891334));
#832 = CARTESIAN_POINT('',(-352.3426864601,164.263398908,294.40135778141
    ));
#833 = CARTESIAN_POINT('',(-351.9312993491,164.06996703399,
    293.99611394357));
#834 = CARTESIAN_POINT('',(-351.787803359,164.00483969684,
    293.86761540492));
#835 = CARTESIAN_POINT('',(-351.4874870907,163.87486912915,
    293.62363212431));
#836 = CARTESIAN_POINT('',(-351.3300047103,163.80979056241,
    293.50778942497));
#837 = CARTESIAN_POINT('',(-350.8453800722,163.62127222111,
    293.18613603582));
#838 = CARTESIAN_POINT('',(-350.5041266427,163.5034095724,
    293.00381178467));
#839 = CARTESIAN_POINT('',(-349.9613630044,163.34988343059,
    292.77851839927));
#840 = CARTESIAN_POINT('',(-349.775250472,163.30261248535,
    292.71152585162));
#841 = CARTESIAN_POINT('',(-349.3913877975,163.21828123598,
    292.59477809828));
#842 = CARTESIAN_POINT('',(-349.1949069351,163.18160410589,
    292.54555039953));
#843 = CARTESIAN_POINT('',(-348.6023433821,163.09259176867,
    292.42828292687));
#844 = CARTESIAN_POINT('',(-348.1979217474,163.06038778849,
    292.38898857374));
#845 = CARTESIAN_POINT('',(-347.7864191221,163.06035023927,
    292.39146149934));
#846 = ORIENTED_EDGE('',*,*,#847,.F.);
#847 = EDGE_CURVE('',#724,#799,#848,.T.);
#848 = B_SPLINE_CURVE_WITH_KNOTS('',3,(#849,#850,#851,#852,#853,#854,
    #855,#856,#857,#858,#859,#860,#861,#862,#863,#864,#865,#866),
  .UNSPECIFIED.,.F.,.F.,(4,2,2,2,2,2,2,2,4),(3.215936130896E-02,
    3.298640581626E-02,3.381345032355E-02,3.464049483084E-02,
    3.546753933814E-02,3.629458384543E-02,3.712162835272E-02,
    3.794867286002E-02,3.877571736731E-02),.UNSPECIFIED.);
#849 = CARTESIAN_POINT('',(-342.5402570134,164.66384298615,
    301.39053290551));
#850 = CARTESIAN_POINT('',(-342.6714270032,164.59199432167,
    301.62545559007));
#851 = CARTESIAN_POINT('',(-342.8189606132,164.51288959137,301.852348586
    ));
#852 = CARTESIAN_POINT('',(-343.1374819179,164.34822623073,
    302.27812958928));
#853 = CARTESIAN_POINT('',(-343.3091027605,164.26228906383,
    302.47845868574));
#854 = CARTESIAN_POINT('',(-343.6771280132,164.08687735111,
    302.85552896642));
#855 = CARTESIAN_POINT('',(-343.8745982361,163.99693114229,
    303.03308905257));
#856 = CARTESIAN_POINT('',(-344.2912573162,163.81963202178,
    303.3607535413));
#857 = CARTESIAN_POINT('',(-344.5086616078,163.73299552372,
    303.50970208309));
#858 = CARTESIAN_POINT('',(-344.9624935335,163.5681755743,303.7789894146
    ));
#859 = CARTESIAN_POINT('',(-345.1989118822,163.48997296258,
    303.89933296703));
#860 = CARTESIAN_POINT('',(-345.6931062012,163.34724921661,
    304.11046495081));
#861 = CARTESIAN_POINT('',(-345.9527789945,163.28247897751,
    304.20155587362));
#862 = CARTESIAN_POINT('',(-346.4795496278,163.17635905096,
    304.34666377873));
#863 = CARTESIAN_POINT('',(-346.7480961012,163.13446458507,
    304.40154887956));
#864 = CARTESIAN_POINT('',(-347.2963892268,163.07728248105,
    304.47474966963));
#865 = CARTESIAN_POINT('',(-347.5786832735,163.06210742474,
    304.49292824525));
#866 = CARTESIAN_POINT('',(-347.8591326124,163.06213301548,
    304.49124288456));
#867 = CYLINDRICAL_SURFACE('',#868,10.);
#868 = AXIS2_PLACEMENT_3D('',#869,#870,#871);
#869 = CARTESIAN_POINT('',(-227.5256821446,155.08800997736,
    299.16545089879));
#870 = DIRECTION('',(-0.999981939273,9.124741300698E-05,
    -6.009392853767E-03));
#871 = DIRECTION('',(-9.213116958737E-05,-0.999999984983,
    1.467858760765E-04));
#872 = ADVANCED_FACE('',(#873),#876,.T.);
#873 = FACE_BOUND('',#874,.T.);
#874 = EDGE_LOOP('',(#875));
#875 = ORIENTED_EDGE('',*,*,#523,.T.);
#876 = PLANE('',#877);
#877 = AXIS2_PLACEMENT_3D('',#878,#879,#880);
#878 = CARTESIAN_POINT('',(13.469965220063,155.06601935083,
    300.61371457655));
#879 = DIRECTION('',(0.999981939273,-9.124741300836E-05,
    6.009392853768E-03));
#880 = DIRECTION('',(-6.009392878785E-03,-1.986258379993E-16,
    0.999981943436));
#881 = ADVANCED_FACE('',(#882,#902),#907,.F.);
#882 = FACE_BOUND('',#883,.T.);
#883 = EDGE_LOOP('',(#884,#895));
#884 = ORIENTED_EDGE('',*,*,#885,.T.);
#885 = EDGE_CURVE('',#886,#888,#890,.T.);
#886 = VERTEX_POINT('',#887);
#887 = CARTESIAN_POINT('',(-356.8242451714,145.34980841428,
    298.38986756509));
#888 = VERTEX_POINT('',#889);
#889 = CARTESIAN_POINT('',(-356.8224486136,164.84980812145,
    298.38700524051));
#890 = CIRCLE('',#891,9.75);
#891 = AXIS2_PLACEMENT_3D('',#892,#893,#894);
#892 = CARTESIAN_POINT('',(-356.8233468925,155.09980826786,
    298.3884364028));
#893 = DIRECTION('',(0.999981939273,-9.124741300661E-05,
    6.009392853767E-03));
#894 = DIRECTION('',(-9.2131169587E-05,-0.999999984983,
    1.467858760759E-04));
#895 = ORIENTED_EDGE('',*,*,#896,.T.);
#896 = EDGE_CURVE('',#888,#886,#897,.T.);
#897 = CIRCLE('',#898,9.75);
#898 = AXIS2_PLACEMENT_3D('',#899,#900,#901);
#899 = CARTESIAN_POINT('',(-356.8233468925,155.09980826786,
    298.3884364028));
#900 = DIRECTION('',(0.999981939273,-9.124741300661E-05,
    6.009392853767E-03));
#901 = DIRECTION('',(-9.2131169587E-05,-0.999999984983,
    1.467858760759E-04));
#902 = FACE_BOUND('',#903,.T.);
#903 = EDGE_LOOP('',(#904,#905,#906));
#904 = ORIENTED_EDGE('',*,*,#625,.F.);
#905 = ORIENTED_EDGE('',*,*,#634,.F.);
#906 = ORIENTED_EDGE('',*,*,#616,.F.);
#907 = PLANE('',#908);
#908 = AXIS2_PLACEMENT_3D('',#909,#910,#911);
#909 = CARTESIAN_POINT('',(-356.8233468925,155.09980826786,
    298.3884364028));
#910 = DIRECTION('',(0.999981939273,-9.124741300661E-05,
    6.009392853767E-03));
#911 = DIRECTION('',(6.009379369692E-03,-1.473368774084E-04,
    -0.999981932663));
#912 = ADVANCED_FACE('',(#913),#939,.T.);
#913 = FACE_BOUND('',#914,.T.);
#914 = EDGE_LOOP('',(#915,#923,#924,#932));
#915 = ORIENTED_EDGE('',*,*,#916,.F.);
#916 = EDGE_CURVE('',#888,#917,#919,.T.);
#917 = VERTEX_POINT('',#918);
#918 = CARTESIAN_POINT('',(-357.0724210657,165.09983092955,
    298.38546619582));
#919 = LINE('',#920,#921);
#920 = CARTESIAN_POINT('',(-356.8224486136,164.84980812145,
    298.38700524051));
#921 = VECTOR('',#922,1.);
#922 = DIRECTION('',(-0.707028863749,0.707171292232,-4.353075726068E-03)
  );
#923 = ORIENTED_EDGE('',*,*,#885,.F.);
#924 = ORIENTED_EDGE('',*,*,#925,.T.);
#925 = EDGE_CURVE('',#886,#926,#928,.T.);
#926 = VERTEX_POINT('',#927);
#927 = CARTESIAN_POINT('',(-357.0742636891,145.09983122989,
    298.38840191335));
#928 = LINE('',#929,#930);
#929 = CARTESIAN_POINT('',(-356.8242451714,145.34980841428,
    298.38986756509));
#930 = VECTOR('',#931,1.);
#931 = DIRECTION('',(-0.707159156899,-0.707042248903,-4.145489149357E-03
    ));
#932 = ORIENTED_EDGE('',*,*,#933,.F.);
#933 = EDGE_CURVE('',#917,#926,#934,.T.);
#934 = CIRCLE('',#935,10.);
#935 = AXIS2_PLACEMENT_3D('',#936,#937,#938);
#936 = CARTESIAN_POINT('',(-357.0733423774,155.09983107972,
    298.38693405458));
#937 = DIRECTION('',(-0.999981939273,9.124741300634E-05,
    -6.009392853768E-03));
#938 = DIRECTION('',(-9.213116958673E-05,-0.999999984983,
    1.467858760761E-04));
#939 = CONICAL_SURFACE('',#940,9.75,0.785398163397);
#940 = AXIS2_PLACEMENT_3D('',#941,#942,#943);
#941 = CARTESIAN_POINT('',(-356.8233468925,155.09980826786,
    298.3884364028));
#942 = DIRECTION('',(-0.999981939273,9.124741300661E-05,
    -6.009392853767E-03));
#943 = DIRECTION('',(-9.2131169587E-05,-0.999999984983,
    1.467858760759E-04));
#944 = ADVANCED_FACE('',(#945),#957,.T.);
#945 = FACE_BOUND('',#946,.T.);
#946 = EDGE_LOOP('',(#947,#948,#949,#956));
#947 = ORIENTED_EDGE('',*,*,#896,.F.);
#948 = ORIENTED_EDGE('',*,*,#916,.T.);
#949 = ORIENTED_EDGE('',*,*,#950,.F.);
#950 = EDGE_CURVE('',#926,#917,#951,.T.);
#951 = CIRCLE('',#952,10.);
#952 = AXIS2_PLACEMENT_3D('',#953,#954,#955);
#953 = CARTESIAN_POINT('',(-357.0733423774,155.09983107972,
    298.38693405458));
#954 = DIRECTION('',(-0.999981939273,9.124741300634E-05,
    -6.009392853768E-03));
#955 = DIRECTION('',(-9.213116958673E-05,-0.999999984983,
    1.467858760761E-04));
#956 = ORIENTED_EDGE('',*,*,#925,.F.);
#957 = CONICAL_SURFACE('',#958,9.75,0.785398163397);
#958 = AXIS2_PLACEMENT_3D('',#959,#960,#961);
#959 = CARTESIAN_POINT('',(-356.8233468925,155.09980826786,
    298.3884364028));
#960 = DIRECTION('',(-0.999981939273,9.124741300661E-05,
    -6.009392853767E-03));
#961 = DIRECTION('',(-9.2131169587E-05,-0.999999984983,
    1.467858760759E-04));
#962 = ADVANCED_FACE('',(#963),#989,.F.);
#963 = FACE_BOUND('',#964,.T.);
#964 = EDGE_LOOP('',(#965,#976,#982,#983));
#965 = ORIENTED_EDGE('',*,*,#966,.T.);
#966 = EDGE_CURVE('',#967,#969,#971,.T.);
#967 = VERTEX_POINT('',#968);
#968 = CARTESIAN_POINT('',(-342.5053120698,163.34731582258,
    295.55559366976));
#969 = VERTEX_POINT('',#970);
#970 = CARTESIAN_POINT('',(-342.505940579,163.3837693432,295.66073309152
    ));
#971 = CIRCLE('',#972,8.75);
#972 = AXIS2_PLACEMENT_3D('',#973,#974,#975);
#973 = CARTESIAN_POINT('',(-342.5236051609,155.09850342986,
    298.47437072061));
#974 = DIRECTION('',(0.999981939273,-9.124741300661E-05,
    6.009392853767E-03));
#975 = DIRECTION('',(-6.009379369692E-03,1.473368774084E-04,
    0.999981932663));
#976 = ORIENTED_EDGE('',*,*,#977,.T.);
#977 = EDGE_CURVE('',#969,#764,#978,.T.);
#978 = LINE('',#979,#980);
#979 = CARTESIAN_POINT('',(-342.5057826367,165.09808889881,
    295.66048145362));
#980 = VECTOR('',#981,1.);
#981 = DIRECTION('',(9.2131169587E-05,0.999999984983,-1.467858760759E-04
    ));
#982 = ORIENTED_EDGE('',*,*,#772,.F.);
#983 = ORIENTED_EDGE('',*,*,#984,.T.);
#984 = EDGE_CURVE('',#773,#967,#985,.T.);
#985 = LINE('',#986,#987);
#986 = CARTESIAN_POINT('',(-342.5069933939,145.09807370717,
    295.55827240079));
#987 = VECTOR('',#988,1.);
#988 = DIRECTION('',(-9.2131169587E-05,-0.999999984983,1.46785876076E-04
    ));
#989 = PLANE('',#990);
#990 = AXIS2_PLACEMENT_3D('',#991,#992,#993);
#991 = CARTESIAN_POINT('',(-342.5236051609,155.09850342986,
    298.47437072061));
#992 = DIRECTION('',(0.999981939273,-9.124741300661E-05,
    6.009392853767E-03));
#993 = DIRECTION('',(-6.009379369692E-03,1.473368774084E-04,
    0.999981932663));
#994 = ADVANCED_FACE('',(#995),#1110,.T.);
#995 = FACE_BOUND('',#996,.T.);
#996 = EDGE_LOOP('',(#997,#1005,#1006,#1015,#1022,#1023,#1024,#1065));
#997 = ORIENTED_EDGE('',*,*,#998,.F.);
#998 = EDGE_CURVE('',#722,#999,#1001,.T.);
#999 = VERTEX_POINT('',#1000);
#1000 = CARTESIAN_POINT('',(-342.5397430041,163.38459810495,
    301.28557590797));
#1001 = LINE('',#1002,#1003);
#1002 = CARTESIAN_POINT('',(-342.5395850618,165.09891766056,
    301.28532427007));
#1003 = VECTOR('',#1004,1.);
#1004 = DIRECTION('',(-9.2131169587E-05,-0.999999984983,
    1.467858760759E-04));
#1005 = ORIENTED_EDGE('',*,*,#732,.T.);
#1006 = ORIENTED_EDGE('',*,*,#1007,.T.);
#1007 = EDGE_CURVE('',#733,#1008,#1010,.T.);
#1008 = VERTEX_POINT('',#1009);
#1009 = CARTESIAN_POINT('',(-353.8225166155,164.69953438146,
    298.40505543695));
#1010 = CIRCLE('',#1011,6.);
#1011 = AXIS2_PLACEMENT_3D('',#1012,#1013,#1014);
#1012 = CARTESIAN_POINT('',(-347.8226249798,164.69898689698,
    298.44111179407));
#1013 = DIRECTION('',(-9.2131169587E-05,-0.999999984983,
    1.467858760759E-04));
#1014 = DIRECTION('',(-0.999981939273,9.124741300661E-05,
    -6.009392853764E-03));
#1015 = ORIENTED_EDGE('',*,*,#1016,.T.);
#1016 = EDGE_CURVE('',#1008,#753,#1017,.T.);
#1017 = CIRCLE('',#1018,6.);
#1018 = AXIS2_PLACEMENT_3D('',#1019,#1020,#1021);
#1019 = CARTESIAN_POINT('',(-347.8226249798,164.69898689698,
    298.44111179407));
#1020 = DIRECTION('',(-9.2131169587E-05,-0.999999984983,
    1.467858760759E-04));
#1021 = DIRECTION('',(-0.999981939273,9.124741300661E-05,
    -6.009392853767E-03));
#1022 = ORIENTED_EDGE('',*,*,#763,.T.);
#1023 = ORIENTED_EDGE('',*,*,#977,.F.);
#1024 = ORIENTED_EDGE('',*,*,#1025,.F.);
#1025 = EDGE_CURVE('',#1026,#969,#1028,.T.);
#1026 = VERTEX_POINT('',#1027);
#1027 = CARTESIAN_POINT('',(-353.822594927,163.84953439423,
    298.40518020494));
#1028 = B_SPLINE_CURVE_WITH_KNOTS('',3,(#1029,#1030,#1031,#1032,#1033,
    #1034,#1035,#1036,#1037,#1038,#1039,#1040,#1041,#1042,#1043,#1044,
    #1045,#1046,#1047,#1048,#1049,#1050,#1051,#1052,#1053,#1054,#1055,
    #1056,#1057,#1058,#1059,#1060,#1061,#1062,#1063,#1064),
  .UNSPECIFIED.,.F.,.F.,(4,2,2,2,2,2,2,2,2,2,2,2,2,2,2,2,2,4),(
    1.944838032256E-02,2.04773971767E-02,2.150641403085E-02,
    2.2535430885E-02,2.356444773915E-02,2.459346459329E-02,
    2.562248144744E-02,2.665149830159E-02,2.768051515574E-02,
    2.819502358281E-02,2.870953200988E-02,2.973854886403E-02,
    3.076756571818E-02,3.179658257233E-02,3.282559942647E-02,
    3.385461628062E-02,3.488363313477E-02,3.591264998891E-02),
  .UNSPECIFIED.);
#1029 = CARTESIAN_POINT('',(-353.822594927,163.84953439423,
    298.40518020494));
#1030 = CARTESIAN_POINT('',(-353.8205297647,163.84948376095,
    298.06152990912));
#1031 = CARTESIAN_POINT('',(-353.7890664704,163.82918665058,
    297.7183564321));
#1032 = CARTESIAN_POINT('',(-353.6662177616,163.74828762019,
    297.03644720139));
#1033 = CARTESIAN_POINT('',(-353.5768964748,163.68906271189,
    296.70839802324));
#1034 = CARTESIAN_POINT('',(-353.3468933172,163.53880936509,
    296.07547977049));
#1035 = CARTESIAN_POINT('',(-353.2045978821,163.44675333101,
    295.76832638862));
#1036 = CARTESIAN_POINT('',(-352.8785982719,163.24178205586,
    295.193611643));
#1037 = CARTESIAN_POINT('',(-352.6948394065,163.12876990109,
    294.92446807118));
#1038 = CARTESIAN_POINT('',(-352.286798609,162.8884758406,294.4191752879
    ));
#1039 = CARTESIAN_POINT('',(-352.0621787143,162.7610918172,
    294.18341510221));
#1040 = CARTESIAN_POINT('',(-351.5845141464,162.50705881638,
    293.75609312411));
#1041 = CARTESIAN_POINT('',(-351.3299943459,162.37942973203,
    293.56249940592));
#1042 = CARTESIAN_POINT('',(-350.7859850222,162.13207552903,
    293.21423109371));
#1043 = CARTESIAN_POINT('',(-350.4954859108,162.0121969688,
    293.05961926572));
#1044 = CARTESIAN_POINT('',(-349.892956234,161.79984023818,
    292.80040239174));
#1045 = CARTESIAN_POINT('',(-349.5788751163,161.70626968303,
    292.69420835219));
#1046 = CARTESIAN_POINT('',(-349.0839399605,161.59570584115,
    292.57312162583));
#1047 = CARTESIAN_POINT('',(-348.9150663136,161.56398314299,
    292.53932734891));
#1048 = CARTESIAN_POINT('',(-348.5768705473,161.51365233916,
    292.48667843936));
#1049 = CARTESIAN_POINT('',(-348.4065838475,161.49481101971,
    292.46756354144));
#1050 = CARTESIAN_POINT('',(-347.8920096151,161.45865858712,
    292.43213901367));
#1051 = CARTESIAN_POINT('',(-347.5394455689,161.46261010431,
    292.43840055425));
#1052 = CARTESIAN_POINT('',(-346.8544189053,161.52579715154,
    292.51025258468));
#1053 = CARTESIAN_POINT('',(-346.5204207803,161.5839684458,
    292.57483584839));
#1054 = CARTESIAN_POINT('',(-345.8675311032,161.7427319374,
    292.75897725196));
#1055 = CARTESIAN_POINT('',(-345.5564552706,161.8413253225,
    292.87648750529));
#1056 = CARTESIAN_POINT('',(-344.9664092571,162.05966300308,
    293.1550000727));
#1057 = CARTESIAN_POINT('',(-344.6860115057,162.17985020015,
    293.31647622509));
#1058 = CARTESIAN_POINT('',(-344.1511127396,162.43131004585,
    293.68498131264));
#1059 = CARTESIAN_POINT('',(-343.9027487671,162.55965908743,
    293.88777887084));
#1060 = CARTESIAN_POINT('',(-343.4400334039,162.81266754266,
    294.33115231231));
#1061 = CARTESIAN_POINT('',(-343.2253366821,162.93763018441,
    294.57220754279));
#1062 = CARTESIAN_POINT('',(-342.8319829763,163.17541279072,
    295.09483521154));
#1063 = CARTESIAN_POINT('',(-342.6578426393,163.28546648549,
    295.37030883997));
#1064 = CARTESIAN_POINT('',(-342.505940579,163.3837693432,
    295.66073309152));
#1065 = ORIENTED_EDGE('',*,*,#1066,.F.);
#1066 = EDGE_CURVE('',#999,#1026,#1067,.T.);
#1067 = B_SPLINE_CURVE_WITH_KNOTS('',3,(#1068,#1069,#1070,#1071,#1072,
    #1073,#1074,#1075,#1076,#1077,#1078,#1079,#1080,#1081,#1082,#1083,
    #1084,#1085,#1086,#1087,#1088,#1089,#1090,#1091,#1092,#1093,#1094,
    #1095,#1096,#1097,#1098,#1099,#1100,#1101,#1102,#1103,#1104,#1105,
    #1106,#1107,#1108,#1109),.UNSPECIFIED.,.F.,.F.,(4,2,2,2,2,2,2,2,2,2,
    2,2,2,2,2,2,2,2,2,2,4),(2.958346841161E-03,3.988973933748E-03,
    5.019601026336E-03,6.050228118923E-03,7.08085521151E-03,
    7.596168757804E-03,8.111482304098E-03,9.142109396685E-03,
    9.657422942979E-03,1.017273648927E-02,1.068805003557E-02,
    1.120336358186E-02,1.223399067445E-02,1.326461776703E-02,
    1.429524485962E-02,1.532587195221E-02,1.63564990448E-02,
    1.738712613738E-02,1.841775322997E-02,1.893306677626E-02,
    1.944838032256E-02),.UNSPECIFIED.);
#1068 = CARTESIAN_POINT('',(-342.5397430041,163.38459810495,
    301.28557590797));
#1069 = CARTESIAN_POINT('',(-342.6963602719,163.2855995778,
    301.57647737167));
#1070 = CARTESIAN_POINT('',(-342.8775014115,163.17341263454,
    301.85453584615));
#1071 = CARTESIAN_POINT('',(-343.2750331218,162.93713601585,
    302.36864735741));
#1072 = CARTESIAN_POINT('',(-343.4916740978,162.81278802744,
    302.60607918795));
#1073 = CARTESIAN_POINT('',(-343.9613584787,162.55912248214,
    303.04494482631));
#1074 = CARTESIAN_POINT('',(-344.215979902,162.42911986323,
    303.24704754709));
#1075 = CARTESIAN_POINT('',(-344.7497832057,162.18059178934,
    303.60475859823));
#1076 = CARTESIAN_POINT('',(-345.0303519971,162.06115088824,
    303.76204062041));
#1077 = CARTESIAN_POINT('',(-345.4751139287,161.89755269689,
    303.96552133271));
#1078 = CARTESIAN_POINT('',(-345.6273832803,161.84563799884,
    304.02790285398));
#1079 = CARTESIAN_POINT('',(-345.9409885928,161.74885342973,
    304.14121295237));
#1080 = CARTESIAN_POINT('',(-346.1024060005,161.70404571305,
    304.19205625609));
#1081 = CARTESIAN_POINT('',(-346.5907210943,161.58585122008,
    304.32334906975));
#1082 = CARTESIAN_POINT('',(-346.9250141846,161.52757275143,
    304.38409123574));
#1083 = CARTESIAN_POINT('',(-347.4417736197,161.48004433138,
    304.43196425962));
#1084 = CARTESIAN_POINT('',(-347.6169555934,161.47096623664,
    304.44054515393));
#1085 = CARTESIAN_POINT('',(-347.9629972033,161.46724974064,
    304.44244585428));
#1086 = CARTESIAN_POINT('',(-348.1350331837,161.47245936059,
    304.43592004261));
#1087 = CARTESIAN_POINT('',(-348.4771954125,161.49646703529,
    304.4082714794));
#1088 = CARTESIAN_POINT('',(-348.6473217343,161.51526362474,
    304.38714848842));
#1089 = CARTESIAN_POINT('',(-348.9857134574,161.56567267996,
    304.33031800509));
#1090 = CARTESIAN_POINT('',(-349.1544913314,161.59746102178,
    304.29440045886));
#1091 = CARTESIAN_POINT('',(-349.6472213882,161.70781935689,
    304.16753668711));
#1092 = CARTESIAN_POINT('',(-349.9613260661,161.80163040539,
    304.05727357029));
#1093 = CARTESIAN_POINT('',(-350.5656092759,162.0158986347,
    303.78816721959));
#1094 = CARTESIAN_POINT('',(-350.8523473637,162.1352609396,
    303.63046332413));
#1095 = CARTESIAN_POINT('',(-351.3891886104,162.38130108143,
    303.27719364192));
#1096 = CARTESIAN_POINT('',(-351.6412587252,162.50877737213,
    303.08072636066));
#1097 = CARTESIAN_POINT('',(-352.1153417222,162.76360663384,
    302.64586690713));
#1098 = CARTESIAN_POINT('',(-352.337186682,162.89105014393,
    302.4067840225));
#1099 = CARTESIAN_POINT('',(-352.7365782204,163.12971063122,
    301.89947737287));
#1100 = CARTESIAN_POINT('',(-352.9162635081,163.24210554353,
    301.6295081886));
#1101 = CARTESIAN_POINT('',(-353.2343653373,163.44624889986,
    301.05330820333));
#1102 = CARTESIAN_POINT('',(-353.3736418059,163.53863765583,
    300.74372422576));
#1103 = CARTESIAN_POINT('',(-353.5967652129,163.68918858697,
    300.10685884328));
#1104 = CARTESIAN_POINT('',(-353.6820071828,163.74822688426,
    299.77819473283));
#1105 = CARTESIAN_POINT('',(-353.7679051097,163.80867715631,
    299.26847130885));
#1106 = CARTESIAN_POINT('',(-353.7895094638,163.82413747697,
    299.09487853863));
#1107 = CARTESIAN_POINT('',(-353.8172749925,163.84451176096,
    298.74963087604));
#1108 = CARTESIAN_POINT('',(-353.8236291239,163.84955975048,
    298.57727423033));
#1109 = CARTESIAN_POINT('',(-353.822594927,163.84953439423,
    298.40518020494));
#1110 = CYLINDRICAL_SURFACE('',#1111,6.);
#1111 = AXIS2_PLACEMENT_3D('',#1112,#1113,#1114);
#1112 = CARTESIAN_POINT('',(-347.8225881274,165.09898689098,
    298.44105307972));
#1113 = DIRECTION('',(-9.2131169587E-05,-0.999999984983,
    1.467858760759E-04));
#1114 = DIRECTION('',(0.999981939273,-9.124741300661E-05,
    6.009392853767E-03));
#1115 = ADVANCED_FACE('',(#1116),#1135,.T.);
#1116 = FACE_BOUND('',#1117,.T.);
#1117 = EDGE_LOOP('',(#1118,#1126,#1133,#1134));
#1118 = ORIENTED_EDGE('',*,*,#1119,.F.);
#1119 = EDGE_CURVE('',#1120,#1008,#1122,.T.);
#1120 = VERTEX_POINT('',#1121);
#1121 = CARTESIAN_POINT('',(-353.4224869873,165.09949787649,
    298.40740047974));
#1122 = LINE('',#1123,#1124);
#1123 = CARTESIAN_POINT('',(-353.4224869873,165.09949787649,
    298.40740047974));
#1124 = VECTOR('',#1125,1.);
#1125 = DIRECTION('',(-0.707159156899,-0.707042248903,
    -4.145489149357E-03));
#1126 = ORIENTED_EDGE('',*,*,#1127,.F.);
#1127 = EDGE_CURVE('',#742,#1120,#1128,.T.);
#1128 = CIRCLE('',#1129,5.6);
#1129 = AXIS2_PLACEMENT_3D('',#1130,#1131,#1132);
#1130 = CARTESIAN_POINT('',(-347.8225881274,165.09898689098,
    298.44105307972));
#1131 = DIRECTION('',(9.2131169587E-05,0.999999984983,
    -1.467858760759E-04));
#1132 = DIRECTION('',(-0.999981939273,9.124741300661E-05,
    -6.009392853767E-03));
#1133 = ORIENTED_EDGE('',*,*,#752,.F.);
#1134 = ORIENTED_EDGE('',*,*,#1016,.F.);
#1135 = CONICAL_SURFACE('',#1136,5.6,0.785398163397);
#1136 = AXIS2_PLACEMENT_3D('',#1137,#1138,#1139);
#1137 = CARTESIAN_POINT('',(-347.8225881274,165.09898689098,
    298.44105307972));
#1138 = DIRECTION('',(-9.2131169587E-05,-0.999999984983,
    1.467858760759E-04));
#1139 = DIRECTION('',(0.999981939273,-9.124741300661E-05,
    6.009392853767E-03));
#1140 = ADVANCED_FACE('',(#1141),#1153,.T.);
#1141 = FACE_BOUND('',#1142,.T.);
#1142 = EDGE_LOOP('',(#1143,#1150,#1151,#1152));
#1143 = ORIENTED_EDGE('',*,*,#1144,.F.);
#1144 = EDGE_CURVE('',#1120,#742,#1145,.T.);
#1145 = CIRCLE('',#1146,5.6);
#1146 = AXIS2_PLACEMENT_3D('',#1147,#1148,#1149);
#1147 = CARTESIAN_POINT('',(-347.8225881274,165.09898689098,
    298.44105307972));
#1148 = DIRECTION('',(9.2131169587E-05,0.999999984983,
    -1.467858760759E-04));
#1149 = DIRECTION('',(-0.999981939273,9.124741300661E-05,
    -6.009392853767E-03));
#1150 = ORIENTED_EDGE('',*,*,#1119,.T.);
#1151 = ORIENTED_EDGE('',*,*,#1007,.F.);
#1152 = ORIENTED_EDGE('',*,*,#741,.F.);
#1153 = CONICAL_SURFACE('',#1154,5.6,0.785398163397);
#1154 = AXIS2_PLACEMENT_3D('',#1155,#1156,#1157);
#1155 = CARTESIAN_POINT('',(-347.8225881274,165.09898689098,
    298.44105307972));
#1156 = DIRECTION('',(-9.2131169587E-05,-0.999999984983,
    1.467858760759E-04));
#1157 = DIRECTION('',(0.999981939273,-9.124741300661E-05,
    6.009392853767E-03));
#1158 = ADVANCED_FACE('',(#1159),#1178,.F.);
#1159 = FACE_BOUND('',#1160,.T.);
#1160 = EDGE_LOOP('',(#1161,#1162,#1163,#1172));
#1161 = ORIENTED_EDGE('',*,*,#721,.F.);
#1162 = ORIENTED_EDGE('',*,*,#998,.T.);
#1163 = ORIENTED_EDGE('',*,*,#1164,.T.);
#1164 = EDGE_CURVE('',#999,#1165,#1167,.T.);
#1165 = VERTEX_POINT('',#1166);
#1166 = CARTESIAN_POINT('',(-342.5403782274,163.34817556829,
    301.39072602691));
#1167 = CIRCLE('',#1168,8.75);
#1168 = AXIS2_PLACEMENT_3D('',#1169,#1170,#1171);
#1169 = CARTESIAN_POINT('',(-342.5236051609,155.09850342986,
    298.47437072061));
#1170 = DIRECTION('',(0.999981939273,-9.124741300661E-05,
    6.009392853767E-03));
#1171 = DIRECTION('',(-6.009379369692E-03,1.473368774084E-04,
    0.999981932663));
#1172 = ORIENTED_EDGE('',*,*,#1173,.T.);
#1173 = EDGE_CURVE('',#1165,#724,#1174,.T.);
#1174 = LINE('',#1175,#1176);
#1175 = CARTESIAN_POINT('',(-342.5420595514,145.09893345289,
    301.39340475794));
#1176 = VECTOR('',#1177,1.);
#1177 = DIRECTION('',(9.2131169587E-05,0.999999984983,-1.46785876076E-04
    ));
#1178 = PLANE('',#1179);
#1179 = AXIS2_PLACEMENT_3D('',#1180,#1181,#1182);
#1180 = CARTESIAN_POINT('',(-342.5236051609,155.09850342986,
    298.47437072061));
#1181 = DIRECTION('',(0.999981939273,-9.124741300661E-05,
    6.009392853767E-03));
#1182 = DIRECTION('',(-6.009379369692E-03,1.473368774084E-04,
    0.999981932663));
#1183 = ADVANCED_FACE('',(#1184,#1188),#1208,.T.);
#1184 = FACE_BOUND('',#1185,.T.);
#1185 = EDGE_LOOP('',(#1186,#1187));
#1186 = ORIENTED_EDGE('',*,*,#1127,.T.);
#1187 = ORIENTED_EDGE('',*,*,#1144,.T.);
#1188 = FACE_BOUND('',#1189,.T.);
#1189 = EDGE_LOOP('',(#1190,#1201));
#1190 = ORIENTED_EDGE('',*,*,#1191,.F.);
#1191 = EDGE_CURVE('',#1192,#1194,#1196,.T.);
#1192 = VERTEX_POINT('',#1193);
#1193 = CARTESIAN_POINT('',(-342.822678431,165.09853065391,
    298.47110004399));
#1194 = VERTEX_POINT('',#1195);
#1195 = CARTESIAN_POINT('',(-352.8224978237,165.09944312804,
    298.41100611545));
#1196 = CIRCLE('',#1197,5.);
#1197 = AXIS2_PLACEMENT_3D('',#1198,#1199,#1200);
#1198 = CARTESIAN_POINT('',(-347.8225881274,165.09898689098,
    298.44105307972));
#1199 = DIRECTION('',(9.213116958673E-05,0.999999984983,
    -1.467858760761E-04));
#1200 = DIRECTION('',(-0.999981939273,9.124741300634E-05,
    -6.009392853768E-03));
#1201 = ORIENTED_EDGE('',*,*,#1202,.F.);
#1202 = EDGE_CURVE('',#1194,#1192,#1203,.T.);
#1203 = CIRCLE('',#1204,5.);
#1204 = AXIS2_PLACEMENT_3D('',#1205,#1206,#1207);
#1205 = CARTESIAN_POINT('',(-347.8225881274,165.09898689098,
    298.44105307972));
#1206 = DIRECTION('',(9.213116958673E-05,0.999999984983,
    -1.467858760761E-04));
#1207 = DIRECTION('',(-0.999981939273,9.124741300634E-05,
    -6.009392853768E-03));
#1208 = PLANE('',#1209);
#1209 = AXIS2_PLACEMENT_3D('',#1210,#1211,#1212);
#1210 = CARTESIAN_POINT('',(-347.8225881274,165.09898689098,
    298.44105307972));
#1211 = DIRECTION('',(9.2131169587E-05,0.999999984983,
    -1.467858760759E-04));
#1212 = DIRECTION('',(-0.999981939273,9.124741300661E-05,
    -6.009392853767E-03));
#1213 = ADVANCED_FACE('',(#1214),#1242,.T.);
#1214 = FACE_BOUND('',#1215,.T.);
#1215 = EDGE_LOOP('',(#1216,#1217,#1224,#1233,#1240,#1241));
#1216 = ORIENTED_EDGE('',*,*,#950,.T.);
#1217 = ORIENTED_EDGE('',*,*,#1218,.F.);
#1218 = EDGE_CURVE('',#1219,#917,#1221,.T.);
#1219 = VERTEX_POINT('',#1220);
#1220 = CARTESIAN_POINT('',(-357.8224075201,165.09989936511,
    298.38095915118));
#1221 = B_SPLINE_CURVE_WITH_KNOTS('',1,(#1222,#1223),.UNSPECIFIED.,.F.,
  .F.,(2,2),(-23.81868483131,-23.06868483131),.PIECEWISE_BEZIER_KNOTS.);
#1222 = CARTESIAN_POINT('',(-357.8224075201,165.09989936511,
    298.38095915118));
#1223 = CARTESIAN_POINT('',(-357.0724210657,165.09983092955,
    298.38546619582));
#1224 = ORIENTED_EDGE('',*,*,#1225,.T.);
#1225 = EDGE_CURVE('',#1219,#1226,#1228,.T.);
#1226 = VERTEX_POINT('',#1227);
#1227 = CARTESIAN_POINT('',(-357.8242501435,145.09989966545,
    298.3838948687));
#1228 = CIRCLE('',#1229,10.);
#1229 = AXIS2_PLACEMENT_3D('',#1230,#1231,#1232);
#1230 = CARTESIAN_POINT('',(-357.8233288318,155.09989951528,
    298.38242700994));
#1231 = DIRECTION('',(0.999981939273,-9.124741300634E-05,
    6.009392853768E-03));
#1232 = DIRECTION('',(9.213116958673E-05,0.999999984983,
    -1.467858760761E-04));
#1233 = ORIENTED_EDGE('',*,*,#1234,.T.);
#1234 = EDGE_CURVE('',#1226,#1219,#1235,.T.);
#1235 = CIRCLE('',#1236,10.);
#1236 = AXIS2_PLACEMENT_3D('',#1237,#1238,#1239);
#1237 = CARTESIAN_POINT('',(-357.8233288318,155.09989951528,
    298.38242700994));
#1238 = DIRECTION('',(0.999981939273,-9.124741300634E-05,
    6.009392853768E-03));
#1239 = DIRECTION('',(9.213116958673E-05,0.999999984983,
    -1.467858760761E-04));
#1240 = ORIENTED_EDGE('',*,*,#1218,.T.);
#1241 = ORIENTED_EDGE('',*,*,#933,.T.);
#1242 = CYLINDRICAL_SURFACE('',#1243,10.);
#1243 = AXIS2_PLACEMENT_3D('',#1244,#1245,#1246);
#1244 = CARTESIAN_POINT('',(-334.0050741833,155.09772612191,
    298.52556284436));
#1245 = DIRECTION('',(0.999981939273,-9.124741300634E-05,
    6.009392853768E-03));
#1246 = DIRECTION('',(9.213116958673E-05,0.999999984983,
    -1.467858760761E-04));
#1247 = ADVANCED_FACE('',(#1248),#1274,.T.);
#1248 = FACE_BOUND('',#1249,.T.);
#1249 = EDGE_LOOP('',(#1250,#1258,#1267,#1273));
#1250 = ORIENTED_EDGE('',*,*,#1251,.F.);
#1251 = EDGE_CURVE('',#1252,#1226,#1254,.T.);
#1252 = VERTEX_POINT('',#1253);
#1253 = CARTESIAN_POINT('',(-358.3241950476,145.59994528165,
    298.38081677934));
#1254 = LINE('',#1255,#1256);
#1255 = CARTESIAN_POINT('',(-357.8242501435,145.09989966545,
    298.3838948687));
#1256 = VECTOR('',#1257,1.);
#1257 = DIRECTION('',(0.707028863749,-0.707171292232,4.353075726069E-03)
  );
#1258 = ORIENTED_EDGE('',*,*,#1259,.F.);
#1259 = EDGE_CURVE('',#1260,#1252,#1262,.T.);
#1260 = VERTEX_POINT('',#1261);
#1261 = CARTESIAN_POINT('',(-358.3224445553,164.59994499632,
    298.37802784769));
#1262 = CIRCLE('',#1263,9.5);
#1263 = AXIS2_PLACEMENT_3D('',#1264,#1265,#1266);
#1264 = CARTESIAN_POINT('',(-358.3233198014,155.09994513898,
    298.37942231352));
#1265 = DIRECTION('',(-0.999981939273,9.124741300661E-05,
    -6.009392853767E-03));
#1266 = DIRECTION('',(9.2131169587E-05,0.999999984983,
    -1.467858760759E-04));
#1267 = ORIENTED_EDGE('',*,*,#1268,.T.);
#1268 = EDGE_CURVE('',#1260,#1219,#1269,.T.);
#1269 = LINE('',#1270,#1271);
#1270 = CARTESIAN_POINT('',(-357.8224075201,165.09989936511,
    298.38095915118));
#1271 = VECTOR('',#1272,1.);
#1272 = DIRECTION('',(0.707159156899,0.707042248903,4.145489149357E-03)
  );
#1273 = ORIENTED_EDGE('',*,*,#1234,.F.);
#1274 = CONICAL_SURFACE('',#1275,10.,0.785398163397);
#1275 = AXIS2_PLACEMENT_3D('',#1276,#1277,#1278);
#1276 = CARTESIAN_POINT('',(-357.8233288318,155.09989951528,
    298.38242700994));
#1277 = DIRECTION('',(0.999981939273,-9.124741300661E-05,
    6.009392853767E-03));
#1278 = DIRECTION('',(9.2131169587E-05,0.999999984983,
    -1.467858760759E-04));
#1279 = ADVANCED_FACE('',(#1280),#1292,.T.);
#1280 = FACE_BOUND('',#1281,.T.);
#1281 = EDGE_LOOP('',(#1282,#1289,#1290,#1291));
#1282 = ORIENTED_EDGE('',*,*,#1283,.F.);
#1283 = EDGE_CURVE('',#1252,#1260,#1284,.T.);
#1284 = CIRCLE('',#1285,9.5);
#1285 = AXIS2_PLACEMENT_3D('',#1286,#1287,#1288);
#1286 = CARTESIAN_POINT('',(-358.3233198014,155.09994513898,
    298.37942231352));
#1287 = DIRECTION('',(-0.999981939273,9.124741300661E-05,
    -6.009392853767E-03));
#1288 = DIRECTION('',(9.2131169587E-05,0.999999984983,
    -1.467858760759E-04));
#1289 = ORIENTED_EDGE('',*,*,#1251,.T.);
#1290 = ORIENTED_EDGE('',*,*,#1225,.F.);
#1291 = ORIENTED_EDGE('',*,*,#1268,.F.);
#1292 = CONICAL_SURFACE('',#1293,10.,0.785398163397);
#1293 = AXIS2_PLACEMENT_3D('',#1294,#1295,#1296);
#1294 = CARTESIAN_POINT('',(-357.8233288318,155.09989951528,
    298.38242700994));
#1295 = DIRECTION('',(0.999981939273,-9.124741300661E-05,
    6.009392853767E-03));
#1296 = DIRECTION('',(9.2131169587E-05,0.999999984983,
    -1.467858760759E-04));
#1297 = ADVANCED_FACE('',(#1298),#1302,.F.);
#1298 = FACE_BOUND('',#1299,.T.);
#1299 = EDGE_LOOP('',(#1300,#1301));
#1300 = ORIENTED_EDGE('',*,*,#1259,.T.);
#1301 = ORIENTED_EDGE('',*,*,#1283,.T.);
#1302 = PLANE('',#1303);
#1303 = AXIS2_PLACEMENT_3D('',#1304,#1305,#1306);
#1304 = CARTESIAN_POINT('',(-358.3233198014,155.09994513898,
    298.37942231352));
#1305 = DIRECTION('',(0.999981939273,-9.124741300661E-05,
    6.009392853767E-03));
#1306 = DIRECTION('',(9.2131169587E-05,0.999999984983,
    -1.467858760759E-04));
#1307 = ADVANCED_FACE('',(#1308),#1319,.F.);
#1308 = FACE_BOUND('',#1309,.F.);
#1309 = EDGE_LOOP('',(#1310,#1311,#1312,#1313,#1314,#1315,#1316,#1317,
    #1318));
#1310 = ORIENTED_EDGE('',*,*,#71,.T.);
#1311 = ORIENTED_EDGE('',*,*,#279,.F.);
#1312 = ORIENTED_EDGE('',*,*,#296,.F.);
#1313 = ORIENTED_EDGE('',*,*,#345,.F.);
#1314 = ORIENTED_EDGE('',*,*,#264,.T.);
#1315 = ORIENTED_EDGE('',*,*,#697,.T.);
#1316 = ORIENTED_EDGE('',*,*,#642,.T.);
#1317 = ORIENTED_EDGE('',*,*,#554,.T.);
#1318 = ORIENTED_EDGE('',*,*,#533,.T.);
#1319 = CYLINDRICAL_SURFACE('',#1320,6.05);
#1320 = AXIS2_PLACEMENT_3D('',#1321,#1322,#1323);
#1321 = CARTESIAN_POINT('',(-347.8244307508,145.09898719132,
    298.44398879724));
#1322 = DIRECTION('',(9.213116958673E-05,0.999999984983,
    -1.467858760762E-04));
#1323 = DIRECTION('',(-6.009379369692E-03,1.473368774086E-04,
    0.999981932663));
#1324 = ADVANCED_FACE('',(#1325),#1424,.F.);
#1325 = FACE_BOUND('',#1326,.F.);
#1326 = EDGE_LOOP('',(#1327,#1356,#1383,#1400,#1401,#1402,#1403,#1404,
    #1405));
#1327 = ORIENTED_EDGE('',*,*,#1328,.F.);
#1328 = EDGE_CURVE('',#1329,#1331,#1333,.T.);
#1329 = VERTEX_POINT('',#1330);
#1330 = CARTESIAN_POINT('',(-353.872594024,163.8495389566,298.4048797353
    ));
#1331 = VERTEX_POINT('',#1332);
#1332 = CARTESIAN_POINT('',(-347.7865702966,161.41948780982,
    292.39170235477));
#1333 = B_SPLINE_CURVE_WITH_KNOTS('',3,(#1334,#1335,#1336,#1337,#1338,
    #1339,#1340,#1341,#1342,#1343,#1344,#1345,#1346,#1347,#1348,#1349,
    #1350,#1351,#1352,#1353,#1354,#1355),.UNSPECIFIED.,.F.,.F.,(4,2,2,2,
    2,2,2,2,2,2,4),(9.807272323328E-03,1.103123787134E-02,
    1.164322064534E-02,1.225520341935E-02,1.347916896736E-02,
    1.470313451537E-02,1.592710006339E-02,1.71510656114E-02,
    1.837503115941E-02,1.898701393341E-02,1.959899670742E-02),
  .UNSPECIFIED.);
#1334 = CARTESIAN_POINT('',(-353.872594024,163.8495389566,298.4048797353
    ));
#1335 = CARTESIAN_POINT('',(-353.870116281,163.84947820774,
    297.9925745641));
#1336 = CARTESIAN_POINT('',(-353.8259697339,163.82042100367,
    297.58661718276));
#1337 = CARTESIAN_POINT('',(-353.6988532454,163.73584510809,
    296.98686369582));
#1338 = CARTESIAN_POINT('',(-353.6460072735,163.70063452374,
    296.78822139301));
#1339 = CARTESIAN_POINT('',(-353.5228888134,163.61909821984,
    296.40377977561));
#1340 = CARTESIAN_POINT('',(-353.4523926968,163.57262246931,
    296.21666998922));
#1341 = CARTESIAN_POINT('',(-353.2152205796,163.41796919984,
    295.66971948611));
#1342 = CARTESIAN_POINT('',(-353.0208487373,163.29321444378,
    295.3215424187));
#1343 = CARTESIAN_POINT('',(-352.5795490027,163.02175040239,
    294.68285718737));
#1344 = CARTESIAN_POINT('',(-352.332243931,162.87462771608,
    294.38982159556));
#1345 = CARTESIAN_POINT('',(-351.7832186191,162.56943401604,
    293.85170527722));
#1346 = CARTESIAN_POINT('',(-351.4859774653,162.41392731881,
    293.61142325843));
#1347 = CARTESIAN_POINT('',(-350.8509443399,162.11584762597,
    293.18997083152));
#1348 = CARTESIAN_POINT('',(-350.5099843286,161.97166960418,
    293.00670715976));
#1349 = CARTESIAN_POINT('',(-349.7826238496,161.71808041393,
    292.70420363031));
#1350 = CARTESIAN_POINT('',(-349.4039247467,161.61134940334,
    292.58775978039));
#1351 = CARTESIAN_POINT('',(-348.8079589588,161.49853751749,
    292.46887408962));
#1352 = CARTESIAN_POINT('',(-348.6030566166,161.46881021285,
    292.43859313353));
#1353 = CARTESIAN_POINT('',(-348.1948934797,161.42944303636,
    292.39955794093));
#1354 = CARTESIAN_POINT('',(-347.9907588877,161.41950644184,
    292.39047528315));
#1355 = CARTESIAN_POINT('',(-347.7865702966,161.41948780982,
    292.39170235477));
#1356 = ORIENTED_EDGE('',*,*,#1357,.F.);
#1357 = EDGE_CURVE('',#1358,#1329,#1360,.T.);
#1358 = VERTEX_POINT('',#1359);
#1359 = CARTESIAN_POINT('',(-347.859283787,161.42127058604,
    304.49148373999));
#1360 = B_SPLINE_CURVE_WITH_KNOTS('',3,(#1361,#1362,#1363,#1364,#1365,
    #1366,#1367,#1368,#1369,#1370,#1371,#1372,#1373,#1374,#1375,#1376,
    #1377,#1378,#1379,#1380,#1381,#1382),.UNSPECIFIED.,.F.,.F.,(4,2,2,2,
    2,2,2,2,2,2,4),(0.,1.225909040416E-03,2.451818080832E-03,
    3.677727121248E-03,4.903636161664E-03,6.12954520208E-03,
    7.355454242496E-03,7.968408762704E-03,8.581363282912E-03,
    9.19431780312E-03,9.807272323328E-03),.UNSPECIFIED.);
#1361 = CARTESIAN_POINT('',(-347.859283787,161.42127058604,
    304.49148373999));
#1362 = CARTESIAN_POINT('',(-348.2756912648,161.42130858283,
    304.48898133867));
#1363 = CARTESIAN_POINT('',(-348.6802297927,161.4626568701,
    304.44408445377));
#1364 = CARTESIAN_POINT('',(-349.4688816714,161.61187570022,
    304.2772934827));
#1365 = CARTESIAN_POINT('',(-349.8544809463,161.72080912881,
    304.15365819045));
#1366 = CARTESIAN_POINT('',(-350.5731158377,161.97259303075,
    303.84444614782));
#1367 = CARTESIAN_POINT('',(-350.9136436319,162.11720529274,
    303.65661482379));
#1368 = CARTESIAN_POINT('',(-351.5491748303,162.41799572473,
    303.22316568359));
#1369 = CARTESIAN_POINT('',(-351.841485021,162.57264393973,
    302.98002165292));
#1370 = CARTESIAN_POINT('',(-352.3805867707,162.87584160362,
    302.43825898058));
#1371 = CARTESIAN_POINT('',(-352.6284197925,163.02533194638,
    302.13696166216));
#1372 = CARTESIAN_POINT('',(-353.0593170023,163.2950156564,
    301.49583639968));
#1373 = CARTESIAN_POINT('',(-353.2450304329,163.41672671937,
    301.15404694689));
#1374 = CARTESIAN_POINT('',(-353.4760671369,163.5714718937,
    300.60499879951));
#1375 = CARTESIAN_POINT('',(-353.5454533537,163.61865574685,
    300.41461249264));
#1376 = CARTESIAN_POINT('',(-353.6648447654,163.7006870596,
    300.02658072349));
#1377 = CARTESIAN_POINT('',(-353.7146816949,163.73540736719,
    299.82996310972));
#1378 = CARTESIAN_POINT('',(-353.7945862915,163.79163849026,
    299.4314357604));
#1379 = CARTESIAN_POINT('',(-353.8246554922,163.81315179889,
    299.22952662344));
#1380 = CARTESIAN_POINT('',(-353.8643248569,163.84214578635,
    298.82018336735));
#1381 = CARTESIAN_POINT('',(-353.8738348626,163.84956937925,
    298.61135966344));
#1382 = CARTESIAN_POINT('',(-353.872594024,163.8495389566,298.4048797353
    ));
#1383 = ORIENTED_EDGE('',*,*,#1384,.F.);
#1384 = EDGE_CURVE('',#1165,#1358,#1385,.T.);
#1385 = B_SPLINE_CURVE_WITH_KNOTS('',3,(#1386,#1387,#1388,#1389,#1390,
    #1391,#1392,#1393,#1394,#1395,#1396,#1397,#1398,#1399),
  .UNSPECIFIED.,.F.,.F.,(4,2,2,2,2,2,4),(3.245703781836E-02,
    3.413550609426E-02,3.497474023221E-02,3.581397437016E-02,
    3.749244264606E-02,3.833167678401E-02,3.917091092196E-02),
  .UNSPECIFIED.);
#1386 = CARTESIAN_POINT('',(-342.5403782274,163.34817556829,
    301.39072602691));
#1387 = CARTESIAN_POINT('',(-342.8028659866,163.18145265011,
    301.86083564812));
#1388 = CARTESIAN_POINT('',(-343.1265861998,162.98211016828,
    302.29143193131));
#1389 = CARTESIAN_POINT('',(-343.675762458,162.67260067668,
    302.85425191458));
#1390 = CARTESIAN_POINT('',(-343.8698889979,162.5674207891,
    303.02896877037));
#1391 = CARTESIAN_POINT('',(-344.2815791797,162.3574180978,
    303.35375658457));
#1392 = CARTESIAN_POINT('',(-344.5005447583,162.25201044221,
    303.50450100042));
#1393 = CARTESIAN_POINT('',(-345.18000995,161.95196166214,
    303.90921101456));
#1394 = CARTESIAN_POINT('',(-345.6653496321,161.77057912737,
    304.1204529604));
#1395 = CARTESIAN_POINT('',(-346.4599908381,161.56888602026,
    304.34246748137));
#1396 = CARTESIAN_POINT('',(-346.7362212168,161.51414872758,
    304.39977321844));
#1397 = CARTESIAN_POINT('',(-347.2914992853,161.44069483467,
    304.47471300218));
#1398 = CARTESIAN_POINT('',(-347.5742191051,161.42124457415,
    304.49319683659));
#1399 = CARTESIAN_POINT('',(-347.859283787,161.42127058604,
    304.49148373999));
#1400 = ORIENTED_EDGE('',*,*,#1173,.T.);
#1401 = ORIENTED_EDGE('',*,*,#847,.T.);
#1402 = ORIENTED_EDGE('',*,*,#798,.T.);
#1403 = ORIENTED_EDGE('',*,*,#781,.T.);
#1404 = ORIENTED_EDGE('',*,*,#984,.T.);
#1405 = ORIENTED_EDGE('',*,*,#1406,.F.);
#1406 = EDGE_CURVE('',#1331,#967,#1407,.T.);
#1407 = B_SPLINE_CURVE_WITH_KNOTS('',3,(#1408,#1409,#1410,#1411,#1412,
    #1413,#1414,#1415,#1416,#1417,#1418,#1419,#1420,#1421,#1422,#1423),
  .UNSPECIFIED.,.F.,.F.,(4,2,2,2,2,2,2,4),(1.959899670742E-02,
    2.043903427966E-02,2.127907185189E-02,2.211910942413E-02,
    2.295914699637E-02,2.379918456861E-02,2.463922214084E-02,
    2.631929728532E-02),.UNSPECIFIED.);
#1408 = CARTESIAN_POINT('',(-347.7865702966,161.41948780982,
    292.39170235477));
#1409 = CARTESIAN_POINT('',(-347.5062910214,161.4194622346,
    292.39338669347));
#1410 = CARTESIAN_POINT('',(-347.2254060201,161.43822900064,
    292.41452414574));
#1411 = CARTESIAN_POINT('',(-346.6654976014,161.51213367295,
    292.49658722395));
#1412 = CARTESIAN_POINT('',(-346.3944735887,161.56602273055,
    292.55622266203));
#1413 = CARTESIAN_POINT('',(-345.8676351751,161.69980352976,
    292.70964935408));
#1414 = CARTESIAN_POINT('',(-345.6100730472,161.7803638323,
    292.80430368832));
#1415 = CARTESIAN_POINT('',(-345.1179864851,161.95709991616,
    293.02315882141));
#1416 = CARTESIAN_POINT('',(-344.8839197716,162.05283377409,
    293.14678092105));
#1417 = CARTESIAN_POINT('',(-344.4361413033,162.25233652898,
    293.42134392247));
#1418 = CARTESIAN_POINT('',(-344.2224513366,162.35613919951,
    293.57229613242));
#1419 = CARTESIAN_POINT('',(-343.8139066576,162.56667482868,
    293.90268910297));
#1420 = CARTESIAN_POINT('',(-343.6193305753,162.67335972553,
    294.08228529867));
#1421 = CARTESIAN_POINT('',(-343.077385087,162.98296760008,
    294.65209621967));
#1422 = CARTESIAN_POINT('',(-342.7647543969,163.17874951946,
    295.07757914931));
#1423 = CARTESIAN_POINT('',(-342.5053120698,163.34731582258,
    295.55559366976));
#1424 = CYLINDRICAL_SURFACE('',#1425,6.05);
#1425 = AXIS2_PLACEMENT_3D('',#1426,#1427,#1428);
#1426 = CARTESIAN_POINT('',(-347.8244307508,145.09898719132,
    298.44398879724));
#1427 = DIRECTION('',(9.213116958673E-05,0.999999984983,
    -1.467858760762E-04));
#1428 = DIRECTION('',(-6.009379369692E-03,1.473368774086E-04,
    0.999981932663));
#1429 = ADVANCED_FACE('',(#1430),#1440,.T.);
#1430 = FACE_BOUND('',#1431,.T.);
#1431 = EDGE_LOOP('',(#1432,#1433,#1434,#1435,#1436,#1437,#1438,#1439));
#1432 = ORIENTED_EDGE('',*,*,#1406,.F.);
#1433 = ORIENTED_EDGE('',*,*,#1328,.F.);
#1434 = ORIENTED_EDGE('',*,*,#1357,.F.);
#1435 = ORIENTED_EDGE('',*,*,#1384,.F.);
#1436 = ORIENTED_EDGE('',*,*,#1164,.F.);
#1437 = ORIENTED_EDGE('',*,*,#1066,.T.);
#1438 = ORIENTED_EDGE('',*,*,#1025,.T.);
#1439 = ORIENTED_EDGE('',*,*,#966,.F.);
#1440 = CYLINDRICAL_SURFACE('',#1441,8.75);
#1441 = AXIS2_PLACEMENT_3D('',#1442,#1443,#1444);
#1442 = CARTESIAN_POINT('',(-334.0050741833,155.09772612191,
    298.52556284436));
#1443 = DIRECTION('',(0.999981939273,-9.124741300634E-05,
    6.009392853768E-03));
#1444 = DIRECTION('',(9.213116958673E-05,0.999999984983,
    -1.467858760761E-04));
#1445 = ADVANCED_FACE('',(#1446),#1458,.F.);
#1446 = FACE_BOUND('',#1447,.F.);
#1447 = EDGE_LOOP('',(#1448,#1449,#1450,#1455,#1456,#1457));
#1448 = ORIENTED_EDGE('',*,*,#438,.F.);
#1449 = ORIENTED_EDGE('',*,*,#471,.F.);
#1450 = ORIENTED_EDGE('',*,*,#1451,.F.);
#1451 = EDGE_CURVE('',#1192,#404,#1452,.T.);
#1452 = B_SPLINE_CURVE_WITH_KNOTS('',1,(#1453,#1454),.UNSPECIFIED.,.F.,
  .F.,(2,2),(2.842E-14,19.6),.PIECEWISE_BEZIER_KNOTS.);
#1453 = CARTESIAN_POINT('',(-342.822678431,165.09853065391,
    298.47110004399));
#1454 = CARTESIAN_POINT('',(-342.8244842019,145.49853094825,
    298.47397704716));
#1455 = ORIENTED_EDGE('',*,*,#1202,.F.);
#1456 = ORIENTED_EDGE('',*,*,#1191,.F.);
#1457 = ORIENTED_EDGE('',*,*,#1451,.T.);
#1458 = CYLINDRICAL_SURFACE('',#1459,5.);
#1459 = AXIS2_PLACEMENT_3D('',#1460,#1461,#1462);
#1460 = CARTESIAN_POINT('',(-347.8225881274,165.09898689098,
    298.44105307972));
#1461 = DIRECTION('',(-9.213116958673E-05,-0.999999984983,
    1.467858760761E-04));
#1462 = DIRECTION('',(0.999981939273,-9.124741300634E-05,
    6.009392853768E-03));
#1463 = ( GEOMETRIC_REPRESENTATION_CONTEXT(3) 
GLOBAL_UNCERTAINTY_ASSIGNED_CONTEXT((#1467)) 
GLOBAL_UNIT_ASSIGNED_CONTEXT((#1464,#1465,#1466)) REPRESENTATION_CONTEXT
('Context #1','3D Context with UNIT and UNCERTAINTY') );
#1464 = ( LENGTH_UNIT() NAMED_UNIT(*) SI_UNIT(.MILLI.,.METRE.) );
#1465 = ( NAMED_UNIT(*) PLANE_ANGLE_UNIT() SI_UNIT($,.RADIAN.) );
#1466 = ( NAMED_UNIT(*) SI_UNIT($,.STERADIAN.) SOLID_ANGLE_UNIT() );
#1467 = UNCERTAINTY_MEASURE_WITH_UNIT(LENGTH_MEASURE(1.E-04),#1464,
  'distance_accuracy_value','confusion accuracy');
#1468 = CONTEXT_DEPENDENT_SHAPE_REPRESENTATION(#1469,#1471);
#1469 = ( REPRESENTATION_RELATIONSHIP('','',#36,#10) 
REPRESENTATION_RELATIONSHIP_WITH_TRANSFORMATION(#1470) 
SHAPE_REPRESENTATION_RELATIONSHIP() );
#1470 = ITEM_DEFINED_TRANSFORMATION('','',#11,#15);
#1471 = PRODUCT_DEFINITION_SHAPE('Placement','Placement of an item',
  #1472);
#1472 = NEXT_ASSEMBLY_USAGE_OCCURRENCE('1','ActuatorArm','',#5,#31,$);
#1473 = PRODUCT_RELATED_PRODUCT_CATEGORY('part',$,(#33));
#1474 = SHAPE_DEFINITION_REPRESENTATION(#1475,#1481);
#1475 = PRODUCT_DEFINITION_SHAPE('','',#1476);
#1476 = PRODUCT_DEFINITION('design','',#1477,#1480);
#1477 = PRODUCT_DEFINITION_FORMATION('','',#1478);
#1478 = PRODUCT('RA001','RA001','',(#1479));
#1479 = PRODUCT_CONTEXT('',#2,'mechanical');
#1480 = PRODUCT_DEFINITION_CONTEXT('part definition',#2,'design');
#1481 = ADVANCED_BREP_SHAPE_REPRESENTATION('',(#11,#1482),#16892);
#1482 = MANIFOLD_SOLID_BREP('',#1483);
#1483 = CLOSED_SHELL('',(#1484,#1528,#1590,#1650,#1735,#1784,#1806,#1828
    ,#1870,#1912,#1988,#2146,#2186,#2228,#2279,#2321,#2372,#2414,#2465,
    #2507,#2558,#2598,#2642,#2704,#2766,#2861,#2956,#3118,#3161,#3195,
    #3229,#3263,#3287,#3311,#3353,#3385,#3442,#3474,#3516,#3567,#3618,
    #3669,#3720,#3762,#3804,#3846,#3888,#3930,#3979,#4028,#4090,#4152,
    #4186,#4220,#4252,#4296,#4338,#4378,#4430,#4450,#4468,#4486,#4504,
    #4516,#4534,#4558,#4572,#4784,#4810,#4824,#4900,#4914,#4980,#4992,
    #5029,#5059,#5091,#5123,#5153,#5176,#5187,#5198,#5209,#5226,#5243,
    #5260,#5273,#5339,#5351,#5388,#5418,#5450,#5482,#5512,#5535,#5546,
    #5557,#5568,#5585,#5602,#5619,#5632,#5698,#5710,#5747,#5777,#5809,
    #5841,#5871,#5894,#5905,#5916,#5927,#5944,#5961,#5978,#5991,#6057,
    #6069,#6106,#6136,#6168,#6200,#6230,#6253,#6264,#6275,#6286,#6303,
    #6320,#6337,#6350,#6371,#6431,#6491,#6551,#6609,#6656,#6686,#6711,
    #6737,#6778,#6820,#6860,#6899,#6925,#6950,#6990,#7019,#7094,#7169,
    #7211,#7253,#7371,#7388,#7475,#7510,#7544,#7623,#7694,#7728,#7755,
    #7826,#7844,#7888,#7939,#7958,#7976,#8002,#8028,#8078,#8110,#8166,
    #8178,#8204,#8242,#8260,#8305,#8362,#8400,#8418,#8437,#8463,#8489,
    #8539,#8571,#8627,#8645,#8665,#8716,#8734,#8766,#8777,#8794,#8810,
    #8827,#8853,#8874,#8892,#8904,#8918,#8940,#8962,#8984,#9006,#9023,
    #9035,#9047,#9064,#9081,#9093,#9105,#9117,#9148,#9173,#9197,#9222,
    #9246,#9264,#9288,#9313,#9337,#9362,#9386,#9404,#9439,#9474,#9509,
    #9544,#9567,#9590,#9613,#9636,#9659,#9682,#9705,#9728,#9751,#9774,
    #9797,#9820,#9843,#9866,#9889,#9912,#9935,#9958,#9981,#10004,#10027,
    #10050,#10073,#10096,#10128,#10153,#10178,#10203,#10228,#10246,
    #10278,#10303,#10328,#10353,#10378,#10396,#10428,#10453,#10478,
    #10503,#10528,#10546,#10578,#10603,#10628,#10653,#10678,#10696,
    #10720,#10744,#10768,#10792,#10808,#10820,#10832,#10844,#10856,
    #10874,#10916,#10958,#10987,#11016,#11042,#11077,#11112,#11138,
    #11156,#11223,#11267,#11317,#11374,#11441,#11485,#11535,#11592,
    #11703,#11729,#11755,#11782,#11807,#11834,#11860,#11885,#11911,
    #11938,#11963,#11990,#12008,#12041,#12065,#12090,#12114,#12139,
    #12163,#12181,#12205,#12230,#12254,#12279,#12296,#12332,#12342,
    #12362,#12402,#12433,#12464,#12506,#12537,#12568,#12599,#12630,
    #12661,#12692,#12723,#12745,#12778,#12818,#12849,#12880,#12911,
    #12942,#12973,#13004,#13035,#13066,#13108,#13139,#13161,#13194,
    #13234,#13259,#13291,#13316,#13348,#13373,#13405,#13430,#13462,
    #13487,#13519,#13544,#13576,#13658,#13689,#13720,#13767,#13810,
    #13834,#13870,#13887,#13918,#13958,#13989,#14036,#14067,#14084,
    #14124,#14155,#14202,#14245,#14269,#14305,#14322,#14377,#14408,
    #14425,#14477,#14525,#14573,#14595,#14635,#14674,#14722,#14753,
    #14775,#14815,#14854,#14902,#14933,#14955,#15003,#15051,#15073,
    #15121,#15169,#15209,#15240,#15271,#15303,#15332,#15356,#15387,
    #15410,#15442,#15458,#15480,#15503,#15528,#15563,#15587,#15611,
    #15657,#15681,#15705,#15731,#15755,#15808,#15832,#15858,#15882,
    #15906,#15945,#15969,#15986,#16017,#16033,#16055,#16078,#16102,
    #16119,#16151,#16167,#16189,#16212,#16237,#16254,#16277,#16302,
    #16326,#16351,#16367,#16389,#16412,#16436,#16460,#16484,#16500,
    #16522,#16547,#16621,#16639,#16663,#16695,#16719,#16745,#16762,
    #16854,#16875));
#1484 = ADVANCED_FACE('',(#1485),#1523,.T.);
#1485 = FACE_BOUND('',#1486,.T.);
#1486 = EDGE_LOOP('',(#1487,#1498,#1507,#1516));
#1487 = ORIENTED_EDGE('',*,*,#1488,.T.);
#1488 = EDGE_CURVE('',#1489,#1491,#1493,.T.);
#1489 = VERTEX_POINT('',#1490);
#1490 = CARTESIAN_POINT('',(-15.12558605419,3.135844551804,
    -180.1683489212));
#1491 = VERTEX_POINT('',#1492);
#1492 = CARTESIAN_POINT('',(-14.27053569588,3.135844551804,
    -177.8191173692));
#1493 = CIRCLE('',#1494,1.25);
#1494 = AXIS2_PLACEMENT_3D('',#1495,#1496,#1497);
#1495 = CARTESIAN_POINT('',(-14.69806087503,3.135844551804,
    -178.9937331452));
#1496 = DIRECTION('',(0.530786570925,-0.825192730204,-0.193190512565));
#1497 = DIRECTION('',(-0.775427519298,-0.564851270707,0.282232535856));
#1498 = ORIENTED_EDGE('',*,*,#1499,.T.);
#1499 = EDGE_CURVE('',#1491,#1500,#1502,.T.);
#1500 = VERTEX_POINT('',#1501);
#1501 = CARTESIAN_POINT('',(-13.27951195098,-1.196417281764,
    -183.7667538193));
#1502 = CIRCLE('',#1503,5.25);
#1503 = AXIS2_PLACEMENT_3D('',#1504,#1505,#1506);
#1504 = CARTESIAN_POINT('',(-16.06614144834,3.135844551804,
    -182.7525036283));
#1505 = DIRECTION('',(0.775427519298,0.564851270707,-0.282232535856));
#1506 = DIRECTION('',(-0.588787836694,0.808287624155,-2.775557561563E-17
    ));
#1507 = ORIENTED_EDGE('',*,*,#1508,.F.);
#1508 = EDGE_CURVE('',#1509,#1500,#1511,.T.);
#1509 = VERTEX_POINT('',#1510);
#1510 = CARTESIAN_POINT('',(-14.60647837829,0.866564543745,
    -183.2837775379));
#1511 = CIRCLE('',#1512,1.25);
#1512 = AXIS2_PLACEMENT_3D('',#1513,#1514,#1515);
#1513 = CARTESIAN_POINT('',(-13.94299516464,-0.16492636901,
    -183.5252656786));
#1514 = DIRECTION('',(-0.342020143326,-1.887379141863E-15,
    -0.939692620786));
#1515 = DIRECTION('',(-0.775427519298,-0.564851270707,0.282232535856));
#1516 = ORIENTED_EDGE('',*,*,#1517,.F.);
#1517 = EDGE_CURVE('',#1489,#1509,#1518,.T.);
#1518 = CIRCLE('',#1519,2.75);
#1519 = AXIS2_PLACEMENT_3D('',#1520,#1521,#1522);
#1520 = CARTESIAN_POINT('',(-16.06614144834,3.135844551804,
    -182.7525036283));
#1521 = DIRECTION('',(0.775427519298,0.564851270707,-0.282232535856));
#1522 = DIRECTION('',(-0.588787836694,0.808287624155,2.775557561563E-17)
  );
#1523 = TOROIDAL_SURFACE('',#1524,4.,1.25);
#1524 = AXIS2_PLACEMENT_3D('',#1525,#1526,#1527);
#1525 = CARTESIAN_POINT('',(-16.06614144834,3.135844551804,
    -182.7525036283));
#1526 = DIRECTION('',(0.775427519298,0.564851270707,-0.282232535856));
#1527 = DIRECTION('',(0.342020143326,1.609823385706E-15,0.939692620786)
  );
#1528 = ADVANCED_FACE('',(#1529),#1585,.T.);
#1529 = FACE_BOUND('',#1530,.T.);
#1530 = EDGE_LOOP('',(#1531,#1560,#1569,#1578));
#1531 = ORIENTED_EDGE('',*,*,#1532,.F.);
#1532 = EDGE_CURVE('',#1533,#1535,#1537,.T.);
#1533 = VERTEX_POINT('',#1534);
#1534 = CARTESIAN_POINT('',(-20.58287895945,10.689561457777,
    -180.0443678458));
#1535 = VERTEX_POINT('',#1536);
#1536 = CARTESIAN_POINT('',(-19.20700355359,8.550542792324,
    -180.5451455396));
#1537 = B_SPLINE_CURVE_WITH_KNOTS('',3,(#1538,#1539,#1540,#1541,#1542,
    #1543,#1544,#1545,#1546,#1547,#1548,#1549,#1550,#1551,#1552,#1553,
    #1554,#1555,#1556,#1557,#1558,#1559),.UNSPECIFIED.,.F.,.F.,(4,2,2,2,
    2,2,2,2,2,2,4),(2.774893242677E-03,3.272058444159E-03,
    3.769223645642E-03,4.017806246383E-03,4.266388847124E-03,
    4.763554048606E-03,5.260719250088E-03,5.509301850829E-03,
    5.75788445157E-03,6.255049653052E-03,6.752214854534E-03),
  .UNSPECIFIED.);
#1538 = CARTESIAN_POINT('',(-20.58287895945,10.689561457777,
    -180.0443678458));
#1539 = CARTESIAN_POINT('',(-20.45404650005,10.783407983184,
    -180.0912590263));
#1540 = CARTESIAN_POINT('',(-20.3058361369,10.849383409221,
    -180.1452031868));
#1541 = CARTESIAN_POINT('',(-19.99989989625,10.913360429149,
    -180.256554872));
#1542 = CARTESIAN_POINT('',(-19.83946283367,10.91203696696,
    -180.3149491873));
#1543 = CARTESIAN_POINT('',(-19.60991386326,10.860757794008,
    -180.3984981798));
#1544 = CARTESIAN_POINT('',(-19.53397939022,10.835181391521,
    -180.4261360678));
#1545 = CARTESIAN_POINT('',(-19.39043279438,10.769772422852,
    -180.4783827559));
#1546 = CARTESIAN_POINT('',(-19.32202241346,10.729861061658,
    -180.5032820982));
#1547 = CARTESIAN_POINT('',(-19.12696886221,10.588315958312,
    -180.574275785));
#1548 = CARTESIAN_POINT('',(-19.01571762663,10.46849903111,
    -180.6147679233));
#1549 = CARTESIAN_POINT('',(-18.84007793304,10.190539976553,
    -180.6786955437));
#1550 = CARTESIAN_POINT('',(-18.77774336381,10.035415902878,
    -180.7013834714));
#1551 = CARTESIAN_POINT('',(-18.72643057223,9.791561453573,
    -180.7200598002));
#1552 = CARTESIAN_POINT('',(-18.71649203702,9.709366724265,
    -180.7236771312));
#1553 = CARTESIAN_POINT('',(-18.7109965428,9.543151075748,
    -180.7256773275));
#1554 = CARTESIAN_POINT('',(-18.71565397345,9.458574991478,
    -180.7239821614));
#1555 = CARTESIAN_POINT('',(-18.75152732103,9.212493390098,
    -180.7109253307));
#1556 = CARTESIAN_POINT('',(-18.80572807489,9.051795778193,
    -180.6911978696));
#1557 = CARTESIAN_POINT('',(-18.96806395677,8.769111231904,
    -180.6321124406));
#1558 = CARTESIAN_POINT('',(-19.07838420322,8.644234080914,
    -180.5919591547));
#1559 = CARTESIAN_POINT('',(-19.20700355359,8.550542792324,
    -180.5451455396));
#1560 = ORIENTED_EDGE('',*,*,#1561,.T.);
#1561 = EDGE_CURVE('',#1533,#1562,#1564,.T.);
#1562 = VERTEX_POINT('',#1563);
#1563 = CARTESIAN_POINT('',(-16.39368197958,6.436615472619,
    -177.046355319));
#1564 = CIRCLE('',#1565,5.25);
#1565 = AXIS2_PLACEMENT_3D('',#1566,#1567,#1568);
#1566 = CARTESIAN_POINT('',(-18.18928773204,6.436615472619,
    -181.9797415781));
#1567 = DIRECTION('',(0.775427519298,0.564851270707,-0.282232535856));
#1568 = DIRECTION('',(-0.588787836694,0.808287624155,-2.775557561563E-17
    ));
#1569 = ORIENTED_EDGE('',*,*,#1570,.F.);
#1570 = EDGE_CURVE('',#1571,#1562,#1573,.T.);
#1571 = VERTEX_POINT('',#1572);
#1572 = CARTESIAN_POINT('',(-17.24873233789,6.436615472619,
    -179.3955868709));
#1573 = CIRCLE('',#1574,1.25);
#1574 = AXIS2_PLACEMENT_3D('',#1575,#1576,#1577);
#1575 = CARTESIAN_POINT('',(-16.82120715873,6.436615472619,
    -178.2209710949));
#1576 = DIRECTION('',(0.530786570925,-0.825192730204,-0.193190512565));
#1577 = DIRECTION('',(-0.775427519298,-0.564851270707,0.282232535856));
#1578 = ORIENTED_EDGE('',*,*,#1579,.F.);
#1579 = EDGE_CURVE('',#1535,#1571,#1580,.T.);
#1580 = CIRCLE('',#1581,2.75);
#1581 = AXIS2_PLACEMENT_3D('',#1582,#1583,#1584);
#1582 = CARTESIAN_POINT('',(-18.18928773204,6.436615472619,
    -181.9797415781));
#1583 = DIRECTION('',(0.775427519298,0.564851270707,-0.282232535856));
#1584 = DIRECTION('',(-0.588787836694,0.808287624155,-8.326672684689E-17
    ));
#1585 = TOROIDAL_SURFACE('',#1586,4.,1.25);
#1586 = AXIS2_PLACEMENT_3D('',#1587,#1588,#1589);
#1587 = CARTESIAN_POINT('',(-18.18928773204,6.436615472619,
    -181.9797415781));
#1588 = DIRECTION('',(0.775427519298,0.564851270707,-0.282232535856));
#1589 = DIRECTION('',(0.342020143326,1.52655665886E-15,0.939692620786));
#1590 = ADVANCED_FACE('',(#1591),#1645,.T.);
#1591 = FACE_BOUND('',#1592,.T.);
#1592 = EDGE_LOOP('',(#1593,#1604,#1613,#1638));
#1593 = ORIENTED_EDGE('',*,*,#1594,.T.);
#1594 = EDGE_CURVE('',#1595,#1597,#1599,.T.);
#1595 = VERTEX_POINT('',#1596);
#1596 = CARTESIAN_POINT('',(-23.49900210476,0.866564543745,
    -207.7157856783));
#1597 = VERTEX_POINT('',#1598);
#1598 = CARTESIAN_POINT('',(-22.17203567745,-1.196417281764,
    -208.1987619597));
#1599 = CIRCLE('',#1600,1.25);
#1600 = AXIS2_PLACEMENT_3D('',#1601,#1602,#1603);
#1601 = CARTESIAN_POINT('',(-22.83551889111,-0.16492636901,
    -207.957273819));
#1602 = DIRECTION('',(-0.342020143326,-1.887379141863E-15,
    -0.939692620786));
#1603 = DIRECTION('',(-0.775427519298,-0.564851270707,0.282232535856));
#1604 = ORIENTED_EDGE('',*,*,#1605,.T.);
#1605 = EDGE_CURVE('',#1597,#1606,#1608,.T.);
#1606 = VERTEX_POINT('',#1607);
#1607 = CARTESIAN_POINT('',(-25.97732894272,2.021834366028,
    -212.2128122206));
#1608 = CIRCLE('',#1609,5.25);
#1609 = AXIS2_PLACEMENT_3D('',#1610,#1611,#1612);
#1610 = CARTESIAN_POINT('',(-24.9586651748,3.135844551804,
    -207.1845117688));
#1611 = DIRECTION('',(0.775427519298,0.564851270707,-0.282232535856));
#1612 = DIRECTION('',(-0.588787836694,0.808287624155,-2.775557561563E-17
    ));
#1613 = ORIENTED_EDGE('',*,*,#1614,.T.);
#1614 = EDGE_CURVE('',#1606,#1615,#1617,.T.);
#1615 = VERTEX_POINT('',#1616);
#1616 = CARTESIAN_POINT('',(-25.06152532489,2.021834366042,-209.69666246
    ));
#1617 = B_SPLINE_CURVE_WITH_KNOTS('',3,(#1618,#1619,#1620,#1621,#1622,
    #1623,#1624,#1625,#1626,#1627,#1628,#1629,#1630,#1631,#1632,#1633,
    #1634,#1635,#1636,#1637),.UNSPECIFIED.,.F.,.F.,(4,2,2,2,2,2,2,2,2,4)
  ,(1.200988524195E-03,1.706667442375E-03,1.959506901465E-03,
    2.212346360556E-03,2.718025278736E-03,3.223704196916E-03,
    3.729383115096E-03,4.235062033276E-03,4.740740951457E-03,
    5.246419869637E-03),.UNSPECIFIED.);
#1618 = CARTESIAN_POINT('',(-25.97732894272,2.021834366028,
    -212.2128122206));
#1619 = CARTESIAN_POINT('',(-25.84554269726,2.117832542978,
    -212.2607784912));
#1620 = CARTESIAN_POINT('',(-25.70552617374,2.217027200666,
    -212.2748155866));
#1621 = CARTESIAN_POINT('',(-25.49607394759,2.359443289957,
    -212.243505719));
#1622 = CARTESIAN_POINT('',(-25.42763021112,2.404951861782,
    -212.2246501683));
#1623 = CARTESIAN_POINT('',(-25.29309502833,2.491644577256,
    -212.1705252704));
#1624 = CARTESIAN_POINT('',(-25.22650165012,2.533097345966,
    -212.1347502902));
#1625 = CARTESIAN_POINT('',(-25.03827366846,2.644675519686,
    -212.0069898414));
#1626 = CARTESIAN_POINT('',(-24.92348846735,2.704649238854,
    -211.8913428162));
#1627 = CARTESIAN_POINT('',(-24.73331227524,2.781994073188,
    -211.623724951));
#1628 = CARTESIAN_POINT('',(-24.65617377501,2.800058560811,
    -211.4696207757));
#1629 = CARTESIAN_POINT('',(-24.54741794019,2.793477959239,
    -211.1495013237));
#1630 = CARTESIAN_POINT('',(-24.5149494132,2.769242271035,
    -210.9823265263));
#1631 = CARTESIAN_POINT('',(-24.49595491261,2.685917921505,
    -210.6541381663));
#1632 = CARTESIAN_POINT('',(-24.5090771746,2.627515862017,
    -210.4942471011));
#1633 = CARTESIAN_POINT('',(-24.58315590955,2.484330581197,
    -210.1956416523));
#1634 = CARTESIAN_POINT('',(-24.64323650868,2.401091240084,
    -210.0598237053));
#1635 = CARTESIAN_POINT('',(-24.81619671539,2.217499235357,
    -209.8328589924));
#1636 = CARTESIAN_POINT('',(-24.93010598551,2.117565274474,
    -209.7444951878));
#1637 = CARTESIAN_POINT('',(-25.06152532489,2.021834366042,-209.69666246
    ));
#1638 = ORIENTED_EDGE('',*,*,#1639,.F.);
#1639 = EDGE_CURVE('',#1595,#1615,#1640,.T.);
#1640 = CIRCLE('',#1641,2.75);
#1641 = AXIS2_PLACEMENT_3D('',#1642,#1643,#1644);
#1642 = CARTESIAN_POINT('',(-24.9586651748,3.135844551804,
    -207.1845117688));
#1643 = DIRECTION('',(0.775427519298,0.564851270707,-0.282232535856));
#1644 = DIRECTION('',(-0.588787836694,0.808287624155,2.775557561563E-17)
  );
#1645 = TOROIDAL_SURFACE('',#1646,4.,1.25);
#1646 = AXIS2_PLACEMENT_3D('',#1647,#1648,#1649);
#1647 = CARTESIAN_POINT('',(-24.9586651748,3.135844551804,
    -207.1845117688));
#1648 = DIRECTION('',(0.775427519298,0.564851270707,-0.282232535856));
#1649 = DIRECTION('',(0.342020143326,1.52655665886E-15,0.939692620786));
#1650 = ADVANCED_FACE('',(#1651),#1730,.T.);
#1651 = FACE_BOUND('',#1652,.T.);
#1652 = EDGE_LOOP('',(#1653,#1664,#1672,#1681,#1689,#1698,#1706,#1715,
    #1724));
#1653 = ORIENTED_EDGE('',*,*,#1654,.F.);
#1654 = EDGE_CURVE('',#1655,#1657,#1659,.T.);
#1655 = VERTEX_POINT('',#1656);
#1656 = CARTESIAN_POINT('',(-33.45775480812,9.737386393433,
    -213.6686960762));
#1657 = VERTEX_POINT('',#1658);
#1658 = CARTESIAN_POINT('',(-31.37003997886,10.523706723091,
    -214.4285621317));
#1659 = CIRCLE('',#1660,1.25);
#1660 = AXIS2_PLACEMENT_3D('',#1661,#1662,#1663);
#1661 = CARTESIAN_POINT('',(-32.28313903213,9.737386393433,
    -214.0962212553));
#1662 = DIRECTION('',(-0.342020143326,-1.8E-15,-0.939692620786));
#1663 = DIRECTION('',(-0.939692620786,0.,0.342020143326));
#1664 = ORIENTED_EDGE('',*,*,#1665,.T.);
#1665 = EDGE_CURVE('',#1655,#1666,#1668,.T.);
#1666 = VERTEX_POINT('',#1667);
#1667 = CARTESIAN_POINT('',(-32.29488632081,9.737386393433,
    -210.4737411655));
#1668 = LINE('',#1669,#1670);
#1669 = CARTESIAN_POINT('',(-33.45775480812,9.737386393433,
    -213.6686960762));
#1670 = VECTOR('',#1671,1.);
#1671 = DIRECTION('',(0.342020143326,1.8E-15,0.939692620786));
#1672 = ORIENTED_EDGE('',*,*,#1673,.T.);
#1673 = EDGE_CURVE('',#1666,#1674,#1676,.T.);
#1674 = VERTEX_POINT('',#1675);
#1675 = CARTESIAN_POINT('',(-29.94565476885,9.737386393433,
    -211.3287915238));
#1676 = CIRCLE('',#1677,1.25);
#1677 = AXIS2_PLACEMENT_3D('',#1678,#1679,#1680);
#1678 = CARTESIAN_POINT('',(-31.12027054483,9.737386393433,
    -210.9012663447));
#1679 = DIRECTION('',(-0.342020143326,-1.79E-15,-0.939692620786));
#1680 = DIRECTION('',(-0.939692620786,0.,0.342020143326));
#1681 = ORIENTED_EDGE('',*,*,#1682,.F.);
#1682 = EDGE_CURVE('',#1683,#1674,#1685,.T.);
#1683 = VERTEX_POINT('',#1684);
#1684 = CARTESIAN_POINT('',(-31.10852325615,9.737386393433,
    -214.5237464345));
#1685 = LINE('',#1686,#1687);
#1686 = CARTESIAN_POINT('',(-31.10852325615,9.737386393433,
    -214.5237464345));
#1687 = VECTOR('',#1688,1.);
#1688 = DIRECTION('',(0.342020143326,1.8E-15,0.939692620786));
#1689 = ORIENTED_EDGE('',*,*,#1690,.F.);
#1690 = EDGE_CURVE('',#1691,#1683,#1693,.T.);
#1691 = VERTEX_POINT('',#1692);
#1692 = CARTESIAN_POINT('',(-31.22018459584,10.26931572225,
    -214.4831050305));
#1693 = CIRCLE('',#1694,1.25);
#1694 = AXIS2_PLACEMENT_3D('',#1695,#1696,#1697);
#1695 = CARTESIAN_POINT('',(-32.28313903213,9.737386393433,
    -214.0962212553));
#1696 = DIRECTION('',(-0.342020143326,-1.8E-15,-0.939692620786));
#1697 = DIRECTION('',(-0.939692620786,0.,0.342020143326));
#1698 = ORIENTED_EDGE('',*,*,#1699,.F.);
#1699 = EDGE_CURVE('',#1700,#1691,#1702,.T.);
#1700 = VERTEX_POINT('',#1701);
#1701 = CARTESIAN_POINT('',(-30.87816445252,10.26931572225,
    -213.5434124097));
#1702 = LINE('',#1703,#1704);
#1703 = CARTESIAN_POINT('',(-31.22018459584,10.26931572225,
    -214.4831050305));
#1704 = VECTOR('',#1705,1.);
#1705 = DIRECTION('',(-0.342020143326,-1.8E-15,-0.939692620786));
#1706 = ORIENTED_EDGE('',*,*,#1707,.T.);
#1707 = EDGE_CURVE('',#1700,#1708,#1710,.T.);
#1708 = VERTEX_POINT('',#1709);
#1709 = CARTESIAN_POINT('',(-30.97183448969,10.443450481816,
    -213.5093193044));
#1710 = CIRCLE('',#1711,1.25);
#1711 = AXIS2_PLACEMENT_3D('',#1712,#1713,#1714);
#1712 = CARTESIAN_POINT('',(-31.94111888881,9.737386393433,
    -213.1565286345));
#1713 = DIRECTION('',(0.342020143326,1.804112415016E-15,0.939692620786)
  );
#1714 = DIRECTION('',(-0.775427519298,-0.564851270707,0.282232535856));
#1715 = ORIENTED_EDGE('',*,*,#1716,.F.);
#1716 = EDGE_CURVE('',#1717,#1708,#1719,.T.);
#1717 = VERTEX_POINT('',#1718);
#1718 = CARTESIAN_POINT('',(-31.0964238642,10.523706723091,
    -213.676808035));
#1719 = ( BOUNDED_CURVE() B_SPLINE_CURVE(3,(#1720,#1721,#1722,#1723),
.UNSPECIFIED.,.F.,.F.) B_SPLINE_CURVE_WITH_KNOTS((4,4),(4.632303400351,
4.712388980385),.PIECEWISE_BEZIER_KNOTS.) CURVE() 
GEOMETRIC_REPRESENTATION_ITEM() RATIONAL_B_SPLINE_CURVE((1.,
0.999465596401,0.999465596401,1.)) REPRESENTATION_ITEM('') );
#1720 = CARTESIAN_POINT('',(-31.0964238642,10.523706723091,
    -213.676808035));
#1721 = CARTESIAN_POINT('',(-31.05393487095,10.497760076812,
    -213.6214603924));
#1722 = CARTESIAN_POINT('',(-31.01238287391,10.470993692334,
    -213.565600964));
#1723 = CARTESIAN_POINT('',(-30.97183448969,10.443450481816,
    -213.5093193044));
#1724 = ORIENTED_EDGE('',*,*,#1725,.F.);
#1725 = EDGE_CURVE('',#1657,#1717,#1726,.T.);
#1726 = LINE('',#1727,#1728);
#1727 = CARTESIAN_POINT('',(-31.37003997886,10.523706723091,
    -214.4285621317));
#1728 = VECTOR('',#1729,1.);
#1729 = DIRECTION('',(0.342020143326,1.8E-15,0.939692620786));
#1730 = CYLINDRICAL_SURFACE('',#1731,1.25);
#1731 = AXIS2_PLACEMENT_3D('',#1732,#1733,#1734);
#1732 = CARTESIAN_POINT('',(-32.28313903213,9.737386393433,
    -214.0962212553));
#1733 = DIRECTION('',(0.342020143326,1.8E-15,0.939692620786));
#1734 = DIRECTION('',(0.939692620786,0.,-0.342020143326));
#1735 = ADVANCED_FACE('',(#1736),#1779,.T.);
#1736 = FACE_BOUND('',#1737,.T.);
#1737 = EDGE_LOOP('',(#1738,#1749,#1755,#1756,#1764,#1773));
#1738 = ORIENTED_EDGE('',*,*,#1739,.T.);
#1739 = EDGE_CURVE('',#1740,#1742,#1744,.T.);
#1740 = VERTEX_POINT('',#1741);
#1741 = CARTESIAN_POINT('',(-24.93326831056,17.452938420836,
    -178.4609556146));
#1742 = VERTEX_POINT('',#1743);
#1743 = CARTESIAN_POINT('',(-15.00755943426,2.02183436603,
    -182.0736181995));
#1744 = CIRCLE('',#1745,9.35);
#1745 = AXIS2_PLACEMENT_3D('',#1746,#1747,#1748);
#1746 = CARTESIAN_POINT('',(-19.97041387241,9.737386393433,
    -180.267286907));
#1747 = DIRECTION('',(-0.342020143326,-1.7763568394E-15,-0.939692620786)
  );
#1748 = DIRECTION('',(-0.530786570925,0.825192730204,0.193190512565));
#1749 = ORIENTED_EDGE('',*,*,#1750,.T.);
#1750 = EDGE_CURVE('',#1742,#1615,#1751,.T.);
#1751 = LINE('',#1752,#1753);
#1752 = CARTESIAN_POINT('',(-23.45545697441,2.02183436603,
    -205.2840259329));
#1753 = VECTOR('',#1754,1.);
#1754 = DIRECTION('',(-0.342020143326,-1.79E-15,-0.939692620786));
#1755 = ORIENTED_EDGE('',*,*,#1614,.F.);
#1756 = ORIENTED_EDGE('',*,*,#1757,.T.);
#1757 = EDGE_CURVE('',#1606,#1758,#1760,.T.);
#1758 = VERTEX_POINT('',#1759);
#1759 = CARTESIAN_POINT('',(-26.15741610668,2.02183436603,
    -212.7075976371));
#1760 = LINE('',#1761,#1762);
#1761 = CARTESIAN_POINT('',(-23.45545697441,2.02183436603,
    -205.2840259329));
#1762 = VECTOR('',#1763,1.);
#1763 = DIRECTION('',(-0.342020143326,-1.79E-15,-0.939692620786));
#1764 = ORIENTED_EDGE('',*,*,#1765,.F.);
#1765 = EDGE_CURVE('',#1766,#1758,#1768,.T.);
#1766 = VERTEX_POINT('',#1767);
#1767 = CARTESIAN_POINT('',(-36.08312498298,17.452938420835,
    -209.0949350522));
#1768 = CIRCLE('',#1769,9.35);
#1769 = AXIS2_PLACEMENT_3D('',#1770,#1771,#1772);
#1770 = CARTESIAN_POINT('',(-31.12027054483,9.737386393433,
    -210.9012663447));
#1771 = DIRECTION('',(-0.342020143326,-1.79E-15,-0.939692620786));
#1772 = DIRECTION('',(-0.939692620786,0.,0.342020143326));
#1773 = ORIENTED_EDGE('',*,*,#1774,.F.);
#1774 = EDGE_CURVE('',#1740,#1766,#1775,.T.);
#1775 = LINE('',#1776,#1777);
#1776 = CARTESIAN_POINT('',(-33.3811658507,17.452938420836,
    -201.671363348));
#1777 = VECTOR('',#1778,1.);
#1778 = DIRECTION('',(-0.342020143326,-1.79E-15,-0.939692620786));
#1779 = CYLINDRICAL_SURFACE('',#1780,9.35);
#1780 = AXIS2_PLACEMENT_3D('',#1781,#1782,#1783);
#1781 = CARTESIAN_POINT('',(-28.41831141255,9.737386393433,
    -203.4776946404));
#1782 = DIRECTION('',(-0.342020143326,-1.79E-15,-0.939692620786));
#1783 = DIRECTION('',(-0.530786570925,0.825192730204,0.193190512565));
#1784 = ADVANCED_FACE('',(#1785),#1801,.T.);
#1785 = FACE_BOUND('',#1786,.T.);
#1786 = EDGE_LOOP('',(#1787,#1788,#1794,#1795));
#1787 = ORIENTED_EDGE('',*,*,#1508,.T.);
#1788 = ORIENTED_EDGE('',*,*,#1789,.T.);
#1789 = EDGE_CURVE('',#1500,#1597,#1790,.T.);
#1790 = LINE('',#1791,#1792);
#1791 = CARTESIAN_POINT('',(-13.27951195098,-1.196417281764,
    -183.7667538193));
#1792 = VECTOR('',#1793,1.);
#1793 = DIRECTION('',(-0.342020143326,-1.69E-15,-0.939692620786));
#1794 = ORIENTED_EDGE('',*,*,#1594,.F.);
#1795 = ORIENTED_EDGE('',*,*,#1796,.F.);
#1796 = EDGE_CURVE('',#1509,#1595,#1797,.T.);
#1797 = LINE('',#1798,#1799);
#1798 = CARTESIAN_POINT('',(-14.60647837829,0.866564543745,
    -183.2837775379));
#1799 = VECTOR('',#1800,1.);
#1800 = DIRECTION('',(-0.342020143326,-1.69E-15,-0.939692620786));
#1801 = CYLINDRICAL_SURFACE('',#1802,1.25);
#1802 = AXIS2_PLACEMENT_3D('',#1803,#1804,#1805);
#1803 = CARTESIAN_POINT('',(-13.94299516464,-0.16492636901,
    -183.5252656786));
#1804 = DIRECTION('',(-0.342020143326,-1.69E-15,-0.939692620786));
#1805 = DIRECTION('',(-0.530786570925,0.825192730204,0.193190512565));
#1806 = ADVANCED_FACE('',(#1807),#1823,.T.);
#1807 = FACE_BOUND('',#1808,.T.);
#1808 = EDGE_LOOP('',(#1809,#1810,#1816,#1817));
#1809 = ORIENTED_EDGE('',*,*,#1570,.T.);
#1810 = ORIENTED_EDGE('',*,*,#1811,.T.);
#1811 = EDGE_CURVE('',#1562,#1491,#1812,.T.);
#1812 = LINE('',#1813,#1814);
#1813 = CARTESIAN_POINT('',(-16.39368197958,6.436615472619,
    -177.046355319));
#1814 = VECTOR('',#1815,1.);
#1815 = DIRECTION('',(0.530786570925,-0.825192730204,-0.193190512565));
#1816 = ORIENTED_EDGE('',*,*,#1488,.F.);
#1817 = ORIENTED_EDGE('',*,*,#1818,.F.);
#1818 = EDGE_CURVE('',#1571,#1489,#1819,.T.);
#1819 = LINE('',#1820,#1821);
#1820 = CARTESIAN_POINT('',(-17.24873233789,6.436615472619,
    -179.3955868709));
#1821 = VECTOR('',#1822,1.);
#1822 = DIRECTION('',(0.530786570925,-0.825192730204,-0.193190512565));
#1823 = CYLINDRICAL_SURFACE('',#1824,1.25);
#1824 = AXIS2_PLACEMENT_3D('',#1825,#1826,#1827);
#1825 = CARTESIAN_POINT('',(-16.82120715873,6.436615472619,
    -178.2209710949));
#1826 = DIRECTION('',(0.530786570925,-0.825192730204,-0.193190512565));
#1827 = DIRECTION('',(-0.342020143326,-2.553512956638E-15,
    -0.939692620786));
#1828 = ADVANCED_FACE('',(#1829),#1865,.T.);
#1829 = FACE_BOUND('',#1830,.T.);
#1830 = EDGE_LOOP('',(#1831,#1842,#1850,#1859));
#1831 = ORIENTED_EDGE('',*,*,#1832,.F.);
#1832 = EDGE_CURVE('',#1833,#1835,#1837,.T.);
#1833 = VERTEX_POINT('',#1834);
#1834 = CARTESIAN_POINT('',(-20.59348918606,12.919028672427,
    -180.0405060392));
#1835 = VERTEX_POINT('',#1836);
#1836 = CARTESIAN_POINT('',(-22.53205798431,11.506900495659,
    -179.3349246995));
#1837 = CIRCLE('',#1838,1.25);
#1838 = AXIS2_PLACEMENT_3D('',#1839,#1840,#1841);
#1839 = CARTESIAN_POINT('',(-21.56277358519,12.212964584043,
    -179.6877153693));
#1840 = DIRECTION('',(-0.342020143326,-1.79E-15,-0.939692620786));
#1841 = DIRECTION('',(-0.939692620786,0.,0.342020143326));
#1842 = ORIENTED_EDGE('',*,*,#1843,.T.);
#1843 = EDGE_CURVE('',#1833,#1844,#1846,.T.);
#1844 = VERTEX_POINT('',#1845);
#1845 = CARTESIAN_POINT('',(-18.88338846943,12.919028672427,
    -175.3420429352));
#1846 = LINE('',#1847,#1848);
#1847 = CARTESIAN_POINT('',(-29.82803305586,12.919028672427,
    -205.4122068004));
#1848 = VECTOR('',#1849,1.);
#1849 = DIRECTION('',(0.342020143326,1.8E-15,0.939692620786));
#1850 = ORIENTED_EDGE('',*,*,#1851,.T.);
#1851 = EDGE_CURVE('',#1844,#1852,#1854,.T.);
#1852 = VERTEX_POINT('',#1853);
#1853 = CARTESIAN_POINT('',(-20.82195726768,11.506900495659,
    -174.6364615956));
#1854 = CIRCLE('',#1855,1.25);
#1855 = AXIS2_PLACEMENT_3D('',#1856,#1857,#1858);
#1856 = CARTESIAN_POINT('',(-19.85267286856,12.212964584043,
    -174.9892522654));
#1857 = DIRECTION('',(-0.342020143326,-1.942890293094E-15,
    -0.939692620786));
#1858 = DIRECTION('',(0.530786570925,-0.825192730204,-0.193190512565));
#1859 = ORIENTED_EDGE('',*,*,#1860,.F.);
#1860 = EDGE_CURVE('',#1835,#1852,#1861,.T.);
#1861 = LINE('',#1862,#1863);
#1862 = CARTESIAN_POINT('',(-31.7666018541,11.506900495659,
    -204.7066254607));
#1863 = VECTOR('',#1864,1.);
#1864 = DIRECTION('',(0.342020143326,1.8E-15,0.939692620786));
#1865 = CYLINDRICAL_SURFACE('',#1866,1.25);
#1866 = AXIS2_PLACEMENT_3D('',#1867,#1868,#1869);
#1867 = CARTESIAN_POINT('',(-30.79731745498,12.212964584043,
    -205.0594161306));
#1868 = DIRECTION('',(0.342020143326,1.8E-15,0.939692620786));
#1869 = DIRECTION('',(-0.775427519298,-0.564851270707,0.282232535856));
#1870 = ADVANCED_FACE('',(#1871),#1907,.T.);
#1871 = FACE_BOUND('',#1872,.T.);
#1872 = EDGE_LOOP('',(#1873,#1884,#1892,#1901));
#1873 = ORIENTED_EDGE('',*,*,#1874,.T.);
#1874 = EDGE_CURVE('',#1875,#1877,#1879,.T.);
#1875 = VERTEX_POINT('',#1876);
#1876 = CARTESIAN_POINT('',(-18.1541558416,9.572347847392,
    -175.6074619056));
#1877 = VERTEX_POINT('',#1878);
#1878 = CARTESIAN_POINT('',(-21.55118989552,14.853581320694,
    -174.3710426252));
#1879 = CIRCLE('',#1880,3.2);
#1880 = AXIS2_PLACEMENT_3D('',#1881,#1882,#1883);
#1881 = CARTESIAN_POINT('',(-19.85267286856,12.212964584043,
    -174.9892522654));
#1882 = DIRECTION('',(0.342020143326,1.95E-15,0.939692620786));
#1883 = DIRECTION('',(0.939692620786,0.,-0.342020143326));
#1884 = ORIENTED_EDGE('',*,*,#1885,.T.);
#1885 = EDGE_CURVE('',#1877,#1886,#1888,.T.);
#1886 = VERTEX_POINT('',#1887);
#1887 = CARTESIAN_POINT('',(-15.80525148765,14.853581320694,
    -158.584206596));
#1888 = LINE('',#1889,#1890);
#1889 = CARTESIAN_POINT('',(-21.55118989552,14.853581320694,
    -174.3710426252));
#1890 = VECTOR('',#1891,1.);
#1891 = DIRECTION('',(0.342020143326,1.95E-15,0.939692620786));
#1892 = ORIENTED_EDGE('',*,*,#1893,.F.);
#1893 = EDGE_CURVE('',#1894,#1886,#1896,.T.);
#1894 = VERTEX_POINT('',#1895);
#1895 = CARTESIAN_POINT('',(-12.40821743373,9.572347847392,
    -159.8206258764));
#1896 = CIRCLE('',#1897,3.2);
#1897 = AXIS2_PLACEMENT_3D('',#1898,#1899,#1900);
#1898 = CARTESIAN_POINT('',(-14.10673446069,12.212964584043,
    -159.2024162362));
#1899 = DIRECTION('',(0.342020143326,1.E-16,0.939692620786));
#1900 = DIRECTION('',(-0.939692620786,3.79E-15,0.342020143326));
#1901 = ORIENTED_EDGE('',*,*,#1902,.F.);
#1902 = EDGE_CURVE('',#1875,#1894,#1903,.T.);
#1903 = LINE('',#1904,#1905);
#1904 = CARTESIAN_POINT('',(-18.1541558416,9.572347847392,
    -175.6074619056));
#1905 = VECTOR('',#1906,1.);
#1906 = DIRECTION('',(0.342020143326,1.95E-15,0.939692620786));
#1907 = CYLINDRICAL_SURFACE('',#1908,3.2);
#1908 = AXIS2_PLACEMENT_3D('',#1909,#1910,#1911);
#1909 = CARTESIAN_POINT('',(-19.85267286856,12.212964584043,
    -174.9892522654));
#1910 = DIRECTION('',(0.342020143326,1.95E-15,0.939692620786));
#1911 = DIRECTION('',(0.530786570925,-0.825192730204,-0.193190512565));
#1912 = ADVANCED_FACE('',(#1913),#1983,.T.);
#1913 = FACE_BOUND('',#1914,.T.);
#1914 = EDGE_LOOP('',(#1915,#1926,#1934,#1977));
#1915 = ORIENTED_EDGE('',*,*,#1916,.F.);
#1916 = EDGE_CURVE('',#1917,#1919,#1921,.T.);
#1917 = VERTEX_POINT('',#1918);
#1918 = CARTESIAN_POINT('',(-13.95972004594,8.266064076501,
    -159.2559251074));
#1919 = VERTEX_POINT('',#1920);
#1920 = CARTESIAN_POINT('',(-14.25374887559,16.159865091586,
    -159.1489073654));
#1921 = CIRCLE('',#1922,3.950000006821);
#1922 = AXIS2_PLACEMENT_3D('',#1923,#1924,#1925);
#1923 = CARTESIAN_POINT('',(-14.10673446077,12.212964584043,
    -159.2024162364));
#1924 = DIRECTION('',(-0.342020143326,-1.006139616067E-16,
    -0.939692620786));
#1925 = DIRECTION('',(-3.721883913151E-02,0.99921531664,
    1.354654959781E-02));
#1926 = ORIENTED_EDGE('',*,*,#1927,.T.);
#1927 = EDGE_CURVE('',#1917,#1928,#1930,.T.);
#1928 = VERTEX_POINT('',#1929);
#1929 = CARTESIAN_POINT('',(-8.424970059071,7.705756080819,
    -144.1142616215));
#1930 = LINE('',#1931,#1932);
#1931 = CARTESIAN_POINT('',(-13.95972004594,8.266064076501,
    -159.2559251074));
#1932 = VECTOR('',#1933,1.);
#1933 = DIRECTION('',(0.343107223682,-3.473430981722E-02,0.93865380241)
  );
#1934 = ORIENTED_EDGE('',*,*,#1935,.F.);
#1935 = EDGE_CURVE('',#1936,#1928,#1938,.T.);
#1936 = VERTEX_POINT('',#1937);
#1937 = CARTESIAN_POINT('',(-7.232688895639,16.87604012361,
    -139.7757022103));
#1938 = B_SPLINE_CURVE_WITH_KNOTS('',3,(#1939,#1940,#1941,#1942,#1943,
    #1944,#1945,#1946,#1947,#1948,#1949,#1950,#1951,#1952,#1953,#1954,
    #1955,#1956,#1957,#1958,#1959,#1960,#1961,#1962,#1963,#1964,#1965,
    #1966,#1967,#1968,#1969,#1970,#1971,#1972,#1973,#1974,#1975,#1976),
  .UNSPECIFIED.,.F.,.F.,(4,2,2,2,2,2,2,2,2,2,2,2,2,2,2,2,2,2,4),(
    1.857005973311E-02,1.904050965022E-02,1.951095956732E-02,
    2.045185940154E-02,2.139275923575E-02,2.233365906996E-02,
    2.327455890417E-02,2.421545873838E-02,2.51563585726E-02,
    2.609725840681E-02,2.703815824102E-02,2.797905807523E-02,
    2.891995790944E-02,2.986085774366E-02,3.080175757787E-02,
    3.174265741208E-02,3.221310732919E-02,3.268355724629E-02,
    3.36244570805E-02),.UNSPECIFIED.);
#1939 = CARTESIAN_POINT('',(-7.232688895639,16.87604012361,
    -139.7757022103));
#1940 = CARTESIAN_POINT('',(-7.386994345207,16.869106651791,
    -139.7417019728));
#1941 = CARTESIAN_POINT('',(-7.543331036632,16.853990796625,
    -139.7108161995));
#1942 = CARTESIAN_POINT('',(-7.851924771039,16.808432546516,
    -139.656504897));
#1943 = CARTESIAN_POINT('',(-8.004780523569,16.778040417818,
    -139.6329144249));
#1944 = CARTESIAN_POINT('',(-8.459147059553,16.664894325734,
    -139.5721166464));
#1945 = CARTESIAN_POINT('',(-8.759239868715,16.559018698188,
    -139.5446737633));
#1946 = CARTESIAN_POINT('',(-9.334001765501,16.294991012613,
    -139.5159359329));
#1947 = CARTESIAN_POINT('',(-9.606893643926,16.138363732941,
    -139.5144536235));
#1948 = CARTESIAN_POINT('',(-10.12509707719,15.778256945463,
    -139.5355726757));
#1949 = CARTESIAN_POINT('',(-10.37058380562,15.573725720506,
    -139.5585409379));
#1950 = CARTESIAN_POINT('',(-10.81583971386,15.134249474825,
    -139.6265769223));
#1951 = CARTESIAN_POINT('',(-11.0183170068,14.897644656577,
    -139.6716694633));
#1952 = CARTESIAN_POINT('',(-11.38304915559,14.390900285676,
    -139.7847240441));
#1953 = CARTESIAN_POINT('',(-11.54206593971,14.124715713789,
    -139.8519050646));
#1954 = CARTESIAN_POINT('',(-11.80992091766,13.57778186687,
    -140.0053377334));
#1955 = CARTESIAN_POINT('',(-11.91996542816,13.295067581084,
    -140.0920704841));
#1956 = CARTESIAN_POINT('',(-12.08988818724,12.714044876738,
    -140.2868214668));
#1957 = CARTESIAN_POINT('',(-12.14763907412,12.423328983952,
    -140.3922806123));
#1958 = CARTESIAN_POINT('',(-12.21112431971,11.842206667409,
    -140.6204517129));
#1959 = CARTESIAN_POINT('',(-12.21670663893,11.550001825548,
    -140.7439769371));
#1960 = CARTESIAN_POINT('',(-12.17370022917,10.974707852011,
    -141.0076112266));
#1961 = CARTESIAN_POINT('',(-12.12583102215,10.696472020553,
    -141.1453802425));
#1962 = CARTESIAN_POINT('',(-11.97893171406,10.159289672268,
    -141.4344260066));
#1963 = CARTESIAN_POINT('',(-11.87866579421,9.898029695362,
    -141.5872027363));
#1964 = CARTESIAN_POINT('',(-11.62923544015,9.408685881958,
    -141.901717295));
#1965 = CARTESIAN_POINT('',(-11.48173915467,9.182504022234,
    -142.0619345169));
#1966 = CARTESIAN_POINT('',(-11.14151075088,8.767813348384,
    -142.389540131));
#1967 = CARTESIAN_POINT('',(-10.94631850339,8.577791616186,
    -142.5587310912));
#1968 = CARTESIAN_POINT('',(-10.52301860141,8.2523255256,-142.8923703039
    ));
#1969 = CARTESIAN_POINT('',(-10.29443833644,8.115237281982,
    -143.057707346));
#1970 = CARTESIAN_POINT('',(-9.924643911404,7.94979612077,
    -143.3028542229));
#1971 = CARTESIAN_POINT('',(-9.796171221457,7.90125495918,
    -143.3844646764));
#1972 = CARTESIAN_POINT('',(-9.535421781433,7.820238085329,
    -143.5428152006));
#1973 = CARTESIAN_POINT('',(-9.402660362417,7.787459110021,
    -143.6199120436));
#1974 = CARTESIAN_POINT('',(-8.996968960866,7.712157436109,
    -143.8444650098));
#1975 = CARTESIAN_POINT('',(-8.715030166674,7.692476332351,
    -143.9861177445));
#1976 = CARTESIAN_POINT('',(-8.424970059071,7.705756080819,
    -144.1142616215));
#1977 = ORIENTED_EDGE('',*,*,#1978,.F.);
#1978 = EDGE_CURVE('',#1919,#1936,#1979,.T.);
#1979 = LINE('',#1980,#1981);
#1980 = CARTESIAN_POINT('',(-14.25374887559,16.159865091586,
    -159.1489073654));
#1981 = VECTOR('',#1982,1.);
#1982 = DIRECTION('',(0.340519651879,3.473430981722E-02,0.939595601525)
  );
#1983 = CONICAL_SURFACE('',#1984,3.950000006821,3.476859126299E-02);
#1984 = AXIS2_PLACEMENT_3D('',#1985,#1986,#1987);
#1985 = CARTESIAN_POINT('',(-14.10673446077,12.212964584043,
    -159.2024162364));
#1986 = DIRECTION('',(0.342020143326,1.E-16,0.939692620786));
#1987 = DIRECTION('',(-3.721883913151E-02,0.99921531664,
    1.354654959781E-02));
#1988 = ADVANCED_FACE('',(#1989),#2141,.T.);
#1989 = FACE_BOUND('',#1990,.T.);
#1990 = EDGE_LOOP('',(#1991,#2002,#2010,#2019,#2038,#2047,#2068,#2077,
    #2085,#2094,#2129,#2130));
#1991 = ORIENTED_EDGE('',*,*,#1992,.T.);
#1992 = EDGE_CURVE('',#1993,#1995,#1997,.T.);
#1993 = VERTEX_POINT('',#1994);
#1994 = CARTESIAN_POINT('',(-6.238979704424,8.408193793037,
    -144.7062609552));
#1995 = VERTEX_POINT('',#1996);
#1996 = CARTESIAN_POINT('',(-10.47008073576,0.,-144.7062609552));
#1997 = CIRCLE('',#1998,10.470080735767);
#1998 = AXIS2_PLACEMENT_3D('',#1999,#2000,#2001);
#1999 = CARTESIAN_POINT('',(4.55E-15,0.,-144.7062609552));
#2000 = DIRECTION('',(0.,0.,1.));
#2001 = DIRECTION('',(1.,0.,-0.));
#2002 = ORIENTED_EDGE('',*,*,#2003,.T.);
#2003 = EDGE_CURVE('',#1995,#2004,#2006,.T.);
#2004 = VERTEX_POINT('',#2005);
#2005 = CARTESIAN_POINT('',(-18.87248553882,0.,-139.4558557115));
#2006 = LINE('',#2007,#2008);
#2007 = CARTESIAN_POINT('',(-19.60200717424,2.4E-15,-139.));
#2008 = VECTOR('',#2009,1.);
#2009 = DIRECTION('',(-0.848048096156,1.E-16,0.529919264233));
#2010 = ORIENTED_EDGE('',*,*,#2011,.T.);
#2011 = EDGE_CURVE('',#2004,#2012,#2014,.T.);
#2012 = VERTEX_POINT('',#2013);
#2013 = CARTESIAN_POINT('',(-11.87721078018,14.666375642816,
    -139.4558557115));
#2014 = CIRCLE('',#2015,18.872485538823);
#2015 = AXIS2_PLACEMENT_3D('',#2016,#2017,#2018);
#2016 = CARTESIAN_POINT('',(4.55E-15,0.,-139.4558557115));
#2017 = DIRECTION('',(0.,0.,-1.));
#2018 = DIRECTION('',(-1.,0.,0.));
#2019 = ORIENTED_EDGE('',*,*,#2020,.T.);
#2020 = EDGE_CURVE('',#2012,#2021,#2023,.T.);
#2021 = VERTEX_POINT('',#2022);
#2022 = CARTESIAN_POINT('',(-8.581510797965,16.808580631258,
    -139.4558557115));
#2023 = B_SPLINE_CURVE_WITH_KNOTS('',3,(#2024,#2025,#2026,#2027,#2028,
    #2029,#2030,#2031,#2032,#2033,#2034,#2035,#2036,#2037),
  .UNSPECIFIED.,.F.,.F.,(4,2,2,2,2,2,4),(0.,1.024669212628E-03,
    1.537003818942E-03,2.049338425256E-03,2.56167303157E-03,
    3.074007637884E-03,4.098676850512E-03),.UNSPECIFIED.);
#2024 = CARTESIAN_POINT('',(-11.87721078018,14.666375642816,
    -139.4558557115));
#2025 = CARTESIAN_POINT('',(-11.60977152494,14.882954877027,
    -139.4558557115));
#2026 = CARTESIAN_POINT('',(-11.36776838408,15.12249958757,
    -139.4288347773));
#2027 = CARTESIAN_POINT('',(-11.01842604022,15.493584133189,
    -139.3691232203));
#2028 = CARTESIAN_POINT('',(-10.90420736891,15.619196230767,
    -139.3460706571));
#2029 = CARTESIAN_POINT('',(-10.66244696798,15.857708754963,
    -139.308508324));
#2030 = CARTESIAN_POINT('',(-10.53060631412,15.970403497692,
    -139.2955450241));
#2031 = CARTESIAN_POINT('',(-10.2488561083,16.144693201603,
    -139.2997480353));
#2032 = CARTESIAN_POINT('',(-10.09913634608,16.209182500629,
    -139.3154145622));
#2033 = CARTESIAN_POINT('',(-9.794130489641,16.324257190724,
    -139.3534929462));
#2034 = CARTESIAN_POINT('',(-9.639173900839,16.375700469416,
    -139.3753293303));
#2035 = CARTESIAN_POINT('',(-9.177342720123,16.538764241621,
    -139.4313698452));
#2036 = CARTESIAN_POINT('',(-8.873494719037,16.659510151931,
    -139.4558557115));
#2037 = CARTESIAN_POINT('',(-8.581510797965,16.808580631258,
    -139.4558557115));
#2038 = ORIENTED_EDGE('',*,*,#2039,.T.);
#2039 = EDGE_CURVE('',#2021,#2040,#2042,.T.);
#2040 = VERTEX_POINT('',#2041);
#2041 = CARTESIAN_POINT('',(8.581510797965,16.808580631258,
    -139.4558557115));
#2042 = CIRCLE('',#2043,18.872485538823);
#2043 = AXIS2_PLACEMENT_3D('',#2044,#2045,#2046);
#2044 = CARTESIAN_POINT('',(4.55E-15,0.,-139.4558557115));
#2045 = DIRECTION('',(0.,0.,-1.));
#2046 = DIRECTION('',(-1.,0.,0.));
#2047 = ORIENTED_EDGE('',*,*,#2048,.T.);
#2048 = EDGE_CURVE('',#2040,#2049,#2051,.T.);
#2049 = VERTEX_POINT('',#2050);
#2050 = CARTESIAN_POINT('',(11.877210780183,14.666375642816,
    -139.4558557115));
#2051 = B_SPLINE_CURVE_WITH_KNOTS('',3,(#2052,#2053,#2054,#2055,#2056,
    #2057,#2058,#2059,#2060,#2061,#2062,#2063,#2064,#2065,#2066,#2067),
  .UNSPECIFIED.,.F.,.F.,(4,2,2,2,2,2,2,4),(0.,9.953192002442E-04,
    1.492978800366E-03,1.990638400488E-03,2.239468200549E-03,
    2.488298000611E-03,2.985957600733E-03,3.981276800977E-03),
  .UNSPECIFIED.);
#2052 = CARTESIAN_POINT('',(8.581510797965,16.808580631258,
    -139.4558557115));
#2053 = CARTESIAN_POINT('',(8.878360286646,16.657026068242,
    -139.4558557115));
#2054 = CARTESIAN_POINT('',(9.186141844018,16.535395921472,-139.43058312
    ));
#2055 = CARTESIAN_POINT('',(9.653920015744,16.370632948738,
    -139.3733906175));
#2056 = CARTESIAN_POINT('',(9.810799424932,16.318603376127,
    -139.3511699475));
#2057 = CARTESIAN_POINT('',(10.119241082814,16.200882769862,
    -139.31317661));
#2058 = CARTESIAN_POINT('',(10.270401963884,16.134109121214,
    -139.298123207));
#2059 = CARTESIAN_POINT('',(10.483507179893,15.997810942272,
    -139.2970683467));
#2060 = CARTESIAN_POINT('',(10.552254199169,15.946294887373,
    -139.300325659));
#2061 = CARTESIAN_POINT('',(10.680880885183,15.837604225512,
    -139.3121526026));
#2062 = CARTESIAN_POINT('',(10.741721211362,15.780062742155,
    -139.320590788));
#2063 = CARTESIAN_POINT('',(10.919330640771,15.60285039101,
    -139.3490141659));
#2064 = CARTESIAN_POINT('',(11.031819938834,15.479165218245,
    -139.3715959932));
#2065 = CARTESIAN_POINT('',(11.376265347907,15.113887047034,
    -139.4298908828));
#2066 = CARTESIAN_POINT('',(11.615086622741,14.878650573197,
    -139.4558557115));
#2067 = CARTESIAN_POINT('',(11.877210780183,14.666375642816,
    -139.4558557115));
#2068 = ORIENTED_EDGE('',*,*,#2069,.T.);
#2069 = EDGE_CURVE('',#2049,#2070,#2072,.T.);
#2070 = VERTEX_POINT('',#2071);
#2071 = CARTESIAN_POINT('',(18.872485538823,0.,-139.4558557115));
#2072 = CIRCLE('',#2073,18.872485538823);
#2073 = AXIS2_PLACEMENT_3D('',#2074,#2075,#2076);
#2074 = CARTESIAN_POINT('',(4.55E-15,0.,-139.4558557115));
#2075 = DIRECTION('',(0.,0.,-1.));
#2076 = DIRECTION('',(-1.,0.,0.));
#2077 = ORIENTED_EDGE('',*,*,#2078,.F.);
#2078 = EDGE_CURVE('',#2079,#2070,#2081,.T.);
#2079 = VERTEX_POINT('',#2080);
#2080 = CARTESIAN_POINT('',(10.470080735767,1.E-15,-144.7062609552));
#2081 = LINE('',#2082,#2083);
#2082 = CARTESIAN_POINT('',(19.602007174246,0.,-139.));
#2083 = VECTOR('',#2084,1.);
#2084 = DIRECTION('',(0.848048096156,0.,0.529919264233));
#2085 = ORIENTED_EDGE('',*,*,#2086,.T.);
#2086 = EDGE_CURVE('',#2079,#2087,#2089,.T.);
#2087 = VERTEX_POINT('',#2088);
#2088 = CARTESIAN_POINT('',(-5.658899135127,8.80905506805,
    -144.7062609552));
#2089 = CIRCLE('',#2090,10.470080735767);
#2090 = AXIS2_PLACEMENT_3D('',#2091,#2092,#2093);
#2091 = CARTESIAN_POINT('',(4.55E-15,0.,-144.7062609552));
#2092 = DIRECTION('',(0.,0.,1.));
#2093 = DIRECTION('',(1.,0.,-0.));
#2094 = ORIENTED_EDGE('',*,*,#2095,.T.);
#2095 = EDGE_CURVE('',#2087,#1936,#2096,.T.);
#2096 = B_SPLINE_CURVE_WITH_KNOTS('',3,(#2097,#2098,#2099,#2100,#2101,
    #2102,#2103,#2104,#2105,#2106,#2107,#2108,#2109,#2110,#2111,#2112,
    #2113,#2114,#2115,#2116,#2117,#2118,#2119,#2120,#2121,#2122,#2123,
    #2124,#2125,#2126,#2127,#2128),.UNSPECIFIED.,.F.,.F.,(4,2,2,2,2,2,2,
    2,2,2,2,2,2,2,2,4),(6.29046706453E-03,7.057941606316E-03,
    7.825416148103E-03,8.592890689889E-03,9.360365231675E-03,
    1.012783977346E-02,1.089531431525E-02,1.243026339882E-02,
    1.319773794061E-02,1.396521248239E-02,1.473268702418E-02,
    1.550016156597E-02,1.626763610775E-02,1.703511064954E-02,
    1.780258519133E-02,1.857005973311E-02),.UNSPECIFIED.);
#2097 = CARTESIAN_POINT('',(-5.658899135127,8.80905506805,
    -144.7062609552));
#2098 = CARTESIAN_POINT('',(-5.456505991981,8.967291382897,
    -144.6914247478));
#2099 = CARTESIAN_POINT('',(-5.265907905302,9.136574062043,
    -144.6609186549));
#2100 = CARTESIAN_POINT('',(-4.906305291702,9.495451885631,
    -144.571766386));
#2101 = CARTESIAN_POINT('',(-4.73784979335,9.68487433038,-144.5129859327
    ));
#2102 = CARTESIAN_POINT('',(-4.430331152501,10.072454664059,
    -144.3741844387));
#2103 = CARTESIAN_POINT('',(-4.289888084421,10.27195350979,
    -144.2938576102));
#2104 = CARTESIAN_POINT('',(-4.034366978324,10.682571481688,
    -144.1143489111));
#2105 = CARTESIAN_POINT('',(-3.919723099672,10.89339494311,
    -144.0152085979));
#2106 = CARTESIAN_POINT('',(-3.720540643657,11.317270269429,
    -143.8052320015));
#2107 = CARTESIAN_POINT('',(-3.635190270905,11.531574415442,
    -143.6938538674));
#2108 = CARTESIAN_POINT('',(-3.493060139658,11.965809248177,
    -143.4599811577));
#2109 = CARTESIAN_POINT('',(-3.436050647806,12.187237962829,
    -143.3366119613));
#2110 = CARTESIAN_POINT('',(-3.313336824309,12.849216851349,
    -142.9578663061));
#2111 = CARTESIAN_POINT('',(-3.294075917107,13.286055015021,
    -142.6953441067));
#2112 = CARTESIAN_POINT('',(-3.370725520548,13.936457098722,
    -142.2891494234));
#2113 = CARTESIAN_POINT('',(-3.414757627131,14.153482060647,
    -142.1508555272));
#2114 = CARTESIAN_POINT('',(-3.539331109194,14.571228565883,
    -141.8788315133));
#2115 = CARTESIAN_POINT('',(-3.61985873819,14.773599025707,
    -141.7441021831));
#2116 = CARTESIAN_POINT('',(-3.820226364913,15.164112423382,
    -141.4770889346));
#2117 = CARTESIAN_POINT('',(-3.941584299509,15.353809338995,
    -141.3436260695));
#2118 = CARTESIAN_POINT('',(-4.218234179484,15.703422843625,
    -141.0884061953));
#2119 = CARTESIAN_POINT('',(-4.373747687932,15.864671470753,
    -140.9658146444));
#2120 = CARTESIAN_POINT('',(-4.720288459092,16.158440837147,
    -140.7300741556));
#2121 = CARTESIAN_POINT('',(-4.913889332825,16.292230441325,
    -140.6156892935));
#2122 = CARTESIAN_POINT('',(-5.32542649174,16.5192263812,-140.4036801692
    ));
#2123 = CARTESIAN_POINT('',(-5.542835609327,16.612942895448,
    -140.3058769745));
#2124 = CARTESIAN_POINT('',(-6.000409652261,16.760558158825,
    -140.1252410456));
#2125 = CARTESIAN_POINT('',(-6.243016246784,16.814490909779,
    -140.0418186396));
#2126 = CARTESIAN_POINT('',(-6.732588797699,16.87744137489,
    -139.8951657977));
#2127 = CARTESIAN_POINT('',(-6.980960709712,16.887351132314,
    -139.8311689362));
#2128 = CARTESIAN_POINT('',(-7.232688895639,16.87604012361,
    -139.7757022103));
#2129 = ORIENTED_EDGE('',*,*,#1935,.T.);
#2130 = ORIENTED_EDGE('',*,*,#2131,.T.);
#2131 = EDGE_CURVE('',#1928,#1993,#2132,.T.);
#2132 = B_SPLINE_CURVE_WITH_KNOTS('',3,(#2133,#2134,#2135,#2136,#2137,
    #2138,#2139,#2140),.UNSPECIFIED.,.F.,.F.,(4,2,2,4),(
    3.193672222695E-03,4.392454935072E-03,4.99184629126E-03,
    5.591237647449E-03),.UNSPECIFIED.);
#2133 = CARTESIAN_POINT('',(-8.424970059071,7.705756080819,
    -144.1142616215));
#2134 = CARTESIAN_POINT('',(-8.05540995299,7.72267555759,-144.2775273157
    ));
#2135 = CARTESIAN_POINT('',(-7.686451588882,7.791560146964,
    -144.4131536753));
#2136 = CARTESIAN_POINT('',(-7.130575637433,7.971354308297,
    -144.5664946798));
#2137 = CARTESIAN_POINT('',(-6.94499143239,8.04445857154,-144.6088974003
    ));
#2138 = CARTESIAN_POINT('',(-6.585765680862,8.210772759368,-144.67262939
    ));
#2139 = CARTESIAN_POINT('',(-6.410395910042,8.304478239031,
    -144.6944797372));
#2140 = CARTESIAN_POINT('',(-6.238979704424,8.408193793037,
    -144.7062609552));
#2141 = CONICAL_SURFACE('',#2142,19.602007174246,1.012290966157);
#2142 = AXIS2_PLACEMENT_3D('',#2143,#2144,#2145);
#2143 = CARTESIAN_POINT('',(4.55E-15,0.,-139.));
#2144 = DIRECTION('',(0.,0.,1.));
#2145 = DIRECTION('',(1.,0.,-0.));
#2146 = ADVANCED_FACE('',(#2147),#2181,.F.);
#2147 = FACE_BOUND('',#2148,.F.);
#2148 = EDGE_LOOP('',(#2149,#2158,#2165,#2174));
#2149 = ORIENTED_EDGE('',*,*,#2150,.T.);
#2150 = EDGE_CURVE('',#2151,#1995,#2153,.T.);
#2151 = VERTEX_POINT('',#2152);
#2152 = CARTESIAN_POINT('',(-10.,0.,-145.5543090514));
#2153 = CIRCLE('',#2154,1.);
#2154 = AXIS2_PLACEMENT_3D('',#2155,#2156,#2157);
#2155 = CARTESIAN_POINT('',(-11.,0.,-145.5543090514));
#2156 = DIRECTION('',(0.,-1.,-0.));
#2157 = DIRECTION('',(0.,0.,-1.));
#2158 = ORIENTED_EDGE('',*,*,#2159,.T.);
#2159 = EDGE_CURVE('',#1995,#2079,#2160,.T.);
#2160 = CIRCLE('',#2161,10.470080735767);
#2161 = AXIS2_PLACEMENT_3D('',#2162,#2163,#2164);
#2162 = CARTESIAN_POINT('',(4.55E-15,0.,-144.7062609552));
#2163 = DIRECTION('',(0.,0.,1.));
#2164 = DIRECTION('',(1.,0.,-0.));
#2165 = ORIENTED_EDGE('',*,*,#2166,.F.);
#2166 = EDGE_CURVE('',#2167,#2079,#2169,.T.);
#2167 = VERTEX_POINT('',#2168);
#2168 = CARTESIAN_POINT('',(10.,1.E-15,-145.5543090514));
#2169 = CIRCLE('',#2170,1.);
#2170 = AXIS2_PLACEMENT_3D('',#2171,#2172,#2173);
#2171 = CARTESIAN_POINT('',(11.,1.35E-15,-145.5543090514));
#2172 = DIRECTION('',(-1.2E-16,1.,0.));
#2173 = DIRECTION('',(-1.,-1.2E-16,0.));
#2174 = ORIENTED_EDGE('',*,*,#2175,.T.);
#2175 = EDGE_CURVE('',#2167,#2151,#2176,.T.);
#2176 = CIRCLE('',#2177,10.);
#2177 = AXIS2_PLACEMENT_3D('',#2178,#2179,#2180);
#2178 = CARTESIAN_POINT('',(4.55E-15,0.,-145.5543090514));
#2179 = DIRECTION('',(0.,0.,-1.));
#2180 = DIRECTION('',(-1.,0.,0.));
#2181 = TOROIDAL_SURFACE('',#2182,11.,1.);
#2182 = AXIS2_PLACEMENT_3D('',#2183,#2184,#2185);
#2183 = CARTESIAN_POINT('',(4.55E-15,0.,-145.5543090514));
#2184 = DIRECTION('',(0.,0.,-1.));
#2185 = DIRECTION('',(-1.,0.,0.));
#2186 = ADVANCED_FACE('',(#2187),#2223,.T.);
#2187 = FACE_BOUND('',#2188,.T.);
#2188 = EDGE_LOOP('',(#2189,#2200,#2208,#2217));
#2189 = ORIENTED_EDGE('',*,*,#2190,.F.);
#2190 = EDGE_CURVE('',#2191,#2193,#2195,.T.);
#2191 = VERTEX_POINT('',#2192);
#2192 = CARTESIAN_POINT('',(16.82,-20.,-138.72));
#2193 = VERTEX_POINT('',#2194);
#2194 = CARTESIAN_POINT('',(9.18,-20.,-138.72));
#2195 = CIRCLE('',#2196,3.82);
#2196 = AXIS2_PLACEMENT_3D('',#2197,#2198,#2199);
#2197 = CARTESIAN_POINT('',(13.,-20.,-138.72));
#2198 = DIRECTION('',(0.,-0.,1.));
#2199 = DIRECTION('',(-1.,0.,0.));
#2200 = ORIENTED_EDGE('',*,*,#2201,.T.);
#2201 = EDGE_CURVE('',#2191,#2202,#2204,.T.);
#2202 = VERTEX_POINT('',#2203);
#2203 = CARTESIAN_POINT('',(16.82,-20.,-139.2));
#2204 = LINE('',#2205,#2206);
#2205 = CARTESIAN_POINT('',(16.82,-20.,-139.2));
#2206 = VECTOR('',#2207,1.);
#2207 = DIRECTION('',(-0.,-0.,-1.));
#2208 = ORIENTED_EDGE('',*,*,#2209,.F.);
#2209 = EDGE_CURVE('',#2210,#2202,#2212,.T.);
#2210 = VERTEX_POINT('',#2211);
#2211 = CARTESIAN_POINT('',(9.18,-20.,-139.2));
#2212 = CIRCLE('',#2213,3.82);
#2213 = AXIS2_PLACEMENT_3D('',#2214,#2215,#2216);
#2214 = CARTESIAN_POINT('',(13.,-20.,-139.2));
#2215 = DIRECTION('',(-0.,0.,-1.));
#2216 = DIRECTION('',(-1.,0.,0.));
#2217 = ORIENTED_EDGE('',*,*,#2218,.F.);
#2218 = EDGE_CURVE('',#2193,#2210,#2219,.T.);
#2219 = LINE('',#2220,#2221);
#2220 = CARTESIAN_POINT('',(9.18,-20.,-139.2));
#2221 = VECTOR('',#2222,1.);
#2222 = DIRECTION('',(-0.,-0.,-1.));
#2223 = CYLINDRICAL_SURFACE('',#2224,3.82);
#2224 = AXIS2_PLACEMENT_3D('',#2225,#2226,#2227);
#2225 = CARTESIAN_POINT('',(13.,-20.,-139.2));
#2226 = DIRECTION('',(-0.,-0.,-1.));
#2227 = DIRECTION('',(-1.,0.,0.));
#2228 = ADVANCED_FACE('',(#2229),#2274,.F.);
#2229 = FACE_BOUND('',#2230,.F.);
#2230 = EDGE_LOOP('',(#2231,#2242,#2251,#2260,#2268));
#2231 = ORIENTED_EDGE('',*,*,#2232,.F.);
#2232 = EDGE_CURVE('',#2233,#2235,#2237,.T.);
#2233 = VERTEX_POINT('',#2234);
#2234 = CARTESIAN_POINT('',(12.37,-21.09119200876,-137.4));
#2235 = VERTEX_POINT('',#2236);
#2236 = CARTESIAN_POINT('',(11.74,-20.,-137.4));
#2237 = CIRCLE('',#2238,1.26);
#2238 = AXIS2_PLACEMENT_3D('',#2239,#2240,#2241);
#2239 = CARTESIAN_POINT('',(13.,-20.,-137.4));
#2240 = DIRECTION('',(-0.,0.,-1.));
#2241 = DIRECTION('',(-1.,0.,0.));
#2242 = ORIENTED_EDGE('',*,*,#2243,.F.);
#2243 = EDGE_CURVE('',#2244,#2233,#2246,.T.);
#2244 = VERTEX_POINT('',#2245);
#2245 = CARTESIAN_POINT('',(13.63,-21.09119200876,-137.4));
#2246 = CIRCLE('',#2247,1.26);
#2247 = AXIS2_PLACEMENT_3D('',#2248,#2249,#2250);
#2248 = CARTESIAN_POINT('',(13.,-20.,-137.4));
#2249 = DIRECTION('',(-0.,0.,-1.));
#2250 = DIRECTION('',(-1.,0.,0.));
#2251 = ORIENTED_EDGE('',*,*,#2252,.F.);
#2252 = EDGE_CURVE('',#2253,#2244,#2255,.T.);
#2253 = VERTEX_POINT('',#2254);
#2254 = CARTESIAN_POINT('',(14.26,-20.,-137.4));
#2255 = CIRCLE('',#2256,1.26);
#2256 = AXIS2_PLACEMENT_3D('',#2257,#2258,#2259);
#2257 = CARTESIAN_POINT('',(13.,-20.,-137.4));
#2258 = DIRECTION('',(-0.,0.,-1.));
#2259 = DIRECTION('',(-1.,0.,0.));
#2260 = ORIENTED_EDGE('',*,*,#2261,.F.);
#2261 = EDGE_CURVE('',#2262,#2253,#2264,.T.);
#2262 = VERTEX_POINT('',#2263);
#2263 = CARTESIAN_POINT('',(13.,-20.,-136.6725386608));
#2264 = LINE('',#2265,#2266);
#2265 = CARTESIAN_POINT('',(14.26,-20.,-137.4));
#2266 = VECTOR('',#2267,1.);
#2267 = DIRECTION('',(0.866025403784,1.1E-16,-0.5));
#2268 = ORIENTED_EDGE('',*,*,#2269,.T.);
#2269 = EDGE_CURVE('',#2262,#2235,#2270,.T.);
#2270 = LINE('',#2271,#2272);
#2271 = CARTESIAN_POINT('',(11.74,-20.,-137.4));
#2272 = VECTOR('',#2273,1.);
#2273 = DIRECTION('',(-0.866025403784,0.,-0.5));
#2274 = CONICAL_SURFACE('',#2275,1.26,1.047197551197);
#2275 = AXIS2_PLACEMENT_3D('',#2276,#2277,#2278);
#2276 = CARTESIAN_POINT('',(13.,-20.,-137.4));
#2277 = DIRECTION('',(-0.,-0.,-1.));
#2278 = DIRECTION('',(-1.,0.,0.));
#2279 = ADVANCED_FACE('',(#2280),#2316,.T.);
#2280 = FACE_BOUND('',#2281,.T.);
#2281 = EDGE_LOOP('',(#2282,#2293,#2301,#2310));
#2282 = ORIENTED_EDGE('',*,*,#2283,.F.);
#2283 = EDGE_CURVE('',#2284,#2286,#2288,.T.);
#2284 = VERTEX_POINT('',#2285);
#2285 = CARTESIAN_POINT('',(-9.18,-20.,-138.72));
#2286 = VERTEX_POINT('',#2287);
#2287 = CARTESIAN_POINT('',(-16.82,-20.,-138.72));
#2288 = CIRCLE('',#2289,3.82);
#2289 = AXIS2_PLACEMENT_3D('',#2290,#2291,#2292);
#2290 = CARTESIAN_POINT('',(-13.,-20.,-138.72));
#2291 = DIRECTION('',(0.,-0.,1.));
#2292 = DIRECTION('',(-1.,0.,0.));
#2293 = ORIENTED_EDGE('',*,*,#2294,.T.);
#2294 = EDGE_CURVE('',#2284,#2295,#2297,.T.);
#2295 = VERTEX_POINT('',#2296);
#2296 = CARTESIAN_POINT('',(-9.18,-20.,-139.2));
#2297 = LINE('',#2298,#2299);
#2298 = CARTESIAN_POINT('',(-9.18,-20.,-139.2));
#2299 = VECTOR('',#2300,1.);
#2300 = DIRECTION('',(-0.,-0.,-1.));
#2301 = ORIENTED_EDGE('',*,*,#2302,.F.);
#2302 = EDGE_CURVE('',#2303,#2295,#2305,.T.);
#2303 = VERTEX_POINT('',#2304);
#2304 = CARTESIAN_POINT('',(-16.82,-20.,-139.2));
#2305 = CIRCLE('',#2306,3.82);
#2306 = AXIS2_PLACEMENT_3D('',#2307,#2308,#2309);
#2307 = CARTESIAN_POINT('',(-13.,-20.,-139.2));
#2308 = DIRECTION('',(-0.,0.,-1.));
#2309 = DIRECTION('',(-1.,0.,0.));
#2310 = ORIENTED_EDGE('',*,*,#2311,.F.);
#2311 = EDGE_CURVE('',#2286,#2303,#2312,.T.);
#2312 = LINE('',#2313,#2314);
#2313 = CARTESIAN_POINT('',(-16.82,-20.,-139.2));
#2314 = VECTOR('',#2315,1.);
#2315 = DIRECTION('',(-0.,-0.,-1.));
#2316 = CYLINDRICAL_SURFACE('',#2317,3.82);
#2317 = AXIS2_PLACEMENT_3D('',#2318,#2319,#2320);
#2318 = CARTESIAN_POINT('',(-13.,-20.,-139.2));
#2319 = DIRECTION('',(-0.,-0.,-1.));
#2320 = DIRECTION('',(-1.,0.,0.));
#2321 = ADVANCED_FACE('',(#2322),#2367,.F.);
#2322 = FACE_BOUND('',#2323,.F.);
#2323 = EDGE_LOOP('',(#2324,#2335,#2344,#2353,#2361));
#2324 = ORIENTED_EDGE('',*,*,#2325,.F.);
#2325 = EDGE_CURVE('',#2326,#2328,#2330,.T.);
#2326 = VERTEX_POINT('',#2327);
#2327 = CARTESIAN_POINT('',(-13.63,-21.09119200876,-137.4));
#2328 = VERTEX_POINT('',#2329);
#2329 = CARTESIAN_POINT('',(-14.26,-20.,-137.4));
#2330 = CIRCLE('',#2331,1.26);
#2331 = AXIS2_PLACEMENT_3D('',#2332,#2333,#2334);
#2332 = CARTESIAN_POINT('',(-13.,-20.,-137.4));
#2333 = DIRECTION('',(-0.,0.,-1.));
#2334 = DIRECTION('',(-1.,0.,0.));
#2335 = ORIENTED_EDGE('',*,*,#2336,.F.);
#2336 = EDGE_CURVE('',#2337,#2326,#2339,.T.);
#2337 = VERTEX_POINT('',#2338);
#2338 = CARTESIAN_POINT('',(-12.37,-21.09119200876,-137.4));
#2339 = CIRCLE('',#2340,1.26);
#2340 = AXIS2_PLACEMENT_3D('',#2341,#2342,#2343);
#2341 = CARTESIAN_POINT('',(-13.,-20.,-137.4));
#2342 = DIRECTION('',(-0.,0.,-1.));
#2343 = DIRECTION('',(-1.,0.,0.));
#2344 = ORIENTED_EDGE('',*,*,#2345,.F.);
#2345 = EDGE_CURVE('',#2346,#2337,#2348,.T.);
#2346 = VERTEX_POINT('',#2347);
#2347 = CARTESIAN_POINT('',(-11.74,-20.,-137.4));
#2348 = CIRCLE('',#2349,1.26);
#2349 = AXIS2_PLACEMENT_3D('',#2350,#2351,#2352);
#2350 = CARTESIAN_POINT('',(-13.,-20.,-137.4));
#2351 = DIRECTION('',(-0.,0.,-1.));
#2352 = DIRECTION('',(-1.,0.,0.));
#2353 = ORIENTED_EDGE('',*,*,#2354,.F.);
#2354 = EDGE_CURVE('',#2355,#2346,#2357,.T.);
#2355 = VERTEX_POINT('',#2356);
#2356 = CARTESIAN_POINT('',(-13.,-20.,-136.6725386608));
#2357 = LINE('',#2358,#2359);
#2358 = CARTESIAN_POINT('',(-11.74,-20.,-137.4));
#2359 = VECTOR('',#2360,1.);
#2360 = DIRECTION('',(0.866025403784,1.1E-16,-0.5));
#2361 = ORIENTED_EDGE('',*,*,#2362,.T.);
#2362 = EDGE_CURVE('',#2355,#2328,#2363,.T.);
#2363 = LINE('',#2364,#2365);
#2364 = CARTESIAN_POINT('',(-14.26,-20.,-137.4));
#2365 = VECTOR('',#2366,1.);
#2366 = DIRECTION('',(-0.866025403784,0.,-0.5));
#2367 = CONICAL_SURFACE('',#2368,1.26,1.047197551197);
#2368 = AXIS2_PLACEMENT_3D('',#2369,#2370,#2371);
#2369 = CARTESIAN_POINT('',(-13.,-20.,-137.4));
#2370 = DIRECTION('',(-0.,-0.,-1.));
#2371 = DIRECTION('',(-1.,0.,0.));
#2372 = ADVANCED_FACE('',(#2373),#2409,.T.);
#2373 = FACE_BOUND('',#2374,.T.);
#2374 = EDGE_LOOP('',(#2375,#2386,#2394,#2403));
#2375 = ORIENTED_EDGE('',*,*,#2376,.F.);
#2376 = EDGE_CURVE('',#2377,#2379,#2381,.T.);
#2377 = VERTEX_POINT('',#2378);
#2378 = CARTESIAN_POINT('',(-9.18,20.,-138.72));
#2379 = VERTEX_POINT('',#2380);
#2380 = CARTESIAN_POINT('',(-16.82,20.,-138.72));
#2381 = CIRCLE('',#2382,3.82);
#2382 = AXIS2_PLACEMENT_3D('',#2383,#2384,#2385);
#2383 = CARTESIAN_POINT('',(-13.,20.,-138.72));
#2384 = DIRECTION('',(0.,-0.,1.));
#2385 = DIRECTION('',(-1.,0.,0.));
#2386 = ORIENTED_EDGE('',*,*,#2387,.T.);
#2387 = EDGE_CURVE('',#2377,#2388,#2390,.T.);
#2388 = VERTEX_POINT('',#2389);
#2389 = CARTESIAN_POINT('',(-9.18,20.,-139.2));
#2390 = LINE('',#2391,#2392);
#2391 = CARTESIAN_POINT('',(-9.18,20.,-139.2));
#2392 = VECTOR('',#2393,1.);
#2393 = DIRECTION('',(-0.,-0.,-1.));
#2394 = ORIENTED_EDGE('',*,*,#2395,.F.);
#2395 = EDGE_CURVE('',#2396,#2388,#2398,.T.);
#2396 = VERTEX_POINT('',#2397);
#2397 = CARTESIAN_POINT('',(-16.82,20.,-139.2));
#2398 = CIRCLE('',#2399,3.82);
#2399 = AXIS2_PLACEMENT_3D('',#2400,#2401,#2402);
#2400 = CARTESIAN_POINT('',(-13.,20.,-139.2));
#2401 = DIRECTION('',(-0.,0.,-1.));
#2402 = DIRECTION('',(-1.,0.,0.));
#2403 = ORIENTED_EDGE('',*,*,#2404,.F.);
#2404 = EDGE_CURVE('',#2379,#2396,#2405,.T.);
#2405 = LINE('',#2406,#2407);
#2406 = CARTESIAN_POINT('',(-16.82,20.,-139.2));
#2407 = VECTOR('',#2408,1.);
#2408 = DIRECTION('',(-0.,-0.,-1.));
#2409 = CYLINDRICAL_SURFACE('',#2410,3.82);
#2410 = AXIS2_PLACEMENT_3D('',#2411,#2412,#2413);
#2411 = CARTESIAN_POINT('',(-13.,20.,-139.2));
#2412 = DIRECTION('',(-0.,-0.,-1.));
#2413 = DIRECTION('',(-1.,0.,0.));
#2414 = ADVANCED_FACE('',(#2415),#2460,.F.);
#2415 = FACE_BOUND('',#2416,.F.);
#2416 = EDGE_LOOP('',(#2417,#2428,#2437,#2446,#2454));
#2417 = ORIENTED_EDGE('',*,*,#2418,.F.);
#2418 = EDGE_CURVE('',#2419,#2421,#2423,.T.);
#2419 = VERTEX_POINT('',#2420);
#2420 = CARTESIAN_POINT('',(-13.63,18.908807991232,-137.4));
#2421 = VERTEX_POINT('',#2422);
#2422 = CARTESIAN_POINT('',(-14.26,20.,-137.4));
#2423 = CIRCLE('',#2424,1.26);
#2424 = AXIS2_PLACEMENT_3D('',#2425,#2426,#2427);
#2425 = CARTESIAN_POINT('',(-13.,20.,-137.4));
#2426 = DIRECTION('',(-0.,0.,-1.));
#2427 = DIRECTION('',(-1.,0.,0.));
#2428 = ORIENTED_EDGE('',*,*,#2429,.F.);
#2429 = EDGE_CURVE('',#2430,#2419,#2432,.T.);
#2430 = VERTEX_POINT('',#2431);
#2431 = CARTESIAN_POINT('',(-12.37,18.908807991232,-137.4));
#2432 = CIRCLE('',#2433,1.26);
#2433 = AXIS2_PLACEMENT_3D('',#2434,#2435,#2436);
#2434 = CARTESIAN_POINT('',(-13.,20.,-137.4));
#2435 = DIRECTION('',(-0.,0.,-1.));
#2436 = DIRECTION('',(-1.,0.,0.));
#2437 = ORIENTED_EDGE('',*,*,#2438,.F.);
#2438 = EDGE_CURVE('',#2439,#2430,#2441,.T.);
#2439 = VERTEX_POINT('',#2440);
#2440 = CARTESIAN_POINT('',(-11.74,20.,-137.4));
#2441 = CIRCLE('',#2442,1.26);
#2442 = AXIS2_PLACEMENT_3D('',#2443,#2444,#2445);
#2443 = CARTESIAN_POINT('',(-13.,20.,-137.4));
#2444 = DIRECTION('',(-0.,0.,-1.));
#2445 = DIRECTION('',(-1.,0.,0.));
#2446 = ORIENTED_EDGE('',*,*,#2447,.F.);
#2447 = EDGE_CURVE('',#2448,#2439,#2450,.T.);
#2448 = VERTEX_POINT('',#2449);
#2449 = CARTESIAN_POINT('',(-13.,20.,-136.6725386608));
#2450 = LINE('',#2451,#2452);
#2451 = CARTESIAN_POINT('',(-11.74,20.,-137.4));
#2452 = VECTOR('',#2453,1.);
#2453 = DIRECTION('',(0.866025403784,1.1E-16,-0.5));
#2454 = ORIENTED_EDGE('',*,*,#2455,.T.);
#2455 = EDGE_CURVE('',#2448,#2421,#2456,.T.);
#2456 = LINE('',#2457,#2458);
#2457 = CARTESIAN_POINT('',(-14.26,20.,-137.4));
#2458 = VECTOR('',#2459,1.);
#2459 = DIRECTION('',(-0.866025403784,0.,-0.5));
#2460 = CONICAL_SURFACE('',#2461,1.26,1.047197551197);
#2461 = AXIS2_PLACEMENT_3D('',#2462,#2463,#2464);
#2462 = CARTESIAN_POINT('',(-13.,20.,-137.4));
#2463 = DIRECTION('',(-0.,-0.,-1.));
#2464 = DIRECTION('',(-1.,0.,0.));
#2465 = ADVANCED_FACE('',(#2466),#2502,.T.);
#2466 = FACE_BOUND('',#2467,.T.);
#2467 = EDGE_LOOP('',(#2468,#2479,#2487,#2496));
#2468 = ORIENTED_EDGE('',*,*,#2469,.F.);
#2469 = EDGE_CURVE('',#2470,#2472,#2474,.T.);
#2470 = VERTEX_POINT('',#2471);
#2471 = CARTESIAN_POINT('',(16.82,20.,-138.72));
#2472 = VERTEX_POINT('',#2473);
#2473 = CARTESIAN_POINT('',(9.18,20.,-138.72));
#2474 = CIRCLE('',#2475,3.82);
#2475 = AXIS2_PLACEMENT_3D('',#2476,#2477,#2478);
#2476 = CARTESIAN_POINT('',(13.,20.,-138.72));
#2477 = DIRECTION('',(0.,-0.,1.));
#2478 = DIRECTION('',(-1.,0.,0.));
#2479 = ORIENTED_EDGE('',*,*,#2480,.T.);
#2480 = EDGE_CURVE('',#2470,#2481,#2483,.T.);
#2481 = VERTEX_POINT('',#2482);
#2482 = CARTESIAN_POINT('',(16.82,20.,-139.2));
#2483 = LINE('',#2484,#2485);
#2484 = CARTESIAN_POINT('',(16.82,20.,-139.2));
#2485 = VECTOR('',#2486,1.);
#2486 = DIRECTION('',(-0.,-0.,-1.));
#2487 = ORIENTED_EDGE('',*,*,#2488,.F.);
#2488 = EDGE_CURVE('',#2489,#2481,#2491,.T.);
#2489 = VERTEX_POINT('',#2490);
#2490 = CARTESIAN_POINT('',(9.18,20.,-139.2));
#2491 = CIRCLE('',#2492,3.82);
#2492 = AXIS2_PLACEMENT_3D('',#2493,#2494,#2495);
#2493 = CARTESIAN_POINT('',(13.,20.,-139.2));
#2494 = DIRECTION('',(-0.,0.,-1.));
#2495 = DIRECTION('',(-1.,0.,0.));
#2496 = ORIENTED_EDGE('',*,*,#2497,.F.);
#2497 = EDGE_CURVE('',#2472,#2489,#2498,.T.);
#2498 = LINE('',#2499,#2500);
#2499 = CARTESIAN_POINT('',(9.18,20.,-139.2));
#2500 = VECTOR('',#2501,1.);
#2501 = DIRECTION('',(-0.,-0.,-1.));
#2502 = CYLINDRICAL_SURFACE('',#2503,3.82);
#2503 = AXIS2_PLACEMENT_3D('',#2504,#2505,#2506);
#2504 = CARTESIAN_POINT('',(13.,20.,-139.2));
#2505 = DIRECTION('',(-0.,-0.,-1.));
#2506 = DIRECTION('',(-1.,0.,0.));
#2507 = ADVANCED_FACE('',(#2508),#2553,.F.);
#2508 = FACE_BOUND('',#2509,.F.);
#2509 = EDGE_LOOP('',(#2510,#2521,#2530,#2539,#2547));
#2510 = ORIENTED_EDGE('',*,*,#2511,.F.);
#2511 = EDGE_CURVE('',#2512,#2514,#2516,.T.);
#2512 = VERTEX_POINT('',#2513);
#2513 = CARTESIAN_POINT('',(12.37,18.908807991232,-137.4));
#2514 = VERTEX_POINT('',#2515);
#2515 = CARTESIAN_POINT('',(11.74,20.,-137.4));
#2516 = CIRCLE('',#2517,1.26);
#2517 = AXIS2_PLACEMENT_3D('',#2518,#2519,#2520);
#2518 = CARTESIAN_POINT('',(13.,20.,-137.4));
#2519 = DIRECTION('',(-0.,0.,-1.));
#2520 = DIRECTION('',(-1.,0.,0.));
#2521 = ORIENTED_EDGE('',*,*,#2522,.F.);
#2522 = EDGE_CURVE('',#2523,#2512,#2525,.T.);
#2523 = VERTEX_POINT('',#2524);
#2524 = CARTESIAN_POINT('',(13.63,18.908807991232,-137.4));
#2525 = CIRCLE('',#2526,1.26);
#2526 = AXIS2_PLACEMENT_3D('',#2527,#2528,#2529);
#2527 = CARTESIAN_POINT('',(13.,20.,-137.4));
#2528 = DIRECTION('',(-0.,0.,-1.));
#2529 = DIRECTION('',(-1.,0.,0.));
#2530 = ORIENTED_EDGE('',*,*,#2531,.F.);
#2531 = EDGE_CURVE('',#2532,#2523,#2534,.T.);
#2532 = VERTEX_POINT('',#2533);
#2533 = CARTESIAN_POINT('',(14.26,20.,-137.4));
#2534 = CIRCLE('',#2535,1.26);
#2535 = AXIS2_PLACEMENT_3D('',#2536,#2537,#2538);
#2536 = CARTESIAN_POINT('',(13.,20.,-137.4));
#2537 = DIRECTION('',(-0.,0.,-1.));
#2538 = DIRECTION('',(-1.,0.,0.));
#2539 = ORIENTED_EDGE('',*,*,#2540,.F.);
#2540 = EDGE_CURVE('',#2541,#2532,#2543,.T.);
#2541 = VERTEX_POINT('',#2542);
#2542 = CARTESIAN_POINT('',(13.,20.,-136.6725386608));
#2543 = LINE('',#2544,#2545);
#2544 = CARTESIAN_POINT('',(14.26,20.,-137.4));
#2545 = VECTOR('',#2546,1.);
#2546 = DIRECTION('',(0.866025403784,1.1E-16,-0.5));
#2547 = ORIENTED_EDGE('',*,*,#2548,.T.);
#2548 = EDGE_CURVE('',#2541,#2514,#2549,.T.);
#2549 = LINE('',#2550,#2551);
#2550 = CARTESIAN_POINT('',(11.74,20.,-137.4));
#2551 = VECTOR('',#2552,1.);
#2552 = DIRECTION('',(-0.866025403784,0.,-0.5));
#2553 = CONICAL_SURFACE('',#2554,1.26,1.047197551197);
#2554 = AXIS2_PLACEMENT_3D('',#2555,#2556,#2557);
#2555 = CARTESIAN_POINT('',(13.,20.,-137.4));
#2556 = DIRECTION('',(-0.,-0.,-1.));
#2557 = DIRECTION('',(-1.,0.,0.));
#2558 = ADVANCED_FACE('',(#2559),#2593,.F.);
#2559 = FACE_BOUND('',#2560,.F.);
#2560 = EDGE_LOOP('',(#2561,#2578,#2586));
#2561 = ORIENTED_EDGE('',*,*,#2562,.T.);
#2562 = EDGE_CURVE('',#2563,#2565,#2567,.T.);
#2563 = VERTEX_POINT('',#2564);
#2564 = CARTESIAN_POINT('',(-9.6,2.8,-148.6934003354));
#2565 = VERTEX_POINT('',#2566);
#2566 = CARTESIAN_POINT('',(-10.,0.,-148.));
#2567 = B_SPLINE_CURVE_WITH_KNOTS('',3,(#2568,#2569,#2570,#2571,#2572,
    #2573,#2574,#2575,#2576,#2577),.UNSPECIFIED.,.F.,.F.,(4,2,2,2,4),(
    3.553670135341E-02,3.62677364078E-02,3.699877146219E-02,
    3.772980651658E-02,3.846084157096E-02),.UNSPECIFIED.);
#2568 = CARTESIAN_POINT('',(-9.6,2.8,-148.6934003354));
#2569 = CARTESIAN_POINT('',(-9.661426047143,2.589396409795,
    -148.582276435));
#2570 = CARTESIAN_POINT('',(-9.718224869459,2.368299081335,
    -148.4819537044));
#2571 = CARTESIAN_POINT('',(-9.816694981886,1.919696534516,
    -148.3103215667));
#2572 = CARTESIAN_POINT('',(-9.858865762105,1.690736747919,
    -148.2381016244));
#2573 = CARTESIAN_POINT('',(-9.927714972459,1.223233539264,
    -148.1210746433));
#2574 = CARTESIAN_POINT('',(-9.954400086812,0.984692637195,
    -148.076261913));
#2575 = CARTESIAN_POINT('',(-9.990612191946,0.497361747838,
    -148.0156099889));
#2576 = CARTESIAN_POINT('',(-10.,0.247555353945,-148.));
#2577 = CARTESIAN_POINT('',(-10.,0.,-148.));
#2578 = ORIENTED_EDGE('',*,*,#2579,.F.);
#2579 = EDGE_CURVE('',#2580,#2565,#2582,.T.);
#2580 = VERTEX_POINT('',#2581);
#2581 = CARTESIAN_POINT('',(-9.6,-0.,-148.));
#2582 = LINE('',#2583,#2584);
#2583 = CARTESIAN_POINT('',(23.5,0.,-148.));
#2584 = VECTOR('',#2585,1.);
#2585 = DIRECTION('',(-1.,0.,0.));
#2586 = ORIENTED_EDGE('',*,*,#2587,.F.);
#2587 = EDGE_CURVE('',#2563,#2580,#2588,.T.);
#2588 = CIRCLE('',#2589,6.);
#2589 = AXIS2_PLACEMENT_3D('',#2590,#2591,#2592);
#2590 = CARTESIAN_POINT('',(-9.6,-1.E-15,-154.));
#2591 = DIRECTION('',(1.,-1.7E-16,0.));
#2592 = DIRECTION('',(1.7E-16,1.,0.));
#2593 = CYLINDRICAL_SURFACE('',#2594,6.);
#2594 = AXIS2_PLACEMENT_3D('',#2595,#2596,#2597);
#2595 = CARTESIAN_POINT('',(23.5,0.,-154.));
#2596 = DIRECTION('',(-1.,0.,0.));
#2597 = DIRECTION('',(0.,0.,1.));
#2598 = ADVANCED_FACE('',(#2599),#2637,.T.);
#2599 = FACE_BOUND('',#2600,.T.);
#2600 = EDGE_LOOP('',(#2601,#2612,#2621,#2630));
#2601 = ORIENTED_EDGE('',*,*,#2602,.F.);
#2602 = EDGE_CURVE('',#2603,#2605,#2607,.T.);
#2603 = VERTEX_POINT('',#2604);
#2604 = CARTESIAN_POINT('',(-23.5,0.,-138.));
#2605 = VERTEX_POINT('',#2606);
#2606 = CARTESIAN_POINT('',(-22.09630951818,-8.000194102437,-138.));
#2607 = CIRCLE('',#2608,23.5);
#2608 = AXIS2_PLACEMENT_3D('',#2609,#2610,#2611);
#2609 = CARTESIAN_POINT('',(1.08E-15,4.3E-16,-138.));
#2610 = DIRECTION('',(0.,-0.,1.));
#2611 = DIRECTION('',(-1.,0.,0.));
#2612 = ORIENTED_EDGE('',*,*,#2613,.T.);
#2613 = EDGE_CURVE('',#2603,#2614,#2616,.T.);
#2614 = VERTEX_POINT('',#2615);
#2615 = CARTESIAN_POINT('',(-22.5,0.,-139.));
#2616 = CIRCLE('',#2617,1.);
#2617 = AXIS2_PLACEMENT_3D('',#2618,#2619,#2620);
#2618 = CARTESIAN_POINT('',(-22.5,4.3E-16,-138.));
#2619 = DIRECTION('',(0.,-1.,-0.));
#2620 = DIRECTION('',(0.,0.,-1.));
#2621 = ORIENTED_EDGE('',*,*,#2622,.F.);
#2622 = EDGE_CURVE('',#2623,#2614,#2625,.T.);
#2623 = VERTEX_POINT('',#2624);
#2624 = CARTESIAN_POINT('',(-21.15604102804,-7.659760310844,-139.));
#2625 = CIRCLE('',#2626,22.5);
#2626 = AXIS2_PLACEMENT_3D('',#2627,#2628,#2629);
#2627 = CARTESIAN_POINT('',(1.08E-15,4.3E-16,-139.));
#2628 = DIRECTION('',(0.,0.,-1.));
#2629 = DIRECTION('',(-1.,0.,0.));
#2630 = ORIENTED_EDGE('',*,*,#2631,.T.);
#2631 = EDGE_CURVE('',#2623,#2605,#2632,.T.);
#2632 = CIRCLE('',#2633,1.);
#2633 = AXIS2_PLACEMENT_3D('',#2634,#2635,#2636);
#2634 = CARTESIAN_POINT('',(-21.15604102804,-7.659760310844,-138.));
#2635 = DIRECTION('',(-0.340433791593,0.940268490135,0.));
#2636 = DIRECTION('',(0.940268490135,0.340433791593,0.));
#2637 = TOROIDAL_SURFACE('',#2638,22.5,1.);
#2638 = AXIS2_PLACEMENT_3D('',#2639,#2640,#2641);
#2639 = CARTESIAN_POINT('',(1.08E-15,4.3E-16,-138.));
#2640 = DIRECTION('',(0.,0.,-1.));
#2641 = DIRECTION('',(-1.,0.,0.));
#2642 = ADVANCED_FACE('',(#2643),#2699,.F.);
#2643 = FACE_BOUND('',#2644,.F.);
#2644 = EDGE_LOOP('',(#2645,#2653,#2664,#2677,#2686,#2692));
#2645 = ORIENTED_EDGE('',*,*,#2646,.T.);
#2646 = EDGE_CURVE('',#2286,#2647,#2649,.T.);
#2647 = VERTEX_POINT('',#2648);
#2648 = CARTESIAN_POINT('',(-16.94723444829,-20.,-138.8472344482));
#2649 = LINE('',#2650,#2651);
#2650 = CARTESIAN_POINT('',(-17.1,-20.,-139.));
#2651 = VECTOR('',#2652,1.);
#2652 = DIRECTION('',(-0.707106781187,0.,-0.707106781187));
#2653 = ORIENTED_EDGE('',*,*,#2654,.F.);
#2654 = EDGE_CURVE('',#2655,#2647,#2657,.T.);
#2655 = VERTEX_POINT('',#2656);
#2656 = CARTESIAN_POINT('',(-16.56688211903,-21.4473334035,
    -138.7493404671));
#2657 = B_SPLINE_CURVE_WITH_KNOTS('',3,(#2658,#2659,#2660,#2661,#2662,
    #2663),.UNSPECIFIED.,.F.,.F.,(4,2,4),(0.,7.551843970874E-04,
    1.510368794175E-03),.UNSPECIFIED.);
#2658 = CARTESIAN_POINT('',(-16.56688211903,-21.4473334035,
    -138.7493404671));
#2659 = CARTESIAN_POINT('',(-16.65733742879,-21.21221250676,
    -138.7447539929));
#2660 = CARTESIAN_POINT('',(-16.73612628702,-20.97211558588,
    -138.7524676191));
#2661 = CARTESIAN_POINT('',(-16.86546147167,-20.48928607678,
    -138.7883224744));
#2662 = CARTESIAN_POINT('',(-16.91636811873,-20.24635217917,
    -138.8163681187));
#2663 = CARTESIAN_POINT('',(-16.94723444829,-20.,-138.8472344482));
#2664 = ORIENTED_EDGE('',*,*,#2665,.F.);
#2665 = EDGE_CURVE('',#2666,#2655,#2668,.T.);
#2666 = VERTEX_POINT('',#2667);
#2667 = CARTESIAN_POINT('',(-14.71805545691,-23.65805577125,
    -138.9414213562));
#2668 = B_SPLINE_CURVE_WITH_KNOTS('',3,(#2669,#2670,#2671,#2672,#2673,
    #2674,#2675,#2676),.UNSPECIFIED.,.F.,.F.,(4,2,2,4),(0.,
    7.450974690019E-04,1.490194938004E-03,2.980389876008E-03),
  .UNSPECIFIED.);
#2669 = CARTESIAN_POINT('',(-14.71805545691,-23.65805577125,
    -138.9414213562));
#2670 = CARTESIAN_POINT('',(-14.94349982811,-23.55217276771,
    -138.9414213562));
#2671 = CARTESIAN_POINT('',(-15.14879115352,-23.40954796921,
    -138.9227833495));
#2672 = CARTESIAN_POINT('',(-15.52128305414,-23.09164890986,
    -138.8819123951));
#2673 = CARTESIAN_POINT('',(-15.69114680568,-22.91272743173,
    -138.8580486073));
#2674 = CARTESIAN_POINT('',(-16.15205158278,-22.33583823612,
    -138.7924485446));
#2675 = CARTESIAN_POINT('',(-16.38901518057,-21.90966374305,
    -138.7583590878));
#2676 = CARTESIAN_POINT('',(-16.56688211903,-21.4473334035,
    -138.7493404671));
#2677 = ORIENTED_EDGE('',*,*,#2678,.F.);
#2678 = EDGE_CURVE('',#2679,#2666,#2681,.T.);
#2679 = VERTEX_POINT('',#2680);
#2680 = CARTESIAN_POINT('',(-8.958578643763,-20.,-138.9414213562));
#2681 = CIRCLE('',#2682,4.041421356237);
#2682 = AXIS2_PLACEMENT_3D('',#2683,#2684,#2685);
#2683 = CARTESIAN_POINT('',(-13.,-20.,-138.9414213562));
#2684 = DIRECTION('',(0.,0.,-1.));
#2685 = DIRECTION('',(1.,0.,0.));
#2686 = ORIENTED_EDGE('',*,*,#2687,.F.);
#2687 = EDGE_CURVE('',#2284,#2679,#2688,.T.);
#2688 = LINE('',#2689,#2690);
#2689 = CARTESIAN_POINT('',(-8.9,-20.,-139.));
#2690 = VECTOR('',#2691,1.);
#2691 = DIRECTION('',(0.707106781187,9.E-17,-0.707106781187));
#2692 = ORIENTED_EDGE('',*,*,#2693,.F.);
#2693 = EDGE_CURVE('',#2286,#2284,#2694,.T.);
#2694 = CIRCLE('',#2695,3.82);
#2695 = AXIS2_PLACEMENT_3D('',#2696,#2697,#2698);
#2696 = CARTESIAN_POINT('',(-13.,-20.,-138.72));
#2697 = DIRECTION('',(0.,-0.,1.));
#2698 = DIRECTION('',(-1.,0.,0.));
#2699 = CONICAL_SURFACE('',#2700,4.1,0.785398163397);
#2700 = AXIS2_PLACEMENT_3D('',#2701,#2702,#2703);
#2701 = CARTESIAN_POINT('',(-13.,-20.,-139.));
#2702 = DIRECTION('',(0.,0.,-1.));
#2703 = DIRECTION('',(-1.,0.,0.));
#2704 = ADVANCED_FACE('',(#2705),#2761,.F.);
#2705 = FACE_BOUND('',#2706,.F.);
#2706 = EDGE_LOOP('',(#2707,#2715,#2724,#2737,#2748,#2754));
#2707 = ORIENTED_EDGE('',*,*,#2708,.T.);
#2708 = EDGE_CURVE('',#2193,#2709,#2711,.T.);
#2709 = VERTEX_POINT('',#2710);
#2710 = CARTESIAN_POINT('',(8.958578643763,-20.,-138.9414213562));
#2711 = LINE('',#2712,#2713);
#2712 = CARTESIAN_POINT('',(8.9,-20.,-139.));
#2713 = VECTOR('',#2714,1.);
#2714 = DIRECTION('',(-0.707106781187,0.,-0.707106781187));
#2715 = ORIENTED_EDGE('',*,*,#2716,.F.);
#2716 = EDGE_CURVE('',#2717,#2709,#2719,.T.);
#2717 = VERTEX_POINT('',#2718);
#2718 = CARTESIAN_POINT('',(14.718055456914,-23.65805577125,
    -138.9414213562));
#2719 = CIRCLE('',#2720,4.041421356237);
#2720 = AXIS2_PLACEMENT_3D('',#2721,#2722,#2723);
#2721 = CARTESIAN_POINT('',(13.,-20.,-138.9414213562));
#2722 = DIRECTION('',(0.,0.,-1.));
#2723 = DIRECTION('',(1.,0.,0.));
#2724 = ORIENTED_EDGE('',*,*,#2725,.F.);
#2725 = EDGE_CURVE('',#2726,#2717,#2728,.T.);
#2726 = VERTEX_POINT('',#2727);
#2727 = CARTESIAN_POINT('',(16.566882119038,-21.4473334035,
    -138.7493404671));
#2728 = B_SPLINE_CURVE_WITH_KNOTS('',3,(#2729,#2730,#2731,#2732,#2733,
    #2734,#2735,#2736),.UNSPECIFIED.,.F.,.F.,(4,2,2,4),(0.,
    1.479107745095E-03,2.218661617642E-03,2.95821549019E-03),
  .UNSPECIFIED.);
#2729 = CARTESIAN_POINT('',(16.566882119038,-21.4473334035,
    -138.7493404671));
#2730 = CARTESIAN_POINT('',(16.389255608596,-21.9090387974,
    -138.758346897));
#2731 = CARTESIAN_POINT('',(16.146059325679,-22.34427249007,
    -138.7933183569));
#2732 = CARTESIAN_POINT('',(15.689319551581,-22.91454002623,
    -138.8583000738));
#2733 = CARTESIAN_POINT('',(15.52080043333,-23.09231584702,
    -138.8820069866));
#2734 = CARTESIAN_POINT('',(15.145137321839,-23.41240841696,
    -138.9231421616));
#2735 = CARTESIAN_POINT('',(14.943542558025,-23.55215269903,
    -138.9414213562));
#2736 = CARTESIAN_POINT('',(14.718055456914,-23.65805577125,
    -138.9414213562));
#2737 = ORIENTED_EDGE('',*,*,#2738,.F.);
#2738 = EDGE_CURVE('',#2739,#2726,#2741,.T.);
#2739 = VERTEX_POINT('',#2740);
#2740 = CARTESIAN_POINT('',(16.947234448297,-19.99999999998,
    -138.8472344482));
#2741 = B_SPLINE_CURVE_WITH_KNOTS('',3,(#2742,#2743,#2744,#2745,#2746,
    #2747),.UNSPECIFIED.,.F.,.F.,(4,2,4),(9.891154478436E-04,
    1.739084088808E-03,2.489052729773E-03),.UNSPECIFIED.);
#2742 = CARTESIAN_POINT('',(16.947234448297,-19.99999999998,
    -138.8472344482));
#2743 = CARTESIAN_POINT('',(16.916102216818,-20.24847441132,
    -138.8161022168));
#2744 = CARTESIAN_POINT('',(16.864822480999,-20.49198865735,
    -138.7880667152));
#2745 = CARTESIAN_POINT('',(16.735641448503,-20.97360567146,
    -138.7524125128));
#2746 = CARTESIAN_POINT('',(16.657551377855,-21.21165638799,
    -138.7447431447));
#2747 = CARTESIAN_POINT('',(16.566882119038,-21.4473334035,
    -138.7493404671));
#2748 = ORIENTED_EDGE('',*,*,#2749,.F.);
#2749 = EDGE_CURVE('',#2191,#2739,#2750,.T.);
#2750 = LINE('',#2751,#2752);
#2751 = CARTESIAN_POINT('',(17.1,-20.,-139.));
#2752 = VECTOR('',#2753,1.);
#2753 = DIRECTION('',(0.707106781187,9.E-17,-0.707106781187));
#2754 = ORIENTED_EDGE('',*,*,#2755,.F.);
#2755 = EDGE_CURVE('',#2193,#2191,#2756,.T.);
#2756 = CIRCLE('',#2757,3.82);
#2757 = AXIS2_PLACEMENT_3D('',#2758,#2759,#2760);
#2758 = CARTESIAN_POINT('',(13.,-20.,-138.72));
#2759 = DIRECTION('',(0.,-0.,1.));
#2760 = DIRECTION('',(-1.,0.,0.));
#2761 = CONICAL_SURFACE('',#2762,4.1,0.785398163397);
#2762 = AXIS2_PLACEMENT_3D('',#2763,#2764,#2765);
#2763 = CARTESIAN_POINT('',(13.,-20.,-139.));
#2764 = DIRECTION('',(0.,0.,-1.));
#2765 = DIRECTION('',(-1.,0.,0.));
#2766 = ADVANCED_FACE('',(#2767),#2856,.F.);
#2767 = FACE_BOUND('',#2768,.F.);
#2768 = EDGE_LOOP('',(#2769,#2777,#2788,#2797,#2806,#2825,#2834,#2843,
    #2849));
#2769 = ORIENTED_EDGE('',*,*,#2770,.T.);
#2770 = EDGE_CURVE('',#2379,#2771,#2773,.T.);
#2771 = VERTEX_POINT('',#2772);
#2772 = CARTESIAN_POINT('',(-16.94723444829,19.999999999984,
    -138.8472344482));
#2773 = LINE('',#2774,#2775);
#2774 = CARTESIAN_POINT('',(-15.1,20.,-137.));
#2775 = VECTOR('',#2776,1.);
#2776 = DIRECTION('',(-0.707106781187,0.,-0.707106781187));
#2777 = ORIENTED_EDGE('',*,*,#2778,.F.);
#2778 = EDGE_CURVE('',#2779,#2771,#2781,.T.);
#2779 = VERTEX_POINT('',#2780);
#2780 = CARTESIAN_POINT('',(-16.91976035642,19.015842834269,
    -138.9414213562));
#2781 = B_SPLINE_CURVE_WITH_KNOTS('',3,(#2782,#2783,#2784,#2785,#2786,
    #2787),.UNSPECIFIED.,.F.,.F.,(4,2,4),(0.,4.945577239218E-04,
    9.891154478437E-04),.UNSPECIFIED.);
#2782 = CARTESIAN_POINT('',(-16.91976035642,19.015842834269,
    -138.9414213562));
#2783 = CARTESIAN_POINT('',(-16.96097267509,19.179985735995,
    -138.9414213562));
#2784 = CARTESIAN_POINT('',(-16.97518018619,19.343669716976,
    -138.9257027958));
#2785 = CARTESIAN_POINT('',(-16.97924090873,19.67150115994,-138.88945181
    ));
#2786 = CARTESIAN_POINT('',(-16.96776422074,19.83614656317,
    -138.8677642207));
#2787 = CARTESIAN_POINT('',(-16.94723444829,19.999999999984,
    -138.8472344482));
#2788 = ORIENTED_EDGE('',*,*,#2789,.F.);
#2789 = EDGE_CURVE('',#2790,#2779,#2792,.T.);
#2790 = VERTEX_POINT('',#2791);
#2791 = CARTESIAN_POINT('',(-12.98213674635,15.958618122125,
    -138.9414213562));
#2792 = CIRCLE('',#2793,4.041421356237);
#2793 = AXIS2_PLACEMENT_3D('',#2794,#2795,#2796);
#2794 = CARTESIAN_POINT('',(-13.,20.,-138.9414213562));
#2795 = DIRECTION('',(0.,0.,-1.));
#2796 = DIRECTION('',(1.,0.,0.));
#2797 = ORIENTED_EDGE('',*,*,#2798,.F.);
#2798 = EDGE_CURVE('',#2799,#2790,#2801,.T.);
#2799 = VERTEX_POINT('',#2800);
#2800 = CARTESIAN_POINT('',(-12.81756206233,15.960950225695,
    -138.9431679015));
#2801 = B_SPLINE_CURVE_WITH_KNOTS('',3,(#2802,#2803,#2804,#2805),
  .UNSPECIFIED.,.F.,.F.,(4,4),(0.,1.646004731042E-04),
  .PIECEWISE_BEZIER_KNOTS.);
#2802 = CARTESIAN_POINT('',(-12.81756206233,15.960950225695,
    -138.9431679015));
#2803 = CARTESIAN_POINT('',(-12.87240078952,15.959618565137,
    -138.942023744));
#2804 = CARTESIAN_POINT('',(-12.92727045794,15.958860635813,
    -138.9414213562));
#2805 = CARTESIAN_POINT('',(-12.98213674635,15.958618122125,
    -138.9414213562));
#2806 = ORIENTED_EDGE('',*,*,#2807,.F.);
#2807 = EDGE_CURVE('',#2808,#2799,#2810,.T.);
#2808 = VERTEX_POINT('',#2809);
#2809 = CARTESIAN_POINT('',(-9.382842321547,18.193518057207,
    -138.9431679015));
#2810 = B_SPLINE_CURVE_WITH_KNOTS('',3,(#2811,#2812,#2813,#2814,#2815,
    #2816,#2817,#2818,#2819,#2820,#2821,#2822,#2823,#2824),
  .UNSPECIFIED.,.F.,.F.,(4,2,2,2,2,2,4),(0.,1.074379826907E-03,
    1.611569740361E-03,2.148759653814E-03,2.685949567268E-03,
    3.223139480722E-03,4.297519307629E-03),.UNSPECIFIED.);
#2811 = CARTESIAN_POINT('',(-9.382842321547,18.193518057207,
    -138.9431679015));
#2812 = CARTESIAN_POINT('',(-9.537928012576,17.866072702989,
    -138.9507250256));
#2813 = CARTESIAN_POINT('',(-9.734408310158,17.566662699057,
    -138.9564874159));
#2814 = CARTESIAN_POINT('',(-10.09012059869,17.158863042842,
    -138.9628715217));
#2815 = CARTESIAN_POINT('',(-10.21853658661,17.030780336946,
    -138.9645772553));
#2816 = CARTESIAN_POINT('',(-10.48869845837,16.796086040166,
    -138.96690106));
#2817 = CARTESIAN_POINT('',(-10.631248419,16.688530976911,
    -138.9675231984));
#2818 = CARTESIAN_POINT('',(-10.93141391632,16.493171389944,
    -138.9675335416));
#2819 = CARTESIAN_POINT('',(-11.09036013777,16.404802480263,
    -138.966909088));
#2820 = CARTESIAN_POINT('',(-11.4165562793,16.252218544516,
    -138.9645712905));
#2821 = CARTESIAN_POINT('',(-11.58350541537,16.18785028836,
    -138.9628838398));
#2822 = CARTESIAN_POINT('',(-12.09555692412,16.029426256259,
    -138.956575426));
#2823 = CARTESIAN_POINT('',(-12.45535947617,15.969745668675,
    -138.9507249117));
#2824 = CARTESIAN_POINT('',(-12.81756206233,15.960950225695,
    -138.9431679015));
#2825 = ORIENTED_EDGE('',*,*,#2826,.F.);
#2826 = EDGE_CURVE('',#2827,#2808,#2829,.T.);
#2827 = VERTEX_POINT('',#2828);
#2828 = CARTESIAN_POINT('',(-9.313897776973,18.34297345222,
    -138.9414213562));
#2829 = B_SPLINE_CURVE_WITH_KNOTS('',3,(#2830,#2831,#2832,#2833),
  .UNSPECIFIED.,.F.,.F.,(4,4),(0.,1.646004731025E-04),
  .PIECEWISE_BEZIER_KNOTS.);
#2830 = CARTESIAN_POINT('',(-9.313897776973,18.34297345222,
    -138.9414213562));
#2831 = CARTESIAN_POINT('',(-9.336393769486,18.292930483312,
    -138.9414213562));
#2832 = CARTESIAN_POINT('',(-9.359362164306,18.243093671531,
    -138.942023744));
#2833 = CARTESIAN_POINT('',(-9.382842321547,18.193518057207,
    -138.9431679015));
#2834 = ORIENTED_EDGE('',*,*,#2835,.F.);
#2835 = EDGE_CURVE('',#2836,#2827,#2838,.T.);
#2836 = VERTEX_POINT('',#2837);
#2837 = CARTESIAN_POINT('',(-8.958578643763,20.,-138.9414213562));
#2838 = CIRCLE('',#2839,4.041421356237);
#2839 = AXIS2_PLACEMENT_3D('',#2840,#2841,#2842);
#2840 = CARTESIAN_POINT('',(-13.,20.,-138.9414213562));
#2841 = DIRECTION('',(0.,0.,-1.));
#2842 = DIRECTION('',(1.,0.,0.));
#2843 = ORIENTED_EDGE('',*,*,#2844,.F.);
#2844 = EDGE_CURVE('',#2377,#2836,#2845,.T.);
#2845 = LINE('',#2846,#2847);
#2846 = CARTESIAN_POINT('',(-10.9,20.,-137.));
#2847 = VECTOR('',#2848,1.);
#2848 = DIRECTION('',(0.707106781187,9.E-17,-0.707106781187));
#2849 = ORIENTED_EDGE('',*,*,#2850,.F.);
#2850 = EDGE_CURVE('',#2379,#2377,#2851,.T.);
#2851 = CIRCLE('',#2852,3.82);
#2852 = AXIS2_PLACEMENT_3D('',#2853,#2854,#2855);
#2853 = CARTESIAN_POINT('',(-13.,20.,-138.72));
#2854 = DIRECTION('',(0.,-0.,1.));
#2855 = DIRECTION('',(-1.,0.,0.));
#2856 = CONICAL_SURFACE('',#2857,2.1,0.785398163397);
#2857 = AXIS2_PLACEMENT_3D('',#2858,#2859,#2860);
#2858 = CARTESIAN_POINT('',(-13.,20.,-137.));
#2859 = DIRECTION('',(0.,0.,-1.));
#2860 = DIRECTION('',(-1.,0.,0.));
#2861 = ADVANCED_FACE('',(#2862),#2951,.F.);
#2862 = FACE_BOUND('',#2863,.F.);
#2863 = EDGE_LOOP('',(#2864,#2872,#2881,#2890,#2909,#2918,#2927,#2938,
    #2944));
#2864 = ORIENTED_EDGE('',*,*,#2865,.T.);
#2865 = EDGE_CURVE('',#2472,#2866,#2868,.T.);
#2866 = VERTEX_POINT('',#2867);
#2867 = CARTESIAN_POINT('',(8.958578643763,20.,-138.9414213562));
#2868 = LINE('',#2869,#2870);
#2869 = CARTESIAN_POINT('',(10.9,20.,-137.));
#2870 = VECTOR('',#2871,1.);
#2871 = DIRECTION('',(-0.707106781187,0.,-0.707106781187));
#2872 = ORIENTED_EDGE('',*,*,#2873,.F.);
#2873 = EDGE_CURVE('',#2874,#2866,#2876,.T.);
#2874 = VERTEX_POINT('',#2875);
#2875 = CARTESIAN_POINT('',(9.313897776976,18.342973452213,
    -138.9414213562));
#2876 = CIRCLE('',#2877,4.041421356237);
#2877 = AXIS2_PLACEMENT_3D('',#2878,#2879,#2880);
#2878 = CARTESIAN_POINT('',(13.,20.,-138.9414213562));
#2879 = DIRECTION('',(0.,0.,-1.));
#2880 = DIRECTION('',(1.,0.,0.));
#2881 = ORIENTED_EDGE('',*,*,#2882,.F.);
#2882 = EDGE_CURVE('',#2883,#2874,#2885,.T.);
#2883 = VERTEX_POINT('',#2884);
#2884 = CARTESIAN_POINT('',(9.382842321549,18.193518057208,
    -138.9431679015));
#2885 = B_SPLINE_CURVE_WITH_KNOTS('',3,(#2886,#2887,#2888,#2889),
  .UNSPECIFIED.,.F.,.F.,(4,4),(0.,1.646004730947E-04),
  .PIECEWISE_BEZIER_KNOTS.);
#2886 = CARTESIAN_POINT('',(9.382842321549,18.193518057208,
    -138.9431679015));
#2887 = CARTESIAN_POINT('',(9.359362164307,18.243093671529,
    -138.942023744));
#2888 = CARTESIAN_POINT('',(9.336393769488,18.292930483308,
    -138.9414213562));
#2889 = CARTESIAN_POINT('',(9.313897776976,18.342973452213,
    -138.9414213562));
#2890 = ORIENTED_EDGE('',*,*,#2891,.F.);
#2891 = EDGE_CURVE('',#2892,#2883,#2894,.T.);
#2892 = VERTEX_POINT('',#2893);
#2893 = CARTESIAN_POINT('',(12.817562062338,15.960950225693,
    -138.9431679015));
#2894 = B_SPLINE_CURVE_WITH_KNOTS('',3,(#2895,#2896,#2897,#2898,#2899,
    #2900,#2901,#2902,#2903,#2904,#2905,#2906,#2907,#2908),
  .UNSPECIFIED.,.F.,.F.,(4,2,2,2,2,2,4),(0.,1.074379826908E-03,
    1.611569740361E-03,2.148759653815E-03,2.685949567269E-03,
    3.223139480723E-03,4.29751930763E-03),.UNSPECIFIED.);
#2895 = CARTESIAN_POINT('',(12.817562062338,15.960950225693,
    -138.9431679015));
#2896 = CARTESIAN_POINT('',(12.455354015201,15.969745801283,
    -138.9507250256));
#2897 = CARTESIAN_POINT('',(12.101961834558,16.027752908197,
    -138.9564874159));
#2898 = CARTESIAN_POINT('',(11.58486981367,16.187276053111,
    -138.9628715217));
#2899 = CARTESIAN_POINT('',(11.415683345702,16.252634943537,
    -138.9645772553));
#2900 = CARTESIAN_POINT('',(11.091520908614,16.404251447512,
    -138.96690106));
#2901 = CARTESIAN_POINT('',(10.935356279795,16.490860867394,
    -138.9675231984));
#2902 = CARTESIAN_POINT('',(10.634960471177,16.685866129287,
    -138.9675335416));
#2903 = CARTESIAN_POINT('',(10.489673282794,16.795248936001,
    -138.966909088));
#2904 = CARTESIAN_POINT('',(10.217801656638,17.031409049252,
    -138.9645712905));
#2905 = CARTESIAN_POINT('',(10.091199295246,17.157849266443,
    -138.9628838398));
#2906 = CARTESIAN_POINT('',(9.738537792233,17.561488691993,
    -138.956575426));
#2907 = CARTESIAN_POINT('',(9.537925674367,17.866077639848,
    -138.9507249117));
#2908 = CARTESIAN_POINT('',(9.382842321549,18.193518057208,
    -138.9431679015));
#2909 = ORIENTED_EDGE('',*,*,#2910,.F.);
#2910 = EDGE_CURVE('',#2911,#2892,#2913,.T.);
#2911 = VERTEX_POINT('',#2912);
#2912 = CARTESIAN_POINT('',(12.982136746351,15.958618122125,
    -138.9414213562));
#2913 = B_SPLINE_CURVE_WITH_KNOTS('',3,(#2914,#2915,#2916,#2917),
  .UNSPECIFIED.,.F.,.F.,(4,4),(0.,1.646004731025E-04),
  .PIECEWISE_BEZIER_KNOTS.);
#2914 = CARTESIAN_POINT('',(12.982136746351,15.958618122125,
    -138.9414213562));
#2915 = CARTESIAN_POINT('',(12.927270457946,15.958860635813,
    -138.9414213562));
#2916 = CARTESIAN_POINT('',(12.872400789528,15.959618565137,
    -138.942023744));
#2917 = CARTESIAN_POINT('',(12.817562062338,15.960950225693,
    -138.9431679015));
#2918 = ORIENTED_EDGE('',*,*,#2919,.F.);
#2919 = EDGE_CURVE('',#2920,#2911,#2922,.T.);
#2920 = VERTEX_POINT('',#2921);
#2921 = CARTESIAN_POINT('',(16.919760356424,19.015842834269,
    -138.9414213562));
#2922 = CIRCLE('',#2923,4.041421356237);
#2923 = AXIS2_PLACEMENT_3D('',#2924,#2925,#2926);
#2924 = CARTESIAN_POINT('',(13.,20.,-138.9414213562));
#2925 = DIRECTION('',(0.,0.,-1.));
#2926 = DIRECTION('',(1.,0.,0.));
#2927 = ORIENTED_EDGE('',*,*,#2928,.F.);
#2928 = EDGE_CURVE('',#2929,#2920,#2931,.T.);
#2929 = VERTEX_POINT('',#2930);
#2930 = CARTESIAN_POINT('',(16.947234448295,20.,-138.8472344482));
#2931 = B_SPLINE_CURVE_WITH_KNOTS('',3,(#2932,#2933,#2934,#2935,#2936,
    #2937),.UNSPECIFIED.,.F.,.F.,(4,2,4),(1.510368794175E-03,
    2.008178798062E-03,2.50598880195E-03),.UNSPECIFIED.);
#2932 = CARTESIAN_POINT('',(16.947234448295,20.,-138.8472344482));
#2933 = CARTESIAN_POINT('',(16.967581224125,19.83760710663,
    -138.8675812241));
#2934 = CARTESIAN_POINT('',(16.9792526324,19.672597094319,
    -138.8893301181));
#2935 = CARTESIAN_POINT('',(16.975169273242,19.342639262071,
    -138.9258172471));
#2936 = CARTESIAN_POINT('',(16.960629817037,19.178620180284,
    -138.9414213562));
#2937 = CARTESIAN_POINT('',(16.919760356424,19.015842834269,
    -138.9414213562));
#2938 = ORIENTED_EDGE('',*,*,#2939,.F.);
#2939 = EDGE_CURVE('',#2470,#2929,#2940,.T.);
#2940 = LINE('',#2941,#2942);
#2941 = CARTESIAN_POINT('',(15.1,20.,-137.));
#2942 = VECTOR('',#2943,1.);
#2943 = DIRECTION('',(0.707106781187,9.E-17,-0.707106781187));
#2944 = ORIENTED_EDGE('',*,*,#2945,.F.);
#2945 = EDGE_CURVE('',#2472,#2470,#2946,.T.);
#2946 = CIRCLE('',#2947,3.82);
#2947 = AXIS2_PLACEMENT_3D('',#2948,#2949,#2950);
#2948 = CARTESIAN_POINT('',(13.,20.,-138.72));
#2949 = DIRECTION('',(0.,-0.,1.));
#2950 = DIRECTION('',(-1.,0.,0.));
#2951 = CONICAL_SURFACE('',#2952,2.1,0.785398163397);
#2952 = AXIS2_PLACEMENT_3D('',#2953,#2954,#2955);
#2953 = CARTESIAN_POINT('',(13.,20.,-137.));
#2954 = DIRECTION('',(0.,0.,-1.));
#2955 = DIRECTION('',(-1.,0.,0.));
#2956 = ADVANCED_FACE('',(#2957),#3113,.T.);
#2957 = FACE_BOUND('',#2958,.T.);
#2958 = EDGE_LOOP('',(#2959,#2966,#2974,#2999,#3032,#3040,#3049,#3057,
    #3070,#3093,#3106,#3107));
#2959 = ORIENTED_EDGE('',*,*,#2960,.T.);
#2960 = EDGE_CURVE('',#2151,#2167,#2961,.T.);
#2961 = CIRCLE('',#2962,10.);
#2962 = AXIS2_PLACEMENT_3D('',#2963,#2964,#2965);
#2963 = CARTESIAN_POINT('',(4.55E-15,0.,-145.5543090514));
#2964 = DIRECTION('',(0.,0.,-1.));
#2965 = DIRECTION('',(-1.,0.,0.));
#2966 = ORIENTED_EDGE('',*,*,#2967,.T.);
#2967 = EDGE_CURVE('',#2167,#2968,#2970,.T.);
#2968 = VERTEX_POINT('',#2969);
#2969 = CARTESIAN_POINT('',(10.,-2.E-15,-148.));
#2970 = LINE('',#2971,#2972);
#2971 = CARTESIAN_POINT('',(10.,1.22E-15,-202.5));
#2972 = VECTOR('',#2973,1.);
#2973 = DIRECTION('',(0.,0.,-1.));
#2974 = ORIENTED_EDGE('',*,*,#2975,.T.);
#2975 = EDGE_CURVE('',#2968,#2976,#2978,.T.);
#2976 = VERTEX_POINT('',#2977);
#2977 = CARTESIAN_POINT('',(8.075666241657,5.897763538271,
    -152.8971014341));
#2978 = B_SPLINE_CURVE_WITH_KNOTS('',3,(#2979,#2980,#2981,#2982,#2983,
    #2984,#2985,#2986,#2987,#2988,#2989,#2990,#2991,#2992,#2993,#2994,
    #2995,#2996,#2997,#2998),.UNSPECIFIED.,.F.,.F.,(4,2,2,2,2,2,2,2,2,4)
  ,(0.,1.065286409558E-03,1.597929614338E-03,2.130572819117E-03,
    3.195859228675E-03,4.261145638234E-03,5.326432047792E-03,
    6.391718457351E-03,7.457004866909E-03,8.522291276468E-03),
  .UNSPECIFIED.);
#2979 = CARTESIAN_POINT('',(10.,-1.67E-15,-148.));
#2980 = CARTESIAN_POINT('',(10.,0.360745155226,-148.));
#2981 = CARTESIAN_POINT('',(9.980552351291,0.71474494339,-148.0322568176
    ));
#2982 = CARTESIAN_POINT('',(9.924822084955,1.236316292349,
    -148.1260978232));
#2983 = CARTESIAN_POINT('',(9.901805434777,1.408593057406,
    -148.1650043141));
#2984 = CARTESIAN_POINT('',(9.847201690005,1.750001184548,
    -148.2581531795));
#2985 = CARTESIAN_POINT('',(9.815468055437,1.919608623349,
    -148.3126544563));
#2986 = CARTESIAN_POINT('',(9.710265170076,2.413294839716,
    -148.4955295971));
#2987 = CARTESIAN_POINT('',(9.626388551516,2.725796976258,
    -148.6438305796));
#2988 = CARTESIAN_POINT('',(9.437760491709,3.320542516168,
    -148.9907568023));
#2989 = CARTESIAN_POINT('',(9.332362386751,3.603655751599,
    -149.1907439019));
#2990 = CARTESIAN_POINT('',(9.11474116648,4.123204574328,-149.6279909617
    ));
#2991 = CARTESIAN_POINT('',(9.001763232982,4.362235021471,
    -149.8664558424));
#2992 = CARTESIAN_POINT('',(8.775760051513,4.800715697006,
    -150.3849743456));
#2993 = CARTESIAN_POINT('',(8.663086364673,4.999137838112,
    -150.6647588468));
#2994 = CARTESIAN_POINT('',(8.455089538307,5.343398299346,
    -151.2498532242));
#2995 = CARTESIAN_POINT('',(8.358715549421,5.491246738519,
    -151.5573234211));
#2996 = CARTESIAN_POINT('',(8.192501293573,5.736273959134,-152.206784821
    ));
#2997 = CARTESIAN_POINT('',(8.123050996792,5.832880728892,
    -152.5501398192));
#2998 = CARTESIAN_POINT('',(8.075666241657,5.897763538271,
    -152.8971014341));
#2999 = ORIENTED_EDGE('',*,*,#3000,.T.);
#3000 = EDGE_CURVE('',#2976,#3001,#3003,.T.);
#3001 = VERTEX_POINT('',#3002);
#3002 = CARTESIAN_POINT('',(10.,-2.E-15,-160.));
#3003 = B_SPLINE_CURVE_WITH_KNOTS('',3,(#3004,#3005,#3006,#3007,#3008,
    #3009,#3010,#3011,#3012,#3013,#3014,#3015,#3016,#3017,#3018,#3019,
    #3020,#3021,#3022,#3023,#3024,#3025,#3026,#3027,#3028,#3029,#3030,
    #3031),.UNSPECIFIED.,.F.,.F.,(4,2,2,2,2,2,2,2,2,2,2,2,2,4),(
    8.522291276468E-03,9.192744532034E-03,9.863197787601E-03,
    1.120410429873E-02,1.254501080987E-02,1.321546406543E-02,
    1.3885917321E-02,1.455637057657E-02,1.522682383213E-02,
    1.656773034326E-02,1.723818359883E-02,1.79086368544E-02,
    1.857909010996E-02,1.924954336553E-02),.UNSPECIFIED.);
#3004 = CARTESIAN_POINT('',(8.075666241657,5.897763538271,
    -152.8971014341));
#3005 = CARTESIAN_POINT('',(8.045843967516,5.938598463402,
    -153.1154666945));
#3006 = CARTESIAN_POINT('',(8.024326927735,5.967461699475,
    -153.3366977023));
#3007 = CARTESIAN_POINT('',(7.999748313601,6.00037071329,-153.7852434499
    ));
#3008 = CARTESIAN_POINT('',(7.996856439651,6.004199534841,
    -154.0138647824));
#3009 = CARTESIAN_POINT('',(8.016962759952,5.977357943759,
    -154.6881926748));
#3010 = CARTESIAN_POINT('',(8.068145572744,5.909763544132,
    -155.1287244688));
#3011 = CARTESIAN_POINT('',(8.23315157791,5.677630951875,-155.9909371784
    ));
#3012 = CARTESIAN_POINT('',(8.343280918237,5.51777394684,-156.3962098653
    ));
#3013 = CARTESIAN_POINT('',(8.532296940929,5.216699182823,
    -156.9720300129));
#3014 = CARTESIAN_POINT('',(8.599537993892,5.105574486808,
    -157.1589746407));
#3015 = CARTESIAN_POINT('',(8.736799138248,4.866958533483,
    -157.5154980094));
#3016 = CARTESIAN_POINT('',(8.807106654912,4.739043181522,
    -157.6860241092));
#3017 = CARTESIAN_POINT('',(8.9486896568,4.465939020364,-158.0125668438)
  );
#3018 = CARTESIAN_POINT('',(9.019972557044,4.320750823269,
    -158.1685808406));
#3019 = CARTESIAN_POINT('',(9.161369995539,4.012242815613,
    -158.4663028883));
#3020 = CARTESIAN_POINT('',(9.231478435783,3.848759466868,
    -158.6079257249));
#3021 = CARTESIAN_POINT('',(9.432437166353,3.340913539636,
    -159.0022007559));
#3022 = CARTESIAN_POINT('',(9.555593412213,2.976080612807,-159.228151839
    ));
#3023 = CARTESIAN_POINT('',(9.71358942032,2.384907941998,-159.5099792172
    ));
#3024 = CARTESIAN_POINT('',(9.762089530592,2.178800009149,
    -159.5948112922));
#3025 = CARTESIAN_POINT('',(9.846169282159,1.760259057704,
    -159.7402587855));
#3026 = CARTESIAN_POINT('',(9.881880258224,1.547829109412,-159.801131639
    ));
#3027 = CARTESIAN_POINT('',(9.939847326827,1.116587439114,
    -159.8993334993));
#3028 = CARTESIAN_POINT('',(9.962106667568,0.897776360318,
    -159.9366637695));
#3029 = CARTESIAN_POINT('',(9.992192419987,0.453500045315,
    -159.9870123446));
#3030 = CARTESIAN_POINT('',(10.,0.226271828547,-160.));
#3031 = CARTESIAN_POINT('',(10.,-1.66E-15,-160.));
#3032 = ORIENTED_EDGE('',*,*,#3033,.T.);
#3033 = EDGE_CURVE('',#3001,#3034,#3036,.T.);
#3034 = VERTEX_POINT('',#3035);
#3035 = CARTESIAN_POINT('',(10.,0.,-162.));
#3036 = LINE('',#3037,#3038);
#3037 = CARTESIAN_POINT('',(10.,1.22E-15,-202.5));
#3038 = VECTOR('',#3039,1.);
#3039 = DIRECTION('',(0.,0.,-1.));
#3040 = ORIENTED_EDGE('',*,*,#3041,.T.);
#3041 = EDGE_CURVE('',#3034,#3042,#3044,.T.);
#3042 = VERTEX_POINT('',#3043);
#3043 = CARTESIAN_POINT('',(-10.,1.E-15,-162.));
#3044 = CIRCLE('',#3045,10.);
#3045 = AXIS2_PLACEMENT_3D('',#3046,#3047,#3048);
#3046 = CARTESIAN_POINT('',(4.55E-15,0.,-162.));
#3047 = DIRECTION('',(0.,0.,1.));
#3048 = DIRECTION('',(1.,0.,-0.));
#3049 = ORIENTED_EDGE('',*,*,#3050,.F.);
#3050 = EDGE_CURVE('',#3051,#3042,#3053,.T.);
#3051 = VERTEX_POINT('',#3052);
#3052 = CARTESIAN_POINT('',(-10.,-0.,-160.));
#3053 = LINE('',#3054,#3055);
#3054 = CARTESIAN_POINT('',(-10.,0.,-202.5));
#3055 = VECTOR('',#3056,1.);
#3056 = DIRECTION('',(0.,0.,-1.));
#3057 = ORIENTED_EDGE('',*,*,#3058,.T.);
#3058 = EDGE_CURVE('',#3051,#3059,#3061,.T.);
#3059 = VERTEX_POINT('',#3060);
#3060 = CARTESIAN_POINT('',(-9.6,2.8,-159.3065996645));
#3061 = B_SPLINE_CURVE_WITH_KNOTS('',3,(#3062,#3063,#3064,#3065,#3066,
    #3067,#3068,#3069),.UNSPECIFIED.,.F.,.F.,(4,2,2,4),(
    1.924954336553E-02,2.071337846253E-02,2.144529601102E-02,
    2.217721355952E-02),.UNSPECIFIED.);
#3062 = CARTESIAN_POINT('',(-10.,-1.E-17,-160.));
#3063 = CARTESIAN_POINT('',(-10.,0.49403092809,-160.));
#3064 = CARTESIAN_POINT('',(-9.963602766275,0.978038559587,
    -159.9399108498));
#3065 = CARTESIAN_POINT('',(-9.859129233996,1.689690984887,
    -159.7623536387));
#3066 = CARTESIAN_POINT('',(-9.816048737475,1.923029528892,
    -159.6885660159));
#3067 = CARTESIAN_POINT('',(-9.71730226125,2.372107111616,
    -159.5164239991));
#3068 = CARTESIAN_POINT('',(-9.661408361356,2.589457046778,
    -159.4176915701));
#3069 = CARTESIAN_POINT('',(-9.6,2.8,-159.3065996645));
#3070 = ORIENTED_EDGE('',*,*,#3071,.T.);
#3071 = EDGE_CURVE('',#3059,#3072,#3074,.T.);
#3072 = VERTEX_POINT('',#3073);
#3073 = CARTESIAN_POINT('',(-8.075666241657,5.897763538271,
    -152.8971014341));
#3074 = B_SPLINE_CURVE_WITH_KNOTS('',3,(#3075,#3076,#3077,#3078,#3079,
    #3080,#3081,#3082,#3083,#3084,#3085,#3086,#3087,#3088,#3089,#3090,
    #3091,#3092),.UNSPECIFIED.,.F.,.F.,(4,2,2,2,2,2,2,2,4),(
    2.217721355952E-02,2.315049008812E-02,2.412376661673E-02,
    2.509704314533E-02,2.607031967393E-02,2.704359620253E-02,
    2.801687273113E-02,2.899014925974E-02,2.996342578834E-02),
  .UNSPECIFIED.);
#3075 = CARTESIAN_POINT('',(-9.6,2.8,-159.3065996645));
#3076 = CARTESIAN_POINT('',(-9.518341462244,3.079972129448,
    -159.1588738114));
#3077 = CARTESIAN_POINT('',(-9.426367030695,3.34891602596,
    -158.9882013769));
#3078 = CARTESIAN_POINT('',(-9.233735811212,3.848344698055,
    -158.6138524695));
#3079 = CARTESIAN_POINT('',(-9.132527754265,4.08098762328,
    -158.4092910445));
#3080 = CARTESIAN_POINT('',(-8.926382988342,4.514112305782,
    -157.9647317169));
#3081 = CARTESIAN_POINT('',(-8.821005409441,4.715097645504,
    -157.7234333847));
#3082 = CARTESIAN_POINT('',(-8.619721314378,5.073725130758,
    -157.217672338));
#3083 = CARTESIAN_POINT('',(-8.523036283285,5.233083855262,
    -156.9517536161));
#3084 = CARTESIAN_POINT('',(-8.345454609193,5.511869146514,
    -156.3910906628));
#3085 = CARTESIAN_POINT('',(-8.263898984892,5.632188572525,
    -156.0931492115));
#3086 = CARTESIAN_POINT('',(-8.130432420676,5.823198708768,
    -155.4809383972));
#3087 = CARTESIAN_POINT('',(-8.078380418504,5.894320366005,
    -155.1673347894));
#3088 = CARTESIAN_POINT('',(-8.010727960222,5.985940219421,
    -154.5236437504));
#3089 = CARTESIAN_POINT('',(-7.995655438851,6.005795316461,
    -154.1913511358));
#3090 = CARTESIAN_POINT('',(-8.006603638113,5.991191990098,
    -153.5397705157));
#3091 = CARTESIAN_POINT('',(-8.03197999427,5.957582069645,
    -153.2169817605));
#3092 = CARTESIAN_POINT('',(-8.075666241657,5.897763538271,
    -152.8971014341));
#3093 = ORIENTED_EDGE('',*,*,#3094,.T.);
#3094 = EDGE_CURVE('',#3072,#2563,#3095,.T.);
#3095 = B_SPLINE_CURVE_WITH_KNOTS('',3,(#3096,#3097,#3098,#3099,#3100,
    #3101,#3102,#3103,#3104,#3105),.UNSPECIFIED.,.F.,.F.,(4,2,2,2,4),(
    2.996342578834E-02,3.275006357087E-02,3.344672301651E-02,
    3.414338246214E-02,3.553670135341E-02),.UNSPECIFIED.);
#3096 = CARTESIAN_POINT('',(-8.075666241657,5.897763538271,
    -152.8971014341));
#3097 = CARTESIAN_POINT('',(-8.200746569775,5.726494043194,
    -151.9812357194));
#3098 = CARTESIAN_POINT('',(-8.473023179546,5.345370715207,
    -151.1337758967));
#3099 = CARTESIAN_POINT('',(-8.836763331943,4.683421098191,
    -150.2430289979));
#3100 = CARTESIAN_POINT('',(-8.910900315087,4.541418140224,
    -150.0725024409));
#3101 = CARTESIAN_POINT('',(-9.059423495488,4.237389417928,
    -149.7462667312));
#3102 = CARTESIAN_POINT('',(-9.133726276376,4.075372985022,
    -149.5908288677));
#3103 = CARTESIAN_POINT('',(-9.348618918954,3.569006436453,-149.15644622
    ));
#3104 = CARTESIAN_POINT('',(-9.482924804513,3.201400670242,
    -148.905197333));
#3105 = CARTESIAN_POINT('',(-9.6,2.8,-148.6934003354));
#3106 = ORIENTED_EDGE('',*,*,#2562,.T.);
#3107 = ORIENTED_EDGE('',*,*,#3108,.F.);
#3108 = EDGE_CURVE('',#2151,#2565,#3109,.T.);
#3109 = LINE('',#3110,#3111);
#3110 = CARTESIAN_POINT('',(-10.,0.,-202.5));
#3111 = VECTOR('',#3112,1.);
#3112 = DIRECTION('',(0.,0.,-1.));
#3113 = CYLINDRICAL_SURFACE('',#3114,10.);
#3114 = AXIS2_PLACEMENT_3D('',#3115,#3116,#3117);
#3115 = CARTESIAN_POINT('',(4.55E-15,0.,-202.5));
#3116 = DIRECTION('',(0.,0.,-1.));
#3117 = DIRECTION('',(-1.,0.,0.));
#3118 = ADVANCED_FACE('',(#3119),#3156,.F.);
#3119 = FACE_BOUND('',#3120,.F.);
#3120 = EDGE_LOOP('',(#3121,#3130,#3139,#3148,#3155));
#3121 = ORIENTED_EDGE('',*,*,#3122,.F.);
#3122 = EDGE_CURVE('',#3123,#2012,#3125,.T.);
#3123 = VERTEX_POINT('',#3124);
#3124 = CARTESIAN_POINT('',(-12.81533878872,15.824807367986,
    -139.0016373862));
#3125 = CIRCLE('',#3126,3.);
#3126 = AXIS2_PLACEMENT_3D('',#3127,#3128,#3129);
#3127 = CARTESIAN_POINT('',(-12.87770901103,15.901824196788,-142.));
#3128 = DIRECTION('',(0.777130050658,0.629340038743,-2.6726E-13));
#3129 = DIRECTION('',(0.629340038743,-0.777130050658,0.));
#3130 = ORIENTED_EDGE('',*,*,#3131,.F.);
#3131 = EDGE_CURVE('',#3132,#3123,#3134,.T.);
#3132 = VERTEX_POINT('',#3133);
#3133 = CARTESIAN_POINT('',(-12.98151165796,15.817198147353,-139.));
#3134 = B_SPLINE_CURVE_WITH_KNOTS('',3,(#3135,#3136,#3137,#3138),
  .UNSPECIFIED.,.F.,.F.,(4,4),(0.,1.663550532577E-04),
  .PIECEWISE_BEZIER_KNOTS.);
#3135 = CARTESIAN_POINT('',(-12.98151165796,15.817198147353,-139.));
#3136 = CARTESIAN_POINT('',(-12.92609547512,15.819182078849,-139.));
#3137 = CARTESIAN_POINT('',(-12.87069304989,15.821701470082,
    -139.0005657176));
#3138 = CARTESIAN_POINT('',(-12.81533878872,15.824807367986,
    -139.0016373862));
#3139 = ORIENTED_EDGE('',*,*,#3140,.T.);
#3140 = EDGE_CURVE('',#3132,#3141,#3143,.T.);
#3141 = VERTEX_POINT('',#3142);
#3142 = CARTESIAN_POINT('',(-20.46224333152,0.,-139.));
#3143 = CIRCLE('',#3144,20.462243331523);
#3144 = AXIS2_PLACEMENT_3D('',#3145,#3146,#3147);
#3145 = CARTESIAN_POINT('',(4.55E-15,0.,-139.));
#3146 = DIRECTION('',(-0.,0.,1.));
#3147 = DIRECTION('',(-1.,-8.9E-16,-0.));
#3148 = ORIENTED_EDGE('',*,*,#3149,.F.);
#3149 = EDGE_CURVE('',#2004,#3141,#3150,.T.);
#3150 = CIRCLE('',#3151,3.);
#3151 = AXIS2_PLACEMENT_3D('',#3152,#3153,#3154);
#3152 = CARTESIAN_POINT('',(-20.46224333152,0.,-142.));
#3153 = DIRECTION('',(0.,-1.,-0.));
#3154 = DIRECTION('',(0.,0.,-1.));
#3155 = ORIENTED_EDGE('',*,*,#2011,.T.);
#3156 = TOROIDAL_SURFACE('',#3157,20.462243331523,3.);
#3157 = AXIS2_PLACEMENT_3D('',#3158,#3159,#3160);
#3158 = CARTESIAN_POINT('',(4.55E-15,0.,-142.));
#3159 = DIRECTION('',(0.,0.,-1.));
#3160 = DIRECTION('',(-1.,0.,0.));
#3161 = ADVANCED_FACE('',(#3162),#3190,.T.);
#3162 = FACE_BOUND('',#3163,.T.);
#3163 = EDGE_LOOP('',(#3164,#3175,#3182,#3183));
#3164 = ORIENTED_EDGE('',*,*,#3165,.F.);
#3165 = EDGE_CURVE('',#3166,#3168,#3170,.T.);
#3166 = VERTEX_POINT('',#3167);
#3167 = CARTESIAN_POINT('',(-9.,1.E-15,-163.));
#3168 = VERTEX_POINT('',#3169);
#3169 = CARTESIAN_POINT('',(9.,0.,-163.));
#3170 = CIRCLE('',#3171,9.);
#3171 = AXIS2_PLACEMENT_3D('',#3172,#3173,#3174);
#3172 = CARTESIAN_POINT('',(4.55E-15,0.,-163.));
#3173 = DIRECTION('',(0.,0.,-1.));
#3174 = DIRECTION('',(1.,0.,0.));
#3175 = ORIENTED_EDGE('',*,*,#3176,.T.);
#3176 = EDGE_CURVE('',#3166,#3042,#3177,.T.);
#3177 = CIRCLE('',#3178,1.);
#3178 = AXIS2_PLACEMENT_3D('',#3179,#3180,#3181);
#3179 = CARTESIAN_POINT('',(-9.,1.1E-15,-162.));
#3180 = DIRECTION('',(1.2E-16,1.,-0.));
#3181 = DIRECTION('',(-1.,1.2E-16,0.));
#3182 = ORIENTED_EDGE('',*,*,#3041,.F.);
#3183 = ORIENTED_EDGE('',*,*,#3184,.F.);
#3184 = EDGE_CURVE('',#3168,#3034,#3185,.T.);
#3185 = CIRCLE('',#3186,1.);
#3186 = AXIS2_PLACEMENT_3D('',#3187,#3188,#3189);
#3187 = CARTESIAN_POINT('',(9.,0.,-162.));
#3188 = DIRECTION('',(0.,-1.,0.));
#3189 = DIRECTION('',(0.,0.,-1.));
#3190 = TOROIDAL_SURFACE('',#3191,9.,1.);
#3191 = AXIS2_PLACEMENT_3D('',#3192,#3193,#3194);
#3192 = CARTESIAN_POINT('',(4.55E-15,0.,-162.));
#3193 = DIRECTION('',(0.,0.,1.));
#3194 = DIRECTION('',(1.,0.,-0.));
#3195 = ADVANCED_FACE('',(#3196),#3224,.T.);
#3196 = FACE_BOUND('',#3197,.T.);
#3197 = EDGE_LOOP('',(#3198,#3209,#3216,#3217));
#3198 = ORIENTED_EDGE('',*,*,#3199,.F.);
#3199 = EDGE_CURVE('',#3200,#3202,#3204,.T.);
#3200 = VERTEX_POINT('',#3201);
#3201 = CARTESIAN_POINT('',(8.817157287525,-20.,-139.));
#3202 = VERTEX_POINT('',#3203);
#3203 = CARTESIAN_POINT('',(14.778175328462,-23.78606202518,-139.));
#3204 = CIRCLE('',#3205,4.182842712475);
#3205 = AXIS2_PLACEMENT_3D('',#3206,#3207,#3208);
#3206 = CARTESIAN_POINT('',(13.,-20.,-139.));
#3207 = DIRECTION('',(0.,-0.,1.));
#3208 = DIRECTION('',(-1.,0.,0.));
#3209 = ORIENTED_EDGE('',*,*,#3210,.T.);
#3210 = EDGE_CURVE('',#3200,#2709,#3211,.T.);
#3211 = CIRCLE('',#3212,0.2);
#3212 = AXIS2_PLACEMENT_3D('',#3213,#3214,#3215);
#3213 = CARTESIAN_POINT('',(8.817157287525,-20.,-138.8));
#3214 = DIRECTION('',(0.,-1.,-0.));
#3215 = DIRECTION('',(0.,0.,-1.));
#3216 = ORIENTED_EDGE('',*,*,#2716,.F.);
#3217 = ORIENTED_EDGE('',*,*,#3218,.F.);
#3218 = EDGE_CURVE('',#3202,#2717,#3219,.T.);
#3219 = CIRCLE('',#3220,0.2);
#3220 = AXIS2_PLACEMENT_3D('',#3221,#3222,#3223);
#3221 = CARTESIAN_POINT('',(14.778175328462,-23.78606202518,-138.8));
#3222 = DIRECTION('',(0.905140901879,0.425111688555,0.));
#3223 = DIRECTION('',(0.425111688555,-0.905140901879,0.));
#3224 = TOROIDAL_SURFACE('',#3225,4.182842712475,0.2);
#3225 = AXIS2_PLACEMENT_3D('',#3226,#3227,#3228);
#3226 = CARTESIAN_POINT('',(13.,-20.,-138.8));
#3227 = DIRECTION('',(0.,0.,-1.));
#3228 = DIRECTION('',(-1.,0.,0.));
#3229 = ADVANCED_FACE('',(#3230),#3258,.T.);
#3230 = FACE_BOUND('',#3231,.T.);
#3231 = EDGE_LOOP('',(#3232,#3243,#3250,#3251));
#3232 = ORIENTED_EDGE('',*,*,#3233,.F.);
#3233 = EDGE_CURVE('',#3234,#3236,#3238,.T.);
#3234 = VERTEX_POINT('',#3235);
#3235 = CARTESIAN_POINT('',(8.817157287525,20.,-139.));
#3236 = VERTEX_POINT('',#3237);
#3237 = CARTESIAN_POINT('',(9.184910094266,18.284989163757,-139.));
#3238 = CIRCLE('',#3239,4.182842712475);
#3239 = AXIS2_PLACEMENT_3D('',#3240,#3241,#3242);
#3240 = CARTESIAN_POINT('',(13.,20.,-139.));
#3241 = DIRECTION('',(0.,-0.,1.));
#3242 = DIRECTION('',(-1.,0.,0.));
#3243 = ORIENTED_EDGE('',*,*,#3244,.T.);
#3244 = EDGE_CURVE('',#3234,#2866,#3245,.T.);
#3245 = CIRCLE('',#3246,0.2);
#3246 = AXIS2_PLACEMENT_3D('',#3247,#3248,#3249);
#3247 = CARTESIAN_POINT('',(8.817157287525,20.,-138.8));
#3248 = DIRECTION('',(0.,-1.,-0.));
#3249 = DIRECTION('',(0.,0.,-1.));
#3250 = ORIENTED_EDGE('',*,*,#2873,.F.);
#3251 = ORIENTED_EDGE('',*,*,#3252,.T.);
#3252 = EDGE_CURVE('',#2874,#3236,#3253,.T.);
#3253 = CIRCLE('',#3254,0.2);
#3254 = AXIS2_PLACEMENT_3D('',#3255,#3256,#3257);
#3255 = CARTESIAN_POINT('',(9.184910094263,18.284989163752,-138.8));
#3256 = DIRECTION('',(-0.410010835725,0.912080651362,4.043E-14));
#3257 = DIRECTION('',(0.912080651362,0.410010835725,0.));
#3258 = TOROIDAL_SURFACE('',#3259,4.182842712475,0.2);
#3259 = AXIS2_PLACEMENT_3D('',#3260,#3261,#3262);
#3260 = CARTESIAN_POINT('',(13.,20.,-138.8));
#3261 = DIRECTION('',(0.,0.,-1.));
#3262 = DIRECTION('',(-1.,0.,0.));
#3263 = ADVANCED_FACE('',(#3264),#3282,.T.);
#3264 = FACE_BOUND('',#3265,.T.);
#3265 = EDGE_LOOP('',(#3266,#3275,#3281));
#3266 = ORIENTED_EDGE('',*,*,#3267,.T.);
#3267 = EDGE_CURVE('',#3059,#3268,#3270,.T.);
#3268 = VERTEX_POINT('',#3269);
#3269 = CARTESIAN_POINT('',(-9.6,5.897763538271,-152.8971014341));
#3270 = CIRCLE('',#3271,6.);
#3271 = AXIS2_PLACEMENT_3D('',#3272,#3273,#3274);
#3272 = CARTESIAN_POINT('',(-9.6,-1.E-15,-154.));
#3273 = DIRECTION('',(1.,-1.7E-16,0.));
#3274 = DIRECTION('',(-1.67103300251E-16,-0.982960589712,-0.183816427648
    ));
#3275 = ORIENTED_EDGE('',*,*,#3276,.T.);
#3276 = EDGE_CURVE('',#3268,#3072,#3277,.T.);
#3277 = LINE('',#3278,#3279);
#3278 = CARTESIAN_POINT('',(-10.,5.897763538271,-152.8971014341));
#3279 = VECTOR('',#3280,1.);
#3280 = DIRECTION('',(1.,-1.7E-16,0.));
#3281 = ORIENTED_EDGE('',*,*,#3071,.F.);
#3282 = CYLINDRICAL_SURFACE('',#3283,6.);
#3283 = AXIS2_PLACEMENT_3D('',#3284,#3285,#3286);
#3284 = CARTESIAN_POINT('',(-10.,-9.4E-16,-154.));
#3285 = DIRECTION('',(1.,-1.7E-16,0.));
#3286 = DIRECTION('',(1.67103300251E-16,0.982960589712,0.183816427648));
#3287 = ADVANCED_FACE('',(#3288),#3306,.T.);
#3288 = FACE_BOUND('',#3289,.T.);
#3289 = EDGE_LOOP('',(#3290,#3291,#3299));
#3290 = ORIENTED_EDGE('',*,*,#3000,.F.);
#3291 = ORIENTED_EDGE('',*,*,#3292,.T.);
#3292 = EDGE_CURVE('',#2976,#3293,#3295,.T.);
#3293 = VERTEX_POINT('',#3294);
#3294 = CARTESIAN_POINT('',(10.,5.897763538271,-152.8971014341));
#3295 = LINE('',#3296,#3297);
#3296 = CARTESIAN_POINT('',(-10.,5.897763538271,-152.8971014341));
#3297 = VECTOR('',#3298,1.);
#3298 = DIRECTION('',(1.,-1.7E-16,0.));
#3299 = ORIENTED_EDGE('',*,*,#3300,.T.);
#3300 = EDGE_CURVE('',#3293,#3001,#3301,.T.);
#3301 = CIRCLE('',#3302,6.);
#3302 = AXIS2_PLACEMENT_3D('',#3303,#3304,#3305);
#3303 = CARTESIAN_POINT('',(10.,-4.27E-15,-154.));
#3304 = DIRECTION('',(-1.,1.7E-16,0.));
#3305 = DIRECTION('',(-1.67103300251E-16,-0.982960589712,-0.183816427648
    ));
#3306 = CYLINDRICAL_SURFACE('',#3307,6.);
#3307 = AXIS2_PLACEMENT_3D('',#3308,#3309,#3310);
#3308 = CARTESIAN_POINT('',(-10.,-9.4E-16,-154.));
#3309 = DIRECTION('',(1.,-1.7E-16,0.));
#3310 = DIRECTION('',(1.67103300251E-16,0.982960589712,0.183816427648));
#3311 = ADVANCED_FACE('',(#3312),#3348,.F.);
#3312 = FACE_BOUND('',#3313,.F.);
#3313 = EDGE_LOOP('',(#3314,#3324,#3333,#3341));
#3314 = ORIENTED_EDGE('',*,*,#3315,.T.);
#3315 = EDGE_CURVE('',#3316,#3318,#3320,.T.);
#3316 = VERTEX_POINT('',#3317);
#3317 = CARTESIAN_POINT('',(-10.,4.914802948559,-153.0809178617));
#3318 = VERTEX_POINT('',#3319);
#3319 = CARTESIAN_POINT('',(9.6,4.914802948559,-153.0809178617));
#3320 = LINE('',#3321,#3322);
#3321 = CARTESIAN_POINT('',(-10.,4.914802948559,-153.0809178617));
#3322 = VECTOR('',#3323,1.);
#3323 = DIRECTION('',(1.,-1.7E-16,0.));
#3324 = ORIENTED_EDGE('',*,*,#3325,.F.);
#3325 = EDGE_CURVE('',#3326,#3318,#3328,.T.);
#3326 = VERTEX_POINT('',#3327);
#3327 = CARTESIAN_POINT('',(9.6,-4.914802948559,-154.9190821382));
#3328 = CIRCLE('',#3329,5.);
#3329 = AXIS2_PLACEMENT_3D('',#3330,#3331,#3332);
#3330 = CARTESIAN_POINT('',(9.6,-4.2E-15,-154.));
#3331 = DIRECTION('',(1.,-1.7E-16,0.));
#3332 = DIRECTION('',(-1.67103300251E-16,-0.982960589712,-0.183816427648
    ));
#3333 = ORIENTED_EDGE('',*,*,#3334,.F.);
#3334 = EDGE_CURVE('',#3335,#3326,#3337,.T.);
#3335 = VERTEX_POINT('',#3336);
#3336 = CARTESIAN_POINT('',(-10.,-4.914802948559,-154.9190821382));
#3337 = LINE('',#3338,#3339);
#3338 = CARTESIAN_POINT('',(-10.,-4.914802948559,-154.9190821382));
#3339 = VECTOR('',#3340,1.);
#3340 = DIRECTION('',(1.,-1.7E-16,0.));
#3341 = ORIENTED_EDGE('',*,*,#3342,.F.);
#3342 = EDGE_CURVE('',#3316,#3335,#3343,.T.);
#3343 = CIRCLE('',#3344,5.);
#3344 = AXIS2_PLACEMENT_3D('',#3345,#3346,#3347);
#3345 = CARTESIAN_POINT('',(-10.,-9.4E-16,-154.));
#3346 = DIRECTION('',(-1.,1.7E-16,0.));
#3347 = DIRECTION('',(-1.67103300251E-16,-0.982960589712,-0.183816427648
    ));
#3348 = CYLINDRICAL_SURFACE('',#3349,5.);
#3349 = AXIS2_PLACEMENT_3D('',#3350,#3351,#3352);
#3350 = CARTESIAN_POINT('',(-10.,-9.4E-16,-154.));
#3351 = DIRECTION('',(1.,-1.7E-16,0.));
#3352 = DIRECTION('',(1.67103300251E-16,0.982960589712,0.183816427648));
#3353 = ADVANCED_FACE('',(#3354),#3380,.F.);
#3354 = FACE_BOUND('',#3355,.F.);
#3355 = EDGE_LOOP('',(#3356,#3364,#3373,#3379));
#3356 = ORIENTED_EDGE('',*,*,#3357,.T.);
#3357 = EDGE_CURVE('',#3318,#3358,#3360,.T.);
#3358 = VERTEX_POINT('',#3359);
#3359 = CARTESIAN_POINT('',(10.,5.307987184444,-153.0073912906));
#3360 = LINE('',#3361,#3362);
#3361 = CARTESIAN_POINT('',(10.,5.307987184444,-153.0073912906));
#3362 = VECTOR('',#3363,1.);
#3363 = DIRECTION('',(0.707106781187,0.695058098624,0.129977842484));
#3364 = ORIENTED_EDGE('',*,*,#3365,.T.);
#3365 = EDGE_CURVE('',#3358,#3366,#3368,.T.);
#3366 = VERTEX_POINT('',#3367);
#3367 = CARTESIAN_POINT('',(10.,-5.307987184444,-154.9926087093));
#3368 = CIRCLE('',#3369,5.4);
#3369 = AXIS2_PLACEMENT_3D('',#3370,#3371,#3372);
#3370 = CARTESIAN_POINT('',(10.,-4.27E-15,-154.));
#3371 = DIRECTION('',(-1.,1.7E-16,6.162975822039E-33));
#3372 = DIRECTION('',(-1.67103300251E-16,-0.982960589712,-0.183816427648
    ));
#3373 = ORIENTED_EDGE('',*,*,#3374,.F.);
#3374 = EDGE_CURVE('',#3326,#3366,#3375,.T.);
#3375 = LINE('',#3376,#3377);
#3376 = CARTESIAN_POINT('',(10.,-5.307987184444,-154.9926087093));
#3377 = VECTOR('',#3378,1.);
#3378 = DIRECTION('',(0.707106781187,-0.695058098624,-0.129977842484));
#3379 = ORIENTED_EDGE('',*,*,#3325,.T.);
#3380 = CONICAL_SURFACE('',#3381,5.4,0.785398163397);
#3381 = AXIS2_PLACEMENT_3D('',#3382,#3383,#3384);
#3382 = CARTESIAN_POINT('',(10.,-4.27E-15,-154.));
#3383 = DIRECTION('',(1.,-1.7E-16,0.));
#3384 = DIRECTION('',(1.67103300251E-16,0.982960589712,0.183816427648));
#3385 = ADVANCED_FACE('',(#3386),#3437,.T.);
#3386 = FACE_BOUND('',#3387,.T.);
#3387 = EDGE_LOOP('',(#3388,#3399,#3407,#3416,#3423,#3424,#3431));
#3388 = ORIENTED_EDGE('',*,*,#3389,.F.);
#3389 = EDGE_CURVE('',#3390,#3392,#3394,.T.);
#3390 = VERTEX_POINT('',#3391);
#3391 = CARTESIAN_POINT('',(-10.,-5.504579302386,-155.0293719948));
#3392 = VERTEX_POINT('',#3393);
#3393 = CARTESIAN_POINT('',(-10.,5.504579302386,-152.9706280051));
#3394 = CIRCLE('',#3395,5.6);
#3395 = AXIS2_PLACEMENT_3D('',#3396,#3397,#3398);
#3396 = CARTESIAN_POINT('',(-10.,-9.4E-16,-154.));
#3397 = DIRECTION('',(-1.,1.7E-16,0.));
#3398 = DIRECTION('',(-1.67103300251E-16,-0.982960589712,-0.183816427648
    ));
#3399 = ORIENTED_EDGE('',*,*,#3400,.T.);
#3400 = EDGE_CURVE('',#3390,#3401,#3403,.T.);
#3401 = VERTEX_POINT('',#3402);
#3402 = CARTESIAN_POINT('',(-9.6,-5.897763538271,-155.1028985658));
#3403 = LINE('',#3404,#3405);
#3404 = CARTESIAN_POINT('',(-10.,-5.504579302386,-155.0293719948));
#3405 = VECTOR('',#3406,1.);
#3406 = DIRECTION('',(0.707106781187,-0.695058098624,-0.129977842484));
#3407 = ORIENTED_EDGE('',*,*,#3408,.F.);
#3408 = EDGE_CURVE('',#3409,#3401,#3411,.T.);
#3409 = VERTEX_POINT('',#3410);
#3410 = CARTESIAN_POINT('',(-9.6,-2.8,-148.6934003354));
#3411 = CIRCLE('',#3412,6.);
#3412 = AXIS2_PLACEMENT_3D('',#3413,#3414,#3415);
#3413 = CARTESIAN_POINT('',(-9.6,-1.E-15,-154.));
#3414 = DIRECTION('',(1.,-1.7E-16,0.));
#3415 = DIRECTION('',(-1.67103300251E-16,-0.982960589712,-0.183816427648
    ));
#3416 = ORIENTED_EDGE('',*,*,#3417,.F.);
#3417 = EDGE_CURVE('',#2580,#3409,#3418,.T.);
#3418 = CIRCLE('',#3419,6.);
#3419 = AXIS2_PLACEMENT_3D('',#3420,#3421,#3422);
#3420 = CARTESIAN_POINT('',(-9.6,-1.E-15,-154.));
#3421 = DIRECTION('',(1.,-1.7E-16,0.));
#3422 = DIRECTION('',(1.7E-16,1.,0.));
#3423 = ORIENTED_EDGE('',*,*,#2587,.F.);
#3424 = ORIENTED_EDGE('',*,*,#3425,.F.);
#3425 = EDGE_CURVE('',#3268,#2563,#3426,.T.);
#3426 = CIRCLE('',#3427,6.);
#3427 = AXIS2_PLACEMENT_3D('',#3428,#3429,#3430);
#3428 = CARTESIAN_POINT('',(-9.6,-1.E-15,-154.));
#3429 = DIRECTION('',(1.,-1.7E-16,0.));
#3430 = DIRECTION('',(-1.67103300251E-16,-0.982960589712,-0.183816427648
    ));
#3431 = ORIENTED_EDGE('',*,*,#3432,.F.);
#3432 = EDGE_CURVE('',#3392,#3268,#3433,.T.);
#3433 = LINE('',#3434,#3435);
#3434 = CARTESIAN_POINT('',(-10.,5.504579302386,-152.9706280051));
#3435 = VECTOR('',#3436,1.);
#3436 = DIRECTION('',(0.707106781187,0.695058098624,0.129977842484));
#3437 = CONICAL_SURFACE('',#3438,5.6,0.785398163397);
#3438 = AXIS2_PLACEMENT_3D('',#3439,#3440,#3441);
#3439 = CARTESIAN_POINT('',(-10.,-9.4E-16,-154.));
#3440 = DIRECTION('',(1.,-1.7E-16,0.));
#3441 = DIRECTION('',(1.67103300251E-16,0.982960589712,0.183816427648));
#3442 = ADVANCED_FACE('',(#3443),#3469,.T.);
#3443 = FACE_BOUND('',#3444,.T.);
#3444 = EDGE_LOOP('',(#3445,#3456,#3462,#3463));
#3445 = ORIENTED_EDGE('',*,*,#3446,.F.);
#3446 = EDGE_CURVE('',#3447,#3449,#3451,.T.);
#3447 = VERTEX_POINT('',#3448);
#3448 = CARTESIAN_POINT('',(-23.5,0.,0.));
#3449 = VERTEX_POINT('',#3450);
#3450 = CARTESIAN_POINT('',(-22.09630951818,-8.000194102437,0.));
#3451 = CIRCLE('',#3452,23.5);
#3452 = AXIS2_PLACEMENT_3D('',#3453,#3454,#3455);
#3453 = CARTESIAN_POINT('',(1.08E-15,4.3E-16,0.));
#3454 = DIRECTION('',(0.,0.,1.));
#3455 = DIRECTION('',(1.,0.,-0.));
#3456 = ORIENTED_EDGE('',*,*,#3457,.T.);
#3457 = EDGE_CURVE('',#3447,#2603,#3458,.T.);
#3458 = LINE('',#3459,#3460);
#3459 = CARTESIAN_POINT('',(-23.5,4.3E-16,72.498551709672));
#3460 = VECTOR('',#3461,1.);
#3461 = DIRECTION('',(-0.,-0.,-1.));
#3462 = ORIENTED_EDGE('',*,*,#2602,.T.);
#3463 = ORIENTED_EDGE('',*,*,#3464,.F.);
#3464 = EDGE_CURVE('',#3449,#2605,#3465,.T.);
#3465 = LINE('',#3466,#3467);
#3466 = CARTESIAN_POINT('',(-22.09630951818,-8.000194102437,
    72.498551709672));
#3467 = VECTOR('',#3468,1.);
#3468 = DIRECTION('',(-0.,-0.,-1.));
#3469 = CYLINDRICAL_SURFACE('',#3470,23.5);
#3470 = AXIS2_PLACEMENT_3D('',#3471,#3472,#3473);
#3471 = CARTESIAN_POINT('',(1.08E-15,4.3E-16,72.498551709672));
#3472 = DIRECTION('',(-0.,-0.,-1.));
#3473 = DIRECTION('',(-1.,0.,0.));
#3474 = ADVANCED_FACE('',(#3475),#3511,.T.);
#3475 = FACE_BOUND('',#3476,.T.);
#3476 = EDGE_LOOP('',(#3477,#3488,#3496,#3505));
#3477 = ORIENTED_EDGE('',*,*,#3478,.F.);
#3478 = EDGE_CURVE('',#3479,#3481,#3483,.T.);
#3479 = VERTEX_POINT('',#3480);
#3480 = CARTESIAN_POINT('',(22.5,0.,0.));
#3481 = VERTEX_POINT('',#3482);
#3482 = CARTESIAN_POINT('',(21.156041028047,-7.659760310844,0.));
#3483 = CIRCLE('',#3484,22.5);
#3484 = AXIS2_PLACEMENT_3D('',#3485,#3486,#3487);
#3485 = CARTESIAN_POINT('',(0.,0.,0.));
#3486 = DIRECTION('',(0.,0.,-1.));
#3487 = DIRECTION('',(1.,0.,0.));
#3488 = ORIENTED_EDGE('',*,*,#3489,.T.);
#3489 = EDGE_CURVE('',#3479,#3490,#3492,.T.);
#3490 = VERTEX_POINT('',#3491);
#3491 = CARTESIAN_POINT('',(22.5,0.,0.2));
#3492 = LINE('',#3493,#3494);
#3493 = CARTESIAN_POINT('',(22.5,0.,-0.8));
#3494 = VECTOR('',#3495,1.);
#3495 = DIRECTION('',(-0.,-0.,1.));
#3496 = ORIENTED_EDGE('',*,*,#3497,.T.);
#3497 = EDGE_CURVE('',#3490,#3498,#3500,.T.);
#3498 = VERTEX_POINT('',#3499);
#3499 = CARTESIAN_POINT('',(21.156041028047,-7.659760310844,0.2));
#3500 = CIRCLE('',#3501,22.5);
#3501 = AXIS2_PLACEMENT_3D('',#3502,#3503,#3504);
#3502 = CARTESIAN_POINT('',(0.,0.,0.2));
#3503 = DIRECTION('',(0.,0.,-1.));
#3504 = DIRECTION('',(-1.,0.,0.));
#3505 = ORIENTED_EDGE('',*,*,#3506,.F.);
#3506 = EDGE_CURVE('',#3481,#3498,#3507,.T.);
#3507 = LINE('',#3508,#3509);
#3508 = CARTESIAN_POINT('',(21.156041028047,-7.659760310844,-0.8));
#3509 = VECTOR('',#3510,1.);
#3510 = DIRECTION('',(-0.,-0.,1.));
#3511 = CYLINDRICAL_SURFACE('',#3512,22.5);
#3512 = AXIS2_PLACEMENT_3D('',#3513,#3514,#3515);
#3513 = CARTESIAN_POINT('',(0.,0.,-0.8));
#3514 = DIRECTION('',(-0.,-0.,1.));
#3515 = DIRECTION('',(1.,0.,0.));
#3516 = ADVANCED_FACE('',(#3517),#3562,.F.);
#3517 = FACE_BOUND('',#3518,.F.);
#3518 = EDGE_LOOP('',(#3519,#3530,#3539,#3548,#3556));
#3519 = ORIENTED_EDGE('',*,*,#3520,.F.);
#3520 = EDGE_CURVE('',#3521,#3523,#3525,.T.);
#3521 = VERTEX_POINT('',#3522);
#3522 = CARTESIAN_POINT('',(13.63,18.908807991232,120.4));
#3523 = VERTEX_POINT('',#3524);
#3524 = CARTESIAN_POINT('',(14.26,20.,120.4));
#3525 = CIRCLE('',#3526,1.26);
#3526 = AXIS2_PLACEMENT_3D('',#3527,#3528,#3529);
#3527 = CARTESIAN_POINT('',(13.,20.,120.4));
#3528 = DIRECTION('',(0.,-0.,1.));
#3529 = DIRECTION('',(1.,0.,0.));
#3530 = ORIENTED_EDGE('',*,*,#3531,.F.);
#3531 = EDGE_CURVE('',#3532,#3521,#3534,.T.);
#3532 = VERTEX_POINT('',#3533);
#3533 = CARTESIAN_POINT('',(12.37,18.908807991232,120.4));
#3534 = CIRCLE('',#3535,1.26);
#3535 = AXIS2_PLACEMENT_3D('',#3536,#3537,#3538);
#3536 = CARTESIAN_POINT('',(13.,20.,120.4));
#3537 = DIRECTION('',(0.,-0.,1.));
#3538 = DIRECTION('',(1.,0.,0.));
#3539 = ORIENTED_EDGE('',*,*,#3540,.F.);
#3540 = EDGE_CURVE('',#3541,#3532,#3543,.T.);
#3541 = VERTEX_POINT('',#3542);
#3542 = CARTESIAN_POINT('',(11.74,20.,120.4));
#3543 = CIRCLE('',#3544,1.26);
#3544 = AXIS2_PLACEMENT_3D('',#3545,#3546,#3547);
#3545 = CARTESIAN_POINT('',(13.,20.,120.4));
#3546 = DIRECTION('',(0.,-0.,1.));
#3547 = DIRECTION('',(1.,0.,0.));
#3548 = ORIENTED_EDGE('',*,*,#3549,.F.);
#3549 = EDGE_CURVE('',#3550,#3541,#3552,.T.);
#3550 = VERTEX_POINT('',#3551);
#3551 = CARTESIAN_POINT('',(13.,20.,119.67253866082));
#3552 = LINE('',#3553,#3554);
#3553 = CARTESIAN_POINT('',(11.74,20.,120.4));
#3554 = VECTOR('',#3555,1.);
#3555 = DIRECTION('',(-0.866025403784,1.1E-16,0.5));
#3556 = ORIENTED_EDGE('',*,*,#3557,.T.);
#3557 = EDGE_CURVE('',#3550,#3523,#3558,.T.);
#3558 = LINE('',#3559,#3560);
#3559 = CARTESIAN_POINT('',(14.26,20.,120.4));
#3560 = VECTOR('',#3561,1.);
#3561 = DIRECTION('',(0.866025403784,-0.,0.5));
#3562 = CONICAL_SURFACE('',#3563,1.26,1.047197551197);
#3563 = AXIS2_PLACEMENT_3D('',#3564,#3565,#3566);
#3564 = CARTESIAN_POINT('',(13.,20.,120.4));
#3565 = DIRECTION('',(-0.,-0.,1.));
#3566 = DIRECTION('',(1.,0.,0.));
#3567 = ADVANCED_FACE('',(#3568),#3613,.F.);
#3568 = FACE_BOUND('',#3569,.F.);
#3569 = EDGE_LOOP('',(#3570,#3581,#3590,#3599,#3607));
#3570 = ORIENTED_EDGE('',*,*,#3571,.F.);
#3571 = EDGE_CURVE('',#3572,#3574,#3576,.T.);
#3572 = VERTEX_POINT('',#3573);
#3573 = CARTESIAN_POINT('',(-12.37,18.908807991232,120.4));
#3574 = VERTEX_POINT('',#3575);
#3575 = CARTESIAN_POINT('',(-11.74,20.,120.4));
#3576 = CIRCLE('',#3577,1.26);
#3577 = AXIS2_PLACEMENT_3D('',#3578,#3579,#3580);
#3578 = CARTESIAN_POINT('',(-13.,20.,120.4));
#3579 = DIRECTION('',(0.,-0.,1.));
#3580 = DIRECTION('',(1.,0.,0.));
#3581 = ORIENTED_EDGE('',*,*,#3582,.F.);
#3582 = EDGE_CURVE('',#3583,#3572,#3585,.T.);
#3583 = VERTEX_POINT('',#3584);
#3584 = CARTESIAN_POINT('',(-13.63,18.908807991232,120.4));
#3585 = CIRCLE('',#3586,1.26);
#3586 = AXIS2_PLACEMENT_3D('',#3587,#3588,#3589);
#3587 = CARTESIAN_POINT('',(-13.,20.,120.4));
#3588 = DIRECTION('',(0.,-0.,1.));
#3589 = DIRECTION('',(1.,0.,0.));
#3590 = ORIENTED_EDGE('',*,*,#3591,.F.);
#3591 = EDGE_CURVE('',#3592,#3583,#3594,.T.);
#3592 = VERTEX_POINT('',#3593);
#3593 = CARTESIAN_POINT('',(-14.26,20.,120.4));
#3594 = CIRCLE('',#3595,1.26);
#3595 = AXIS2_PLACEMENT_3D('',#3596,#3597,#3598);
#3596 = CARTESIAN_POINT('',(-13.,20.,120.4));
#3597 = DIRECTION('',(0.,-0.,1.));
#3598 = DIRECTION('',(1.,0.,0.));
#3599 = ORIENTED_EDGE('',*,*,#3600,.F.);
#3600 = EDGE_CURVE('',#3601,#3592,#3603,.T.);
#3601 = VERTEX_POINT('',#3602);
#3602 = CARTESIAN_POINT('',(-13.,20.,119.67253866082));
#3603 = LINE('',#3604,#3605);
#3604 = CARTESIAN_POINT('',(-14.26,20.,120.4));
#3605 = VECTOR('',#3606,1.);
#3606 = DIRECTION('',(-0.866025403784,1.1E-16,0.5));
#3607 = ORIENTED_EDGE('',*,*,#3608,.T.);
#3608 = EDGE_CURVE('',#3601,#3574,#3609,.T.);
#3609 = LINE('',#3610,#3611);
#3610 = CARTESIAN_POINT('',(-11.74,20.,120.4));
#3611 = VECTOR('',#3612,1.);
#3612 = DIRECTION('',(0.866025403784,-0.,0.5));
#3613 = CONICAL_SURFACE('',#3614,1.26,1.047197551197);
#3614 = AXIS2_PLACEMENT_3D('',#3615,#3616,#3617);
#3615 = CARTESIAN_POINT('',(-13.,20.,120.4));
#3616 = DIRECTION('',(-0.,-0.,1.));
#3617 = DIRECTION('',(1.,0.,0.));
#3618 = ADVANCED_FACE('',(#3619),#3664,.F.);
#3619 = FACE_BOUND('',#3620,.F.);
#3620 = EDGE_LOOP('',(#3621,#3632,#3641,#3650,#3658));
#3621 = ORIENTED_EDGE('',*,*,#3622,.F.);
#3622 = EDGE_CURVE('',#3623,#3625,#3627,.T.);
#3623 = VERTEX_POINT('',#3624);
#3624 = CARTESIAN_POINT('',(-12.37,-21.09119200876,120.4));
#3625 = VERTEX_POINT('',#3626);
#3626 = CARTESIAN_POINT('',(-11.74,-20.,120.4));
#3627 = CIRCLE('',#3628,1.26);
#3628 = AXIS2_PLACEMENT_3D('',#3629,#3630,#3631);
#3629 = CARTESIAN_POINT('',(-13.,-20.,120.4));
#3630 = DIRECTION('',(0.,-0.,1.));
#3631 = DIRECTION('',(1.,0.,0.));
#3632 = ORIENTED_EDGE('',*,*,#3633,.F.);
#3633 = EDGE_CURVE('',#3634,#3623,#3636,.T.);
#3634 = VERTEX_POINT('',#3635);
#3635 = CARTESIAN_POINT('',(-13.63,-21.09119200876,120.4));
#3636 = CIRCLE('',#3637,1.26);
#3637 = AXIS2_PLACEMENT_3D('',#3638,#3639,#3640);
#3638 = CARTESIAN_POINT('',(-13.,-20.,120.4));
#3639 = DIRECTION('',(0.,-0.,1.));
#3640 = DIRECTION('',(1.,0.,0.));
#3641 = ORIENTED_EDGE('',*,*,#3642,.F.);
#3642 = EDGE_CURVE('',#3643,#3634,#3645,.T.);
#3643 = VERTEX_POINT('',#3644);
#3644 = CARTESIAN_POINT('',(-14.26,-20.,120.4));
#3645 = CIRCLE('',#3646,1.26);
#3646 = AXIS2_PLACEMENT_3D('',#3647,#3648,#3649);
#3647 = CARTESIAN_POINT('',(-13.,-20.,120.4));
#3648 = DIRECTION('',(0.,-0.,1.));
#3649 = DIRECTION('',(1.,0.,0.));
#3650 = ORIENTED_EDGE('',*,*,#3651,.F.);
#3651 = EDGE_CURVE('',#3652,#3643,#3654,.T.);
#3652 = VERTEX_POINT('',#3653);
#3653 = CARTESIAN_POINT('',(-13.,-20.,119.67253866082));
#3654 = LINE('',#3655,#3656);
#3655 = CARTESIAN_POINT('',(-14.26,-20.,120.4));
#3656 = VECTOR('',#3657,1.);
#3657 = DIRECTION('',(-0.866025403784,1.1E-16,0.5));
#3658 = ORIENTED_EDGE('',*,*,#3659,.T.);
#3659 = EDGE_CURVE('',#3652,#3625,#3660,.T.);
#3660 = LINE('',#3661,#3662);
#3661 = CARTESIAN_POINT('',(-11.74,-20.,120.4));
#3662 = VECTOR('',#3663,1.);
#3663 = DIRECTION('',(0.866025403784,-0.,0.5));
#3664 = CONICAL_SURFACE('',#3665,1.26,1.047197551197);
#3665 = AXIS2_PLACEMENT_3D('',#3666,#3667,#3668);
#3666 = CARTESIAN_POINT('',(-13.,-20.,120.4));
#3667 = DIRECTION('',(-0.,-0.,1.));
#3668 = DIRECTION('',(1.,0.,0.));
#3669 = ADVANCED_FACE('',(#3670),#3715,.F.);
#3670 = FACE_BOUND('',#3671,.F.);
#3671 = EDGE_LOOP('',(#3672,#3683,#3692,#3701,#3709));
#3672 = ORIENTED_EDGE('',*,*,#3673,.F.);
#3673 = EDGE_CURVE('',#3674,#3676,#3678,.T.);
#3674 = VERTEX_POINT('',#3675);
#3675 = CARTESIAN_POINT('',(13.63,-21.09119200876,120.4));
#3676 = VERTEX_POINT('',#3677);
#3677 = CARTESIAN_POINT('',(14.26,-20.,120.4));
#3678 = CIRCLE('',#3679,1.26);
#3679 = AXIS2_PLACEMENT_3D('',#3680,#3681,#3682);
#3680 = CARTESIAN_POINT('',(13.,-20.,120.4));
#3681 = DIRECTION('',(0.,-0.,1.));
#3682 = DIRECTION('',(1.,0.,0.));
#3683 = ORIENTED_EDGE('',*,*,#3684,.F.);
#3684 = EDGE_CURVE('',#3685,#3674,#3687,.T.);
#3685 = VERTEX_POINT('',#3686);
#3686 = CARTESIAN_POINT('',(12.37,-21.09119200876,120.4));
#3687 = CIRCLE('',#3688,1.26);
#3688 = AXIS2_PLACEMENT_3D('',#3689,#3690,#3691);
#3689 = CARTESIAN_POINT('',(13.,-20.,120.4));
#3690 = DIRECTION('',(0.,-0.,1.));
#3691 = DIRECTION('',(1.,0.,0.));
#3692 = ORIENTED_EDGE('',*,*,#3693,.F.);
#3693 = EDGE_CURVE('',#3694,#3685,#3696,.T.);
#3694 = VERTEX_POINT('',#3695);
#3695 = CARTESIAN_POINT('',(11.74,-20.,120.4));
#3696 = CIRCLE('',#3697,1.26);
#3697 = AXIS2_PLACEMENT_3D('',#3698,#3699,#3700);
#3698 = CARTESIAN_POINT('',(13.,-20.,120.4));
#3699 = DIRECTION('',(0.,-0.,1.));
#3700 = DIRECTION('',(1.,0.,0.));
#3701 = ORIENTED_EDGE('',*,*,#3702,.F.);
#3702 = EDGE_CURVE('',#3703,#3694,#3705,.T.);
#3703 = VERTEX_POINT('',#3704);
#3704 = CARTESIAN_POINT('',(13.,-20.,119.67253866082));
#3705 = LINE('',#3706,#3707);
#3706 = CARTESIAN_POINT('',(11.74,-20.,120.4));
#3707 = VECTOR('',#3708,1.);
#3708 = DIRECTION('',(-0.866025403784,1.1E-16,0.5));
#3709 = ORIENTED_EDGE('',*,*,#3710,.T.);
#3710 = EDGE_CURVE('',#3703,#3676,#3711,.T.);
#3711 = LINE('',#3712,#3713);
#3712 = CARTESIAN_POINT('',(14.26,-20.,120.4));
#3713 = VECTOR('',#3714,1.);
#3714 = DIRECTION('',(0.866025403784,-0.,0.5));
#3715 = CONICAL_SURFACE('',#3716,1.26,1.047197551197);
#3716 = AXIS2_PLACEMENT_3D('',#3717,#3718,#3719);
#3717 = CARTESIAN_POINT('',(13.,-20.,120.4));
#3718 = DIRECTION('',(-0.,-0.,1.));
#3719 = DIRECTION('',(1.,0.,0.));
#3720 = ADVANCED_FACE('',(#3721),#3757,.T.);
#3721 = FACE_BOUND('',#3722,.T.);
#3722 = EDGE_LOOP('',(#3723,#3734,#3742,#3751));
#3723 = ORIENTED_EDGE('',*,*,#3724,.F.);
#3724 = EDGE_CURVE('',#3725,#3727,#3729,.T.);
#3725 = VERTEX_POINT('',#3726);
#3726 = CARTESIAN_POINT('',(9.18,20.,121.72));
#3727 = VERTEX_POINT('',#3728);
#3728 = CARTESIAN_POINT('',(16.82,20.,121.72));
#3729 = CIRCLE('',#3730,3.82);
#3730 = AXIS2_PLACEMENT_3D('',#3731,#3732,#3733);
#3731 = CARTESIAN_POINT('',(13.,20.,121.72));
#3732 = DIRECTION('',(0.,0.,-1.));
#3733 = DIRECTION('',(1.,0.,0.));
#3734 = ORIENTED_EDGE('',*,*,#3735,.T.);
#3735 = EDGE_CURVE('',#3725,#3736,#3738,.T.);
#3736 = VERTEX_POINT('',#3737);
#3737 = CARTESIAN_POINT('',(9.18,20.,122.2));
#3738 = LINE('',#3739,#3740);
#3739 = CARTESIAN_POINT('',(9.18,20.,122.2));
#3740 = VECTOR('',#3741,1.);
#3741 = DIRECTION('',(-0.,-0.,1.));
#3742 = ORIENTED_EDGE('',*,*,#3743,.F.);
#3743 = EDGE_CURVE('',#3744,#3736,#3746,.T.);
#3744 = VERTEX_POINT('',#3745);
#3745 = CARTESIAN_POINT('',(16.82,20.,122.2));
#3746 = CIRCLE('',#3747,3.82);
#3747 = AXIS2_PLACEMENT_3D('',#3748,#3749,#3750);
#3748 = CARTESIAN_POINT('',(13.,20.,122.2));
#3749 = DIRECTION('',(0.,-0.,1.));
#3750 = DIRECTION('',(1.,0.,0.));
#3751 = ORIENTED_EDGE('',*,*,#3752,.F.);
#3752 = EDGE_CURVE('',#3727,#3744,#3753,.T.);
#3753 = LINE('',#3754,#3755);
#3754 = CARTESIAN_POINT('',(16.82,20.,122.2));
#3755 = VECTOR('',#3756,1.);
#3756 = DIRECTION('',(-0.,-0.,1.));
#3757 = CYLINDRICAL_SURFACE('',#3758,3.82);
#3758 = AXIS2_PLACEMENT_3D('',#3759,#3760,#3761);
#3759 = CARTESIAN_POINT('',(13.,20.,122.2));
#3760 = DIRECTION('',(-0.,-0.,1.));
#3761 = DIRECTION('',(1.,0.,0.));
#3762 = ADVANCED_FACE('',(#3763),#3799,.T.);
#3763 = FACE_BOUND('',#3764,.T.);
#3764 = EDGE_LOOP('',(#3765,#3776,#3784,#3793));
#3765 = ORIENTED_EDGE('',*,*,#3766,.F.);
#3766 = EDGE_CURVE('',#3767,#3769,#3771,.T.);
#3767 = VERTEX_POINT('',#3768);
#3768 = CARTESIAN_POINT('',(-16.82,20.,121.72));
#3769 = VERTEX_POINT('',#3770);
#3770 = CARTESIAN_POINT('',(-9.18,20.,121.72));
#3771 = CIRCLE('',#3772,3.82);
#3772 = AXIS2_PLACEMENT_3D('',#3773,#3774,#3775);
#3773 = CARTESIAN_POINT('',(-13.,20.,121.72));
#3774 = DIRECTION('',(0.,0.,-1.));
#3775 = DIRECTION('',(1.,0.,0.));
#3776 = ORIENTED_EDGE('',*,*,#3777,.T.);
#3777 = EDGE_CURVE('',#3767,#3778,#3780,.T.);
#3778 = VERTEX_POINT('',#3779);
#3779 = CARTESIAN_POINT('',(-16.82,20.,122.2));
#3780 = LINE('',#3781,#3782);
#3781 = CARTESIAN_POINT('',(-16.82,20.,122.2));
#3782 = VECTOR('',#3783,1.);
#3783 = DIRECTION('',(-0.,-0.,1.));
#3784 = ORIENTED_EDGE('',*,*,#3785,.F.);
#3785 = EDGE_CURVE('',#3786,#3778,#3788,.T.);
#3786 = VERTEX_POINT('',#3787);
#3787 = CARTESIAN_POINT('',(-9.18,20.,122.2));
#3788 = CIRCLE('',#3789,3.82);
#3789 = AXIS2_PLACEMENT_3D('',#3790,#3791,#3792);
#3790 = CARTESIAN_POINT('',(-13.,20.,122.2));
#3791 = DIRECTION('',(0.,-0.,1.));
#3792 = DIRECTION('',(1.,0.,0.));
#3793 = ORIENTED_EDGE('',*,*,#3794,.F.);
#3794 = EDGE_CURVE('',#3769,#3786,#3795,.T.);
#3795 = LINE('',#3796,#3797);
#3796 = CARTESIAN_POINT('',(-9.18,20.,122.2));
#3797 = VECTOR('',#3798,1.);
#3798 = DIRECTION('',(-0.,-0.,1.));
#3799 = CYLINDRICAL_SURFACE('',#3800,3.82);
#3800 = AXIS2_PLACEMENT_3D('',#3801,#3802,#3803);
#3801 = CARTESIAN_POINT('',(-13.,20.,122.2));
#3802 = DIRECTION('',(-0.,-0.,1.));
#3803 = DIRECTION('',(1.,0.,0.));
#3804 = ADVANCED_FACE('',(#3805),#3841,.T.);
#3805 = FACE_BOUND('',#3806,.T.);
#3806 = EDGE_LOOP('',(#3807,#3818,#3826,#3835));
#3807 = ORIENTED_EDGE('',*,*,#3808,.F.);
#3808 = EDGE_CURVE('',#3809,#3811,#3813,.T.);
#3809 = VERTEX_POINT('',#3810);
#3810 = CARTESIAN_POINT('',(-16.82,-20.,121.72));
#3811 = VERTEX_POINT('',#3812);
#3812 = CARTESIAN_POINT('',(-9.18,-20.,121.72));
#3813 = CIRCLE('',#3814,3.82);
#3814 = AXIS2_PLACEMENT_3D('',#3815,#3816,#3817);
#3815 = CARTESIAN_POINT('',(-13.,-20.,121.72));
#3816 = DIRECTION('',(0.,0.,-1.));
#3817 = DIRECTION('',(1.,0.,0.));
#3818 = ORIENTED_EDGE('',*,*,#3819,.T.);
#3819 = EDGE_CURVE('',#3809,#3820,#3822,.T.);
#3820 = VERTEX_POINT('',#3821);
#3821 = CARTESIAN_POINT('',(-16.82,-20.,122.2));
#3822 = LINE('',#3823,#3824);
#3823 = CARTESIAN_POINT('',(-16.82,-20.,122.2));
#3824 = VECTOR('',#3825,1.);
#3825 = DIRECTION('',(-0.,-0.,1.));
#3826 = ORIENTED_EDGE('',*,*,#3827,.F.);
#3827 = EDGE_CURVE('',#3828,#3820,#3830,.T.);
#3828 = VERTEX_POINT('',#3829);
#3829 = CARTESIAN_POINT('',(-9.18,-20.,122.2));
#3830 = CIRCLE('',#3831,3.82);
#3831 = AXIS2_PLACEMENT_3D('',#3832,#3833,#3834);
#3832 = CARTESIAN_POINT('',(-13.,-20.,122.2));
#3833 = DIRECTION('',(0.,-0.,1.));
#3834 = DIRECTION('',(1.,0.,0.));
#3835 = ORIENTED_EDGE('',*,*,#3836,.F.);
#3836 = EDGE_CURVE('',#3811,#3828,#3837,.T.);
#3837 = LINE('',#3838,#3839);
#3838 = CARTESIAN_POINT('',(-9.18,-20.,122.2));
#3839 = VECTOR('',#3840,1.);
#3840 = DIRECTION('',(-0.,-0.,1.));
#3841 = CYLINDRICAL_SURFACE('',#3842,3.82);
#3842 = AXIS2_PLACEMENT_3D('',#3843,#3844,#3845);
#3843 = CARTESIAN_POINT('',(-13.,-20.,122.2));
#3844 = DIRECTION('',(-0.,-0.,1.));
#3845 = DIRECTION('',(1.,0.,0.));
#3846 = ADVANCED_FACE('',(#3847),#3883,.T.);
#3847 = FACE_BOUND('',#3848,.T.);
#3848 = EDGE_LOOP('',(#3849,#3860,#3868,#3877));
#3849 = ORIENTED_EDGE('',*,*,#3850,.F.);
#3850 = EDGE_CURVE('',#3851,#3853,#3855,.T.);
#3851 = VERTEX_POINT('',#3852);
#3852 = CARTESIAN_POINT('',(9.18,-20.,121.72));
#3853 = VERTEX_POINT('',#3854);
#3854 = CARTESIAN_POINT('',(16.82,-20.,121.72));
#3855 = CIRCLE('',#3856,3.82);
#3856 = AXIS2_PLACEMENT_3D('',#3857,#3858,#3859);
#3857 = CARTESIAN_POINT('',(13.,-20.,121.72));
#3858 = DIRECTION('',(0.,0.,-1.));
#3859 = DIRECTION('',(1.,0.,0.));
#3860 = ORIENTED_EDGE('',*,*,#3861,.T.);
#3861 = EDGE_CURVE('',#3851,#3862,#3864,.T.);
#3862 = VERTEX_POINT('',#3863);
#3863 = CARTESIAN_POINT('',(9.18,-20.,122.2));
#3864 = LINE('',#3865,#3866);
#3865 = CARTESIAN_POINT('',(9.18,-20.,122.2));
#3866 = VECTOR('',#3867,1.);
#3867 = DIRECTION('',(-0.,-0.,1.));
#3868 = ORIENTED_EDGE('',*,*,#3869,.F.);
#3869 = EDGE_CURVE('',#3870,#3862,#3872,.T.);
#3870 = VERTEX_POINT('',#3871);
#3871 = CARTESIAN_POINT('',(16.82,-20.,122.2));
#3872 = CIRCLE('',#3873,3.82);
#3873 = AXIS2_PLACEMENT_3D('',#3874,#3875,#3876);
#3874 = CARTESIAN_POINT('',(13.,-20.,122.2));
#3875 = DIRECTION('',(0.,-0.,1.));
#3876 = DIRECTION('',(1.,0.,0.));
#3877 = ORIENTED_EDGE('',*,*,#3878,.F.);
#3878 = EDGE_CURVE('',#3853,#3870,#3879,.T.);
#3879 = LINE('',#3880,#3881);
#3880 = CARTESIAN_POINT('',(16.82,-20.,122.2));
#3881 = VECTOR('',#3882,1.);
#3882 = DIRECTION('',(-0.,-0.,1.));
#3883 = CYLINDRICAL_SURFACE('',#3884,3.82);
#3884 = AXIS2_PLACEMENT_3D('',#3885,#3886,#3887);
#3885 = CARTESIAN_POINT('',(13.,-20.,122.2));
#3886 = DIRECTION('',(-0.,-0.,1.));
#3887 = DIRECTION('',(1.,0.,0.));
#3888 = ADVANCED_FACE('',(#3889),#3925,.F.);
#3889 = FACE_BOUND('',#3890,.F.);
#3890 = EDGE_LOOP('',(#3891,#3901,#3910,#3918));
#3891 = ORIENTED_EDGE('',*,*,#3892,.T.);
#3892 = EDGE_CURVE('',#3893,#3895,#3897,.T.);
#3893 = VERTEX_POINT('',#3894);
#3894 = CARTESIAN_POINT('',(-10.3,1.E-15,121.5));
#3895 = VERTEX_POINT('',#3896);
#3896 = CARTESIAN_POINT('',(-10.3,0.,2.));
#3897 = LINE('',#3898,#3899);
#3898 = CARTESIAN_POINT('',(-10.3,0.,122.));
#3899 = VECTOR('',#3900,1.);
#3900 = DIRECTION('',(-0.,-0.,-1.));
#3901 = ORIENTED_EDGE('',*,*,#3902,.F.);
#3902 = EDGE_CURVE('',#3903,#3895,#3905,.T.);
#3903 = VERTEX_POINT('',#3904);
#3904 = CARTESIAN_POINT('',(10.3,1.E-15,2.));
#3905 = CIRCLE('',#3906,10.3);
#3906 = AXIS2_PLACEMENT_3D('',#3907,#3908,#3909);
#3907 = CARTESIAN_POINT('',(0.,0.,2.));
#3908 = DIRECTION('',(0.,0.,-1.));
#3909 = DIRECTION('',(-1.,0.,0.));
#3910 = ORIENTED_EDGE('',*,*,#3911,.F.);
#3911 = EDGE_CURVE('',#3912,#3903,#3914,.T.);
#3912 = VERTEX_POINT('',#3913);
#3913 = CARTESIAN_POINT('',(10.3,0.,121.5));
#3914 = LINE('',#3915,#3916);
#3915 = CARTESIAN_POINT('',(10.3,1.26E-15,122.));
#3916 = VECTOR('',#3917,1.);
#3917 = DIRECTION('',(-0.,-0.,-1.));
#3918 = ORIENTED_EDGE('',*,*,#3919,.F.);
#3919 = EDGE_CURVE('',#3893,#3912,#3920,.T.);
#3920 = CIRCLE('',#3921,10.3);
#3921 = AXIS2_PLACEMENT_3D('',#3922,#3923,#3924);
#3922 = CARTESIAN_POINT('',(0.,0.,121.5));
#3923 = DIRECTION('',(0.,0.,1.));
#3924 = DIRECTION('',(1.,0.,-0.));
#3925 = CYLINDRICAL_SURFACE('',#3926,10.3);
#3926 = AXIS2_PLACEMENT_3D('',#3927,#3928,#3929);
#3927 = CARTESIAN_POINT('',(0.,0.,122.));
#3928 = DIRECTION('',(-0.,-0.,-1.));
#3929 = DIRECTION('',(-1.,0.,0.));
#3930 = ADVANCED_FACE('',(#3931),#3974,.F.);
#3931 = FACE_BOUND('',#3932,.F.);
#3932 = EDGE_LOOP('',(#3933,#3941,#3952,#3961,#3967));
#3933 = ORIENTED_EDGE('',*,*,#3934,.T.);
#3934 = EDGE_CURVE('',#3727,#3935,#3937,.T.);
#3935 = VERTEX_POINT('',#3936);
#3936 = CARTESIAN_POINT('',(16.947234448297,19.999999999984,
    121.84723444829));
#3937 = LINE('',#3938,#3939);
#3938 = CARTESIAN_POINT('',(15.1,20.,120.));
#3939 = VECTOR('',#3940,1.);
#3940 = DIRECTION('',(0.707106781187,0.,0.707106781187));
#3941 = ORIENTED_EDGE('',*,*,#3942,.F.);
#3942 = EDGE_CURVE('',#3943,#3935,#3945,.T.);
#3943 = VERTEX_POINT('',#3944);
#3944 = CARTESIAN_POINT('',(16.919760356424,19.015842834269,
    121.94142135623));
#3945 = B_SPLINE_CURVE_WITH_KNOTS('',3,(#3946,#3947,#3948,#3949,#3950,
    #3951),.UNSPECIFIED.,.F.,.F.,(4,2,4),(0.,4.945577239218E-04,
    9.891154478436E-04),.UNSPECIFIED.);
#3946 = CARTESIAN_POINT('',(16.919760356424,19.015842834269,
    121.94142135623));
#3947 = CARTESIAN_POINT('',(16.960972675099,19.179985735995,
    121.94142135623));
#3948 = CARTESIAN_POINT('',(16.975180186197,19.343669716976,
    121.92570279585));
#3949 = CARTESIAN_POINT('',(16.979240908739,19.67150115994,
    121.88945181009));
#3950 = CARTESIAN_POINT('',(16.967764220743,19.83614656317,
    121.86776422074));
#3951 = CARTESIAN_POINT('',(16.947234448297,19.999999999984,
    121.84723444829));
#3952 = ORIENTED_EDGE('',*,*,#3953,.F.);
#3953 = EDGE_CURVE('',#3954,#3943,#3956,.T.);
#3954 = VERTEX_POINT('',#3955);
#3955 = CARTESIAN_POINT('',(8.958578643763,20.,121.94142135623));
#3956 = CIRCLE('',#3957,4.041421356237);
#3957 = AXIS2_PLACEMENT_3D('',#3958,#3959,#3960);
#3958 = CARTESIAN_POINT('',(13.,20.,121.94142135623));
#3959 = DIRECTION('',(0.,0.,1.));
#3960 = DIRECTION('',(-1.,0.,-0.));
#3961 = ORIENTED_EDGE('',*,*,#3962,.F.);
#3962 = EDGE_CURVE('',#3725,#3954,#3963,.T.);
#3963 = LINE('',#3964,#3965);
#3964 = CARTESIAN_POINT('',(10.9,20.,120.));
#3965 = VECTOR('',#3966,1.);
#3966 = DIRECTION('',(-0.707106781187,9.E-17,0.707106781187));
#3967 = ORIENTED_EDGE('',*,*,#3968,.F.);
#3968 = EDGE_CURVE('',#3727,#3725,#3969,.T.);
#3969 = CIRCLE('',#3970,3.82);
#3970 = AXIS2_PLACEMENT_3D('',#3971,#3972,#3973);
#3971 = CARTESIAN_POINT('',(13.,20.,121.72));
#3972 = DIRECTION('',(0.,0.,-1.));
#3973 = DIRECTION('',(1.,0.,0.));
#3974 = CONICAL_SURFACE('',#3975,2.1,0.785398163397);
#3975 = AXIS2_PLACEMENT_3D('',#3976,#3977,#3978);
#3976 = CARTESIAN_POINT('',(13.,20.,120.));
#3977 = DIRECTION('',(0.,0.,1.));
#3978 = DIRECTION('',(1.,0.,-0.));
#3979 = ADVANCED_FACE('',(#3980),#4023,.F.);
#3980 = FACE_BOUND('',#3981,.F.);
#3981 = EDGE_LOOP('',(#3982,#3990,#3999,#4010,#4016));
#3982 = ORIENTED_EDGE('',*,*,#3983,.T.);
#3983 = EDGE_CURVE('',#3769,#3984,#3986,.T.);
#3984 = VERTEX_POINT('',#3985);
#3985 = CARTESIAN_POINT('',(-8.958578643763,20.,121.94142135623));
#3986 = LINE('',#3987,#3988);
#3987 = CARTESIAN_POINT('',(-10.9,20.,120.));
#3988 = VECTOR('',#3989,1.);
#3989 = DIRECTION('',(0.707106781187,0.,0.707106781187));
#3990 = ORIENTED_EDGE('',*,*,#3991,.F.);
#3991 = EDGE_CURVE('',#3992,#3984,#3994,.T.);
#3992 = VERTEX_POINT('',#3993);
#3993 = CARTESIAN_POINT('',(-16.91976035642,19.015842834269,
    121.94142135623));
#3994 = CIRCLE('',#3995,4.041421356237);
#3995 = AXIS2_PLACEMENT_3D('',#3996,#3997,#3998);
#3996 = CARTESIAN_POINT('',(-13.,20.,121.94142135623));
#3997 = DIRECTION('',(0.,0.,1.));
#3998 = DIRECTION('',(-1.,8.6E-16,-0.));
#3999 = ORIENTED_EDGE('',*,*,#4000,.F.);
#4000 = EDGE_CURVE('',#4001,#3992,#4003,.T.);
#4001 = VERTEX_POINT('',#4002);
#4002 = CARTESIAN_POINT('',(-16.94723444829,20.,121.84723444829));
#4003 = B_SPLINE_CURVE_WITH_KNOTS('',3,(#4004,#4005,#4006,#4007,#4008,
    #4009),.UNSPECIFIED.,.F.,.F.,(4,2,4),(1.510368794175E-03,
    2.008178798062E-03,2.50598880195E-03),.UNSPECIFIED.);
#4004 = CARTESIAN_POINT('',(-16.94723444829,20.,121.84723444829));
#4005 = CARTESIAN_POINT('',(-16.96758122412,19.83760710663,
    121.86758122412));
#4006 = CARTESIAN_POINT('',(-16.9792526324,19.672597094319,
    121.88933011814));
#4007 = CARTESIAN_POINT('',(-16.97516927324,19.342639262071,
    121.9258172471));
#4008 = CARTESIAN_POINT('',(-16.96062981703,19.178620180284,
    121.94142135623));
#4009 = CARTESIAN_POINT('',(-16.91976035642,19.015842834269,
    121.94142135623));
#4010 = ORIENTED_EDGE('',*,*,#4011,.F.);
#4011 = EDGE_CURVE('',#3767,#4001,#4012,.T.);
#4012 = LINE('',#4013,#4014);
#4013 = CARTESIAN_POINT('',(-15.1,20.,120.));
#4014 = VECTOR('',#4015,1.);
#4015 = DIRECTION('',(-0.707106781187,9.E-17,0.707106781187));
#4016 = ORIENTED_EDGE('',*,*,#4017,.F.);
#4017 = EDGE_CURVE('',#3769,#3767,#4018,.T.);
#4018 = CIRCLE('',#4019,3.82);
#4019 = AXIS2_PLACEMENT_3D('',#4020,#4021,#4022);
#4020 = CARTESIAN_POINT('',(-13.,20.,121.72));
#4021 = DIRECTION('',(0.,0.,-1.));
#4022 = DIRECTION('',(1.,0.,0.));
#4023 = CONICAL_SURFACE('',#4024,2.1,0.785398163397);
#4024 = AXIS2_PLACEMENT_3D('',#4025,#4026,#4027);
#4025 = CARTESIAN_POINT('',(-13.,20.,120.));
#4026 = DIRECTION('',(0.,0.,1.));
#4027 = DIRECTION('',(1.,0.,-0.));
#4028 = ADVANCED_FACE('',(#4029),#4085,.F.);
#4029 = FACE_BOUND('',#4030,.F.);
#4030 = EDGE_LOOP('',(#4031,#4039,#4048,#4061,#4072,#4078));
#4031 = ORIENTED_EDGE('',*,*,#4032,.T.);
#4032 = EDGE_CURVE('',#3811,#4033,#4035,.T.);
#4033 = VERTEX_POINT('',#4034);
#4034 = CARTESIAN_POINT('',(-8.958578643763,-20.,121.94142135623));
#4035 = LINE('',#4036,#4037);
#4036 = CARTESIAN_POINT('',(-8.9,-20.,122.));
#4037 = VECTOR('',#4038,1.);
#4038 = DIRECTION('',(0.707106781187,0.,0.707106781187));
#4039 = ORIENTED_EDGE('',*,*,#4040,.F.);
#4040 = EDGE_CURVE('',#4041,#4033,#4043,.T.);
#4041 = VERTEX_POINT('',#4042);
#4042 = CARTESIAN_POINT('',(-14.71805545691,-23.65805577125,
    121.94142135623));
#4043 = CIRCLE('',#4044,4.041421356237);
#4044 = AXIS2_PLACEMENT_3D('',#4045,#4046,#4047);
#4045 = CARTESIAN_POINT('',(-13.,-20.,121.94142135623));
#4046 = DIRECTION('',(0.,0.,1.));
#4047 = DIRECTION('',(-1.,8.6E-16,-0.));
#4048 = ORIENTED_EDGE('',*,*,#4049,.F.);
#4049 = EDGE_CURVE('',#4050,#4041,#4052,.T.);
#4050 = VERTEX_POINT('',#4051);
#4051 = CARTESIAN_POINT('',(-16.56688211903,-21.4473334035,
    121.74934046714));
#4052 = B_SPLINE_CURVE_WITH_KNOTS('',3,(#4053,#4054,#4055,#4056,#4057,
    #4058,#4059,#4060),.UNSPECIFIED.,.F.,.F.,(4,2,2,4),(0.,
    1.479107745095E-03,2.218661617642E-03,2.95821549019E-03),
  .UNSPECIFIED.);
#4053 = CARTESIAN_POINT('',(-16.56688211903,-21.4473334035,
    121.74934046714));
#4054 = CARTESIAN_POINT('',(-16.38925560859,-21.9090387974,
    121.75834689707));
#4055 = CARTESIAN_POINT('',(-16.14605932567,-22.34427249007,
    121.7933183569));
#4056 = CARTESIAN_POINT('',(-15.68931955158,-22.91454002623,
    121.85830007389));
#4057 = CARTESIAN_POINT('',(-15.52080043333,-23.09231584702,
    121.8820069866));
#4058 = CARTESIAN_POINT('',(-15.14513732183,-23.41240841696,
    121.92314216163));
#4059 = CARTESIAN_POINT('',(-14.94354255802,-23.55215269903,
    121.94142135623));
#4060 = CARTESIAN_POINT('',(-14.71805545691,-23.65805577125,
    121.94142135623));
#4061 = ORIENTED_EDGE('',*,*,#4062,.F.);
#4062 = EDGE_CURVE('',#4063,#4050,#4065,.T.);
#4063 = VERTEX_POINT('',#4064);
#4064 = CARTESIAN_POINT('',(-16.94723444829,-19.99999999998,
    121.84723444829));
#4065 = B_SPLINE_CURVE_WITH_KNOTS('',3,(#4066,#4067,#4068,#4069,#4070,
    #4071),.UNSPECIFIED.,.F.,.F.,(4,2,4),(9.891154478437E-04,
    1.739084088808E-03,2.489052729773E-03),.UNSPECIFIED.);
#4066 = CARTESIAN_POINT('',(-16.94723444829,-19.99999999998,
    121.84723444829));
#4067 = CARTESIAN_POINT('',(-16.91610221681,-20.24847441132,
    121.81610221681));
#4068 = CARTESIAN_POINT('',(-16.86482248099,-20.49198865735,
    121.78806671525));
#4069 = CARTESIAN_POINT('',(-16.7356414485,-20.97360567146,
    121.75241251282));
#4070 = CARTESIAN_POINT('',(-16.65755137785,-21.21165638799,
    121.74474314479));
#4071 = CARTESIAN_POINT('',(-16.56688211903,-21.4473334035,
    121.74934046714));
#4072 = ORIENTED_EDGE('',*,*,#4073,.F.);
#4073 = EDGE_CURVE('',#3809,#4063,#4074,.T.);
#4074 = LINE('',#4075,#4076);
#4075 = CARTESIAN_POINT('',(-17.1,-20.,122.));
#4076 = VECTOR('',#4077,1.);
#4077 = DIRECTION('',(-0.707106781187,9.E-17,0.707106781187));
#4078 = ORIENTED_EDGE('',*,*,#4079,.F.);
#4079 = EDGE_CURVE('',#3811,#3809,#4080,.T.);
#4080 = CIRCLE('',#4081,3.82);
#4081 = AXIS2_PLACEMENT_3D('',#4082,#4083,#4084);
#4082 = CARTESIAN_POINT('',(-13.,-20.,121.72));
#4083 = DIRECTION('',(0.,0.,-1.));
#4084 = DIRECTION('',(1.,0.,0.));
#4085 = CONICAL_SURFACE('',#4086,4.1,0.785398163397);
#4086 = AXIS2_PLACEMENT_3D('',#4087,#4088,#4089);
#4087 = CARTESIAN_POINT('',(-13.,-20.,122.));
#4088 = DIRECTION('',(-0.,-0.,1.));
#4089 = DIRECTION('',(1.,0.,0.));
#4090 = ADVANCED_FACE('',(#4091),#4147,.F.);
#4091 = FACE_BOUND('',#4092,.F.);
#4092 = EDGE_LOOP('',(#4093,#4101,#4112,#4125,#4134,#4140));
#4093 = ORIENTED_EDGE('',*,*,#4094,.T.);
#4094 = EDGE_CURVE('',#3853,#4095,#4097,.T.);
#4095 = VERTEX_POINT('',#4096);
#4096 = CARTESIAN_POINT('',(16.947234448295,-20.,121.84723444829));
#4097 = LINE('',#4098,#4099);
#4098 = CARTESIAN_POINT('',(17.1,-20.,122.));
#4099 = VECTOR('',#4100,1.);
#4100 = DIRECTION('',(0.707106781187,0.,0.707106781187));
#4101 = ORIENTED_EDGE('',*,*,#4102,.F.);
#4102 = EDGE_CURVE('',#4103,#4095,#4105,.T.);
#4103 = VERTEX_POINT('',#4104);
#4104 = CARTESIAN_POINT('',(16.566882119038,-21.4473334035,
    121.74934046714));
#4105 = B_SPLINE_CURVE_WITH_KNOTS('',3,(#4106,#4107,#4108,#4109,#4110,
    #4111),.UNSPECIFIED.,.F.,.F.,(4,2,4),(0.,7.551843970874E-04,
    1.510368794175E-03),.UNSPECIFIED.);
#4106 = CARTESIAN_POINT('',(16.566882119038,-21.4473334035,
    121.74934046714));
#4107 = CARTESIAN_POINT('',(16.657337428792,-21.21221250676,
    121.74475399293));
#4108 = CARTESIAN_POINT('',(16.736126287023,-20.97211558588,
    121.75246761912));
#4109 = CARTESIAN_POINT('',(16.86546147167,-20.48928607678,
    121.78832247445));
#4110 = CARTESIAN_POINT('',(16.916368118735,-20.24635217917,
    121.81636811873));
#4111 = CARTESIAN_POINT('',(16.947234448295,-20.,121.84723444829));
#4112 = ORIENTED_EDGE('',*,*,#4113,.F.);
#4113 = EDGE_CURVE('',#4114,#4103,#4116,.T.);
#4114 = VERTEX_POINT('',#4115);
#4115 = CARTESIAN_POINT('',(14.718055456914,-23.65805577125,
    121.94142135623));
#4116 = B_SPLINE_CURVE_WITH_KNOTS('',3,(#4117,#4118,#4119,#4120,#4121,
    #4122,#4123,#4124),.UNSPECIFIED.,.F.,.F.,(4,2,2,4),(0.,
    7.450974690018E-04,1.490194938004E-03,2.980389876007E-03),
  .UNSPECIFIED.);
#4117 = CARTESIAN_POINT('',(14.718055456914,-23.65805577125,
    121.94142135623));
#4118 = CARTESIAN_POINT('',(14.943499828114,-23.55217276771,
    121.94142135623));
#4119 = CARTESIAN_POINT('',(15.148791153524,-23.40954796921,
    121.92278334956));
#4120 = CARTESIAN_POINT('',(15.521283054145,-23.09164890986,
    121.88191239515));
#4121 = CARTESIAN_POINT('',(15.691146805689,-22.91272743173,
    121.85804860734));
#4122 = CARTESIAN_POINT('',(16.152051582783,-22.33583823612,
    121.79244854466));
#4123 = CARTESIAN_POINT('',(16.389015180573,-21.90966374305,
    121.75835908781));
#4124 = CARTESIAN_POINT('',(16.566882119038,-21.4473334035,
    121.74934046714));
#4125 = ORIENTED_EDGE('',*,*,#4126,.F.);
#4126 = EDGE_CURVE('',#4127,#4114,#4129,.T.);
#4127 = VERTEX_POINT('',#4128);
#4128 = CARTESIAN_POINT('',(8.958578643763,-20.,121.94142135623));
#4129 = CIRCLE('',#4130,4.041421356237);
#4130 = AXIS2_PLACEMENT_3D('',#4131,#4132,#4133);
#4131 = CARTESIAN_POINT('',(13.,-20.,121.94142135623));
#4132 = DIRECTION('',(0.,0.,1.));
#4133 = DIRECTION('',(-1.,0.,-0.));
#4134 = ORIENTED_EDGE('',*,*,#4135,.F.);
#4135 = EDGE_CURVE('',#3851,#4127,#4136,.T.);
#4136 = LINE('',#4137,#4138);
#4137 = CARTESIAN_POINT('',(8.9,-20.,122.));
#4138 = VECTOR('',#4139,1.);
#4139 = DIRECTION('',(-0.707106781187,9.E-17,0.707106781187));
#4140 = ORIENTED_EDGE('',*,*,#4141,.F.);
#4141 = EDGE_CURVE('',#3853,#3851,#4142,.T.);
#4142 = CIRCLE('',#4143,3.82);
#4143 = AXIS2_PLACEMENT_3D('',#4144,#4145,#4146);
#4144 = CARTESIAN_POINT('',(13.,-20.,121.72));
#4145 = DIRECTION('',(0.,0.,-1.));
#4146 = DIRECTION('',(1.,0.,0.));
#4147 = CONICAL_SURFACE('',#4148,4.1,0.785398163397);
#4148 = AXIS2_PLACEMENT_3D('',#4149,#4150,#4151);
#4149 = CARTESIAN_POINT('',(13.,-20.,122.));
#4150 = DIRECTION('',(-0.,-0.,1.));
#4151 = DIRECTION('',(1.,0.,0.));
#4152 = ADVANCED_FACE('',(#4153),#4181,.T.);
#4153 = FACE_BOUND('',#4154,.T.);
#4154 = EDGE_LOOP('',(#4155,#4166,#4173,#4174));
#4155 = ORIENTED_EDGE('',*,*,#4156,.F.);
#4156 = EDGE_CURVE('',#4157,#4159,#4161,.T.);
#4157 = VERTEX_POINT('',#4158);
#4158 = CARTESIAN_POINT('',(-8.817157287525,20.,122.));
#4159 = VERTEX_POINT('',#4160);
#4160 = CARTESIAN_POINT('',(-17.05692443234,18.981404247233,122.));
#4161 = CIRCLE('',#4162,4.182842712475);
#4162 = AXIS2_PLACEMENT_3D('',#4163,#4164,#4165);
#4163 = CARTESIAN_POINT('',(-13.,20.,122.));
#4164 = DIRECTION('',(0.,0.,-1.));
#4165 = DIRECTION('',(1.,0.,0.));
#4166 = ORIENTED_EDGE('',*,*,#4167,.T.);
#4167 = EDGE_CURVE('',#4157,#3984,#4168,.T.);
#4168 = CIRCLE('',#4169,0.2);
#4169 = AXIS2_PLACEMENT_3D('',#4170,#4171,#4172);
#4170 = CARTESIAN_POINT('',(-8.817157287525,20.,121.8));
#4171 = DIRECTION('',(0.,-1.,0.));
#4172 = DIRECTION('',(0.,0.,-1.));
#4173 = ORIENTED_EDGE('',*,*,#3991,.F.);
#4174 = ORIENTED_EDGE('',*,*,#4175,.T.);
#4175 = EDGE_CURVE('',#3992,#4159,#4176,.T.);
#4176 = CIRCLE('',#4177,0.2);
#4177 = AXIS2_PLACEMENT_3D('',#4178,#4179,#4180);
#4178 = CARTESIAN_POINT('',(-17.05692443234,18.981404247233,121.8));
#4179 = DIRECTION('',(0.243517584281,-0.969896482181,0.));
#4180 = DIRECTION('',(0.969896482181,0.243517584281,0.));
#4181 = TOROIDAL_SURFACE('',#4182,4.182842712475,0.2);
#4182 = AXIS2_PLACEMENT_3D('',#4183,#4184,#4185);
#4183 = CARTESIAN_POINT('',(-13.,20.,121.8));
#4184 = DIRECTION('',(-0.,0.,1.));
#4185 = DIRECTION('',(1.,0.,0.));
#4186 = ADVANCED_FACE('',(#4187),#4215,.T.);
#4187 = FACE_BOUND('',#4188,.T.);
#4188 = EDGE_LOOP('',(#4189,#4200,#4207,#4208));
#4189 = ORIENTED_EDGE('',*,*,#4190,.F.);
#4190 = EDGE_CURVE('',#4191,#4193,#4195,.T.);
#4191 = VERTEX_POINT('',#4192);
#4192 = CARTESIAN_POINT('',(-8.817157287525,-20.,122.));
#4193 = VERTEX_POINT('',#4194);
#4194 = CARTESIAN_POINT('',(-14.77817532846,-23.78606202518,122.));
#4195 = CIRCLE('',#4196,4.182842712475);
#4196 = AXIS2_PLACEMENT_3D('',#4197,#4198,#4199);
#4197 = CARTESIAN_POINT('',(-13.,-20.,122.));
#4198 = DIRECTION('',(0.,0.,-1.));
#4199 = DIRECTION('',(1.,0.,0.));
#4200 = ORIENTED_EDGE('',*,*,#4201,.T.);
#4201 = EDGE_CURVE('',#4191,#4033,#4202,.T.);
#4202 = CIRCLE('',#4203,0.2);
#4203 = AXIS2_PLACEMENT_3D('',#4204,#4205,#4206);
#4204 = CARTESIAN_POINT('',(-8.817157287525,-20.,121.8));
#4205 = DIRECTION('',(0.,-1.,0.));
#4206 = DIRECTION('',(0.,0.,-1.));
#4207 = ORIENTED_EDGE('',*,*,#4040,.F.);
#4208 = ORIENTED_EDGE('',*,*,#4209,.T.);
#4209 = EDGE_CURVE('',#4041,#4193,#4210,.T.);
#4210 = CIRCLE('',#4211,0.2);
#4211 = AXIS2_PLACEMENT_3D('',#4212,#4213,#4214);
#4212 = CARTESIAN_POINT('',(-14.77817532846,-23.78606202518,121.8));
#4213 = DIRECTION('',(0.905140901879,-0.425111688555,0.));
#4214 = DIRECTION('',(0.425111688555,0.905140901879,0.));
#4215 = TOROIDAL_SURFACE('',#4216,4.182842712475,0.2);
#4216 = AXIS2_PLACEMENT_3D('',#4217,#4218,#4219);
#4217 = CARTESIAN_POINT('',(-13.,-20.,121.8));
#4218 = DIRECTION('',(-0.,0.,1.));
#4219 = DIRECTION('',(1.,0.,0.));
#4220 = ADVANCED_FACE('',(#4221),#4247,.F.);
#4221 = FACE_BOUND('',#4222,.F.);
#4222 = EDGE_LOOP('',(#4223,#4231,#4240,#4246));
#4223 = ORIENTED_EDGE('',*,*,#4224,.T.);
#4224 = EDGE_CURVE('',#3912,#4225,#4227,.T.);
#4225 = VERTEX_POINT('',#4226);
#4226 = CARTESIAN_POINT('',(10.8,0.,122.));
#4227 = LINE('',#4228,#4229);
#4228 = CARTESIAN_POINT('',(10.3,0.,121.5));
#4229 = VECTOR('',#4230,1.);
#4230 = DIRECTION('',(0.707106781187,0.,0.707106781187));
#4231 = ORIENTED_EDGE('',*,*,#4232,.T.);
#4232 = EDGE_CURVE('',#4225,#4233,#4235,.T.);
#4233 = VERTEX_POINT('',#4234);
#4234 = CARTESIAN_POINT('',(-10.8,1.E-15,122.));
#4235 = CIRCLE('',#4236,10.8);
#4236 = AXIS2_PLACEMENT_3D('',#4237,#4238,#4239);
#4237 = CARTESIAN_POINT('',(0.,0.,122.));
#4238 = DIRECTION('',(0.,0.,-1.));
#4239 = DIRECTION('',(1.,0.,0.));
#4240 = ORIENTED_EDGE('',*,*,#4241,.F.);
#4241 = EDGE_CURVE('',#3893,#4233,#4242,.T.);
#4242 = LINE('',#4243,#4244);
#4243 = CARTESIAN_POINT('',(-10.3,1.26E-15,121.5));
#4244 = VECTOR('',#4245,1.);
#4245 = DIRECTION('',(-0.707106781187,9.E-17,0.707106781187));
#4246 = ORIENTED_EDGE('',*,*,#3919,.T.);
#4247 = CONICAL_SURFACE('',#4248,10.3,0.785398163397);
#4248 = AXIS2_PLACEMENT_3D('',#4249,#4250,#4251);
#4249 = CARTESIAN_POINT('',(0.,0.,121.5));
#4250 = DIRECTION('',(0.,0.,1.));
#4251 = DIRECTION('',(1.,0.,-0.));
#4252 = ADVANCED_FACE('',(#4253),#4291,.T.);
#4253 = FACE_BOUND('',#4254,.T.);
#4254 = EDGE_LOOP('',(#4255,#4266,#4275,#4284));
#4255 = ORIENTED_EDGE('',*,*,#4256,.F.);
#4256 = EDGE_CURVE('',#4257,#4259,#4261,.T.);
#4257 = VERTEX_POINT('',#4258);
#4258 = CARTESIAN_POINT('',(23.5,0.,121.));
#4259 = VERTEX_POINT('',#4260);
#4260 = CARTESIAN_POINT('',(22.096309518183,-8.000194102437,121.));
#4261 = CIRCLE('',#4262,23.5);
#4262 = AXIS2_PLACEMENT_3D('',#4263,#4264,#4265);
#4263 = CARTESIAN_POINT('',(0.,0.,121.));
#4264 = DIRECTION('',(0.,0.,-1.));
#4265 = DIRECTION('',(1.,0.,0.));
#4266 = ORIENTED_EDGE('',*,*,#4267,.T.);
#4267 = EDGE_CURVE('',#4257,#4268,#4270,.T.);
#4268 = VERTEX_POINT('',#4269);
#4269 = CARTESIAN_POINT('',(22.5,0.,122.));
#4270 = CIRCLE('',#4271,1.);
#4271 = AXIS2_PLACEMENT_3D('',#4272,#4273,#4274);
#4272 = CARTESIAN_POINT('',(22.5,0.,121.));
#4273 = DIRECTION('',(0.,-1.,0.));
#4274 = DIRECTION('',(0.,0.,-1.));
#4275 = ORIENTED_EDGE('',*,*,#4276,.F.);
#4276 = EDGE_CURVE('',#4277,#4268,#4279,.T.);
#4277 = VERTEX_POINT('',#4278);
#4278 = CARTESIAN_POINT('',(21.156041028047,-7.659760310844,122.));
#4279 = CIRCLE('',#4280,22.5);
#4280 = AXIS2_PLACEMENT_3D('',#4281,#4282,#4283);
#4281 = CARTESIAN_POINT('',(0.,0.,122.));
#4282 = DIRECTION('',(-0.,0.,1.));
#4283 = DIRECTION('',(1.,0.,0.));
#4284 = ORIENTED_EDGE('',*,*,#4285,.T.);
#4285 = EDGE_CURVE('',#4277,#4259,#4286,.T.);
#4286 = CIRCLE('',#4287,1.);
#4287 = AXIS2_PLACEMENT_3D('',#4288,#4289,#4290);
#4288 = CARTESIAN_POINT('',(21.156041028047,-7.659760310844,121.));
#4289 = DIRECTION('',(0.340433791593,0.940268490135,-0.));
#4290 = DIRECTION('',(-0.940268490135,0.340433791593,0.));
#4291 = TOROIDAL_SURFACE('',#4292,22.5,1.);
#4292 = AXIS2_PLACEMENT_3D('',#4293,#4294,#4295);
#4293 = CARTESIAN_POINT('',(0.,0.,121.));
#4294 = DIRECTION('',(-0.,0.,1.));
#4295 = DIRECTION('',(1.,0.,0.));
#4296 = ADVANCED_FACE('',(#4297),#4333,.T.);
#4297 = FACE_BOUND('',#4298,.T.);
#4298 = EDGE_LOOP('',(#4299,#4310,#4318,#4327));
#4299 = ORIENTED_EDGE('',*,*,#4300,.T.);
#4300 = EDGE_CURVE('',#4301,#4303,#4305,.T.);
#4301 = VERTEX_POINT('',#4302);
#4302 = CARTESIAN_POINT('',(-22.09630951818,-8.000194102437,121.));
#4303 = VERTEX_POINT('',#4304);
#4304 = CARTESIAN_POINT('',(-23.5,0.,121.));
#4305 = CIRCLE('',#4306,23.5);
#4306 = AXIS2_PLACEMENT_3D('',#4307,#4308,#4309);
#4307 = CARTESIAN_POINT('',(0.,0.,121.));
#4308 = DIRECTION('',(0.,0.,-1.));
#4309 = DIRECTION('',(1.,0.,0.));
#4310 = ORIENTED_EDGE('',*,*,#4311,.T.);
#4311 = EDGE_CURVE('',#4303,#4312,#4314,.T.);
#4312 = VERTEX_POINT('',#4313);
#4313 = CARTESIAN_POINT('',(-23.5,0.,0.2));
#4314 = LINE('',#4315,#4316);
#4315 = CARTESIAN_POINT('',(-23.5,0.,122.));
#4316 = VECTOR('',#4317,1.);
#4317 = DIRECTION('',(-0.,-0.,-1.));
#4318 = ORIENTED_EDGE('',*,*,#4319,.T.);
#4319 = EDGE_CURVE('',#4312,#4320,#4322,.T.);
#4320 = VERTEX_POINT('',#4321);
#4321 = CARTESIAN_POINT('',(-22.09630951818,-8.000194102437,0.2));
#4322 = CIRCLE('',#4323,23.5);
#4323 = AXIS2_PLACEMENT_3D('',#4324,#4325,#4326);
#4324 = CARTESIAN_POINT('',(0.,0.,0.2));
#4325 = DIRECTION('',(-0.,0.,1.));
#4326 = DIRECTION('',(1.,0.,0.));
#4327 = ORIENTED_EDGE('',*,*,#4328,.F.);
#4328 = EDGE_CURVE('',#4301,#4320,#4329,.T.);
#4329 = LINE('',#4330,#4331);
#4330 = CARTESIAN_POINT('',(-22.09630951818,-8.000194102437,122.));
#4331 = VECTOR('',#4332,1.);
#4332 = DIRECTION('',(-0.,-0.,-1.));
#4333 = CYLINDRICAL_SURFACE('',#4334,23.5);
#4334 = AXIS2_PLACEMENT_3D('',#4335,#4336,#4337);
#4335 = CARTESIAN_POINT('',(0.,0.,122.));
#4336 = DIRECTION('',(-0.,-0.,-1.));
#4337 = DIRECTION('',(-1.,0.,0.));
#4338 = ADVANCED_FACE('',(#4339),#4373,.T.);
#4339 = FACE_BOUND('',#4340,.T.);
#4340 = EDGE_LOOP('',(#4341,#4342,#4349,#4350));
#4341 = ORIENTED_EDGE('',*,*,#1605,.F.);
#4342 = ORIENTED_EDGE('',*,*,#4343,.T.);
#4343 = EDGE_CURVE('',#1597,#1595,#4344,.T.);
#4344 = CIRCLE('',#4345,1.25);
#4345 = AXIS2_PLACEMENT_3D('',#4346,#4347,#4348);
#4346 = CARTESIAN_POINT('',(-22.83551889111,-0.16492636901,
    -207.957273819));
#4347 = DIRECTION('',(-0.342020143326,-1.887379141863E-15,
    -0.939692620786));
#4348 = DIRECTION('',(-0.775427519298,-0.564851270707,0.282232535856));
#4349 = ORIENTED_EDGE('',*,*,#1639,.T.);
#4350 = ORIENTED_EDGE('',*,*,#4351,.T.);
#4351 = EDGE_CURVE('',#1615,#1606,#4352,.T.);
#4352 = B_SPLINE_CURVE_WITH_KNOTS('',3,(#4353,#4354,#4355,#4356,#4357,
    #4358,#4359,#4360,#4361,#4362,#4363,#4364,#4365,#4366,#4367,#4368,
    #4369,#4370,#4371,#4372),.UNSPECIFIED.,.F.,.F.,(4,2,2,2,2,2,2,2,2,4)
  ,(5.246419869637E-03,5.751610728579E-03,6.256801587521E-03,
    6.761992446463E-03,7.267183305405E-03,7.772374164348E-03,
    8.27756502329E-03,8.782755882232E-03,9.035351311703E-03,
    9.287946741174E-03),.UNSPECIFIED.);
#4353 = CARTESIAN_POINT('',(-25.06152532489,2.021834366042,-209.69666246
    ));
#4354 = CARTESIAN_POINT('',(-25.19281782405,1.926195852908,
    -209.6488758983));
#4355 = CARTESIAN_POINT('',(-25.34117506102,1.834941352725,
    -209.6413837942));
#4356 = CARTESIAN_POINT('',(-25.63604141633,1.677556019526,
    -209.6975005456));
#4357 = CARTESIAN_POINT('',(-25.78268268642,1.610723888182,
    -209.7595389324));
#4358 = CARTESIAN_POINT('',(-26.05514595272,1.502022243522,
    -209.9337668555));
#4359 = CARTESIAN_POINT('',(-26.1788245939,1.460832905658,
    -210.0441757904));
#4360 = CARTESIAN_POINT('',(-26.39133158646,1.40323778073,
    -210.3023707665));
#4361 = CARTESIAN_POINT('',(-26.47839343109,1.387357618571,
    -210.4484994084));
#4362 = CARTESIAN_POINT('',(-26.60215809533,1.383172966788,
    -210.7642262281));
#4363 = CARTESIAN_POINT('',(-26.63759771512,1.394979253488,
    -210.9312297437));
#4364 = CARTESIAN_POINT('',(-26.6481475983,1.448776713512,
    -211.2661807265));
#4365 = CARTESIAN_POINT('',(-26.62249409026,1.490976414026,
    -211.4325669857));
#4366 = CARTESIAN_POINT('',(-26.51576316299,1.602566786308,
    -211.7319174583));
#4367 = CARTESIAN_POINT('',(-26.43368100757,1.673189969582,
    -211.8676413911));
#4368 = CARTESIAN_POINT('',(-26.28141232825,1.794149657624,
    -212.0294438823));
#4369 = CARTESIAN_POINT('',(-26.22480763882,1.83776289903,
    -212.0775074237));
#4370 = CARTESIAN_POINT('',(-26.10581642114,1.927509503281,
    -212.1569480121));
#4371 = CARTESIAN_POINT('',(-26.04315846828,1.973881604181,
    -212.1888522328));
#4372 = CARTESIAN_POINT('',(-25.97732894272,2.021834366028,
    -212.2128122206));
#4373 = TOROIDAL_SURFACE('',#4374,4.,1.25);
#4374 = AXIS2_PLACEMENT_3D('',#4375,#4376,#4377);
#4375 = CARTESIAN_POINT('',(-24.9586651748,3.135844551804,
    -207.1845117688));
#4376 = DIRECTION('',(0.775427519298,0.564851270707,-0.282232535856));
#4377 = DIRECTION('',(0.342020143326,1.52655665886E-15,0.939692620786));
#4378 = ADVANCED_FACE('',(#4379,#4389,#4415),#4425,.F.);
#4379 = FACE_BOUND('',#4380,.T.);
#4380 = EDGE_LOOP('',(#4381,#4388));
#4381 = ORIENTED_EDGE('',*,*,#4382,.T.);
#4382 = EDGE_CURVE('',#1835,#1833,#4383,.T.);
#4383 = CIRCLE('',#4384,1.25);
#4384 = AXIS2_PLACEMENT_3D('',#4385,#4386,#4387);
#4385 = CARTESIAN_POINT('',(-21.56277358519,12.212964584043,
    -179.6877153693));
#4386 = DIRECTION('',(-0.342020143326,-1.79E-15,-0.939692620786));
#4387 = DIRECTION('',(-0.939692620786,0.,0.342020143326));
#4388 = ORIENTED_EDGE('',*,*,#1832,.T.);
#4389 = FACE_BOUND('',#4390,.T.);
#4390 = EDGE_LOOP('',(#4391,#4414));
#4391 = ORIENTED_EDGE('',*,*,#4392,.T.);
#4392 = EDGE_CURVE('',#1535,#1533,#4393,.T.);
#4393 = B_SPLINE_CURVE_WITH_KNOTS('',3,(#4394,#4395,#4396,#4397,#4398,
    #4399,#4400,#4401,#4402,#4403,#4404,#4405,#4406,#4407,#4408,#4409,
    #4410,#4411,#4412,#4413),.UNSPECIFIED.,.F.,.F.,(4,2,2,2,2,2,2,2,2,4)
  ,(6.752214854534E-03,7.000625246537E-03,7.249035638541E-03,
    7.745856422547E-03,8.73949799056E-03,9.236318774567E-03,
    9.733139558574E-03,1.022996034258E-02,1.047837073458E-02,
    1.072678112659E-02),.UNSPECIFIED.);
#4394 = CARTESIAN_POINT('',(-19.20700355359,8.550542792324,
    -180.5451455396));
#4395 = CARTESIAN_POINT('',(-19.27126867743,8.503729600942,
    -180.5217549474));
#4396 = CARTESIAN_POINT('',(-19.34135124021,8.46365235366,
    -180.4962469806));
#4397 = CARTESIAN_POINT('',(-19.48644252296,8.400881006827,
    -180.4434380725));
#4398 = CARTESIAN_POINT('',(-19.56136526876,8.377909782443,
    -180.4161684231));
#4399 = CARTESIAN_POINT('',(-19.793080668,8.333587598888,-180.331830915)
  );
#4400 = CARTESIAN_POINT('',(-19.95207633222,8.338060187107,
    -180.2739612258));
#4401 = CARTESIAN_POINT('',(-20.41365836579,8.446839142896,
    -180.1059591049));
#4402 = CARTESIAN_POINT('',(-20.68935741547,8.646157628077,
    -180.0056128572));
#4403 = CARTESIAN_POINT('',(-20.95652818456,9.055552870099,
    -179.9083706498));
#4404 = CARTESIAN_POINT('',(-21.02145966257,9.21001126603,
    -179.8847375246));
#4405 = CARTESIAN_POINT('',(-21.09217149649,9.534837573378,
    -179.8590005218));
#4406 = CARTESIAN_POINT('',(-21.09787975966,9.70285604492,
    -179.8569228839));
#4407 = CARTESIAN_POINT('',(-21.04657122564,10.034001307353,
    -179.8755976631));
#4408 = CARTESIAN_POINT('',(-20.99039015481,10.191416654478,
    -179.8960459006));
#4409 = CARTESIAN_POINT('',(-20.86448091265,10.40304121794,
    -179.9418731169));
#4410 = CARTESIAN_POINT('',(-20.81638677261,10.468212132466,
    -179.9593779524));
#4411 = CARTESIAN_POINT('',(-20.70806399323,10.587912968015,
    -179.9988042198));
#4412 = CARTESIAN_POINT('',(-20.64725056398,10.642670701744,
    -180.0209384978));
#4413 = CARTESIAN_POINT('',(-20.58287895945,10.689561457777,
    -180.0443678458));
#4414 = ORIENTED_EDGE('',*,*,#1532,.T.);
#4415 = FACE_BOUND('',#4416,.T.);
#4416 = EDGE_LOOP('',(#4417,#4418));
#4417 = ORIENTED_EDGE('',*,*,#1739,.F.);
#4418 = ORIENTED_EDGE('',*,*,#4419,.F.);
#4419 = EDGE_CURVE('',#1742,#1740,#4420,.T.);
#4420 = CIRCLE('',#4421,9.35);
#4421 = AXIS2_PLACEMENT_3D('',#4422,#4423,#4424);
#4422 = CARTESIAN_POINT('',(-19.97041387241,9.737386393433,
    -180.267286907));
#4423 = DIRECTION('',(-0.342020143326,-1.7763568394E-15,-0.939692620786)
  );
#4424 = DIRECTION('',(-0.530786570925,0.825192730204,0.193190512565));
#4425 = PLANE('',#4426);
#4426 = AXIS2_PLACEMENT_3D('',#4427,#4428,#4429);
#4427 = CARTESIAN_POINT('',(-15.00755943426,2.02183436603,
    -182.0736181995));
#4428 = DIRECTION('',(-0.342020143326,-1.69E-15,-0.939692620786));
#4429 = DIRECTION('',(-0.530786570925,0.825192730204,0.193190512565));
#4430 = ADVANCED_FACE('',(#4431),#4445,.T.);
#4431 = FACE_BOUND('',#4432,.T.);
#4432 = EDGE_LOOP('',(#4433,#4434,#4435,#4436,#4443,#4444));
#4433 = ORIENTED_EDGE('',*,*,#1750,.F.);
#4434 = ORIENTED_EDGE('',*,*,#4419,.T.);
#4435 = ORIENTED_EDGE('',*,*,#1774,.T.);
#4436 = ORIENTED_EDGE('',*,*,#4437,.F.);
#4437 = EDGE_CURVE('',#1758,#1766,#4438,.T.);
#4438 = CIRCLE('',#4439,9.35);
#4439 = AXIS2_PLACEMENT_3D('',#4440,#4441,#4442);
#4440 = CARTESIAN_POINT('',(-31.12027054483,9.737386393433,
    -210.9012663447));
#4441 = DIRECTION('',(-0.342020143326,-1.79E-15,-0.939692620786));
#4442 = DIRECTION('',(-0.939692620786,0.,0.342020143326));
#4443 = ORIENTED_EDGE('',*,*,#1757,.F.);
#4444 = ORIENTED_EDGE('',*,*,#4351,.F.);
#4445 = CYLINDRICAL_SURFACE('',#4446,9.35);
#4446 = AXIS2_PLACEMENT_3D('',#4447,#4448,#4449);
#4447 = CARTESIAN_POINT('',(-28.41831141255,9.737386393433,
    -203.4776946404));
#4448 = DIRECTION('',(-0.342020143326,-1.79E-15,-0.939692620786));
#4449 = DIRECTION('',(-0.530786570925,0.825192730204,0.193190512565));
#4450 = ADVANCED_FACE('',(#4451),#4463,.T.);
#4451 = FACE_BOUND('',#4452,.T.);
#4452 = EDGE_LOOP('',(#4453,#4454,#4461,#4462));
#4453 = ORIENTED_EDGE('',*,*,#1789,.F.);
#4454 = ORIENTED_EDGE('',*,*,#4455,.T.);
#4455 = EDGE_CURVE('',#1500,#1509,#4456,.T.);
#4456 = CIRCLE('',#4457,1.25);
#4457 = AXIS2_PLACEMENT_3D('',#4458,#4459,#4460);
#4458 = CARTESIAN_POINT('',(-13.94299516464,-0.16492636901,
    -183.5252656786));
#4459 = DIRECTION('',(-0.342020143326,-1.887379141863E-15,
    -0.939692620786));
#4460 = DIRECTION('',(-0.775427519298,-0.564851270707,0.282232535856));
#4461 = ORIENTED_EDGE('',*,*,#1796,.T.);
#4462 = ORIENTED_EDGE('',*,*,#4343,.F.);
#4463 = CYLINDRICAL_SURFACE('',#4464,1.25);
#4464 = AXIS2_PLACEMENT_3D('',#4465,#4466,#4467);
#4465 = CARTESIAN_POINT('',(-13.94299516464,-0.16492636901,
    -183.5252656786));
#4466 = DIRECTION('',(-0.342020143326,-1.69E-15,-0.939692620786));
#4467 = DIRECTION('',(-0.530786570925,0.825192730204,0.193190512565));
#4468 = ADVANCED_FACE('',(#4469),#4481,.T.);
#4469 = FACE_BOUND('',#4470,.T.);
#4470 = EDGE_LOOP('',(#4471,#4472,#4479,#4480));
#4471 = ORIENTED_EDGE('',*,*,#1499,.F.);
#4472 = ORIENTED_EDGE('',*,*,#4473,.T.);
#4473 = EDGE_CURVE('',#1491,#1489,#4474,.T.);
#4474 = CIRCLE('',#4475,1.25);
#4475 = AXIS2_PLACEMENT_3D('',#4476,#4477,#4478);
#4476 = CARTESIAN_POINT('',(-14.69806087503,3.135844551804,
    -178.9937331452));
#4477 = DIRECTION('',(0.530786570925,-0.825192730204,-0.193190512565));
#4478 = DIRECTION('',(-0.775427519298,-0.564851270707,0.282232535856));
#4479 = ORIENTED_EDGE('',*,*,#1517,.T.);
#4480 = ORIENTED_EDGE('',*,*,#4455,.F.);
#4481 = TOROIDAL_SURFACE('',#4482,4.,1.25);
#4482 = AXIS2_PLACEMENT_3D('',#4483,#4484,#4485);
#4483 = CARTESIAN_POINT('',(-16.06614144834,3.135844551804,
    -182.7525036283));
#4484 = DIRECTION('',(0.775427519298,0.564851270707,-0.282232535856));
#4485 = DIRECTION('',(0.342020143326,1.609823385706E-15,0.939692620786)
  );
#4486 = ADVANCED_FACE('',(#4487),#4499,.T.);
#4487 = FACE_BOUND('',#4488,.T.);
#4488 = EDGE_LOOP('',(#4489,#4490,#4497,#4498));
#4489 = ORIENTED_EDGE('',*,*,#1811,.F.);
#4490 = ORIENTED_EDGE('',*,*,#4491,.T.);
#4491 = EDGE_CURVE('',#1562,#1571,#4492,.T.);
#4492 = CIRCLE('',#4493,1.25);
#4493 = AXIS2_PLACEMENT_3D('',#4494,#4495,#4496);
#4494 = CARTESIAN_POINT('',(-16.82120715873,6.436615472619,
    -178.2209710949));
#4495 = DIRECTION('',(0.530786570925,-0.825192730204,-0.193190512565));
#4496 = DIRECTION('',(-0.775427519298,-0.564851270707,0.282232535856));
#4497 = ORIENTED_EDGE('',*,*,#1818,.T.);
#4498 = ORIENTED_EDGE('',*,*,#4473,.F.);
#4499 = CYLINDRICAL_SURFACE('',#4500,1.25);
#4500 = AXIS2_PLACEMENT_3D('',#4501,#4502,#4503);
#4501 = CARTESIAN_POINT('',(-16.82120715873,6.436615472619,
    -178.2209710949));
#4502 = DIRECTION('',(0.530786570925,-0.825192730204,-0.193190512565));
#4503 = DIRECTION('',(-0.342020143326,-2.553512956638E-15,
    -0.939692620786));
#4504 = ADVANCED_FACE('',(#4505),#4511,.T.);
#4505 = FACE_BOUND('',#4506,.T.);
#4506 = EDGE_LOOP('',(#4507,#4508,#4509,#4510));
#4507 = ORIENTED_EDGE('',*,*,#1561,.F.);
#4508 = ORIENTED_EDGE('',*,*,#4392,.F.);
#4509 = ORIENTED_EDGE('',*,*,#1579,.T.);
#4510 = ORIENTED_EDGE('',*,*,#4491,.F.);
#4511 = TOROIDAL_SURFACE('',#4512,4.,1.25);
#4512 = AXIS2_PLACEMENT_3D('',#4513,#4514,#4515);
#4513 = CARTESIAN_POINT('',(-18.18928773204,6.436615472619,
    -181.9797415781));
#4514 = DIRECTION('',(0.775427519298,0.564851270707,-0.282232535856));
#4515 = DIRECTION('',(0.342020143326,1.52655665886E-15,0.939692620786));
#4516 = ADVANCED_FACE('',(#4517),#4529,.T.);
#4517 = FACE_BOUND('',#4518,.T.);
#4518 = EDGE_LOOP('',(#4519,#4520,#4521,#4522));
#4519 = ORIENTED_EDGE('',*,*,#1843,.F.);
#4520 = ORIENTED_EDGE('',*,*,#4382,.F.);
#4521 = ORIENTED_EDGE('',*,*,#1860,.T.);
#4522 = ORIENTED_EDGE('',*,*,#4523,.T.);
#4523 = EDGE_CURVE('',#1852,#1844,#4524,.T.);
#4524 = CIRCLE('',#4525,1.25);
#4525 = AXIS2_PLACEMENT_3D('',#4526,#4527,#4528);
#4526 = CARTESIAN_POINT('',(-19.85267286856,12.212964584043,
    -174.9892522654));
#4527 = DIRECTION('',(-0.342020143326,-1.942890293094E-15,
    -0.939692620786));
#4528 = DIRECTION('',(0.530786570925,-0.825192730204,-0.193190512565));
#4529 = CYLINDRICAL_SURFACE('',#4530,1.25);
#4530 = AXIS2_PLACEMENT_3D('',#4531,#4532,#4533);
#4531 = CARTESIAN_POINT('',(-30.79731745498,12.212964584043,
    -205.0594161306));
#4532 = DIRECTION('',(0.342020143326,1.8E-15,0.939692620786));
#4533 = DIRECTION('',(-0.775427519298,-0.564851270707,0.282232535856));
#4534 = ADVANCED_FACE('',(#4535),#4553,.T.);
#4535 = FACE_BOUND('',#4536,.T.);
#4536 = EDGE_LOOP('',(#4537,#4538,#4545,#4546));
#4537 = ORIENTED_EDGE('',*,*,#1885,.F.);
#4538 = ORIENTED_EDGE('',*,*,#4539,.T.);
#4539 = EDGE_CURVE('',#1877,#1875,#4540,.T.);
#4540 = CIRCLE('',#4541,3.2);
#4541 = AXIS2_PLACEMENT_3D('',#4542,#4543,#4544);
#4542 = CARTESIAN_POINT('',(-19.85267286856,12.212964584043,
    -174.9892522654));
#4543 = DIRECTION('',(0.342020143326,1.95E-15,0.939692620786));
#4544 = DIRECTION('',(0.939692620786,0.,-0.342020143326));
#4545 = ORIENTED_EDGE('',*,*,#1902,.T.);
#4546 = ORIENTED_EDGE('',*,*,#4547,.F.);
#4547 = EDGE_CURVE('',#1886,#1894,#4548,.T.);
#4548 = CIRCLE('',#4549,3.2);
#4549 = AXIS2_PLACEMENT_3D('',#4550,#4551,#4552);
#4550 = CARTESIAN_POINT('',(-14.10673446069,12.212964584043,
    -159.2024162362));
#4551 = DIRECTION('',(0.342020143326,1.E-16,0.939692620786));
#4552 = DIRECTION('',(-0.939692620786,0.,0.342020143326));
#4553 = CYLINDRICAL_SURFACE('',#4554,3.2);
#4554 = AXIS2_PLACEMENT_3D('',#4555,#4556,#4557);
#4555 = CARTESIAN_POINT('',(-19.85267286856,12.212964584043,
    -174.9892522654));
#4556 = DIRECTION('',(0.342020143326,1.95E-15,0.939692620786));
#4557 = DIRECTION('',(0.530786570925,-0.825192730204,-0.193190512565));
#4558 = ADVANCED_FACE('',(#4559,#4563),#4567,.F.);
#4559 = FACE_BOUND('',#4560,.T.);
#4560 = EDGE_LOOP('',(#4561,#4562));
#4561 = ORIENTED_EDGE('',*,*,#4523,.F.);
#4562 = ORIENTED_EDGE('',*,*,#1851,.F.);
#4563 = FACE_BOUND('',#4564,.T.);
#4564 = EDGE_LOOP('',(#4565,#4566));
#4565 = ORIENTED_EDGE('',*,*,#1874,.F.);
#4566 = ORIENTED_EDGE('',*,*,#4539,.F.);
#4567 = PLANE('',#4568);
#4568 = AXIS2_PLACEMENT_3D('',#4569,#4570,#4571);
#4569 = CARTESIAN_POINT('',(-19.85267286856,12.212964584043,
    -174.9892522654));
#4570 = DIRECTION('',(0.342020143326,1.92E-15,0.939692620786));
#4571 = DIRECTION('',(0.530786570925,-0.825192730204,-0.193190512565));
#4572 = ADVANCED_FACE('',(#4573,#4676),#4779,.T.);
#4573 = FACE_BOUND('',#4574,.T.);
#4574 = EDGE_LOOP('',(#4575,#4586,#4594,#4603,#4611,#4620,#4628,#4635,
    #4636,#4644,#4653,#4661,#4670));
#4575 = ORIENTED_EDGE('',*,*,#4576,.T.);
#4576 = EDGE_CURVE('',#4577,#4579,#4581,.T.);
#4577 = VERTEX_POINT('',#4578);
#4578 = CARTESIAN_POINT('',(-21.15604102804,-7.659760310844,0.));
#4579 = VERTEX_POINT('',#4580);
#4580 = CARTESIAN_POINT('',(-21.15604102804,7.659760310844,0.));
#4581 = CIRCLE('',#4582,22.5);
#4582 = AXIS2_PLACEMENT_3D('',#4583,#4584,#4585);
#4583 = CARTESIAN_POINT('',(0.,0.,0.));
#4584 = DIRECTION('',(0.,-0.,-1.));
#4585 = DIRECTION('',(1.,1.78E-15,-0.));
#4586 = ORIENTED_EDGE('',*,*,#4587,.T.);
#4587 = EDGE_CURVE('',#4579,#4588,#4590,.T.);
#4588 = VERTEX_POINT('',#4589);
#4589 = CARTESIAN_POINT('',(-16.20895553195,21.323470332744,0.));
#4590 = LINE('',#4591,#4592);
#4591 = CARTESIAN_POINT('',(-21.15604102804,7.659760310844,0.));
#4592 = VECTOR('',#4593,1.);
#4593 = DIRECTION('',(0.340433791593,0.940268490135,-0.));
#4594 = ORIENTED_EDGE('',*,*,#4595,.T.);
#4595 = EDGE_CURVE('',#4588,#4596,#4598,.T.);
#4596 = VERTEX_POINT('',#4597);
#4597 = CARTESIAN_POINT('',(-8.686807610869,26.6,0.));
#4598 = CIRCLE('',#4599,8.);
#4599 = AXIS2_PLACEMENT_3D('',#4600,#4601,#4602);
#4600 = CARTESIAN_POINT('',(-8.686807610869,18.6,0.));
#4601 = DIRECTION('',(0.,0.,-1.));
#4602 = DIRECTION('',(1.,0.,0.));
#4603 = ORIENTED_EDGE('',*,*,#4604,.T.);
#4604 = EDGE_CURVE('',#4596,#4605,#4607,.T.);
#4605 = VERTEX_POINT('',#4606);
#4606 = CARTESIAN_POINT('',(8.686807610869,26.6,0.));
#4607 = LINE('',#4608,#4609);
#4608 = CARTESIAN_POINT('',(4.55E-15,26.6,0.));
#4609 = VECTOR('',#4610,1.);
#4610 = DIRECTION('',(1.,0.,-0.));
#4611 = ORIENTED_EDGE('',*,*,#4612,.T.);
#4612 = EDGE_CURVE('',#4605,#4613,#4615,.T.);
#4613 = VERTEX_POINT('',#4614);
#4614 = CARTESIAN_POINT('',(16.208955531953,21.323470332744,0.));
#4615 = CIRCLE('',#4616,8.);
#4616 = AXIS2_PLACEMENT_3D('',#4617,#4618,#4619);
#4617 = CARTESIAN_POINT('',(8.686807610869,18.6,0.));
#4618 = DIRECTION('',(0.,-0.,-1.));
#4619 = DIRECTION('',(1.,8.7E-16,-0.));
#4620 = ORIENTED_EDGE('',*,*,#4621,.T.);
#4621 = EDGE_CURVE('',#4613,#4622,#4624,.T.);
#4622 = VERTEX_POINT('',#4623);
#4623 = CARTESIAN_POINT('',(21.156041028047,7.659760310844,0.));
#4624 = LINE('',#4625,#4626);
#4625 = CARTESIAN_POINT('',(21.156041028047,7.659760310844,0.));
#4626 = VECTOR('',#4627,1.);
#4627 = DIRECTION('',(0.340433791593,-0.940268490135,0.));
#4628 = ORIENTED_EDGE('',*,*,#4629,.T.);
#4629 = EDGE_CURVE('',#4622,#3479,#4630,.T.);
#4630 = CIRCLE('',#4631,22.5);
#4631 = AXIS2_PLACEMENT_3D('',#4632,#4633,#4634);
#4632 = CARTESIAN_POINT('',(0.,0.,0.));
#4633 = DIRECTION('',(0.,-0.,-1.));
#4634 = DIRECTION('',(1.,-6.22E-15,0.));
#4635 = ORIENTED_EDGE('',*,*,#3478,.T.);
#4636 = ORIENTED_EDGE('',*,*,#4637,.T.);
#4637 = EDGE_CURVE('',#3481,#4638,#4640,.T.);
#4638 = VERTEX_POINT('',#4639);
#4639 = CARTESIAN_POINT('',(16.208955531953,-21.32347033274,0.));
#4640 = LINE('',#4641,#4642);
#4641 = CARTESIAN_POINT('',(21.156041028047,-7.659760310844,0.));
#4642 = VECTOR('',#4643,1.);
#4643 = DIRECTION('',(-0.340433791593,-0.940268490135,0.));
#4644 = ORIENTED_EDGE('',*,*,#4645,.T.);
#4645 = EDGE_CURVE('',#4638,#4646,#4648,.T.);
#4646 = VERTEX_POINT('',#4647);
#4647 = CARTESIAN_POINT('',(8.686807610869,-26.6,0.));
#4648 = CIRCLE('',#4649,8.);
#4649 = AXIS2_PLACEMENT_3D('',#4650,#4651,#4652);
#4650 = CARTESIAN_POINT('',(8.686807610869,-18.6,0.));
#4651 = DIRECTION('',(0.,0.,-1.));
#4652 = DIRECTION('',(1.,0.,0.));
#4653 = ORIENTED_EDGE('',*,*,#4654,.T.);
#4654 = EDGE_CURVE('',#4646,#4655,#4657,.T.);
#4655 = VERTEX_POINT('',#4656);
#4656 = CARTESIAN_POINT('',(-8.686807610869,-26.6,0.));
#4657 = LINE('',#4658,#4659);
#4658 = CARTESIAN_POINT('',(4.55E-15,-26.6,0.));
#4659 = VECTOR('',#4660,1.);
#4660 = DIRECTION('',(-1.,0.,0.));
#4661 = ORIENTED_EDGE('',*,*,#4662,.T.);
#4662 = EDGE_CURVE('',#4655,#4663,#4665,.T.);
#4663 = VERTEX_POINT('',#4664);
#4664 = CARTESIAN_POINT('',(-16.20895553195,-21.32347033274,0.));
#4665 = CIRCLE('',#4666,8.);
#4666 = AXIS2_PLACEMENT_3D('',#4667,#4668,#4669);
#4667 = CARTESIAN_POINT('',(-8.686807610869,-18.6,0.));
#4668 = DIRECTION('',(0.,0.,-1.));
#4669 = DIRECTION('',(1.,0.,0.));
#4670 = ORIENTED_EDGE('',*,*,#4671,.T.);
#4671 = EDGE_CURVE('',#4663,#4577,#4672,.T.);
#4672 = LINE('',#4673,#4674);
#4673 = CARTESIAN_POINT('',(-21.15604102804,-7.659760310844,0.));
#4674 = VECTOR('',#4675,1.);
#4675 = DIRECTION('',(-0.340433791593,0.940268490135,0.));
#4676 = FACE_BOUND('',#4677,.T.);
#4677 = EDGE_LOOP('',(#4678,#4688,#4697,#4705,#4714,#4722,#4731,#4739,
    #4748,#4756,#4763,#4764,#4772));
#4678 = ORIENTED_EDGE('',*,*,#4679,.T.);
#4679 = EDGE_CURVE('',#4680,#4682,#4684,.T.);
#4680 = VERTEX_POINT('',#4681);
#4681 = CARTESIAN_POINT('',(-8.686807610869,-27.6,0.));
#4682 = VERTEX_POINT('',#4683);
#4683 = CARTESIAN_POINT('',(8.686807610869,-27.6,0.));
#4684 = LINE('',#4685,#4686);
#4685 = CARTESIAN_POINT('',(-8.686807610869,-27.6,0.));
#4686 = VECTOR('',#4687,1.);
#4687 = DIRECTION('',(1.,0.,0.));
#4688 = ORIENTED_EDGE('',*,*,#4689,.T.);
#4689 = EDGE_CURVE('',#4682,#4690,#4692,.T.);
#4690 = VERTEX_POINT('',#4691);
#4691 = CARTESIAN_POINT('',(17.149224022088,-21.66390412433,0.));
#4692 = CIRCLE('',#4693,9.);
#4693 = AXIS2_PLACEMENT_3D('',#4694,#4695,#4696);
#4694 = CARTESIAN_POINT('',(8.686807610869,-18.6,0.));
#4695 = DIRECTION('',(0.,0.,1.));
#4696 = DIRECTION('',(1.,0.,-0.));
#4697 = ORIENTED_EDGE('',*,*,#4698,.T.);
#4698 = EDGE_CURVE('',#4690,#4699,#4701,.T.);
#4699 = VERTEX_POINT('',#4700);
#4700 = CARTESIAN_POINT('',(22.096309518183,-8.000194102437,0.));
#4701 = LINE('',#4702,#4703);
#4702 = CARTESIAN_POINT('',(17.149224022088,-21.66390412433,0.));
#4703 = VECTOR('',#4704,1.);
#4704 = DIRECTION('',(0.340433791593,0.940268490135,-0.));
#4705 = ORIENTED_EDGE('',*,*,#4706,.T.);
#4706 = EDGE_CURVE('',#4699,#4707,#4709,.T.);
#4707 = VERTEX_POINT('',#4708);
#4708 = CARTESIAN_POINT('',(22.096309518183,8.000194102437,0.));
#4709 = CIRCLE('',#4710,23.5);
#4710 = AXIS2_PLACEMENT_3D('',#4711,#4712,#4713);
#4711 = CARTESIAN_POINT('',(1.08E-15,4.3E-16,0.));
#4712 = DIRECTION('',(0.,0.,1.));
#4713 = DIRECTION('',(1.,0.,-0.));
#4714 = ORIENTED_EDGE('',*,*,#4715,.T.);
#4715 = EDGE_CURVE('',#4707,#4716,#4718,.T.);
#4716 = VERTEX_POINT('',#4717);
#4717 = CARTESIAN_POINT('',(17.149224022088,21.663904124338,0.));
#4718 = LINE('',#4719,#4720);
#4719 = CARTESIAN_POINT('',(22.096309518183,8.000194102437,0.));
#4720 = VECTOR('',#4721,1.);
#4721 = DIRECTION('',(-0.340433791593,0.940268490135,0.));
#4722 = ORIENTED_EDGE('',*,*,#4723,.T.);
#4723 = EDGE_CURVE('',#4716,#4724,#4726,.T.);
#4724 = VERTEX_POINT('',#4725);
#4725 = CARTESIAN_POINT('',(8.686807610869,27.6,0.));
#4726 = CIRCLE('',#4727,9.);
#4727 = AXIS2_PLACEMENT_3D('',#4728,#4729,#4730);
#4728 = CARTESIAN_POINT('',(8.686807610869,18.6,0.));
#4729 = DIRECTION('',(0.,0.,1.));
#4730 = DIRECTION('',(1.,0.,-0.));
#4731 = ORIENTED_EDGE('',*,*,#4732,.T.);
#4732 = EDGE_CURVE('',#4724,#4733,#4735,.T.);
#4733 = VERTEX_POINT('',#4734);
#4734 = CARTESIAN_POINT('',(-8.686807610869,27.6,0.));
#4735 = LINE('',#4736,#4737);
#4736 = CARTESIAN_POINT('',(8.686807610869,27.6,0.));
#4737 = VECTOR('',#4738,1.);
#4738 = DIRECTION('',(-1.,0.,0.));
#4739 = ORIENTED_EDGE('',*,*,#4740,.T.);
#4740 = EDGE_CURVE('',#4733,#4741,#4743,.T.);
#4741 = VERTEX_POINT('',#4742);
#4742 = CARTESIAN_POINT('',(-17.14922402208,21.663904124338,0.));
#4743 = CIRCLE('',#4744,9.);
#4744 = AXIS2_PLACEMENT_3D('',#4745,#4746,#4747);
#4745 = CARTESIAN_POINT('',(-8.686807610869,18.6,0.));
#4746 = DIRECTION('',(0.,0.,1.));
#4747 = DIRECTION('',(1.,0.,-0.));
#4748 = ORIENTED_EDGE('',*,*,#4749,.T.);
#4749 = EDGE_CURVE('',#4741,#4750,#4752,.T.);
#4750 = VERTEX_POINT('',#4751);
#4751 = CARTESIAN_POINT('',(-22.09630951818,8.000194102437,0.));
#4752 = LINE('',#4753,#4754);
#4753 = CARTESIAN_POINT('',(-17.14922402208,21.663904124338,0.));
#4754 = VECTOR('',#4755,1.);
#4755 = DIRECTION('',(-0.340433791593,-0.940268490135,0.));
#4756 = ORIENTED_EDGE('',*,*,#4757,.T.);
#4757 = EDGE_CURVE('',#4750,#3447,#4758,.T.);
#4758 = CIRCLE('',#4759,23.5);
#4759 = AXIS2_PLACEMENT_3D('',#4760,#4761,#4762);
#4760 = CARTESIAN_POINT('',(1.08E-15,4.3E-16,0.));
#4761 = DIRECTION('',(0.,0.,1.));
#4762 = DIRECTION('',(1.,0.,-0.));
#4763 = ORIENTED_EDGE('',*,*,#3446,.T.);
#4764 = ORIENTED_EDGE('',*,*,#4765,.T.);
#4765 = EDGE_CURVE('',#3449,#4766,#4768,.T.);
#4766 = VERTEX_POINT('',#4767);
#4767 = CARTESIAN_POINT('',(-17.14922402208,-21.66390412433,0.));
#4768 = LINE('',#4769,#4770);
#4769 = CARTESIAN_POINT('',(-22.09630951818,-8.000194102437,0.));
#4770 = VECTOR('',#4771,1.);
#4771 = DIRECTION('',(0.340433791593,-0.940268490135,0.));
#4772 = ORIENTED_EDGE('',*,*,#4773,.T.);
#4773 = EDGE_CURVE('',#4766,#4680,#4774,.T.);
#4774 = CIRCLE('',#4775,9.);
#4775 = AXIS2_PLACEMENT_3D('',#4776,#4777,#4778);
#4776 = CARTESIAN_POINT('',(-8.686807610869,-18.6,0.));
#4777 = DIRECTION('',(0.,0.,1.));
#4778 = DIRECTION('',(1.,0.,-0.));
#4779 = PLANE('',#4780);
#4780 = AXIS2_PLACEMENT_3D('',#4781,#4782,#4783);
#4781 = CARTESIAN_POINT('',(4.55E-15,0.,0.));
#4782 = DIRECTION('',(0.,0.,1.));
#4783 = DIRECTION('',(1.,0.,-0.));
#4784 = ADVANCED_FACE('',(#4785),#4805,.T.);
#4785 = FACE_BOUND('',#4786,.T.);
#4786 = EDGE_LOOP('',(#4787,#4788,#4795,#4796,#4797,#4804));
#4787 = ORIENTED_EDGE('',*,*,#1927,.F.);
#4788 = ORIENTED_EDGE('',*,*,#4789,.F.);
#4789 = EDGE_CURVE('',#1919,#1917,#4790,.T.);
#4790 = CIRCLE('',#4791,3.950000006821);
#4791 = AXIS2_PLACEMENT_3D('',#4792,#4793,#4794);
#4792 = CARTESIAN_POINT('',(-14.10673446077,12.212964584043,
    -159.2024162364));
#4793 = DIRECTION('',(-0.342020143326,-9.887923813068E-17,
    -0.939692620786));
#4794 = DIRECTION('',(-3.721883913151E-02,0.99921531664,
    1.354654959781E-02));
#4795 = ORIENTED_EDGE('',*,*,#1978,.T.);
#4796 = ORIENTED_EDGE('',*,*,#2095,.F.);
#4797 = ORIENTED_EDGE('',*,*,#4798,.F.);
#4798 = EDGE_CURVE('',#1993,#2087,#4799,.T.);
#4799 = B_SPLINE_CURVE_WITH_KNOTS('',3,(#4800,#4801,#4802,#4803),
  .UNSPECIFIED.,.F.,.F.,(4,4),(3.37967208477E-06,7.084918820738E-04),
  .PIECEWISE_BEZIER_KNOTS.);
#4800 = CARTESIAN_POINT('',(-6.238979704424,8.408193793037,
    -144.7062609552));
#4801 = CARTESIAN_POINT('',(-6.037516951838,8.530089041626,
    -144.7201072343));
#4802 = CARTESIAN_POINT('',(-5.844383906285,8.664038165836,
    -144.719857713));
#4803 = CARTESIAN_POINT('',(-5.658899135127,8.80905506805,
    -144.7062609552));
#4804 = ORIENTED_EDGE('',*,*,#2131,.F.);
#4805 = CONICAL_SURFACE('',#4806,3.950000006821,3.476859126299E-02);
#4806 = AXIS2_PLACEMENT_3D('',#4807,#4808,#4809);
#4807 = CARTESIAN_POINT('',(-14.10673446077,12.212964584043,
    -159.2024162364));
#4808 = DIRECTION('',(0.342020143326,1.E-16,0.939692620786));
#4809 = DIRECTION('',(-3.721883913151E-02,0.99921531664,
    1.354654959781E-02));
#4810 = ADVANCED_FACE('',(#4811,#4815),#4819,.T.);
#4811 = FACE_BOUND('',#4812,.T.);
#4812 = EDGE_LOOP('',(#4813,#4814));
#4813 = ORIENTED_EDGE('',*,*,#1893,.T.);
#4814 = ORIENTED_EDGE('',*,*,#4547,.T.);
#4815 = FACE_BOUND('',#4816,.T.);
#4816 = EDGE_LOOP('',(#4817,#4818));
#4817 = ORIENTED_EDGE('',*,*,#4789,.T.);
#4818 = ORIENTED_EDGE('',*,*,#1916,.T.);
#4819 = PLANE('',#4820);
#4820 = AXIS2_PLACEMENT_3D('',#4821,#4822,#4823);
#4821 = CARTESIAN_POINT('',(-10.74996940753,12.354561258266,
    -160.424178799));
#4822 = DIRECTION('',(-0.342020143326,4.4E-16,-0.939692620786));
#4823 = DIRECTION('',(3.721883913151E-02,-0.99921531664,
    -1.354654959781E-02));
#4824 = ADVANCED_FACE('',(#4825),#4895,.T.);
#4825 = FACE_BOUND('',#4826,.T.);
#4826 = EDGE_LOOP('',(#4827,#4828,#4829,#4830,#4839,#4858,#4867,#4888));
#4827 = ORIENTED_EDGE('',*,*,#2003,.F.);
#4828 = ORIENTED_EDGE('',*,*,#2159,.T.);
#4829 = ORIENTED_EDGE('',*,*,#2078,.T.);
#4830 = ORIENTED_EDGE('',*,*,#4831,.T.);
#4831 = EDGE_CURVE('',#2070,#4832,#4834,.T.);
#4832 = VERTEX_POINT('',#4833);
#4833 = CARTESIAN_POINT('',(11.877210780183,-14.66637564281,
    -139.4558557115));
#4834 = CIRCLE('',#4835,18.872485538823);
#4835 = AXIS2_PLACEMENT_3D('',#4836,#4837,#4838);
#4836 = CARTESIAN_POINT('',(4.55E-15,0.,-139.4558557115));
#4837 = DIRECTION('',(0.,0.,-1.));
#4838 = DIRECTION('',(-1.,0.,0.));
#4839 = ORIENTED_EDGE('',*,*,#4840,.T.);
#4840 = EDGE_CURVE('',#4832,#4841,#4843,.T.);
#4841 = VERTEX_POINT('',#4842);
#4842 = CARTESIAN_POINT('',(8.581510797965,-16.80858063125,
    -139.4558557115));
#4843 = B_SPLINE_CURVE_WITH_KNOTS('',3,(#4844,#4845,#4846,#4847,#4848,
    #4849,#4850,#4851,#4852,#4853,#4854,#4855,#4856,#4857),
  .UNSPECIFIED.,.F.,.F.,(4,2,2,2,2,2,4),(0.,1.024669212628E-03,
    1.537003818942E-03,2.049338425256E-03,2.56167303157E-03,
    3.074007637884E-03,4.098676850512E-03),.UNSPECIFIED.);
#4844 = CARTESIAN_POINT('',(11.877210780183,-14.66637564281,
    -139.4558557115));
#4845 = CARTESIAN_POINT('',(11.609771524945,-14.88295487702,
    -139.4558557115));
#4846 = CARTESIAN_POINT('',(11.367768384082,-15.12249958757,
    -139.4288347773));
#4847 = CARTESIAN_POINT('',(11.018426040224,-15.49358413318,
    -139.3691232203));
#4848 = CARTESIAN_POINT('',(10.904207368913,-15.61919623076,
    -139.3460706571));
#4849 = CARTESIAN_POINT('',(10.66244696798,-15.85770875496,
    -139.308508324));
#4850 = CARTESIAN_POINT('',(10.530606314125,-15.97040349769,
    -139.2955450241));
#4851 = CARTESIAN_POINT('',(10.248856108309,-16.1446932016,
    -139.2997480353));
#4852 = CARTESIAN_POINT('',(10.099136346082,-16.20918250062,
    -139.3154145622));
#4853 = CARTESIAN_POINT('',(9.794130489641,-16.32425719072,
    -139.3534929462));
#4854 = CARTESIAN_POINT('',(9.639173900839,-16.37570046941,
    -139.3753293303));
#4855 = CARTESIAN_POINT('',(9.177342720123,-16.53876424162,
    -139.4313698452));
#4856 = CARTESIAN_POINT('',(8.873494719038,-16.65951015193,
    -139.4558557115));
#4857 = CARTESIAN_POINT('',(8.581510797965,-16.80858063125,
    -139.4558557115));
#4858 = ORIENTED_EDGE('',*,*,#4859,.T.);
#4859 = EDGE_CURVE('',#4841,#4860,#4862,.T.);
#4860 = VERTEX_POINT('',#4861);
#4861 = CARTESIAN_POINT('',(-8.581510797965,-16.80858063125,
    -139.4558557115));
#4862 = CIRCLE('',#4863,18.872485538823);
#4863 = AXIS2_PLACEMENT_3D('',#4864,#4865,#4866);
#4864 = CARTESIAN_POINT('',(4.55E-15,0.,-139.4558557115));
#4865 = DIRECTION('',(0.,0.,-1.));
#4866 = DIRECTION('',(-1.,0.,0.));
#4867 = ORIENTED_EDGE('',*,*,#4868,.T.);
#4868 = EDGE_CURVE('',#4860,#4869,#4871,.T.);
#4869 = VERTEX_POINT('',#4870);
#4870 = CARTESIAN_POINT('',(-11.87721078018,-14.66637564281,
    -139.4558557115));
#4871 = B_SPLINE_CURVE_WITH_KNOTS('',3,(#4872,#4873,#4874,#4875,#4876,
    #4877,#4878,#4879,#4880,#4881,#4882,#4883,#4884,#4885,#4886,#4887),
  .UNSPECIFIED.,.F.,.F.,(4,2,2,2,2,2,2,4),(0.,9.953192002442E-04,
    1.492978800366E-03,1.990638400488E-03,2.239468200549E-03,
    2.488298000611E-03,2.985957600733E-03,3.981276800977E-03),
  .UNSPECIFIED.);
#4872 = CARTESIAN_POINT('',(-8.581510797965,-16.80858063125,
    -139.4558557115));
#4873 = CARTESIAN_POINT('',(-8.878360286646,-16.65702606824,
    -139.4558557115));
#4874 = CARTESIAN_POINT('',(-9.186141844018,-16.53539592147,
    -139.43058312));
#4875 = CARTESIAN_POINT('',(-9.653920015744,-16.37063294873,
    -139.3733906175));
#4876 = CARTESIAN_POINT('',(-9.810799424932,-16.31860337612,
    -139.3511699475));
#4877 = CARTESIAN_POINT('',(-10.11924108281,-16.20088276986,
    -139.31317661));
#4878 = CARTESIAN_POINT('',(-10.27040196388,-16.13410912121,
    -139.298123207));
#4879 = CARTESIAN_POINT('',(-10.48350717989,-15.99781094227,
    -139.2970683467));
#4880 = CARTESIAN_POINT('',(-10.55225419916,-15.94629488737,
    -139.300325659));
#4881 = CARTESIAN_POINT('',(-10.68088088518,-15.83760422551,
    -139.3121526026));
#4882 = CARTESIAN_POINT('',(-10.74172121136,-15.78006274215,
    -139.320590788));
#4883 = CARTESIAN_POINT('',(-10.91933064077,-15.60285039101,
    -139.3490141659));
#4884 = CARTESIAN_POINT('',(-11.03181993883,-15.47916521824,
    -139.3715959932));
#4885 = CARTESIAN_POINT('',(-11.3762653479,-15.11388704703,
    -139.4298908828));
#4886 = CARTESIAN_POINT('',(-11.61508662274,-14.87865057319,
    -139.4558557115));
#4887 = CARTESIAN_POINT('',(-11.87721078018,-14.66637564281,
    -139.4558557115));
#4888 = ORIENTED_EDGE('',*,*,#4889,.T.);
#4889 = EDGE_CURVE('',#4869,#2004,#4890,.T.);
#4890 = CIRCLE('',#4891,18.872485538823);
#4891 = AXIS2_PLACEMENT_3D('',#4892,#4893,#4894);
#4892 = CARTESIAN_POINT('',(4.55E-15,0.,-139.4558557115));
#4893 = DIRECTION('',(0.,0.,-1.));
#4894 = DIRECTION('',(-1.,0.,0.));
#4895 = CONICAL_SURFACE('',#4896,19.602007174246,1.012290966157);
#4896 = AXIS2_PLACEMENT_3D('',#4897,#4898,#4899);
#4897 = CARTESIAN_POINT('',(4.55E-15,0.,-139.));
#4898 = DIRECTION('',(0.,0.,1.));
#4899 = DIRECTION('',(1.,0.,-0.));
#4900 = ADVANCED_FACE('',(#4901),#4909,.F.);
#4901 = FACE_BOUND('',#4902,.F.);
#4902 = EDGE_LOOP('',(#4903,#4904,#4905,#4906,#4907,#4908));
#4903 = ORIENTED_EDGE('',*,*,#2086,.T.);
#4904 = ORIENTED_EDGE('',*,*,#4798,.F.);
#4905 = ORIENTED_EDGE('',*,*,#1992,.T.);
#4906 = ORIENTED_EDGE('',*,*,#2150,.F.);
#4907 = ORIENTED_EDGE('',*,*,#2960,.T.);
#4908 = ORIENTED_EDGE('',*,*,#2166,.T.);
#4909 = TOROIDAL_SURFACE('',#4910,11.,1.);
#4910 = AXIS2_PLACEMENT_3D('',#4911,#4912,#4913);
#4911 = CARTESIAN_POINT('',(4.55E-15,0.,-145.5543090514));
#4912 = DIRECTION('',(0.,0.,-1.));
#4913 = DIRECTION('',(-1.,0.,0.));
#4914 = ADVANCED_FACE('',(#4915,#4925),#4975,.T.);
#4915 = FACE_BOUND('',#4916,.T.);
#4916 = EDGE_LOOP('',(#4917,#4918));
#4917 = ORIENTED_EDGE('',*,*,#2209,.T.);
#4918 = ORIENTED_EDGE('',*,*,#4919,.T.);
#4919 = EDGE_CURVE('',#2202,#2210,#4920,.T.);
#4920 = CIRCLE('',#4921,3.82);
#4921 = AXIS2_PLACEMENT_3D('',#4922,#4923,#4924);
#4922 = CARTESIAN_POINT('',(13.,-20.,-139.2));
#4923 = DIRECTION('',(-0.,0.,-1.));
#4924 = DIRECTION('',(-1.,0.,0.));
#4925 = FACE_BOUND('',#4926,.T.);
#4926 = EDGE_LOOP('',(#4927,#4937,#4945,#4953,#4961,#4969));
#4927 = ORIENTED_EDGE('',*,*,#4928,.T.);
#4928 = EDGE_CURVE('',#4929,#4931,#4933,.T.);
#4929 = VERTEX_POINT('',#4930);
#4930 = CARTESIAN_POINT('',(11.74,-20.72746133917,-139.2));
#4931 = VERTEX_POINT('',#4932);
#4932 = CARTESIAN_POINT('',(13.,-21.45492267835,-139.2));
#4933 = LINE('',#4934,#4935);
#4934 = CARTESIAN_POINT('',(11.74,-20.72746133917,-139.2));
#4935 = VECTOR('',#4936,1.);
#4936 = DIRECTION('',(0.866025403784,-0.5,0.));
#4937 = ORIENTED_EDGE('',*,*,#4938,.T.);
#4938 = EDGE_CURVE('',#4931,#4939,#4941,.T.);
#4939 = VERTEX_POINT('',#4940);
#4940 = CARTESIAN_POINT('',(14.26,-20.72746133917,-139.2));
#4941 = LINE('',#4942,#4943);
#4942 = CARTESIAN_POINT('',(13.,-21.45492267835,-139.2));
#4943 = VECTOR('',#4944,1.);
#4944 = DIRECTION('',(0.866025403784,0.5,-0.));
#4945 = ORIENTED_EDGE('',*,*,#4946,.T.);
#4946 = EDGE_CURVE('',#4939,#4947,#4949,.T.);
#4947 = VERTEX_POINT('',#4948);
#4948 = CARTESIAN_POINT('',(14.26,-19.27253866082,-139.2));
#4949 = LINE('',#4950,#4951);
#4950 = CARTESIAN_POINT('',(14.26,-20.72746133917,-139.2));
#4951 = VECTOR('',#4952,1.);
#4952 = DIRECTION('',(0.,1.,-0.));
#4953 = ORIENTED_EDGE('',*,*,#4954,.T.);
#4954 = EDGE_CURVE('',#4947,#4955,#4957,.T.);
#4955 = VERTEX_POINT('',#4956);
#4956 = CARTESIAN_POINT('',(13.,-18.54507732164,-139.2));
#4957 = LINE('',#4958,#4959);
#4958 = CARTESIAN_POINT('',(14.26,-19.27253866082,-139.2));
#4959 = VECTOR('',#4960,1.);
#4960 = DIRECTION('',(-0.866025403784,0.5,-0.));
#4961 = ORIENTED_EDGE('',*,*,#4962,.T.);
#4962 = EDGE_CURVE('',#4955,#4963,#4965,.T.);
#4963 = VERTEX_POINT('',#4964);
#4964 = CARTESIAN_POINT('',(11.74,-19.27253866082,-139.2));
#4965 = LINE('',#4966,#4967);
#4966 = CARTESIAN_POINT('',(13.,-18.54507732164,-139.2));
#4967 = VECTOR('',#4968,1.);
#4968 = DIRECTION('',(-0.866025403784,-0.5,0.));
#4969 = ORIENTED_EDGE('',*,*,#4970,.T.);
#4970 = EDGE_CURVE('',#4963,#4929,#4971,.T.);
#4971 = LINE('',#4972,#4973);
#4972 = CARTESIAN_POINT('',(11.74,-19.27253866082,-139.2));
#4973 = VECTOR('',#4974,1.);
#4974 = DIRECTION('',(-0.,-1.,0.));
#4975 = PLANE('',#4976);
#4976 = AXIS2_PLACEMENT_3D('',#4977,#4978,#4979);
#4977 = CARTESIAN_POINT('',(13.,-20.,-139.2));
#4978 = DIRECTION('',(-0.,-0.,-1.));
#4979 = DIRECTION('',(-1.,0.,0.));
#4980 = ADVANCED_FACE('',(#4981),#4987,.T.);
#4981 = FACE_BOUND('',#4982,.T.);
#4982 = EDGE_LOOP('',(#4983,#4984,#4985,#4986));
#4983 = ORIENTED_EDGE('',*,*,#2201,.F.);
#4984 = ORIENTED_EDGE('',*,*,#2755,.F.);
#4985 = ORIENTED_EDGE('',*,*,#2218,.T.);
#4986 = ORIENTED_EDGE('',*,*,#4919,.F.);
#4987 = CYLINDRICAL_SURFACE('',#4988,3.82);
#4988 = AXIS2_PLACEMENT_3D('',#4989,#4990,#4991);
#4989 = CARTESIAN_POINT('',(13.,-20.,-139.2));
#4990 = DIRECTION('',(-0.,-0.,-1.));
#4991 = DIRECTION('',(-1.,0.,0.));
#4992 = ADVANCED_FACE('',(#4993),#5024,.T.);
#4993 = FACE_BOUND('',#4994,.T.);
#4994 = EDGE_LOOP('',(#4995,#4996,#5004,#5010,#5018));
#4995 = ORIENTED_EDGE('',*,*,#4938,.F.);
#4996 = ORIENTED_EDGE('',*,*,#4997,.F.);
#4997 = EDGE_CURVE('',#4998,#4931,#5000,.T.);
#4998 = VERTEX_POINT('',#4999);
#4999 = CARTESIAN_POINT('',(13.,-21.45492267835,-137.4));
#5000 = LINE('',#5001,#5002);
#5001 = CARTESIAN_POINT('',(13.,-21.45492267835,-137.4));
#5002 = VECTOR('',#5003,1.);
#5003 = DIRECTION('',(-0.,-0.,-1.));
#5004 = ORIENTED_EDGE('',*,*,#5005,.T.);
#5005 = EDGE_CURVE('',#4998,#2244,#5006,.T.);
#5006 = LINE('',#5007,#5008);
#5007 = CARTESIAN_POINT('',(13.,-21.45492267835,-137.4));
#5008 = VECTOR('',#5009,1.);
#5009 = DIRECTION('',(0.866025403784,0.5,-0.));
#5010 = ORIENTED_EDGE('',*,*,#5011,.T.);
#5011 = EDGE_CURVE('',#2244,#5012,#5014,.T.);
#5012 = VERTEX_POINT('',#5013);
#5013 = CARTESIAN_POINT('',(14.26,-20.72746133917,-137.4));
#5014 = LINE('',#5015,#5016);
#5015 = CARTESIAN_POINT('',(13.,-21.45492267835,-137.4));
#5016 = VECTOR('',#5017,1.);
#5017 = DIRECTION('',(0.866025403784,0.5,-0.));
#5018 = ORIENTED_EDGE('',*,*,#5019,.T.);
#5019 = EDGE_CURVE('',#5012,#4939,#5020,.T.);
#5020 = LINE('',#5021,#5022);
#5021 = CARTESIAN_POINT('',(14.26,-20.72746133917,-137.4));
#5022 = VECTOR('',#5023,1.);
#5023 = DIRECTION('',(-0.,-0.,-1.));
#5024 = PLANE('',#5025);
#5025 = AXIS2_PLACEMENT_3D('',#5026,#5027,#5028);
#5026 = CARTESIAN_POINT('',(13.,-21.45492267835,-137.4));
#5027 = DIRECTION('',(-0.5,0.866025403784,-0.));
#5028 = DIRECTION('',(-0.866025403784,-0.5,0.));
#5029 = ADVANCED_FACE('',(#5030),#5054,.T.);
#5030 = FACE_BOUND('',#5031,.T.);
#5031 = EDGE_LOOP('',(#5032,#5033,#5034,#5040,#5048));
#5032 = ORIENTED_EDGE('',*,*,#4946,.F.);
#5033 = ORIENTED_EDGE('',*,*,#5019,.F.);
#5034 = ORIENTED_EDGE('',*,*,#5035,.T.);
#5035 = EDGE_CURVE('',#5012,#2253,#5036,.T.);
#5036 = LINE('',#5037,#5038);
#5037 = CARTESIAN_POINT('',(14.26,-20.72746133917,-137.4));
#5038 = VECTOR('',#5039,1.);
#5039 = DIRECTION('',(0.,1.,-0.));
#5040 = ORIENTED_EDGE('',*,*,#5041,.T.);
#5041 = EDGE_CURVE('',#2253,#5042,#5044,.T.);
#5042 = VERTEX_POINT('',#5043);
#5043 = CARTESIAN_POINT('',(14.26,-19.27253866082,-137.4));
#5044 = LINE('',#5045,#5046);
#5045 = CARTESIAN_POINT('',(14.26,-20.72746133917,-137.4));
#5046 = VECTOR('',#5047,1.);
#5047 = DIRECTION('',(0.,1.,-0.));
#5048 = ORIENTED_EDGE('',*,*,#5049,.T.);
#5049 = EDGE_CURVE('',#5042,#4947,#5050,.T.);
#5050 = LINE('',#5051,#5052);
#5051 = CARTESIAN_POINT('',(14.26,-19.27253866082,-137.4));
#5052 = VECTOR('',#5053,1.);
#5053 = DIRECTION('',(-0.,-0.,-1.));
#5054 = PLANE('',#5055);
#5055 = AXIS2_PLACEMENT_3D('',#5056,#5057,#5058);
#5056 = CARTESIAN_POINT('',(14.26,-20.72746133917,-137.4));
#5057 = DIRECTION('',(-1.,0.,0.));
#5058 = DIRECTION('',(0.,0.,1.));
#5059 = ADVANCED_FACE('',(#5060),#5086,.T.);
#5060 = FACE_BOUND('',#5061,.T.);
#5061 = EDGE_LOOP('',(#5062,#5063,#5064,#5072,#5080));
#5062 = ORIENTED_EDGE('',*,*,#4954,.F.);
#5063 = ORIENTED_EDGE('',*,*,#5049,.F.);
#5064 = ORIENTED_EDGE('',*,*,#5065,.T.);
#5065 = EDGE_CURVE('',#5042,#5066,#5068,.T.);
#5066 = VERTEX_POINT('',#5067);
#5067 = CARTESIAN_POINT('',(13.63,-18.90880799123,-137.4));
#5068 = LINE('',#5069,#5070);
#5069 = CARTESIAN_POINT('',(14.26,-19.27253866082,-137.4));
#5070 = VECTOR('',#5071,1.);
#5071 = DIRECTION('',(-0.866025403784,0.5,-0.));
#5072 = ORIENTED_EDGE('',*,*,#5073,.T.);
#5073 = EDGE_CURVE('',#5066,#5074,#5076,.T.);
#5074 = VERTEX_POINT('',#5075);
#5075 = CARTESIAN_POINT('',(13.,-18.54507732164,-137.4));
#5076 = LINE('',#5077,#5078);
#5077 = CARTESIAN_POINT('',(14.26,-19.27253866082,-137.4));
#5078 = VECTOR('',#5079,1.);
#5079 = DIRECTION('',(-0.866025403784,0.5,-0.));
#5080 = ORIENTED_EDGE('',*,*,#5081,.T.);
#5081 = EDGE_CURVE('',#5074,#4955,#5082,.T.);
#5082 = LINE('',#5083,#5084);
#5083 = CARTESIAN_POINT('',(13.,-18.54507732164,-137.4));
#5084 = VECTOR('',#5085,1.);
#5085 = DIRECTION('',(-0.,-0.,-1.));
#5086 = PLANE('',#5087);
#5087 = AXIS2_PLACEMENT_3D('',#5088,#5089,#5090);
#5088 = CARTESIAN_POINT('',(14.26,-19.27253866082,-137.4));
#5089 = DIRECTION('',(-0.5,-0.866025403784,0.));
#5090 = DIRECTION('',(0.866025403784,-0.5,0.));
#5091 = ADVANCED_FACE('',(#5092),#5118,.T.);
#5092 = FACE_BOUND('',#5093,.T.);
#5093 = EDGE_LOOP('',(#5094,#5095,#5096,#5104,#5112));
#5094 = ORIENTED_EDGE('',*,*,#4962,.F.);
#5095 = ORIENTED_EDGE('',*,*,#5081,.F.);
#5096 = ORIENTED_EDGE('',*,*,#5097,.T.);
#5097 = EDGE_CURVE('',#5074,#5098,#5100,.T.);
#5098 = VERTEX_POINT('',#5099);
#5099 = CARTESIAN_POINT('',(12.37,-18.90880799123,-137.4));
#5100 = LINE('',#5101,#5102);
#5101 = CARTESIAN_POINT('',(13.,-18.54507732164,-137.4));
#5102 = VECTOR('',#5103,1.);
#5103 = DIRECTION('',(-0.866025403784,-0.5,0.));
#5104 = ORIENTED_EDGE('',*,*,#5105,.T.);
#5105 = EDGE_CURVE('',#5098,#5106,#5108,.T.);
#5106 = VERTEX_POINT('',#5107);
#5107 = CARTESIAN_POINT('',(11.74,-19.27253866082,-137.4));
#5108 = LINE('',#5109,#5110);
#5109 = CARTESIAN_POINT('',(13.,-18.54507732164,-137.4));
#5110 = VECTOR('',#5111,1.);
#5111 = DIRECTION('',(-0.866025403784,-0.5,0.));
#5112 = ORIENTED_EDGE('',*,*,#5113,.T.);
#5113 = EDGE_CURVE('',#5106,#4963,#5114,.T.);
#5114 = LINE('',#5115,#5116);
#5115 = CARTESIAN_POINT('',(11.74,-19.27253866082,-137.4));
#5116 = VECTOR('',#5117,1.);
#5117 = DIRECTION('',(-0.,-0.,-1.));
#5118 = PLANE('',#5119);
#5119 = AXIS2_PLACEMENT_3D('',#5120,#5121,#5122);
#5120 = CARTESIAN_POINT('',(13.,-18.54507732164,-137.4));
#5121 = DIRECTION('',(0.5,-0.866025403784,0.));
#5122 = DIRECTION('',(0.866025403784,0.5,0.));
#5123 = ADVANCED_FACE('',(#5124),#5148,.T.);
#5124 = FACE_BOUND('',#5125,.T.);
#5125 = EDGE_LOOP('',(#5126,#5127,#5128,#5134,#5142));
#5126 = ORIENTED_EDGE('',*,*,#4970,.F.);
#5127 = ORIENTED_EDGE('',*,*,#5113,.F.);
#5128 = ORIENTED_EDGE('',*,*,#5129,.T.);
#5129 = EDGE_CURVE('',#5106,#2235,#5130,.T.);
#5130 = LINE('',#5131,#5132);
#5131 = CARTESIAN_POINT('',(11.74,-19.27253866082,-137.4));
#5132 = VECTOR('',#5133,1.);
#5133 = DIRECTION('',(-0.,-1.,0.));
#5134 = ORIENTED_EDGE('',*,*,#5135,.T.);
#5135 = EDGE_CURVE('',#2235,#5136,#5138,.T.);
#5136 = VERTEX_POINT('',#5137);
#5137 = CARTESIAN_POINT('',(11.74,-20.72746133917,-137.4));
#5138 = LINE('',#5139,#5140);
#5139 = CARTESIAN_POINT('',(11.74,-19.27253866082,-137.4));
#5140 = VECTOR('',#5141,1.);
#5141 = DIRECTION('',(-0.,-1.,0.));
#5142 = ORIENTED_EDGE('',*,*,#5143,.T.);
#5143 = EDGE_CURVE('',#5136,#4929,#5144,.T.);
#5144 = LINE('',#5145,#5146);
#5145 = CARTESIAN_POINT('',(11.74,-20.72746133917,-137.4));
#5146 = VECTOR('',#5147,1.);
#5147 = DIRECTION('',(-0.,-0.,-1.));
#5148 = PLANE('',#5149);
#5149 = AXIS2_PLACEMENT_3D('',#5150,#5151,#5152);
#5150 = CARTESIAN_POINT('',(11.74,-19.27253866082,-137.4));
#5151 = DIRECTION('',(1.,-0.,0.));
#5152 = DIRECTION('',(0.,-0.,-1.));
#5153 = ADVANCED_FACE('',(#5154),#5171,.T.);
#5154 = FACE_BOUND('',#5155,.T.);
#5155 = EDGE_LOOP('',(#5156,#5157,#5158,#5164,#5170));
#5156 = ORIENTED_EDGE('',*,*,#4928,.F.);
#5157 = ORIENTED_EDGE('',*,*,#5143,.F.);
#5158 = ORIENTED_EDGE('',*,*,#5159,.T.);
#5159 = EDGE_CURVE('',#5136,#2233,#5160,.T.);
#5160 = LINE('',#5161,#5162);
#5161 = CARTESIAN_POINT('',(11.74,-20.72746133917,-137.4));
#5162 = VECTOR('',#5163,1.);
#5163 = DIRECTION('',(0.866025403784,-0.5,0.));
#5164 = ORIENTED_EDGE('',*,*,#5165,.T.);
#5165 = EDGE_CURVE('',#2233,#4998,#5166,.T.);
#5166 = LINE('',#5167,#5168);
#5167 = CARTESIAN_POINT('',(11.74,-20.72746133917,-137.4));
#5168 = VECTOR('',#5169,1.);
#5169 = DIRECTION('',(0.866025403784,-0.5,0.));
#5170 = ORIENTED_EDGE('',*,*,#4997,.T.);
#5171 = PLANE('',#5172);
#5172 = AXIS2_PLACEMENT_3D('',#5173,#5174,#5175);
#5173 = CARTESIAN_POINT('',(11.74,-20.72746133917,-137.4));
#5174 = DIRECTION('',(0.5,0.866025403784,-0.));
#5175 = DIRECTION('',(-0.866025403784,0.5,-0.));
#5176 = ADVANCED_FACE('',(#5177),#5182,.T.);
#5177 = FACE_BOUND('',#5178,.T.);
#5178 = EDGE_LOOP('',(#5179,#5180,#5181));
#5179 = ORIENTED_EDGE('',*,*,#2232,.F.);
#5180 = ORIENTED_EDGE('',*,*,#5159,.F.);
#5181 = ORIENTED_EDGE('',*,*,#5135,.F.);
#5182 = PLANE('',#5183);
#5183 = AXIS2_PLACEMENT_3D('',#5184,#5185,#5186);
#5184 = CARTESIAN_POINT('',(13.,-21.45492267835,-137.4));
#5185 = DIRECTION('',(-0.,-0.,-1.));
#5186 = DIRECTION('',(-1.,0.,0.));
#5187 = ADVANCED_FACE('',(#5188),#5193,.T.);
#5188 = FACE_BOUND('',#5189,.T.);
#5189 = EDGE_LOOP('',(#5190,#5191,#5192));
#5190 = ORIENTED_EDGE('',*,*,#2243,.F.);
#5191 = ORIENTED_EDGE('',*,*,#5005,.F.);
#5192 = ORIENTED_EDGE('',*,*,#5165,.F.);
#5193 = PLANE('',#5194);
#5194 = AXIS2_PLACEMENT_3D('',#5195,#5196,#5197);
#5195 = CARTESIAN_POINT('',(13.,-21.45492267835,-137.4));
#5196 = DIRECTION('',(-0.,-0.,-1.));
#5197 = DIRECTION('',(-1.,0.,0.));
#5198 = ADVANCED_FACE('',(#5199),#5204,.T.);
#5199 = FACE_BOUND('',#5200,.T.);
#5200 = EDGE_LOOP('',(#5201,#5202,#5203));
#5201 = ORIENTED_EDGE('',*,*,#2252,.F.);
#5202 = ORIENTED_EDGE('',*,*,#5035,.F.);
#5203 = ORIENTED_EDGE('',*,*,#5011,.F.);
#5204 = PLANE('',#5205);
#5205 = AXIS2_PLACEMENT_3D('',#5206,#5207,#5208);
#5206 = CARTESIAN_POINT('',(13.,-21.45492267835,-137.4));
#5207 = DIRECTION('',(-0.,-0.,-1.));
#5208 = DIRECTION('',(-1.,0.,0.));
#5209 = ADVANCED_FACE('',(#5210),#5221,.T.);
#5210 = FACE_BOUND('',#5211,.T.);
#5211 = EDGE_LOOP('',(#5212,#5219,#5220));
#5212 = ORIENTED_EDGE('',*,*,#5213,.F.);
#5213 = EDGE_CURVE('',#5066,#2253,#5214,.T.);
#5214 = CIRCLE('',#5215,1.26);
#5215 = AXIS2_PLACEMENT_3D('',#5216,#5217,#5218);
#5216 = CARTESIAN_POINT('',(13.,-20.,-137.4));
#5217 = DIRECTION('',(-0.,0.,-1.));
#5218 = DIRECTION('',(-1.,0.,0.));
#5219 = ORIENTED_EDGE('',*,*,#5065,.F.);
#5220 = ORIENTED_EDGE('',*,*,#5041,.F.);
#5221 = PLANE('',#5222);
#5222 = AXIS2_PLACEMENT_3D('',#5223,#5224,#5225);
#5223 = CARTESIAN_POINT('',(13.,-21.45492267835,-137.4));
#5224 = DIRECTION('',(-0.,-0.,-1.));
#5225 = DIRECTION('',(-1.,0.,0.));
#5226 = ADVANCED_FACE('',(#5227),#5238,.T.);
#5227 = FACE_BOUND('',#5228,.T.);
#5228 = EDGE_LOOP('',(#5229,#5236,#5237));
#5229 = ORIENTED_EDGE('',*,*,#5230,.F.);
#5230 = EDGE_CURVE('',#5098,#5066,#5231,.T.);
#5231 = CIRCLE('',#5232,1.26);
#5232 = AXIS2_PLACEMENT_3D('',#5233,#5234,#5235);
#5233 = CARTESIAN_POINT('',(13.,-20.,-137.4));
#5234 = DIRECTION('',(-0.,0.,-1.));
#5235 = DIRECTION('',(-1.,0.,0.));
#5236 = ORIENTED_EDGE('',*,*,#5097,.F.);
#5237 = ORIENTED_EDGE('',*,*,#5073,.F.);
#5238 = PLANE('',#5239);
#5239 = AXIS2_PLACEMENT_3D('',#5240,#5241,#5242);
#5240 = CARTESIAN_POINT('',(13.,-21.45492267835,-137.4));
#5241 = DIRECTION('',(-0.,-0.,-1.));
#5242 = DIRECTION('',(-1.,0.,0.));
#5243 = ADVANCED_FACE('',(#5244),#5255,.T.);
#5244 = FACE_BOUND('',#5245,.T.);
#5245 = EDGE_LOOP('',(#5246,#5253,#5254));
#5246 = ORIENTED_EDGE('',*,*,#5247,.F.);
#5247 = EDGE_CURVE('',#2235,#5098,#5248,.T.);
#5248 = CIRCLE('',#5249,1.26);
#5249 = AXIS2_PLACEMENT_3D('',#5250,#5251,#5252);
#5250 = CARTESIAN_POINT('',(13.,-20.,-137.4));
#5251 = DIRECTION('',(-0.,0.,-1.));
#5252 = DIRECTION('',(-1.,0.,0.));
#5253 = ORIENTED_EDGE('',*,*,#5129,.F.);
#5254 = ORIENTED_EDGE('',*,*,#5105,.F.);
#5255 = PLANE('',#5256);
#5256 = AXIS2_PLACEMENT_3D('',#5257,#5258,#5259);
#5257 = CARTESIAN_POINT('',(13.,-21.45492267835,-137.4));
#5258 = DIRECTION('',(-0.,-0.,-1.));
#5259 = DIRECTION('',(-1.,0.,0.));
#5260 = ADVANCED_FACE('',(#5261),#5268,.F.);
#5261 = FACE_BOUND('',#5262,.F.);
#5262 = EDGE_LOOP('',(#5263,#5264,#5265,#5266,#5267));
#5263 = ORIENTED_EDGE('',*,*,#5213,.F.);
#5264 = ORIENTED_EDGE('',*,*,#5230,.F.);
#5265 = ORIENTED_EDGE('',*,*,#5247,.F.);
#5266 = ORIENTED_EDGE('',*,*,#2269,.F.);
#5267 = ORIENTED_EDGE('',*,*,#2261,.T.);
#5268 = CONICAL_SURFACE('',#5269,1.26,1.047197551197);
#5269 = AXIS2_PLACEMENT_3D('',#5270,#5271,#5272);
#5270 = CARTESIAN_POINT('',(13.,-20.,-137.4));
#5271 = DIRECTION('',(-0.,-0.,-1.));
#5272 = DIRECTION('',(-1.,0.,0.));
#5273 = ADVANCED_FACE('',(#5274,#5284),#5334,.T.);
#5274 = FACE_BOUND('',#5275,.T.);
#5275 = EDGE_LOOP('',(#5276,#5277));
#5276 = ORIENTED_EDGE('',*,*,#2302,.T.);
#5277 = ORIENTED_EDGE('',*,*,#5278,.T.);
#5278 = EDGE_CURVE('',#2295,#2303,#5279,.T.);
#5279 = CIRCLE('',#5280,3.82);
#5280 = AXIS2_PLACEMENT_3D('',#5281,#5282,#5283);
#5281 = CARTESIAN_POINT('',(-13.,-20.,-139.2));
#5282 = DIRECTION('',(-0.,0.,-1.));
#5283 = DIRECTION('',(-1.,0.,0.));
#5284 = FACE_BOUND('',#5285,.T.);
#5285 = EDGE_LOOP('',(#5286,#5296,#5304,#5312,#5320,#5328));
#5286 = ORIENTED_EDGE('',*,*,#5287,.T.);
#5287 = EDGE_CURVE('',#5288,#5290,#5292,.T.);
#5288 = VERTEX_POINT('',#5289);
#5289 = CARTESIAN_POINT('',(-14.26,-20.72746133917,-139.2));
#5290 = VERTEX_POINT('',#5291);
#5291 = CARTESIAN_POINT('',(-13.,-21.45492267835,-139.2));
#5292 = LINE('',#5293,#5294);
#5293 = CARTESIAN_POINT('',(-14.26,-20.72746133917,-139.2));
#5294 = VECTOR('',#5295,1.);
#5295 = DIRECTION('',(0.866025403784,-0.5,0.));
#5296 = ORIENTED_EDGE('',*,*,#5297,.T.);
#5297 = EDGE_CURVE('',#5290,#5298,#5300,.T.);
#5298 = VERTEX_POINT('',#5299);
#5299 = CARTESIAN_POINT('',(-11.74,-20.72746133917,-139.2));
#5300 = LINE('',#5301,#5302);
#5301 = CARTESIAN_POINT('',(-13.,-21.45492267835,-139.2));
#5302 = VECTOR('',#5303,1.);
#5303 = DIRECTION('',(0.866025403784,0.5,-0.));
#5304 = ORIENTED_EDGE('',*,*,#5305,.T.);
#5305 = EDGE_CURVE('',#5298,#5306,#5308,.T.);
#5306 = VERTEX_POINT('',#5307);
#5307 = CARTESIAN_POINT('',(-11.74,-19.27253866082,-139.2));
#5308 = LINE('',#5309,#5310);
#5309 = CARTESIAN_POINT('',(-11.74,-20.72746133917,-139.2));
#5310 = VECTOR('',#5311,1.);
#5311 = DIRECTION('',(0.,1.,-0.));
#5312 = ORIENTED_EDGE('',*,*,#5313,.T.);
#5313 = EDGE_CURVE('',#5306,#5314,#5316,.T.);
#5314 = VERTEX_POINT('',#5315);
#5315 = CARTESIAN_POINT('',(-13.,-18.54507732164,-139.2));
#5316 = LINE('',#5317,#5318);
#5317 = CARTESIAN_POINT('',(-11.74,-19.27253866082,-139.2));
#5318 = VECTOR('',#5319,1.);
#5319 = DIRECTION('',(-0.866025403784,0.5,-0.));
#5320 = ORIENTED_EDGE('',*,*,#5321,.T.);
#5321 = EDGE_CURVE('',#5314,#5322,#5324,.T.);
#5322 = VERTEX_POINT('',#5323);
#5323 = CARTESIAN_POINT('',(-14.26,-19.27253866082,-139.2));
#5324 = LINE('',#5325,#5326);
#5325 = CARTESIAN_POINT('',(-13.,-18.54507732164,-139.2));
#5326 = VECTOR('',#5327,1.);
#5327 = DIRECTION('',(-0.866025403784,-0.5,0.));
#5328 = ORIENTED_EDGE('',*,*,#5329,.T.);
#5329 = EDGE_CURVE('',#5322,#5288,#5330,.T.);
#5330 = LINE('',#5331,#5332);
#5331 = CARTESIAN_POINT('',(-14.26,-19.27253866082,-139.2));
#5332 = VECTOR('',#5333,1.);
#5333 = DIRECTION('',(-0.,-1.,0.));
#5334 = PLANE('',#5335);
#5335 = AXIS2_PLACEMENT_3D('',#5336,#5337,#5338);
#5336 = CARTESIAN_POINT('',(-13.,-20.,-139.2));
#5337 = DIRECTION('',(-0.,-0.,-1.));
#5338 = DIRECTION('',(-1.,0.,0.));
#5339 = ADVANCED_FACE('',(#5340),#5346,.T.);
#5340 = FACE_BOUND('',#5341,.T.);
#5341 = EDGE_LOOP('',(#5342,#5343,#5344,#5345));
#5342 = ORIENTED_EDGE('',*,*,#2294,.F.);
#5343 = ORIENTED_EDGE('',*,*,#2693,.F.);
#5344 = ORIENTED_EDGE('',*,*,#2311,.T.);
#5345 = ORIENTED_EDGE('',*,*,#5278,.F.);
#5346 = CYLINDRICAL_SURFACE('',#5347,3.82);
#5347 = AXIS2_PLACEMENT_3D('',#5348,#5349,#5350);
#5348 = CARTESIAN_POINT('',(-13.,-20.,-139.2));
#5349 = DIRECTION('',(-0.,-0.,-1.));
#5350 = DIRECTION('',(-1.,0.,0.));
#5351 = ADVANCED_FACE('',(#5352),#5383,.T.);
#5352 = FACE_BOUND('',#5353,.T.);
#5353 = EDGE_LOOP('',(#5354,#5355,#5363,#5369,#5377));
#5354 = ORIENTED_EDGE('',*,*,#5297,.F.);
#5355 = ORIENTED_EDGE('',*,*,#5356,.F.);
#5356 = EDGE_CURVE('',#5357,#5290,#5359,.T.);
#5357 = VERTEX_POINT('',#5358);
#5358 = CARTESIAN_POINT('',(-13.,-21.45492267835,-137.4));
#5359 = LINE('',#5360,#5361);
#5360 = CARTESIAN_POINT('',(-13.,-21.45492267835,-137.4));
#5361 = VECTOR('',#5362,1.);
#5362 = DIRECTION('',(-0.,-0.,-1.));
#5363 = ORIENTED_EDGE('',*,*,#5364,.T.);
#5364 = EDGE_CURVE('',#5357,#2337,#5365,.T.);
#5365 = LINE('',#5366,#5367);
#5366 = CARTESIAN_POINT('',(-13.,-21.45492267835,-137.4));
#5367 = VECTOR('',#5368,1.);
#5368 = DIRECTION('',(0.866025403784,0.5,-0.));
#5369 = ORIENTED_EDGE('',*,*,#5370,.T.);
#5370 = EDGE_CURVE('',#2337,#5371,#5373,.T.);
#5371 = VERTEX_POINT('',#5372);
#5372 = CARTESIAN_POINT('',(-11.74,-20.72746133917,-137.4));
#5373 = LINE('',#5374,#5375);
#5374 = CARTESIAN_POINT('',(-13.,-21.45492267835,-137.4));
#5375 = VECTOR('',#5376,1.);
#5376 = DIRECTION('',(0.866025403784,0.5,-0.));
#5377 = ORIENTED_EDGE('',*,*,#5378,.T.);
#5378 = EDGE_CURVE('',#5371,#5298,#5379,.T.);
#5379 = LINE('',#5380,#5381);
#5380 = CARTESIAN_POINT('',(-11.74,-20.72746133917,-137.4));
#5381 = VECTOR('',#5382,1.);
#5382 = DIRECTION('',(-0.,-0.,-1.));
#5383 = PLANE('',#5384);
#5384 = AXIS2_PLACEMENT_3D('',#5385,#5386,#5387);
#5385 = CARTESIAN_POINT('',(-13.,-21.45492267835,-137.4));
#5386 = DIRECTION('',(-0.5,0.866025403784,-0.));
#5387 = DIRECTION('',(-0.866025403784,-0.5,0.));
#5388 = ADVANCED_FACE('',(#5389),#5413,.T.);
#5389 = FACE_BOUND('',#5390,.T.);
#5390 = EDGE_LOOP('',(#5391,#5392,#5393,#5399,#5407));
#5391 = ORIENTED_EDGE('',*,*,#5305,.F.);
#5392 = ORIENTED_EDGE('',*,*,#5378,.F.);
#5393 = ORIENTED_EDGE('',*,*,#5394,.T.);
#5394 = EDGE_CURVE('',#5371,#2346,#5395,.T.);
#5395 = LINE('',#5396,#5397);
#5396 = CARTESIAN_POINT('',(-11.74,-20.72746133917,-137.4));
#5397 = VECTOR('',#5398,1.);
#5398 = DIRECTION('',(0.,1.,-0.));
#5399 = ORIENTED_EDGE('',*,*,#5400,.T.);
#5400 = EDGE_CURVE('',#2346,#5401,#5403,.T.);
#5401 = VERTEX_POINT('',#5402);
#5402 = CARTESIAN_POINT('',(-11.74,-19.27253866082,-137.4));
#5403 = LINE('',#5404,#5405);
#5404 = CARTESIAN_POINT('',(-11.74,-20.72746133917,-137.4));
#5405 = VECTOR('',#5406,1.);
#5406 = DIRECTION('',(0.,1.,-0.));
#5407 = ORIENTED_EDGE('',*,*,#5408,.T.);
#5408 = EDGE_CURVE('',#5401,#5306,#5409,.T.);
#5409 = LINE('',#5410,#5411);
#5410 = CARTESIAN_POINT('',(-11.74,-19.27253866082,-137.4));
#5411 = VECTOR('',#5412,1.);
#5412 = DIRECTION('',(-0.,-0.,-1.));
#5413 = PLANE('',#5414);
#5414 = AXIS2_PLACEMENT_3D('',#5415,#5416,#5417);
#5415 = CARTESIAN_POINT('',(-11.74,-20.72746133917,-137.4));
#5416 = DIRECTION('',(-1.,0.,0.));
#5417 = DIRECTION('',(0.,0.,1.));
#5418 = ADVANCED_FACE('',(#5419),#5445,.T.);
#5419 = FACE_BOUND('',#5420,.T.);
#5420 = EDGE_LOOP('',(#5421,#5422,#5423,#5431,#5439));
#5421 = ORIENTED_EDGE('',*,*,#5313,.F.);
#5422 = ORIENTED_EDGE('',*,*,#5408,.F.);
#5423 = ORIENTED_EDGE('',*,*,#5424,.T.);
#5424 = EDGE_CURVE('',#5401,#5425,#5427,.T.);
#5425 = VERTEX_POINT('',#5426);
#5426 = CARTESIAN_POINT('',(-12.37,-18.90880799123,-137.4));
#5427 = LINE('',#5428,#5429);
#5428 = CARTESIAN_POINT('',(-11.74,-19.27253866082,-137.4));
#5429 = VECTOR('',#5430,1.);
#5430 = DIRECTION('',(-0.866025403784,0.5,-0.));
#5431 = ORIENTED_EDGE('',*,*,#5432,.T.);
#5432 = EDGE_CURVE('',#5425,#5433,#5435,.T.);
#5433 = VERTEX_POINT('',#5434);
#5434 = CARTESIAN_POINT('',(-13.,-18.54507732164,-137.4));
#5435 = LINE('',#5436,#5437);
#5436 = CARTESIAN_POINT('',(-11.74,-19.27253866082,-137.4));
#5437 = VECTOR('',#5438,1.);
#5438 = DIRECTION('',(-0.866025403784,0.5,-0.));
#5439 = ORIENTED_EDGE('',*,*,#5440,.T.);
#5440 = EDGE_CURVE('',#5433,#5314,#5441,.T.);
#5441 = LINE('',#5442,#5443);
#5442 = CARTESIAN_POINT('',(-13.,-18.54507732164,-137.4));
#5443 = VECTOR('',#5444,1.);
#5444 = DIRECTION('',(-0.,-0.,-1.));
#5445 = PLANE('',#5446);
#5446 = AXIS2_PLACEMENT_3D('',#5447,#5448,#5449);
#5447 = CARTESIAN_POINT('',(-11.74,-19.27253866082,-137.4));
#5448 = DIRECTION('',(-0.5,-0.866025403784,0.));
#5449 = DIRECTION('',(0.866025403784,-0.5,0.));
#5450 = ADVANCED_FACE('',(#5451),#5477,.T.);
#5451 = FACE_BOUND('',#5452,.T.);
#5452 = EDGE_LOOP('',(#5453,#5454,#5455,#5463,#5471));
#5453 = ORIENTED_EDGE('',*,*,#5321,.F.);
#5454 = ORIENTED_EDGE('',*,*,#5440,.F.);
#5455 = ORIENTED_EDGE('',*,*,#5456,.T.);
#5456 = EDGE_CURVE('',#5433,#5457,#5459,.T.);
#5457 = VERTEX_POINT('',#5458);
#5458 = CARTESIAN_POINT('',(-13.63,-18.90880799123,-137.4));
#5459 = LINE('',#5460,#5461);
#5460 = CARTESIAN_POINT('',(-13.,-18.54507732164,-137.4));
#5461 = VECTOR('',#5462,1.);
#5462 = DIRECTION('',(-0.866025403784,-0.5,0.));
#5463 = ORIENTED_EDGE('',*,*,#5464,.T.);
#5464 = EDGE_CURVE('',#5457,#5465,#5467,.T.);
#5465 = VERTEX_POINT('',#5466);
#5466 = CARTESIAN_POINT('',(-14.26,-19.27253866082,-137.4));
#5467 = LINE('',#5468,#5469);
#5468 = CARTESIAN_POINT('',(-13.,-18.54507732164,-137.4));
#5469 = VECTOR('',#5470,1.);
#5470 = DIRECTION('',(-0.866025403784,-0.5,0.));
#5471 = ORIENTED_EDGE('',*,*,#5472,.T.);
#5472 = EDGE_CURVE('',#5465,#5322,#5473,.T.);
#5473 = LINE('',#5474,#5475);
#5474 = CARTESIAN_POINT('',(-14.26,-19.27253866082,-137.4));
#5475 = VECTOR('',#5476,1.);
#5476 = DIRECTION('',(-0.,-0.,-1.));
#5477 = PLANE('',#5478);
#5478 = AXIS2_PLACEMENT_3D('',#5479,#5480,#5481);
#5479 = CARTESIAN_POINT('',(-13.,-18.54507732164,-137.4));
#5480 = DIRECTION('',(0.5,-0.866025403784,0.));
#5481 = DIRECTION('',(0.866025403784,0.5,0.));
#5482 = ADVANCED_FACE('',(#5483),#5507,.T.);
#5483 = FACE_BOUND('',#5484,.T.);
#5484 = EDGE_LOOP('',(#5485,#5486,#5487,#5493,#5501));
#5485 = ORIENTED_EDGE('',*,*,#5329,.F.);
#5486 = ORIENTED_EDGE('',*,*,#5472,.F.);
#5487 = ORIENTED_EDGE('',*,*,#5488,.T.);
#5488 = EDGE_CURVE('',#5465,#2328,#5489,.T.);
#5489 = LINE('',#5490,#5491);
#5490 = CARTESIAN_POINT('',(-14.26,-19.27253866082,-137.4));
#5491 = VECTOR('',#5492,1.);
#5492 = DIRECTION('',(-0.,-1.,0.));
#5493 = ORIENTED_EDGE('',*,*,#5494,.T.);
#5494 = EDGE_CURVE('',#2328,#5495,#5497,.T.);
#5495 = VERTEX_POINT('',#5496);
#5496 = CARTESIAN_POINT('',(-14.26,-20.72746133917,-137.4));
#5497 = LINE('',#5498,#5499);
#5498 = CARTESIAN_POINT('',(-14.26,-19.27253866082,-137.4));
#5499 = VECTOR('',#5500,1.);
#5500 = DIRECTION('',(-0.,-1.,0.));
#5501 = ORIENTED_EDGE('',*,*,#5502,.T.);
#5502 = EDGE_CURVE('',#5495,#5288,#5503,.T.);
#5503 = LINE('',#5504,#5505);
#5504 = CARTESIAN_POINT('',(-14.26,-20.72746133917,-137.4));
#5505 = VECTOR('',#5506,1.);
#5506 = DIRECTION('',(-0.,-0.,-1.));
#5507 = PLANE('',#5508);
#5508 = AXIS2_PLACEMENT_3D('',#5509,#5510,#5511);
#5509 = CARTESIAN_POINT('',(-14.26,-19.27253866082,-137.4));
#5510 = DIRECTION('',(1.,-0.,0.));
#5511 = DIRECTION('',(0.,-0.,-1.));
#5512 = ADVANCED_FACE('',(#5513),#5530,.T.);
#5513 = FACE_BOUND('',#5514,.T.);
#5514 = EDGE_LOOP('',(#5515,#5516,#5517,#5523,#5529));
#5515 = ORIENTED_EDGE('',*,*,#5287,.F.);
#5516 = ORIENTED_EDGE('',*,*,#5502,.F.);
#5517 = ORIENTED_EDGE('',*,*,#5518,.T.);
#5518 = EDGE_CURVE('',#5495,#2326,#5519,.T.);
#5519 = LINE('',#5520,#5521);
#5520 = CARTESIAN_POINT('',(-14.26,-20.72746133917,-137.4));
#5521 = VECTOR('',#5522,1.);
#5522 = DIRECTION('',(0.866025403784,-0.5,0.));
#5523 = ORIENTED_EDGE('',*,*,#5524,.T.);
#5524 = EDGE_CURVE('',#2326,#5357,#5525,.T.);
#5525 = LINE('',#5526,#5527);
#5526 = CARTESIAN_POINT('',(-14.26,-20.72746133917,-137.4));
#5527 = VECTOR('',#5528,1.);
#5528 = DIRECTION('',(0.866025403784,-0.5,0.));
#5529 = ORIENTED_EDGE('',*,*,#5356,.T.);
#5530 = PLANE('',#5531);
#5531 = AXIS2_PLACEMENT_3D('',#5532,#5533,#5534);
#5532 = CARTESIAN_POINT('',(-14.26,-20.72746133917,-137.4));
#5533 = DIRECTION('',(0.5,0.866025403784,-0.));
#5534 = DIRECTION('',(-0.866025403784,0.5,-0.));
#5535 = ADVANCED_FACE('',(#5536),#5541,.T.);
#5536 = FACE_BOUND('',#5537,.T.);
#5537 = EDGE_LOOP('',(#5538,#5539,#5540));
#5538 = ORIENTED_EDGE('',*,*,#2325,.F.);
#5539 = ORIENTED_EDGE('',*,*,#5518,.F.);
#5540 = ORIENTED_EDGE('',*,*,#5494,.F.);
#5541 = PLANE('',#5542);
#5542 = AXIS2_PLACEMENT_3D('',#5543,#5544,#5545);
#5543 = CARTESIAN_POINT('',(-13.,-21.45492267835,-137.4));
#5544 = DIRECTION('',(-0.,-0.,-1.));
#5545 = DIRECTION('',(-1.,0.,0.));
#5546 = ADVANCED_FACE('',(#5547),#5552,.T.);
#5547 = FACE_BOUND('',#5548,.T.);
#5548 = EDGE_LOOP('',(#5549,#5550,#5551));
#5549 = ORIENTED_EDGE('',*,*,#2336,.F.);
#5550 = ORIENTED_EDGE('',*,*,#5364,.F.);
#5551 = ORIENTED_EDGE('',*,*,#5524,.F.);
#5552 = PLANE('',#5553);
#5553 = AXIS2_PLACEMENT_3D('',#5554,#5555,#5556);
#5554 = CARTESIAN_POINT('',(-13.,-21.45492267835,-137.4));
#5555 = DIRECTION('',(-0.,-0.,-1.));
#5556 = DIRECTION('',(-1.,0.,0.));
#5557 = ADVANCED_FACE('',(#5558),#5563,.T.);
#5558 = FACE_BOUND('',#5559,.T.);
#5559 = EDGE_LOOP('',(#5560,#5561,#5562));
#5560 = ORIENTED_EDGE('',*,*,#2345,.F.);
#5561 = ORIENTED_EDGE('',*,*,#5394,.F.);
#5562 = ORIENTED_EDGE('',*,*,#5370,.F.);
#5563 = PLANE('',#5564);
#5564 = AXIS2_PLACEMENT_3D('',#5565,#5566,#5567);
#5565 = CARTESIAN_POINT('',(-13.,-21.45492267835,-137.4));
#5566 = DIRECTION('',(-0.,-0.,-1.));
#5567 = DIRECTION('',(-1.,0.,0.));
#5568 = ADVANCED_FACE('',(#5569),#5580,.T.);
#5569 = FACE_BOUND('',#5570,.T.);
#5570 = EDGE_LOOP('',(#5571,#5578,#5579));
#5571 = ORIENTED_EDGE('',*,*,#5572,.F.);
#5572 = EDGE_CURVE('',#5425,#2346,#5573,.T.);
#5573 = CIRCLE('',#5574,1.26);
#5574 = AXIS2_PLACEMENT_3D('',#5575,#5576,#5577);
#5575 = CARTESIAN_POINT('',(-13.,-20.,-137.4));
#5576 = DIRECTION('',(-0.,0.,-1.));
#5577 = DIRECTION('',(-1.,0.,0.));
#5578 = ORIENTED_EDGE('',*,*,#5424,.F.);
#5579 = ORIENTED_EDGE('',*,*,#5400,.F.);
#5580 = PLANE('',#5581);
#5581 = AXIS2_PLACEMENT_3D('',#5582,#5583,#5584);
#5582 = CARTESIAN_POINT('',(-13.,-21.45492267835,-137.4));
#5583 = DIRECTION('',(-0.,-0.,-1.));
#5584 = DIRECTION('',(-1.,0.,0.));
#5585 = ADVANCED_FACE('',(#5586),#5597,.T.);
#5586 = FACE_BOUND('',#5587,.T.);
#5587 = EDGE_LOOP('',(#5588,#5595,#5596));
#5588 = ORIENTED_EDGE('',*,*,#5589,.F.);
#5589 = EDGE_CURVE('',#5457,#5425,#5590,.T.);
#5590 = CIRCLE('',#5591,1.26);
#5591 = AXIS2_PLACEMENT_3D('',#5592,#5593,#5594);
#5592 = CARTESIAN_POINT('',(-13.,-20.,-137.4));
#5593 = DIRECTION('',(-0.,0.,-1.));
#5594 = DIRECTION('',(-1.,0.,0.));
#5595 = ORIENTED_EDGE('',*,*,#5456,.F.);
#5596 = ORIENTED_EDGE('',*,*,#5432,.F.);
#5597 = PLANE('',#5598);
#5598 = AXIS2_PLACEMENT_3D('',#5599,#5600,#5601);
#5599 = CARTESIAN_POINT('',(-13.,-21.45492267835,-137.4));
#5600 = DIRECTION('',(-0.,-0.,-1.));
#5601 = DIRECTION('',(-1.,0.,0.));
#5602 = ADVANCED_FACE('',(#5603),#5614,.T.);
#5603 = FACE_BOUND('',#5604,.T.);
#5604 = EDGE_LOOP('',(#5605,#5612,#5613));
#5605 = ORIENTED_EDGE('',*,*,#5606,.F.);
#5606 = EDGE_CURVE('',#2328,#5457,#5607,.T.);
#5607 = CIRCLE('',#5608,1.26);
#5608 = AXIS2_PLACEMENT_3D('',#5609,#5610,#5611);
#5609 = CARTESIAN_POINT('',(-13.,-20.,-137.4));
#5610 = DIRECTION('',(-0.,0.,-1.));
#5611 = DIRECTION('',(-1.,0.,0.));
#5612 = ORIENTED_EDGE('',*,*,#5488,.F.);
#5613 = ORIENTED_EDGE('',*,*,#5464,.F.);
#5614 = PLANE('',#5615);
#5615 = AXIS2_PLACEMENT_3D('',#5616,#5617,#5618);
#5616 = CARTESIAN_POINT('',(-13.,-21.45492267835,-137.4));
#5617 = DIRECTION('',(-0.,-0.,-1.));
#5618 = DIRECTION('',(-1.,0.,0.));
#5619 = ADVANCED_FACE('',(#5620),#5627,.F.);
#5620 = FACE_BOUND('',#5621,.F.);
#5621 = EDGE_LOOP('',(#5622,#5623,#5624,#5625,#5626));
#5622 = ORIENTED_EDGE('',*,*,#5572,.F.);
#5623 = ORIENTED_EDGE('',*,*,#5589,.F.);
#5624 = ORIENTED_EDGE('',*,*,#5606,.F.);
#5625 = ORIENTED_EDGE('',*,*,#2362,.F.);
#5626 = ORIENTED_EDGE('',*,*,#2354,.T.);
#5627 = CONICAL_SURFACE('',#5628,1.26,1.047197551197);
#5628 = AXIS2_PLACEMENT_3D('',#5629,#5630,#5631);
#5629 = CARTESIAN_POINT('',(-13.,-20.,-137.4));
#5630 = DIRECTION('',(-0.,-0.,-1.));
#5631 = DIRECTION('',(-1.,0.,0.));
#5632 = ADVANCED_FACE('',(#5633,#5643),#5693,.T.);
#5633 = FACE_BOUND('',#5634,.T.);
#5634 = EDGE_LOOP('',(#5635,#5636));
#5635 = ORIENTED_EDGE('',*,*,#2395,.T.);
#5636 = ORIENTED_EDGE('',*,*,#5637,.T.);
#5637 = EDGE_CURVE('',#2388,#2396,#5638,.T.);
#5638 = CIRCLE('',#5639,3.82);
#5639 = AXIS2_PLACEMENT_3D('',#5640,#5641,#5642);
#5640 = CARTESIAN_POINT('',(-13.,20.,-139.2));
#5641 = DIRECTION('',(-0.,0.,-1.));
#5642 = DIRECTION('',(-1.,0.,0.));
#5643 = FACE_BOUND('',#5644,.T.);
#5644 = EDGE_LOOP('',(#5645,#5655,#5663,#5671,#5679,#5687));
#5645 = ORIENTED_EDGE('',*,*,#5646,.T.);
#5646 = EDGE_CURVE('',#5647,#5649,#5651,.T.);
#5647 = VERTEX_POINT('',#5648);
#5648 = CARTESIAN_POINT('',(-14.26,19.272538660821,-139.2));
#5649 = VERTEX_POINT('',#5650);
#5650 = CARTESIAN_POINT('',(-13.,18.545077321642,-139.2));
#5651 = LINE('',#5652,#5653);
#5652 = CARTESIAN_POINT('',(-14.26,19.272538660821,-139.2));
#5653 = VECTOR('',#5654,1.);
#5654 = DIRECTION('',(0.866025403784,-0.5,0.));
#5655 = ORIENTED_EDGE('',*,*,#5656,.T.);
#5656 = EDGE_CURVE('',#5649,#5657,#5659,.T.);
#5657 = VERTEX_POINT('',#5658);
#5658 = CARTESIAN_POINT('',(-11.74,19.272538660821,-139.2));
#5659 = LINE('',#5660,#5661);
#5660 = CARTESIAN_POINT('',(-13.,18.545077321642,-139.2));
#5661 = VECTOR('',#5662,1.);
#5662 = DIRECTION('',(0.866025403784,0.5,-0.));
#5663 = ORIENTED_EDGE('',*,*,#5664,.T.);
#5664 = EDGE_CURVE('',#5657,#5665,#5667,.T.);
#5665 = VERTEX_POINT('',#5666);
#5666 = CARTESIAN_POINT('',(-11.74,20.727461339179,-139.2));
#5667 = LINE('',#5668,#5669);
#5668 = CARTESIAN_POINT('',(-11.74,19.272538660821,-139.2));
#5669 = VECTOR('',#5670,1.);
#5670 = DIRECTION('',(0.,1.,-0.));
#5671 = ORIENTED_EDGE('',*,*,#5672,.T.);
#5672 = EDGE_CURVE('',#5665,#5673,#5675,.T.);
#5673 = VERTEX_POINT('',#5674);
#5674 = CARTESIAN_POINT('',(-13.,21.454922678358,-139.2));
#5675 = LINE('',#5676,#5677);
#5676 = CARTESIAN_POINT('',(-11.74,20.727461339179,-139.2));
#5677 = VECTOR('',#5678,1.);
#5678 = DIRECTION('',(-0.866025403784,0.5,-0.));
#5679 = ORIENTED_EDGE('',*,*,#5680,.T.);
#5680 = EDGE_CURVE('',#5673,#5681,#5683,.T.);
#5681 = VERTEX_POINT('',#5682);
#5682 = CARTESIAN_POINT('',(-14.26,20.727461339179,-139.2));
#5683 = LINE('',#5684,#5685);
#5684 = CARTESIAN_POINT('',(-13.,21.454922678358,-139.2));
#5685 = VECTOR('',#5686,1.);
#5686 = DIRECTION('',(-0.866025403784,-0.5,0.));
#5687 = ORIENTED_EDGE('',*,*,#5688,.T.);
#5688 = EDGE_CURVE('',#5681,#5647,#5689,.T.);
#5689 = LINE('',#5690,#5691);
#5690 = CARTESIAN_POINT('',(-14.26,20.727461339179,-139.2));
#5691 = VECTOR('',#5692,1.);
#5692 = DIRECTION('',(-0.,-1.,0.));
#5693 = PLANE('',#5694);
#5694 = AXIS2_PLACEMENT_3D('',#5695,#5696,#5697);
#5695 = CARTESIAN_POINT('',(-13.,20.,-139.2));
#5696 = DIRECTION('',(-0.,-0.,-1.));
#5697 = DIRECTION('',(-1.,0.,0.));
#5698 = ADVANCED_FACE('',(#5699),#5705,.T.);
#5699 = FACE_BOUND('',#5700,.T.);
#5700 = EDGE_LOOP('',(#5701,#5702,#5703,#5704));
#5701 = ORIENTED_EDGE('',*,*,#2387,.F.);
#5702 = ORIENTED_EDGE('',*,*,#2850,.F.);
#5703 = ORIENTED_EDGE('',*,*,#2404,.T.);
#5704 = ORIENTED_EDGE('',*,*,#5637,.F.);
#5705 = CYLINDRICAL_SURFACE('',#5706,3.82);
#5706 = AXIS2_PLACEMENT_3D('',#5707,#5708,#5709);
#5707 = CARTESIAN_POINT('',(-13.,20.,-139.2));
#5708 = DIRECTION('',(-0.,-0.,-1.));
#5709 = DIRECTION('',(-1.,0.,0.));
#5710 = ADVANCED_FACE('',(#5711),#5742,.T.);
#5711 = FACE_BOUND('',#5712,.T.);
#5712 = EDGE_LOOP('',(#5713,#5714,#5722,#5728,#5736));
#5713 = ORIENTED_EDGE('',*,*,#5656,.F.);
#5714 = ORIENTED_EDGE('',*,*,#5715,.F.);
#5715 = EDGE_CURVE('',#5716,#5649,#5718,.T.);
#5716 = VERTEX_POINT('',#5717);
#5717 = CARTESIAN_POINT('',(-13.,18.545077321642,-137.4));
#5718 = LINE('',#5719,#5720);
#5719 = CARTESIAN_POINT('',(-13.,18.545077321642,-137.4));
#5720 = VECTOR('',#5721,1.);
#5721 = DIRECTION('',(-0.,-0.,-1.));
#5722 = ORIENTED_EDGE('',*,*,#5723,.T.);
#5723 = EDGE_CURVE('',#5716,#2430,#5724,.T.);
#5724 = LINE('',#5725,#5726);
#5725 = CARTESIAN_POINT('',(-13.,18.545077321642,-137.4));
#5726 = VECTOR('',#5727,1.);
#5727 = DIRECTION('',(0.866025403784,0.5,-0.));
#5728 = ORIENTED_EDGE('',*,*,#5729,.T.);
#5729 = EDGE_CURVE('',#2430,#5730,#5732,.T.);
#5730 = VERTEX_POINT('',#5731);
#5731 = CARTESIAN_POINT('',(-11.74,19.272538660821,-137.4));
#5732 = LINE('',#5733,#5734);
#5733 = CARTESIAN_POINT('',(-13.,18.545077321642,-137.4));
#5734 = VECTOR('',#5735,1.);
#5735 = DIRECTION('',(0.866025403784,0.5,-0.));
#5736 = ORIENTED_EDGE('',*,*,#5737,.T.);
#5737 = EDGE_CURVE('',#5730,#5657,#5738,.T.);
#5738 = LINE('',#5739,#5740);
#5739 = CARTESIAN_POINT('',(-11.74,19.272538660821,-137.4));
#5740 = VECTOR('',#5741,1.);
#5741 = DIRECTION('',(-0.,-0.,-1.));
#5742 = PLANE('',#5743);
#5743 = AXIS2_PLACEMENT_3D('',#5744,#5745,#5746);
#5744 = CARTESIAN_POINT('',(-13.,18.545077321642,-137.4));
#5745 = DIRECTION('',(-0.5,0.866025403784,-0.));
#5746 = DIRECTION('',(-0.866025403784,-0.5,0.));
#5747 = ADVANCED_FACE('',(#5748),#5772,.T.);
#5748 = FACE_BOUND('',#5749,.T.);
#5749 = EDGE_LOOP('',(#5750,#5751,#5752,#5758,#5766));
#5750 = ORIENTED_EDGE('',*,*,#5664,.F.);
#5751 = ORIENTED_EDGE('',*,*,#5737,.F.);
#5752 = ORIENTED_EDGE('',*,*,#5753,.T.);
#5753 = EDGE_CURVE('',#5730,#2439,#5754,.T.);
#5754 = LINE('',#5755,#5756);
#5755 = CARTESIAN_POINT('',(-11.74,19.272538660821,-137.4));
#5756 = VECTOR('',#5757,1.);
#5757 = DIRECTION('',(0.,1.,-0.));
#5758 = ORIENTED_EDGE('',*,*,#5759,.T.);
#5759 = EDGE_CURVE('',#2439,#5760,#5762,.T.);
#5760 = VERTEX_POINT('',#5761);
#5761 = CARTESIAN_POINT('',(-11.74,20.727461339179,-137.4));
#5762 = LINE('',#5763,#5764);
#5763 = CARTESIAN_POINT('',(-11.74,19.272538660821,-137.4));
#5764 = VECTOR('',#5765,1.);
#5765 = DIRECTION('',(0.,1.,-0.));
#5766 = ORIENTED_EDGE('',*,*,#5767,.T.);
#5767 = EDGE_CURVE('',#5760,#5665,#5768,.T.);
#5768 = LINE('',#5769,#5770);
#5769 = CARTESIAN_POINT('',(-11.74,20.727461339179,-137.4));
#5770 = VECTOR('',#5771,1.);
#5771 = DIRECTION('',(-0.,-0.,-1.));
#5772 = PLANE('',#5773);
#5773 = AXIS2_PLACEMENT_3D('',#5774,#5775,#5776);
#5774 = CARTESIAN_POINT('',(-11.74,19.272538660821,-137.4));
#5775 = DIRECTION('',(-1.,0.,0.));
#5776 = DIRECTION('',(0.,0.,1.));
#5777 = ADVANCED_FACE('',(#5778),#5804,.T.);
#5778 = FACE_BOUND('',#5779,.T.);
#5779 = EDGE_LOOP('',(#5780,#5781,#5782,#5790,#5798));
#5780 = ORIENTED_EDGE('',*,*,#5672,.F.);
#5781 = ORIENTED_EDGE('',*,*,#5767,.F.);
#5782 = ORIENTED_EDGE('',*,*,#5783,.T.);
#5783 = EDGE_CURVE('',#5760,#5784,#5786,.T.);
#5784 = VERTEX_POINT('',#5785);
#5785 = CARTESIAN_POINT('',(-12.37,21.091192008768,-137.4));
#5786 = LINE('',#5787,#5788);
#5787 = CARTESIAN_POINT('',(-11.74,20.727461339179,-137.4));
#5788 = VECTOR('',#5789,1.);
#5789 = DIRECTION('',(-0.866025403784,0.5,-0.));
#5790 = ORIENTED_EDGE('',*,*,#5791,.T.);
#5791 = EDGE_CURVE('',#5784,#5792,#5794,.T.);
#5792 = VERTEX_POINT('',#5793);
#5793 = CARTESIAN_POINT('',(-13.,21.454922678358,-137.4));
#5794 = LINE('',#5795,#5796);
#5795 = CARTESIAN_POINT('',(-11.74,20.727461339179,-137.4));
#5796 = VECTOR('',#5797,1.);
#5797 = DIRECTION('',(-0.866025403784,0.5,-0.));
#5798 = ORIENTED_EDGE('',*,*,#5799,.T.);
#5799 = EDGE_CURVE('',#5792,#5673,#5800,.T.);
#5800 = LINE('',#5801,#5802);
#5801 = CARTESIAN_POINT('',(-13.,21.454922678358,-137.4));
#5802 = VECTOR('',#5803,1.);
#5803 = DIRECTION('',(-0.,-0.,-1.));
#5804 = PLANE('',#5805);
#5805 = AXIS2_PLACEMENT_3D('',#5806,#5807,#5808);
#5806 = CARTESIAN_POINT('',(-11.74,20.727461339179,-137.4));
#5807 = DIRECTION('',(-0.5,-0.866025403784,0.));
#5808 = DIRECTION('',(0.866025403784,-0.5,0.));
#5809 = ADVANCED_FACE('',(#5810),#5836,.T.);
#5810 = FACE_BOUND('',#5811,.T.);
#5811 = EDGE_LOOP('',(#5812,#5813,#5814,#5822,#5830));
#5812 = ORIENTED_EDGE('',*,*,#5680,.F.);
#5813 = ORIENTED_EDGE('',*,*,#5799,.F.);
#5814 = ORIENTED_EDGE('',*,*,#5815,.T.);
#5815 = EDGE_CURVE('',#5792,#5816,#5818,.T.);
#5816 = VERTEX_POINT('',#5817);
#5817 = CARTESIAN_POINT('',(-13.63,21.091192008768,-137.4));
#5818 = LINE('',#5819,#5820);
#5819 = CARTESIAN_POINT('',(-13.,21.454922678358,-137.4));
#5820 = VECTOR('',#5821,1.);
#5821 = DIRECTION('',(-0.866025403784,-0.5,0.));
#5822 = ORIENTED_EDGE('',*,*,#5823,.T.);
#5823 = EDGE_CURVE('',#5816,#5824,#5826,.T.);
#5824 = VERTEX_POINT('',#5825);
#5825 = CARTESIAN_POINT('',(-14.26,20.727461339179,-137.4));
#5826 = LINE('',#5827,#5828);
#5827 = CARTESIAN_POINT('',(-13.,21.454922678358,-137.4));
#5828 = VECTOR('',#5829,1.);
#5829 = DIRECTION('',(-0.866025403784,-0.5,0.));
#5830 = ORIENTED_EDGE('',*,*,#5831,.T.);
#5831 = EDGE_CURVE('',#5824,#5681,#5832,.T.);
#5832 = LINE('',#5833,#5834);
#5833 = CARTESIAN_POINT('',(-14.26,20.727461339179,-137.4));
#5834 = VECTOR('',#5835,1.);
#5835 = DIRECTION('',(-0.,-0.,-1.));
#5836 = PLANE('',#5837);
#5837 = AXIS2_PLACEMENT_3D('',#5838,#5839,#5840);
#5838 = CARTESIAN_POINT('',(-13.,21.454922678358,-137.4));
#5839 = DIRECTION('',(0.5,-0.866025403784,0.));
#5840 = DIRECTION('',(0.866025403784,0.5,0.));
#5841 = ADVANCED_FACE('',(#5842),#5866,.T.);
#5842 = FACE_BOUND('',#5843,.T.);
#5843 = EDGE_LOOP('',(#5844,#5845,#5846,#5852,#5860));
#5844 = ORIENTED_EDGE('',*,*,#5688,.F.);
#5845 = ORIENTED_EDGE('',*,*,#5831,.F.);
#5846 = ORIENTED_EDGE('',*,*,#5847,.T.);
#5847 = EDGE_CURVE('',#5824,#2421,#5848,.T.);
#5848 = LINE('',#5849,#5850);
#5849 = CARTESIAN_POINT('',(-14.26,20.727461339179,-137.4));
#5850 = VECTOR('',#5851,1.);
#5851 = DIRECTION('',(-0.,-1.,0.));
#5852 = ORIENTED_EDGE('',*,*,#5853,.T.);
#5853 = EDGE_CURVE('',#2421,#5854,#5856,.T.);
#5854 = VERTEX_POINT('',#5855);
#5855 = CARTESIAN_POINT('',(-14.26,19.272538660821,-137.4));
#5856 = LINE('',#5857,#5858);
#5857 = CARTESIAN_POINT('',(-14.26,20.727461339179,-137.4));
#5858 = VECTOR('',#5859,1.);
#5859 = DIRECTION('',(-0.,-1.,0.));
#5860 = ORIENTED_EDGE('',*,*,#5861,.T.);
#5861 = EDGE_CURVE('',#5854,#5647,#5862,.T.);
#5862 = LINE('',#5863,#5864);
#5863 = CARTESIAN_POINT('',(-14.26,19.272538660821,-137.4));
#5864 = VECTOR('',#5865,1.);
#5865 = DIRECTION('',(-0.,-0.,-1.));
#5866 = PLANE('',#5867);
#5867 = AXIS2_PLACEMENT_3D('',#5868,#5869,#5870);
#5868 = CARTESIAN_POINT('',(-14.26,20.727461339179,-137.4));
#5869 = DIRECTION('',(1.,-0.,0.));
#5870 = DIRECTION('',(0.,-0.,-1.));
#5871 = ADVANCED_FACE('',(#5872),#5889,.T.);
#5872 = FACE_BOUND('',#5873,.T.);
#5873 = EDGE_LOOP('',(#5874,#5875,#5876,#5882,#5888));
#5874 = ORIENTED_EDGE('',*,*,#5646,.F.);
#5875 = ORIENTED_EDGE('',*,*,#5861,.F.);
#5876 = ORIENTED_EDGE('',*,*,#5877,.T.);
#5877 = EDGE_CURVE('',#5854,#2419,#5878,.T.);
#5878 = LINE('',#5879,#5880);
#5879 = CARTESIAN_POINT('',(-14.26,19.272538660821,-137.4));
#5880 = VECTOR('',#5881,1.);
#5881 = DIRECTION('',(0.866025403784,-0.5,0.));
#5882 = ORIENTED_EDGE('',*,*,#5883,.T.);
#5883 = EDGE_CURVE('',#2419,#5716,#5884,.T.);
#5884 = LINE('',#5885,#5886);
#5885 = CARTESIAN_POINT('',(-14.26,19.272538660821,-137.4));
#5886 = VECTOR('',#5887,1.);
#5887 = DIRECTION('',(0.866025403784,-0.5,0.));
#5888 = ORIENTED_EDGE('',*,*,#5715,.T.);
#5889 = PLANE('',#5890);
#5890 = AXIS2_PLACEMENT_3D('',#5891,#5892,#5893);
#5891 = CARTESIAN_POINT('',(-14.26,19.272538660821,-137.4));
#5892 = DIRECTION('',(0.5,0.866025403784,-0.));
#5893 = DIRECTION('',(-0.866025403784,0.5,-0.));
#5894 = ADVANCED_FACE('',(#5895),#5900,.T.);
#5895 = FACE_BOUND('',#5896,.T.);
#5896 = EDGE_LOOP('',(#5897,#5898,#5899));
#5897 = ORIENTED_EDGE('',*,*,#2418,.F.);
#5898 = ORIENTED_EDGE('',*,*,#5877,.F.);
#5899 = ORIENTED_EDGE('',*,*,#5853,.F.);
#5900 = PLANE('',#5901);
#5901 = AXIS2_PLACEMENT_3D('',#5902,#5903,#5904);
#5902 = CARTESIAN_POINT('',(-13.,18.545077321642,-137.4));
#5903 = DIRECTION('',(-0.,-0.,-1.));
#5904 = DIRECTION('',(-1.,0.,0.));
#5905 = ADVANCED_FACE('',(#5906),#5911,.T.);
#5906 = FACE_BOUND('',#5907,.T.);
#5907 = EDGE_LOOP('',(#5908,#5909,#5910));
#5908 = ORIENTED_EDGE('',*,*,#2429,.F.);
#5909 = ORIENTED_EDGE('',*,*,#5723,.F.);
#5910 = ORIENTED_EDGE('',*,*,#5883,.F.);
#5911 = PLANE('',#5912);
#5912 = AXIS2_PLACEMENT_3D('',#5913,#5914,#5915);
#5913 = CARTESIAN_POINT('',(-13.,18.545077321642,-137.4));
#5914 = DIRECTION('',(-0.,-0.,-1.));
#5915 = DIRECTION('',(-1.,0.,0.));
#5916 = ADVANCED_FACE('',(#5917),#5922,.T.);
#5917 = FACE_BOUND('',#5918,.T.);
#5918 = EDGE_LOOP('',(#5919,#5920,#5921));
#5919 = ORIENTED_EDGE('',*,*,#2438,.F.);
#5920 = ORIENTED_EDGE('',*,*,#5753,.F.);
#5921 = ORIENTED_EDGE('',*,*,#5729,.F.);
#5922 = PLANE('',#5923);
#5923 = AXIS2_PLACEMENT_3D('',#5924,#5925,#5926);
#5924 = CARTESIAN_POINT('',(-13.,18.545077321642,-137.4));
#5925 = DIRECTION('',(-0.,-0.,-1.));
#5926 = DIRECTION('',(-1.,0.,0.));
#5927 = ADVANCED_FACE('',(#5928),#5939,.T.);
#5928 = FACE_BOUND('',#5929,.T.);
#5929 = EDGE_LOOP('',(#5930,#5937,#5938));
#5930 = ORIENTED_EDGE('',*,*,#5931,.F.);
#5931 = EDGE_CURVE('',#5784,#2439,#5932,.T.);
#5932 = CIRCLE('',#5933,1.26);
#5933 = AXIS2_PLACEMENT_3D('',#5934,#5935,#5936);
#5934 = CARTESIAN_POINT('',(-13.,20.,-137.4));
#5935 = DIRECTION('',(-0.,0.,-1.));
#5936 = DIRECTION('',(-1.,0.,0.));
#5937 = ORIENTED_EDGE('',*,*,#5783,.F.);
#5938 = ORIENTED_EDGE('',*,*,#5759,.F.);
#5939 = PLANE('',#5940);
#5940 = AXIS2_PLACEMENT_3D('',#5941,#5942,#5943);
#5941 = CARTESIAN_POINT('',(-13.,18.545077321642,-137.4));
#5942 = DIRECTION('',(-0.,-0.,-1.));
#5943 = DIRECTION('',(-1.,0.,0.));
#5944 = ADVANCED_FACE('',(#5945),#5956,.T.);
#5945 = FACE_BOUND('',#5946,.T.);
#5946 = EDGE_LOOP('',(#5947,#5954,#5955));
#5947 = ORIENTED_EDGE('',*,*,#5948,.F.);
#5948 = EDGE_CURVE('',#5816,#5784,#5949,.T.);
#5949 = CIRCLE('',#5950,1.26);
#5950 = AXIS2_PLACEMENT_3D('',#5951,#5952,#5953);
#5951 = CARTESIAN_POINT('',(-13.,20.,-137.4));
#5952 = DIRECTION('',(-0.,0.,-1.));
#5953 = DIRECTION('',(-1.,0.,0.));
#5954 = ORIENTED_EDGE('',*,*,#5815,.F.);
#5955 = ORIENTED_EDGE('',*,*,#5791,.F.);
#5956 = PLANE('',#5957);
#5957 = AXIS2_PLACEMENT_3D('',#5958,#5959,#5960);
#5958 = CARTESIAN_POINT('',(-13.,18.545077321642,-137.4));
#5959 = DIRECTION('',(-0.,-0.,-1.));
#5960 = DIRECTION('',(-1.,0.,0.));
#5961 = ADVANCED_FACE('',(#5962),#5973,.T.);
#5962 = FACE_BOUND('',#5963,.T.);
#5963 = EDGE_LOOP('',(#5964,#5971,#5972));
#5964 = ORIENTED_EDGE('',*,*,#5965,.F.);
#5965 = EDGE_CURVE('',#2421,#5816,#5966,.T.);
#5966 = CIRCLE('',#5967,1.26);
#5967 = AXIS2_PLACEMENT_3D('',#5968,#5969,#5970);
#5968 = CARTESIAN_POINT('',(-13.,20.,-137.4));
#5969 = DIRECTION('',(-0.,0.,-1.));
#5970 = DIRECTION('',(-1.,0.,0.));
#5971 = ORIENTED_EDGE('',*,*,#5847,.F.);
#5972 = ORIENTED_EDGE('',*,*,#5823,.F.);
#5973 = PLANE('',#5974);
#5974 = AXIS2_PLACEMENT_3D('',#5975,#5976,#5977);
#5975 = CARTESIAN_POINT('',(-13.,18.545077321642,-137.4));
#5976 = DIRECTION('',(-0.,-0.,-1.));
#5977 = DIRECTION('',(-1.,0.,0.));
#5978 = ADVANCED_FACE('',(#5979),#5986,.F.);
#5979 = FACE_BOUND('',#5980,.F.);
#5980 = EDGE_LOOP('',(#5981,#5982,#5983,#5984,#5985));
#5981 = ORIENTED_EDGE('',*,*,#5931,.F.);
#5982 = ORIENTED_EDGE('',*,*,#5948,.F.);
#5983 = ORIENTED_EDGE('',*,*,#5965,.F.);
#5984 = ORIENTED_EDGE('',*,*,#2455,.F.);
#5985 = ORIENTED_EDGE('',*,*,#2447,.T.);
#5986 = CONICAL_SURFACE('',#5987,1.26,1.047197551197);
#5987 = AXIS2_PLACEMENT_3D('',#5988,#5989,#5990);
#5988 = CARTESIAN_POINT('',(-13.,20.,-137.4));
#5989 = DIRECTION('',(-0.,-0.,-1.));
#5990 = DIRECTION('',(-1.,0.,0.));
#5991 = ADVANCED_FACE('',(#5992,#6002),#6052,.T.);
#5992 = FACE_BOUND('',#5993,.T.);
#5993 = EDGE_LOOP('',(#5994,#5995));
#5994 = ORIENTED_EDGE('',*,*,#2488,.T.);
#5995 = ORIENTED_EDGE('',*,*,#5996,.T.);
#5996 = EDGE_CURVE('',#2481,#2489,#5997,.T.);
#5997 = CIRCLE('',#5998,3.82);
#5998 = AXIS2_PLACEMENT_3D('',#5999,#6000,#6001);
#5999 = CARTESIAN_POINT('',(13.,20.,-139.2));
#6000 = DIRECTION('',(-0.,0.,-1.));
#6001 = DIRECTION('',(-1.,0.,0.));
#6002 = FACE_BOUND('',#6003,.T.);
#6003 = EDGE_LOOP('',(#6004,#6014,#6022,#6030,#6038,#6046));
#6004 = ORIENTED_EDGE('',*,*,#6005,.T.);
#6005 = EDGE_CURVE('',#6006,#6008,#6010,.T.);
#6006 = VERTEX_POINT('',#6007);
#6007 = CARTESIAN_POINT('',(11.74,19.272538660821,-139.2));
#6008 = VERTEX_POINT('',#6009);
#6009 = CARTESIAN_POINT('',(13.,18.545077321642,-139.2));
#6010 = LINE('',#6011,#6012);
#6011 = CARTESIAN_POINT('',(11.74,19.272538660821,-139.2));
#6012 = VECTOR('',#6013,1.);
#6013 = DIRECTION('',(0.866025403784,-0.5,0.));
#6014 = ORIENTED_EDGE('',*,*,#6015,.T.);
#6015 = EDGE_CURVE('',#6008,#6016,#6018,.T.);
#6016 = VERTEX_POINT('',#6017);
#6017 = CARTESIAN_POINT('',(14.26,19.272538660821,-139.2));
#6018 = LINE('',#6019,#6020);
#6019 = CARTESIAN_POINT('',(13.,18.545077321642,-139.2));
#6020 = VECTOR('',#6021,1.);
#6021 = DIRECTION('',(0.866025403784,0.5,-0.));
#6022 = ORIENTED_EDGE('',*,*,#6023,.T.);
#6023 = EDGE_CURVE('',#6016,#6024,#6026,.T.);
#6024 = VERTEX_POINT('',#6025);
#6025 = CARTESIAN_POINT('',(14.26,20.727461339179,-139.2));
#6026 = LINE('',#6027,#6028);
#6027 = CARTESIAN_POINT('',(14.26,19.272538660821,-139.2));
#6028 = VECTOR('',#6029,1.);
#6029 = DIRECTION('',(0.,1.,-0.));
#6030 = ORIENTED_EDGE('',*,*,#6031,.T.);
#6031 = EDGE_CURVE('',#6024,#6032,#6034,.T.);
#6032 = VERTEX_POINT('',#6033);
#6033 = CARTESIAN_POINT('',(13.,21.454922678358,-139.2));
#6034 = LINE('',#6035,#6036);
#6035 = CARTESIAN_POINT('',(14.26,20.727461339179,-139.2));
#6036 = VECTOR('',#6037,1.);
#6037 = DIRECTION('',(-0.866025403784,0.5,-0.));
#6038 = ORIENTED_EDGE('',*,*,#6039,.T.);
#6039 = EDGE_CURVE('',#6032,#6040,#6042,.T.);
#6040 = VERTEX_POINT('',#6041);
#6041 = CARTESIAN_POINT('',(11.74,20.727461339179,-139.2));
#6042 = LINE('',#6043,#6044);
#6043 = CARTESIAN_POINT('',(13.,21.454922678358,-139.2));
#6044 = VECTOR('',#6045,1.);
#6045 = DIRECTION('',(-0.866025403784,-0.5,0.));
#6046 = ORIENTED_EDGE('',*,*,#6047,.T.);
#6047 = EDGE_CURVE('',#6040,#6006,#6048,.T.);
#6048 = LINE('',#6049,#6050);
#6049 = CARTESIAN_POINT('',(11.74,20.727461339179,-139.2));
#6050 = VECTOR('',#6051,1.);
#6051 = DIRECTION('',(-0.,-1.,0.));
#6052 = PLANE('',#6053);
#6053 = AXIS2_PLACEMENT_3D('',#6054,#6055,#6056);
#6054 = CARTESIAN_POINT('',(13.,20.,-139.2));
#6055 = DIRECTION('',(-0.,-0.,-1.));
#6056 = DIRECTION('',(-1.,0.,0.));
#6057 = ADVANCED_FACE('',(#6058),#6064,.T.);
#6058 = FACE_BOUND('',#6059,.T.);
#6059 = EDGE_LOOP('',(#6060,#6061,#6062,#6063));
#6060 = ORIENTED_EDGE('',*,*,#2480,.F.);
#6061 = ORIENTED_EDGE('',*,*,#2945,.F.);
#6062 = ORIENTED_EDGE('',*,*,#2497,.T.);
#6063 = ORIENTED_EDGE('',*,*,#5996,.F.);
#6064 = CYLINDRICAL_SURFACE('',#6065,3.82);
#6065 = AXIS2_PLACEMENT_3D('',#6066,#6067,#6068);
#6066 = CARTESIAN_POINT('',(13.,20.,-139.2));
#6067 = DIRECTION('',(-0.,-0.,-1.));
#6068 = DIRECTION('',(-1.,0.,0.));
#6069 = ADVANCED_FACE('',(#6070),#6101,.T.);
#6070 = FACE_BOUND('',#6071,.T.);
#6071 = EDGE_LOOP('',(#6072,#6073,#6081,#6087,#6095));
#6072 = ORIENTED_EDGE('',*,*,#6015,.F.);
#6073 = ORIENTED_EDGE('',*,*,#6074,.F.);
#6074 = EDGE_CURVE('',#6075,#6008,#6077,.T.);
#6075 = VERTEX_POINT('',#6076);
#6076 = CARTESIAN_POINT('',(13.,18.545077321642,-137.4));
#6077 = LINE('',#6078,#6079);
#6078 = CARTESIAN_POINT('',(13.,18.545077321642,-137.4));
#6079 = VECTOR('',#6080,1.);
#6080 = DIRECTION('',(-0.,-0.,-1.));
#6081 = ORIENTED_EDGE('',*,*,#6082,.T.);
#6082 = EDGE_CURVE('',#6075,#2523,#6083,.T.);
#6083 = LINE('',#6084,#6085);
#6084 = CARTESIAN_POINT('',(13.,18.545077321642,-137.4));
#6085 = VECTOR('',#6086,1.);
#6086 = DIRECTION('',(0.866025403784,0.5,-0.));
#6087 = ORIENTED_EDGE('',*,*,#6088,.T.);
#6088 = EDGE_CURVE('',#2523,#6089,#6091,.T.);
#6089 = VERTEX_POINT('',#6090);
#6090 = CARTESIAN_POINT('',(14.26,19.272538660821,-137.4));
#6091 = LINE('',#6092,#6093);
#6092 = CARTESIAN_POINT('',(13.,18.545077321642,-137.4));
#6093 = VECTOR('',#6094,1.);
#6094 = DIRECTION('',(0.866025403784,0.5,-0.));
#6095 = ORIENTED_EDGE('',*,*,#6096,.T.);
#6096 = EDGE_CURVE('',#6089,#6016,#6097,.T.);
#6097 = LINE('',#6098,#6099);
#6098 = CARTESIAN_POINT('',(14.26,19.272538660821,-137.4));
#6099 = VECTOR('',#6100,1.);
#6100 = DIRECTION('',(-0.,-0.,-1.));
#6101 = PLANE('',#6102);
#6102 = AXIS2_PLACEMENT_3D('',#6103,#6104,#6105);
#6103 = CARTESIAN_POINT('',(13.,18.545077321642,-137.4));
#6104 = DIRECTION('',(-0.5,0.866025403784,-0.));
#6105 = DIRECTION('',(-0.866025403784,-0.5,0.));
#6106 = ADVANCED_FACE('',(#6107),#6131,.T.);
#6107 = FACE_BOUND('',#6108,.T.);
#6108 = EDGE_LOOP('',(#6109,#6110,#6111,#6117,#6125));
#6109 = ORIENTED_EDGE('',*,*,#6023,.F.);
#6110 = ORIENTED_EDGE('',*,*,#6096,.F.);
#6111 = ORIENTED_EDGE('',*,*,#6112,.T.);
#6112 = EDGE_CURVE('',#6089,#2532,#6113,.T.);
#6113 = LINE('',#6114,#6115);
#6114 = CARTESIAN_POINT('',(14.26,19.272538660821,-137.4));
#6115 = VECTOR('',#6116,1.);
#6116 = DIRECTION('',(0.,1.,-0.));
#6117 = ORIENTED_EDGE('',*,*,#6118,.T.);
#6118 = EDGE_CURVE('',#2532,#6119,#6121,.T.);
#6119 = VERTEX_POINT('',#6120);
#6120 = CARTESIAN_POINT('',(14.26,20.727461339179,-137.4));
#6121 = LINE('',#6122,#6123);
#6122 = CARTESIAN_POINT('',(14.26,19.272538660821,-137.4));
#6123 = VECTOR('',#6124,1.);
#6124 = DIRECTION('',(0.,1.,-0.));
#6125 = ORIENTED_EDGE('',*,*,#6126,.T.);
#6126 = EDGE_CURVE('',#6119,#6024,#6127,.T.);
#6127 = LINE('',#6128,#6129);
#6128 = CARTESIAN_POINT('',(14.26,20.727461339179,-137.4));
#6129 = VECTOR('',#6130,1.);
#6130 = DIRECTION('',(-0.,-0.,-1.));
#6131 = PLANE('',#6132);
#6132 = AXIS2_PLACEMENT_3D('',#6133,#6134,#6135);
#6133 = CARTESIAN_POINT('',(14.26,19.272538660821,-137.4));
#6134 = DIRECTION('',(-1.,0.,0.));
#6135 = DIRECTION('',(0.,0.,1.));
#6136 = ADVANCED_FACE('',(#6137),#6163,.T.);
#6137 = FACE_BOUND('',#6138,.T.);
#6138 = EDGE_LOOP('',(#6139,#6140,#6141,#6149,#6157));
#6139 = ORIENTED_EDGE('',*,*,#6031,.F.);
#6140 = ORIENTED_EDGE('',*,*,#6126,.F.);
#6141 = ORIENTED_EDGE('',*,*,#6142,.T.);
#6142 = EDGE_CURVE('',#6119,#6143,#6145,.T.);
#6143 = VERTEX_POINT('',#6144);
#6144 = CARTESIAN_POINT('',(13.63,21.091192008768,-137.4));
#6145 = LINE('',#6146,#6147);
#6146 = CARTESIAN_POINT('',(14.26,20.727461339179,-137.4));
#6147 = VECTOR('',#6148,1.);
#6148 = DIRECTION('',(-0.866025403784,0.5,-0.));
#6149 = ORIENTED_EDGE('',*,*,#6150,.T.);
#6150 = EDGE_CURVE('',#6143,#6151,#6153,.T.);
#6151 = VERTEX_POINT('',#6152);
#6152 = CARTESIAN_POINT('',(13.,21.454922678358,-137.4));
#6153 = LINE('',#6154,#6155);
#6154 = CARTESIAN_POINT('',(14.26,20.727461339179,-137.4));
#6155 = VECTOR('',#6156,1.);
#6156 = DIRECTION('',(-0.866025403784,0.5,-0.));
#6157 = ORIENTED_EDGE('',*,*,#6158,.T.);
#6158 = EDGE_CURVE('',#6151,#6032,#6159,.T.);
#6159 = LINE('',#6160,#6161);
#6160 = CARTESIAN_POINT('',(13.,21.454922678358,-137.4));
#6161 = VECTOR('',#6162,1.);
#6162 = DIRECTION('',(-0.,-0.,-1.));
#6163 = PLANE('',#6164);
#6164 = AXIS2_PLACEMENT_3D('',#6165,#6166,#6167);
#6165 = CARTESIAN_POINT('',(14.26,20.727461339179,-137.4));
#6166 = DIRECTION('',(-0.5,-0.866025403784,0.));
#6167 = DIRECTION('',(0.866025403784,-0.5,0.));
#6168 = ADVANCED_FACE('',(#6169),#6195,.T.);
#6169 = FACE_BOUND('',#6170,.T.);
#6170 = EDGE_LOOP('',(#6171,#6172,#6173,#6181,#6189));
#6171 = ORIENTED_EDGE('',*,*,#6039,.F.);
#6172 = ORIENTED_EDGE('',*,*,#6158,.F.);
#6173 = ORIENTED_EDGE('',*,*,#6174,.T.);
#6174 = EDGE_CURVE('',#6151,#6175,#6177,.T.);
#6175 = VERTEX_POINT('',#6176);
#6176 = CARTESIAN_POINT('',(12.37,21.091192008768,-137.4));
#6177 = LINE('',#6178,#6179);
#6178 = CARTESIAN_POINT('',(13.,21.454922678358,-137.4));
#6179 = VECTOR('',#6180,1.);
#6180 = DIRECTION('',(-0.866025403784,-0.5,0.));
#6181 = ORIENTED_EDGE('',*,*,#6182,.T.);
#6182 = EDGE_CURVE('',#6175,#6183,#6185,.T.);
#6183 = VERTEX_POINT('',#6184);
#6184 = CARTESIAN_POINT('',(11.74,20.727461339179,-137.4));
#6185 = LINE('',#6186,#6187);
#6186 = CARTESIAN_POINT('',(13.,21.454922678358,-137.4));
#6187 = VECTOR('',#6188,1.);
#6188 = DIRECTION('',(-0.866025403784,-0.5,0.));
#6189 = ORIENTED_EDGE('',*,*,#6190,.T.);
#6190 = EDGE_CURVE('',#6183,#6040,#6191,.T.);
#6191 = LINE('',#6192,#6193);
#6192 = CARTESIAN_POINT('',(11.74,20.727461339179,-137.4));
#6193 = VECTOR('',#6194,1.);
#6194 = DIRECTION('',(-0.,-0.,-1.));
#6195 = PLANE('',#6196);
#6196 = AXIS2_PLACEMENT_3D('',#6197,#6198,#6199);
#6197 = CARTESIAN_POINT('',(13.,21.454922678358,-137.4));
#6198 = DIRECTION('',(0.5,-0.866025403784,0.));
#6199 = DIRECTION('',(0.866025403784,0.5,0.));
#6200 = ADVANCED_FACE('',(#6201),#6225,.T.);
#6201 = FACE_BOUND('',#6202,.T.);
#6202 = EDGE_LOOP('',(#6203,#6204,#6205,#6211,#6219));
#6203 = ORIENTED_EDGE('',*,*,#6047,.F.);
#6204 = ORIENTED_EDGE('',*,*,#6190,.F.);
#6205 = ORIENTED_EDGE('',*,*,#6206,.T.);
#6206 = EDGE_CURVE('',#6183,#2514,#6207,.T.);
#6207 = LINE('',#6208,#6209);
#6208 = CARTESIAN_POINT('',(11.74,20.727461339179,-137.4));
#6209 = VECTOR('',#6210,1.);
#6210 = DIRECTION('',(-0.,-1.,0.));
#6211 = ORIENTED_EDGE('',*,*,#6212,.T.);
#6212 = EDGE_CURVE('',#2514,#6213,#6215,.T.);
#6213 = VERTEX_POINT('',#6214);
#6214 = CARTESIAN_POINT('',(11.74,19.272538660821,-137.4));
#6215 = LINE('',#6216,#6217);
#6216 = CARTESIAN_POINT('',(11.74,20.727461339179,-137.4));
#6217 = VECTOR('',#6218,1.);
#6218 = DIRECTION('',(-0.,-1.,0.));
#6219 = ORIENTED_EDGE('',*,*,#6220,.T.);
#6220 = EDGE_CURVE('',#6213,#6006,#6221,.T.);
#6221 = LINE('',#6222,#6223);
#6222 = CARTESIAN_POINT('',(11.74,19.272538660821,-137.4));
#6223 = VECTOR('',#6224,1.);
#6224 = DIRECTION('',(-0.,-0.,-1.));
#6225 = PLANE('',#6226);
#6226 = AXIS2_PLACEMENT_3D('',#6227,#6228,#6229);
#6227 = CARTESIAN_POINT('',(11.74,20.727461339179,-137.4));
#6228 = DIRECTION('',(1.,-0.,0.));
#6229 = DIRECTION('',(0.,-0.,-1.));
#6230 = ADVANCED_FACE('',(#6231),#6248,.T.);
#6231 = FACE_BOUND('',#6232,.T.);
#6232 = EDGE_LOOP('',(#6233,#6234,#6235,#6241,#6247));
#6233 = ORIENTED_EDGE('',*,*,#6005,.F.);
#6234 = ORIENTED_EDGE('',*,*,#6220,.F.);
#6235 = ORIENTED_EDGE('',*,*,#6236,.T.);
#6236 = EDGE_CURVE('',#6213,#2512,#6237,.T.);
#6237 = LINE('',#6238,#6239);
#6238 = CARTESIAN_POINT('',(11.74,19.272538660821,-137.4));
#6239 = VECTOR('',#6240,1.);
#6240 = DIRECTION('',(0.866025403784,-0.5,0.));
#6241 = ORIENTED_EDGE('',*,*,#6242,.T.);
#6242 = EDGE_CURVE('',#2512,#6075,#6243,.T.);
#6243 = LINE('',#6244,#6245);
#6244 = CARTESIAN_POINT('',(11.74,19.272538660821,-137.4));
#6245 = VECTOR('',#6246,1.);
#6246 = DIRECTION('',(0.866025403784,-0.5,0.));
#6247 = ORIENTED_EDGE('',*,*,#6074,.T.);
#6248 = PLANE('',#6249);
#6249 = AXIS2_PLACEMENT_3D('',#6250,#6251,#6252);
#6250 = CARTESIAN_POINT('',(11.74,19.272538660821,-137.4));
#6251 = DIRECTION('',(0.5,0.866025403784,-0.));
#6252 = DIRECTION('',(-0.866025403784,0.5,-0.));
#6253 = ADVANCED_FACE('',(#6254),#6259,.T.);
#6254 = FACE_BOUND('',#6255,.T.);
#6255 = EDGE_LOOP('',(#6256,#6257,#6258));
#6256 = ORIENTED_EDGE('',*,*,#2511,.F.);
#6257 = ORIENTED_EDGE('',*,*,#6236,.F.);
#6258 = ORIENTED_EDGE('',*,*,#6212,.F.);
#6259 = PLANE('',#6260);
#6260 = AXIS2_PLACEMENT_3D('',#6261,#6262,#6263);
#6261 = CARTESIAN_POINT('',(13.,18.545077321642,-137.4));
#6262 = DIRECTION('',(-0.,-0.,-1.));
#6263 = DIRECTION('',(-1.,0.,0.));
#6264 = ADVANCED_FACE('',(#6265),#6270,.T.);
#6265 = FACE_BOUND('',#6266,.T.);
#6266 = EDGE_LOOP('',(#6267,#6268,#6269));
#6267 = ORIENTED_EDGE('',*,*,#2522,.F.);
#6268 = ORIENTED_EDGE('',*,*,#6082,.F.);
#6269 = ORIENTED_EDGE('',*,*,#6242,.F.);
#6270 = PLANE('',#6271);
#6271 = AXIS2_PLACEMENT_3D('',#6272,#6273,#6274);
#6272 = CARTESIAN_POINT('',(13.,18.545077321642,-137.4));
#6273 = DIRECTION('',(-0.,-0.,-1.));
#6274 = DIRECTION('',(-1.,0.,0.));
#6275 = ADVANCED_FACE('',(#6276),#6281,.T.);
#6276 = FACE_BOUND('',#6277,.T.);
#6277 = EDGE_LOOP('',(#6278,#6279,#6280));
#6278 = ORIENTED_EDGE('',*,*,#2531,.F.);
#6279 = ORIENTED_EDGE('',*,*,#6112,.F.);
#6280 = ORIENTED_EDGE('',*,*,#6088,.F.);
#6281 = PLANE('',#6282);
#6282 = AXIS2_PLACEMENT_3D('',#6283,#6284,#6285);
#6283 = CARTESIAN_POINT('',(13.,18.545077321642,-137.4));
#6284 = DIRECTION('',(-0.,-0.,-1.));
#6285 = DIRECTION('',(-1.,0.,0.));
#6286 = ADVANCED_FACE('',(#6287),#6298,.T.);
#6287 = FACE_BOUND('',#6288,.T.);
#6288 = EDGE_LOOP('',(#6289,#6296,#6297));
#6289 = ORIENTED_EDGE('',*,*,#6290,.F.);
#6290 = EDGE_CURVE('',#6143,#2532,#6291,.T.);
#6291 = CIRCLE('',#6292,1.26);
#6292 = AXIS2_PLACEMENT_3D('',#6293,#6294,#6295);
#6293 = CARTESIAN_POINT('',(13.,20.,-137.4));
#6294 = DIRECTION('',(-0.,0.,-1.));
#6295 = DIRECTION('',(-1.,0.,0.));
#6296 = ORIENTED_EDGE('',*,*,#6142,.F.);
#6297 = ORIENTED_EDGE('',*,*,#6118,.F.);
#6298 = PLANE('',#6299);
#6299 = AXIS2_PLACEMENT_3D('',#6300,#6301,#6302);
#6300 = CARTESIAN_POINT('',(13.,18.545077321642,-137.4));
#6301 = DIRECTION('',(-0.,-0.,-1.));
#6302 = DIRECTION('',(-1.,0.,0.));
#6303 = ADVANCED_FACE('',(#6304),#6315,.T.);
#6304 = FACE_BOUND('',#6305,.T.);
#6305 = EDGE_LOOP('',(#6306,#6313,#6314));
#6306 = ORIENTED_EDGE('',*,*,#6307,.F.);
#6307 = EDGE_CURVE('',#6175,#6143,#6308,.T.);
#6308 = CIRCLE('',#6309,1.26);
#6309 = AXIS2_PLACEMENT_3D('',#6310,#6311,#6312);
#6310 = CARTESIAN_POINT('',(13.,20.,-137.4));
#6311 = DIRECTION('',(-0.,0.,-1.));
#6312 = DIRECTION('',(-1.,0.,0.));
#6313 = ORIENTED_EDGE('',*,*,#6174,.F.);
#6314 = ORIENTED_EDGE('',*,*,#6150,.F.);
#6315 = PLANE('',#6316);
#6316 = AXIS2_PLACEMENT_3D('',#6317,#6318,#6319);
#6317 = CARTESIAN_POINT('',(13.,18.545077321642,-137.4));
#6318 = DIRECTION('',(-0.,-0.,-1.));
#6319 = DIRECTION('',(-1.,0.,0.));
#6320 = ADVANCED_FACE('',(#6321),#6332,.T.);
#6321 = FACE_BOUND('',#6322,.T.);
#6322 = EDGE_LOOP('',(#6323,#6330,#6331));
#6323 = ORIENTED_EDGE('',*,*,#6324,.F.);
#6324 = EDGE_CURVE('',#2514,#6175,#6325,.T.);
#6325 = CIRCLE('',#6326,1.26);
#6326 = AXIS2_PLACEMENT_3D('',#6327,#6328,#6329);
#6327 = CARTESIAN_POINT('',(13.,20.,-137.4));
#6328 = DIRECTION('',(-0.,0.,-1.));
#6329 = DIRECTION('',(-1.,0.,0.));
#6330 = ORIENTED_EDGE('',*,*,#6206,.F.);
#6331 = ORIENTED_EDGE('',*,*,#6182,.F.);
#6332 = PLANE('',#6333);
#6333 = AXIS2_PLACEMENT_3D('',#6334,#6335,#6336);
#6334 = CARTESIAN_POINT('',(13.,18.545077321642,-137.4));
#6335 = DIRECTION('',(-0.,-0.,-1.));
#6336 = DIRECTION('',(-1.,0.,0.));
#6337 = ADVANCED_FACE('',(#6338),#6345,.F.);
#6338 = FACE_BOUND('',#6339,.F.);
#6339 = EDGE_LOOP('',(#6340,#6341,#6342,#6343,#6344));
#6340 = ORIENTED_EDGE('',*,*,#6290,.F.);
#6341 = ORIENTED_EDGE('',*,*,#6307,.F.);
#6342 = ORIENTED_EDGE('',*,*,#6324,.F.);
#6343 = ORIENTED_EDGE('',*,*,#2548,.F.);
#6344 = ORIENTED_EDGE('',*,*,#2540,.T.);
#6345 = CONICAL_SURFACE('',#6346,1.26,1.047197551197);
#6346 = AXIS2_PLACEMENT_3D('',#6347,#6348,#6349);
#6347 = CARTESIAN_POINT('',(13.,20.,-137.4));
#6348 = DIRECTION('',(-0.,-0.,-1.));
#6349 = DIRECTION('',(-1.,0.,0.));
#6350 = ADVANCED_FACE('',(#6351),#6366,.F.);
#6351 = FACE_BOUND('',#6352,.F.);
#6352 = EDGE_LOOP('',(#6353,#6364,#6365));
#6353 = ORIENTED_EDGE('',*,*,#6354,.T.);
#6354 = EDGE_CURVE('',#2565,#3409,#6355,.T.);
#6355 = B_SPLINE_CURVE_WITH_KNOTS('',3,(#6356,#6357,#6358,#6359,#6360,
    #6361,#6362,#6363),.UNSPECIFIED.,.F.,.F.,(4,2,2,4),(0.,
    1.466360063417E-03,2.199540095125E-03,2.932720126833E-03),
  .UNSPECIFIED.);
#6356 = CARTESIAN_POINT('',(-10.,0.,-148.));
#6357 = CARTESIAN_POINT('',(-10.,-0.496563444299,-148.));
#6358 = CARTESIAN_POINT('',(-9.963254537335,-0.98042297944,
    -148.0606808572));
#6359 = CARTESIAN_POINT('',(-9.859295153859,-1.688554594222,
    -148.2373644348));
#6360 = CARTESIAN_POINT('',(-9.816095423203,-1.922851830537,
    -148.3113513498));
#6361 = CARTESIAN_POINT('',(-9.717116879256,-2.372915521991,
    -148.4839004221));
#6362 = CARTESIAN_POINT('',(-9.661217832619,-2.590110288164,
    -148.5826531092));
#6363 = CARTESIAN_POINT('',(-9.6,-2.8,-148.6934003354));
#6364 = ORIENTED_EDGE('',*,*,#3417,.F.);
#6365 = ORIENTED_EDGE('',*,*,#2579,.T.);
#6366 = CYLINDRICAL_SURFACE('',#6367,6.);
#6367 = AXIS2_PLACEMENT_3D('',#6368,#6369,#6370);
#6368 = CARTESIAN_POINT('',(23.5,0.,-154.));
#6369 = DIRECTION('',(-1.,0.,0.));
#6370 = DIRECTION('',(0.,0.,1.));
#6371 = ADVANCED_FACE('',(#6372),#6426,.T.);
#6372 = FACE_BOUND('',#6373,.T.);
#6373 = EDGE_LOOP('',(#6374,#6385,#6394,#6403,#6410,#6411,#6420));
#6374 = ORIENTED_EDGE('',*,*,#6375,.T.);
#6375 = EDGE_CURVE('',#6376,#6378,#6380,.T.);
#6376 = VERTEX_POINT('',#6377);
#6377 = CARTESIAN_POINT('',(-8.686807610869,-26.6,-139.));
#6378 = VERTEX_POINT('',#6379);
#6379 = CARTESIAN_POINT('',(-14.77817532846,-23.78606202518,-139.));
#6380 = CIRCLE('',#6381,8.);
#6381 = AXIS2_PLACEMENT_3D('',#6382,#6383,#6384);
#6382 = CARTESIAN_POINT('',(-8.686807610869,-18.6,-139.));
#6383 = DIRECTION('',(0.,0.,-1.));
#6384 = DIRECTION('',(-1.,0.,0.));
#6385 = ORIENTED_EDGE('',*,*,#6386,.T.);
#6386 = EDGE_CURVE('',#6378,#6387,#6389,.T.);
#6387 = VERTEX_POINT('',#6388);
#6388 = CARTESIAN_POINT('',(-9.184910094266,-18.28498916375,-139.));
#6389 = CIRCLE('',#6390,4.182842712475);
#6390 = AXIS2_PLACEMENT_3D('',#6391,#6392,#6393);
#6391 = CARTESIAN_POINT('',(-13.,-20.,-139.));
#6392 = DIRECTION('',(0.,-0.,1.));
#6393 = DIRECTION('',(-1.,0.,0.));
#6394 = ORIENTED_EDGE('',*,*,#6395,.T.);
#6395 = EDGE_CURVE('',#6387,#6396,#6398,.T.);
#6396 = VERTEX_POINT('',#6397);
#6397 = CARTESIAN_POINT('',(9.18491009426,-18.28498916376,-139.));
#6398 = CIRCLE('',#6399,20.462243331523);
#6399 = AXIS2_PLACEMENT_3D('',#6400,#6401,#6402);
#6400 = CARTESIAN_POINT('',(4.55E-15,0.,-139.));
#6401 = DIRECTION('',(0.,-0.,1.));
#6402 = DIRECTION('',(-1.,0.,0.));
#6403 = ORIENTED_EDGE('',*,*,#6404,.T.);
#6404 = EDGE_CURVE('',#6396,#3200,#6405,.T.);
#6405 = CIRCLE('',#6406,4.182842712475);
#6406 = AXIS2_PLACEMENT_3D('',#6407,#6408,#6409);
#6407 = CARTESIAN_POINT('',(13.,-20.,-139.));
#6408 = DIRECTION('',(0.,-0.,1.));
#6409 = DIRECTION('',(-1.,0.,0.));
#6410 = ORIENTED_EDGE('',*,*,#3199,.T.);
#6411 = ORIENTED_EDGE('',*,*,#6412,.T.);
#6412 = EDGE_CURVE('',#3202,#6413,#6415,.T.);
#6413 = VERTEX_POINT('',#6414);
#6414 = CARTESIAN_POINT('',(8.686807610869,-26.6,-139.));
#6415 = CIRCLE('',#6416,8.);
#6416 = AXIS2_PLACEMENT_3D('',#6417,#6418,#6419);
#6417 = CARTESIAN_POINT('',(8.686807610869,-18.6,-139.));
#6418 = DIRECTION('',(0.,0.,-1.));
#6419 = DIRECTION('',(-1.,0.,0.));
#6420 = ORIENTED_EDGE('',*,*,#6421,.T.);
#6421 = EDGE_CURVE('',#6413,#6376,#6422,.T.);
#6422 = LINE('',#6423,#6424);
#6423 = CARTESIAN_POINT('',(-8.686807610869,-26.6,-139.));
#6424 = VECTOR('',#6425,1.);
#6425 = DIRECTION('',(-1.,0.,0.));
#6426 = PLANE('',#6427);
#6427 = AXIS2_PLACEMENT_3D('',#6428,#6429,#6430);
#6428 = CARTESIAN_POINT('',(4.55E-15,0.,-139.));
#6429 = DIRECTION('',(0.,0.,-1.));
#6430 = DIRECTION('',(-1.,0.,0.));
#6431 = ADVANCED_FACE('',(#6432),#6486,.T.);
#6432 = FACE_BOUND('',#6433,.T.);
#6433 = EDGE_LOOP('',(#6434,#6445,#6454,#6462,#6471,#6479));
#6434 = ORIENTED_EDGE('',*,*,#6435,.T.);
#6435 = EDGE_CURVE('',#6436,#6438,#6440,.T.);
#6436 = VERTEX_POINT('',#6437);
#6437 = CARTESIAN_POINT('',(12.981511657963,-15.81719814735,-139.));
#6438 = VERTEX_POINT('',#6439);
#6439 = CARTESIAN_POINT('',(12.981511657963,15.817198147353,-139.));
#6440 = CIRCLE('',#6441,20.462243331523);
#6441 = AXIS2_PLACEMENT_3D('',#6442,#6443,#6444);
#6442 = CARTESIAN_POINT('',(4.55E-15,0.,-139.));
#6443 = DIRECTION('',(0.,-0.,1.));
#6444 = DIRECTION('',(-1.,1.78E-15,0.));
#6445 = ORIENTED_EDGE('',*,*,#6446,.T.);
#6446 = EDGE_CURVE('',#6438,#6447,#6449,.T.);
#6447 = VERTEX_POINT('',#6448);
#6448 = CARTESIAN_POINT('',(17.056924432344,18.981404247233,-139.));
#6449 = CIRCLE('',#6450,4.182842712475);
#6450 = AXIS2_PLACEMENT_3D('',#6451,#6452,#6453);
#6451 = CARTESIAN_POINT('',(13.,20.,-139.));
#6452 = DIRECTION('',(0.,-0.,1.));
#6453 = DIRECTION('',(-1.,0.,0.));
#6454 = ORIENTED_EDGE('',*,*,#6455,.T.);
#6455 = EDGE_CURVE('',#6447,#6456,#6458,.T.);
#6456 = VERTEX_POINT('',#6457);
#6457 = CARTESIAN_POINT('',(21.156041028047,7.659760310844,-139.));
#6458 = LINE('',#6459,#6460);
#6459 = CARTESIAN_POINT('',(21.156041028047,7.659760310844,-139.));
#6460 = VECTOR('',#6461,1.);
#6461 = DIRECTION('',(0.340433791593,-0.940268490135,-0.));
#6462 = ORIENTED_EDGE('',*,*,#6463,.T.);
#6463 = EDGE_CURVE('',#6456,#6464,#6466,.T.);
#6464 = VERTEX_POINT('',#6465);
#6465 = CARTESIAN_POINT('',(21.156041028047,-7.659760310844,-139.));
#6466 = CIRCLE('',#6467,22.5);
#6467 = AXIS2_PLACEMENT_3D('',#6468,#6469,#6470);
#6468 = CARTESIAN_POINT('',(1.08E-15,4.3E-16,-139.));
#6469 = DIRECTION('',(0.,0.,-1.));
#6470 = DIRECTION('',(-1.,0.,0.));
#6471 = ORIENTED_EDGE('',*,*,#6472,.T.);
#6472 = EDGE_CURVE('',#6464,#6473,#6475,.T.);
#6473 = VERTEX_POINT('',#6474);
#6474 = CARTESIAN_POINT('',(17.056924432344,-18.98140424723,-139.));
#6475 = LINE('',#6476,#6477);
#6476 = CARTESIAN_POINT('',(21.156041028047,-7.659760310844,-139.));
#6477 = VECTOR('',#6478,1.);
#6478 = DIRECTION('',(-0.340433791593,-0.940268490135,-0.));
#6479 = ORIENTED_EDGE('',*,*,#6480,.T.);
#6480 = EDGE_CURVE('',#6473,#6436,#6481,.T.);
#6481 = CIRCLE('',#6482,4.182842712475);
#6482 = AXIS2_PLACEMENT_3D('',#6483,#6484,#6485);
#6483 = CARTESIAN_POINT('',(13.,-20.,-139.));
#6484 = DIRECTION('',(0.,-0.,1.));
#6485 = DIRECTION('',(-1.,1.66E-15,0.));
#6486 = PLANE('',#6487);
#6487 = AXIS2_PLACEMENT_3D('',#6488,#6489,#6490);
#6488 = CARTESIAN_POINT('',(4.55E-15,0.,-139.));
#6489 = DIRECTION('',(0.,0.,-1.));
#6490 = DIRECTION('',(-1.,0.,0.));
#6491 = ADVANCED_FACE('',(#6492),#6546,.T.);
#6492 = FACE_BOUND('',#6493,.T.);
#6493 = EDGE_LOOP('',(#6494,#6503,#6512,#6521,#6529,#6538,#6545));
#6494 = ORIENTED_EDGE('',*,*,#6495,.T.);
#6495 = EDGE_CURVE('',#3236,#6496,#6498,.T.);
#6496 = VERTEX_POINT('',#6497);
#6497 = CARTESIAN_POINT('',(-9.18491009426,18.28498916376,-139.));
#6498 = CIRCLE('',#6499,20.462243331523);
#6499 = AXIS2_PLACEMENT_3D('',#6500,#6501,#6502);
#6500 = CARTESIAN_POINT('',(4.55E-15,0.,-139.));
#6501 = DIRECTION('',(-0.,0.,1.));
#6502 = DIRECTION('',(-1.,-8.9E-16,-0.));
#6503 = ORIENTED_EDGE('',*,*,#6504,.T.);
#6504 = EDGE_CURVE('',#6496,#6505,#6507,.T.);
#6505 = VERTEX_POINT('',#6506);
#6506 = CARTESIAN_POINT('',(-14.77817532846,23.786062025186,-139.));
#6507 = CIRCLE('',#6508,4.182842712475);
#6508 = AXIS2_PLACEMENT_3D('',#6509,#6510,#6511);
#6509 = CARTESIAN_POINT('',(-13.,20.,-139.));
#6510 = DIRECTION('',(0.,-0.,1.));
#6511 = DIRECTION('',(-1.,0.,0.));
#6512 = ORIENTED_EDGE('',*,*,#6513,.T.);
#6513 = EDGE_CURVE('',#6505,#6514,#6516,.T.);
#6514 = VERTEX_POINT('',#6515);
#6515 = CARTESIAN_POINT('',(-8.686807610869,26.6,-139.));
#6516 = CIRCLE('',#6517,8.);
#6517 = AXIS2_PLACEMENT_3D('',#6518,#6519,#6520);
#6518 = CARTESIAN_POINT('',(-8.686807610869,18.6,-139.));
#6519 = DIRECTION('',(0.,0.,-1.));
#6520 = DIRECTION('',(-1.,0.,0.));
#6521 = ORIENTED_EDGE('',*,*,#6522,.T.);
#6522 = EDGE_CURVE('',#6514,#6523,#6525,.T.);
#6523 = VERTEX_POINT('',#6524);
#6524 = CARTESIAN_POINT('',(8.686807610869,26.6,-139.));
#6525 = LINE('',#6526,#6527);
#6526 = CARTESIAN_POINT('',(7.63E-15,26.6,-139.));
#6527 = VECTOR('',#6528,1.);
#6528 = DIRECTION('',(1.,-1.2E-16,-0.));
#6529 = ORIENTED_EDGE('',*,*,#6530,.T.);
#6530 = EDGE_CURVE('',#6523,#6531,#6533,.T.);
#6531 = VERTEX_POINT('',#6532);
#6532 = CARTESIAN_POINT('',(14.778175328462,23.786062025185,-139.));
#6533 = CIRCLE('',#6534,8.);
#6534 = AXIS2_PLACEMENT_3D('',#6535,#6536,#6537);
#6535 = CARTESIAN_POINT('',(8.686807610869,18.6,-139.));
#6536 = DIRECTION('',(0.,0.,-1.));
#6537 = DIRECTION('',(-1.,0.,0.));
#6538 = ORIENTED_EDGE('',*,*,#6539,.T.);
#6539 = EDGE_CURVE('',#6531,#3234,#6540,.T.);
#6540 = CIRCLE('',#6541,4.182842712475);
#6541 = AXIS2_PLACEMENT_3D('',#6542,#6543,#6544);
#6542 = CARTESIAN_POINT('',(13.,20.,-139.));
#6543 = DIRECTION('',(0.,-0.,1.));
#6544 = DIRECTION('',(-1.,1.66E-15,0.));
#6545 = ORIENTED_EDGE('',*,*,#3233,.T.);
#6546 = PLANE('',#6547);
#6547 = AXIS2_PLACEMENT_3D('',#6548,#6549,#6550);
#6548 = CARTESIAN_POINT('',(4.55E-15,0.,-139.));
#6549 = DIRECTION('',(0.,0.,-1.));
#6550 = DIRECTION('',(-1.,0.,0.));
#6551 = ADVANCED_FACE('',(#6552),#6604,.T.);
#6552 = FACE_BOUND('',#6553,.T.);
#6553 = EDGE_LOOP('',(#6554,#6564,#6571,#6572,#6581,#6590,#6596,#6597));
#6554 = ORIENTED_EDGE('',*,*,#6555,.T.);
#6555 = EDGE_CURVE('',#6556,#6558,#6560,.T.);
#6556 = VERTEX_POINT('',#6557);
#6557 = CARTESIAN_POINT('',(-21.15604102804,7.659760310844,-139.));
#6558 = VERTEX_POINT('',#6559);
#6559 = CARTESIAN_POINT('',(-17.05692443234,18.981404247233,-139.));
#6560 = LINE('',#6561,#6562);
#6561 = CARTESIAN_POINT('',(-21.15604102804,7.659760310844,-139.));
#6562 = VECTOR('',#6563,1.);
#6563 = DIRECTION('',(0.340433791593,0.940268490135,-0.));
#6564 = ORIENTED_EDGE('',*,*,#6565,.T.);
#6565 = EDGE_CURVE('',#6558,#3132,#6566,.T.);
#6566 = CIRCLE('',#6567,4.182842712475);
#6567 = AXIS2_PLACEMENT_3D('',#6568,#6569,#6570);
#6568 = CARTESIAN_POINT('',(-13.,20.,-139.));
#6569 = DIRECTION('',(0.,-0.,1.));
#6570 = DIRECTION('',(-1.,0.,0.));
#6571 = ORIENTED_EDGE('',*,*,#3140,.T.);
#6572 = ORIENTED_EDGE('',*,*,#6573,.T.);
#6573 = EDGE_CURVE('',#3141,#6574,#6576,.T.);
#6574 = VERTEX_POINT('',#6575);
#6575 = CARTESIAN_POINT('',(-12.98151165796,-15.81719814735,-139.));
#6576 = CIRCLE('',#6577,20.462243331523);
#6577 = AXIS2_PLACEMENT_3D('',#6578,#6579,#6580);
#6578 = CARTESIAN_POINT('',(4.55E-15,0.,-139.));
#6579 = DIRECTION('',(0.,-0.,1.));
#6580 = DIRECTION('',(-1.,0.,0.));
#6581 = ORIENTED_EDGE('',*,*,#6582,.T.);
#6582 = EDGE_CURVE('',#6574,#6583,#6585,.T.);
#6583 = VERTEX_POINT('',#6584);
#6584 = CARTESIAN_POINT('',(-17.05692443234,-18.98140424723,-139.));
#6585 = CIRCLE('',#6586,4.182842712475);
#6586 = AXIS2_PLACEMENT_3D('',#6587,#6588,#6589);
#6587 = CARTESIAN_POINT('',(-13.,-20.,-139.));
#6588 = DIRECTION('',(-0.,0.,1.));
#6589 = DIRECTION('',(-1.,-1.66E-15,-0.));
#6590 = ORIENTED_EDGE('',*,*,#6591,.T.);
#6591 = EDGE_CURVE('',#6583,#2623,#6592,.T.);
#6592 = LINE('',#6593,#6594);
#6593 = CARTESIAN_POINT('',(-21.15604102804,-7.659760310844,-139.));
#6594 = VECTOR('',#6595,1.);
#6595 = DIRECTION('',(-0.340433791593,0.940268490135,0.));
#6596 = ORIENTED_EDGE('',*,*,#2622,.T.);
#6597 = ORIENTED_EDGE('',*,*,#6598,.T.);
#6598 = EDGE_CURVE('',#2614,#6556,#6599,.T.);
#6599 = CIRCLE('',#6600,22.5);
#6600 = AXIS2_PLACEMENT_3D('',#6601,#6602,#6603);
#6601 = CARTESIAN_POINT('',(1.08E-15,4.3E-16,-139.));
#6602 = DIRECTION('',(0.,0.,-1.));
#6603 = DIRECTION('',(-1.,0.,0.));
#6604 = PLANE('',#6605);
#6605 = AXIS2_PLACEMENT_3D('',#6606,#6607,#6608);
#6606 = CARTESIAN_POINT('',(4.55E-15,0.,-139.));
#6607 = DIRECTION('',(0.,0.,-1.));
#6608 = DIRECTION('',(-1.,0.,0.));
#6609 = ADVANCED_FACE('',(#6610),#6651,.T.);
#6610 = FACE_BOUND('',#6611,.T.);
#6611 = EDGE_LOOP('',(#6612,#6623,#6634,#6635,#6644));
#6612 = ORIENTED_EDGE('',*,*,#6613,.F.);
#6613 = EDGE_CURVE('',#6614,#6616,#6618,.T.);
#6614 = VERTEX_POINT('',#6615);
#6615 = CARTESIAN_POINT('',(-16.82016887447,-21.54476635388,
    -138.7598988886));
#6616 = VERTEX_POINT('',#6617);
#6617 = CARTESIAN_POINT('',(-17.14922402208,-21.66390412433,-138.));
#6618 = CIRCLE('',#6619,1.);
#6619 = AXIS2_PLACEMENT_3D('',#6620,#6621,#6622);
#6620 = CARTESIAN_POINT('',(-16.20895553195,-21.32347033274,-138.));
#6621 = DIRECTION('',(-0.340433791593,0.940268490135,0.));
#6622 = DIRECTION('',(0.940268490135,0.340433791593,0.));
#6623 = ORIENTED_EDGE('',*,*,#6624,.T.);
#6624 = EDGE_CURVE('',#6614,#6378,#6625,.T.);
#6625 = B_SPLINE_CURVE_WITH_KNOTS('',3,(#6626,#6627,#6628,#6629,#6630,
    #6631,#6632,#6633),.UNSPECIFIED.,.F.,.F.,(4,2,2,4),(0.,
    1.549749614304E-03,2.324624421456E-03,3.099499228608E-03),
  .UNSPECIFIED.);
#6626 = CARTESIAN_POINT('',(-16.82016887447,-21.54476635388,
    -138.7598988886));
#6627 = CARTESIAN_POINT('',(-16.62892686735,-22.03397755762,
    -138.771254575));
#6628 = CARTESIAN_POINT('',(-16.36958358989,-22.4788431039,
    -138.8141576486));
#6629 = CARTESIAN_POINT('',(-15.85811645359,-23.06970571545,
    -138.8965935979));
#6630 = CARTESIAN_POINT('',(-15.66923432164,-23.24985588507,
    -138.9264618466));
#6631 = CARTESIAN_POINT('',(-15.2555027619,-23.56079581351,
    -138.9772236328));
#6632 = CARTESIAN_POINT('',(-15.02667700304,-23.69562007616,-139.));
#6633 = CARTESIAN_POINT('',(-14.77817532846,-23.78606202518,-139.));
#6634 = ORIENTED_EDGE('',*,*,#6375,.F.);
#6635 = ORIENTED_EDGE('',*,*,#6636,.F.);
#6636 = EDGE_CURVE('',#6637,#6376,#6639,.T.);
#6637 = VERTEX_POINT('',#6638);
#6638 = CARTESIAN_POINT('',(-8.686807610869,-27.6,-138.));
#6639 = CIRCLE('',#6640,1.);
#6640 = AXIS2_PLACEMENT_3D('',#6641,#6642,#6643);
#6641 = CARTESIAN_POINT('',(-8.686807610869,-26.6,-138.));
#6642 = DIRECTION('',(1.,0.,0.));
#6643 = DIRECTION('',(0.,0.,-1.));
#6644 = ORIENTED_EDGE('',*,*,#6645,.F.);
#6645 = EDGE_CURVE('',#6616,#6637,#6646,.T.);
#6646 = CIRCLE('',#6647,9.);
#6647 = AXIS2_PLACEMENT_3D('',#6648,#6649,#6650);
#6648 = CARTESIAN_POINT('',(-8.686807610869,-18.6,-138.));
#6649 = DIRECTION('',(0.,-0.,1.));
#6650 = DIRECTION('',(-1.,0.,0.));
#6651 = TOROIDAL_SURFACE('',#6652,8.,1.);
#6652 = AXIS2_PLACEMENT_3D('',#6653,#6654,#6655);
#6653 = CARTESIAN_POINT('',(-8.686807610869,-18.6,-138.));
#6654 = DIRECTION('',(0.,0.,-1.));
#6655 = DIRECTION('',(-1.,0.,0.));
#6656 = ADVANCED_FACE('',(#6657),#6681,.T.);
#6657 = FACE_BOUND('',#6658,.T.);
#6658 = EDGE_LOOP('',(#6659,#6660,#6673,#6674,#6680));
#6659 = ORIENTED_EDGE('',*,*,#6591,.F.);
#6660 = ORIENTED_EDGE('',*,*,#6661,.T.);
#6661 = EDGE_CURVE('',#6583,#6614,#6662,.T.);
#6662 = B_SPLINE_CURVE_WITH_KNOTS('',3,(#6663,#6664,#6665,#6666,#6667,
    #6668,#6669,#6670,#6671,#6672),.UNSPECIFIED.,.F.,.F.,(4,2,2,2,4),(0.
    ,6.595417776517E-04,1.319083555303E-03,1.978625332955E-03,
    2.638167110607E-03),.UNSPECIFIED.);
#6663 = CARTESIAN_POINT('',(-17.05692443234,-18.98140424723,-139.));
#6664 = CARTESIAN_POINT('',(-17.13429742732,-19.19136399289,-139.));
#6665 = CARTESIAN_POINT('',(-17.16842920808,-19.40706400455,
    -138.9726161712));
#6666 = CARTESIAN_POINT('',(-17.19259295012,-19.84624520861,
    -138.9112007774));
#6667 = CARTESIAN_POINT('',(-17.18068439939,-20.06236604064,
    -138.8766412158));
#6668 = CARTESIAN_POINT('',(-17.12587920149,-20.4911409013,
    -138.8173718945));
#6669 = CARTESIAN_POINT('',(-17.08261100264,-20.70387558916,
    -138.7923745411));
#6670 = CARTESIAN_POINT('',(-16.9700726301,-21.12797532138,
    -138.7611068563));
#6671 = CARTESIAN_POINT('',(-16.90076303979,-21.33883466951,
    -138.7550451286));
#6672 = CARTESIAN_POINT('',(-16.82016887447,-21.54476635388,
    -138.7598988886));
#6673 = ORIENTED_EDGE('',*,*,#6613,.T.);
#6674 = ORIENTED_EDGE('',*,*,#6675,.F.);
#6675 = EDGE_CURVE('',#2605,#6616,#6676,.T.);
#6676 = LINE('',#6677,#6678);
#6677 = CARTESIAN_POINT('',(-17.14922402208,-21.66390412433,-138.));
#6678 = VECTOR('',#6679,1.);
#6679 = DIRECTION('',(0.340433791593,-0.940268490135,-0.));
#6680 = ORIENTED_EDGE('',*,*,#2631,.F.);
#6681 = CYLINDRICAL_SURFACE('',#6682,1.);
#6682 = AXIS2_PLACEMENT_3D('',#6683,#6684,#6685);
#6683 = CARTESIAN_POINT('',(-21.15604102804,-7.659760310844,-138.));
#6684 = DIRECTION('',(0.340433791593,-0.940268490135,-0.));
#6685 = DIRECTION('',(-0.940268490135,-0.340433791593,0.));
#6686 = ADVANCED_FACE('',(#6687),#6706,.T.);
#6687 = FACE_BOUND('',#6688,.T.);
#6688 = EDGE_LOOP('',(#6689,#6690,#6691,#6700));
#6689 = ORIENTED_EDGE('',*,*,#6636,.T.);
#6690 = ORIENTED_EDGE('',*,*,#6421,.F.);
#6691 = ORIENTED_EDGE('',*,*,#6692,.F.);
#6692 = EDGE_CURVE('',#6693,#6413,#6695,.T.);
#6693 = VERTEX_POINT('',#6694);
#6694 = CARTESIAN_POINT('',(8.686807610869,-27.6,-138.));
#6695 = CIRCLE('',#6696,1.);
#6696 = AXIS2_PLACEMENT_3D('',#6697,#6698,#6699);
#6697 = CARTESIAN_POINT('',(8.686807610869,-26.6,-138.));
#6698 = DIRECTION('',(1.,0.,0.));
#6699 = DIRECTION('',(0.,0.,-1.));
#6700 = ORIENTED_EDGE('',*,*,#6701,.F.);
#6701 = EDGE_CURVE('',#6637,#6693,#6702,.T.);
#6702 = LINE('',#6703,#6704);
#6703 = CARTESIAN_POINT('',(8.686807610869,-27.6,-138.));
#6704 = VECTOR('',#6705,1.);
#6705 = DIRECTION('',(1.,-0.,-0.));
#6706 = CYLINDRICAL_SURFACE('',#6707,1.);
#6707 = AXIS2_PLACEMENT_3D('',#6708,#6709,#6710);
#6708 = CARTESIAN_POINT('',(4.55E-15,-26.6,-138.));
#6709 = DIRECTION('',(1.,0.,0.));
#6710 = DIRECTION('',(0.,0.,-1.));
#6711 = ADVANCED_FACE('',(#6712),#6732,.T.);
#6712 = FACE_BOUND('',#6713,.T.);
#6713 = EDGE_LOOP('',(#6714,#6715,#6724,#6731));
#6714 = ORIENTED_EDGE('',*,*,#2613,.F.);
#6715 = ORIENTED_EDGE('',*,*,#6716,.F.);
#6716 = EDGE_CURVE('',#6717,#2603,#6719,.T.);
#6717 = VERTEX_POINT('',#6718);
#6718 = CARTESIAN_POINT('',(-22.09630951818,8.000194102437,-138.));
#6719 = CIRCLE('',#6720,23.5);
#6720 = AXIS2_PLACEMENT_3D('',#6721,#6722,#6723);
#6721 = CARTESIAN_POINT('',(1.08E-15,4.3E-16,-138.));
#6722 = DIRECTION('',(-0.,0.,1.));
#6723 = DIRECTION('',(-1.,-4.44E-15,-0.));
#6724 = ORIENTED_EDGE('',*,*,#6725,.F.);
#6725 = EDGE_CURVE('',#6556,#6717,#6726,.T.);
#6726 = CIRCLE('',#6727,1.);
#6727 = AXIS2_PLACEMENT_3D('',#6728,#6729,#6730);
#6728 = CARTESIAN_POINT('',(-21.15604102804,7.659760310844,-138.));
#6729 = DIRECTION('',(0.340433791593,0.940268490135,0.));
#6730 = DIRECTION('',(0.940268490135,-0.340433791593,0.));
#6731 = ORIENTED_EDGE('',*,*,#6598,.F.);
#6732 = TOROIDAL_SURFACE('',#6733,22.5,1.);
#6733 = AXIS2_PLACEMENT_3D('',#6734,#6735,#6736);
#6734 = CARTESIAN_POINT('',(1.08E-15,4.3E-16,-138.));
#6735 = DIRECTION('',(0.,0.,-1.));
#6736 = DIRECTION('',(-1.,0.,0.));
#6737 = ADVANCED_FACE('',(#6738),#6773,.T.);
#6738 = FACE_BOUND('',#6739,.T.);
#6739 = EDGE_LOOP('',(#6740,#6741,#6756,#6765,#6772));
#6740 = ORIENTED_EDGE('',*,*,#6412,.F.);
#6741 = ORIENTED_EDGE('',*,*,#6742,.T.);
#6742 = EDGE_CURVE('',#3202,#6743,#6745,.T.);
#6743 = VERTEX_POINT('',#6744);
#6744 = CARTESIAN_POINT('',(16.820168874476,-21.54476635388,
    -138.7598988886));
#6745 = B_SPLINE_CURVE_WITH_KNOTS('',3,(#6746,#6747,#6748,#6749,#6750,
    #6751,#6752,#6753,#6754,#6755),.UNSPECIFIED.,.F.,.F.,(4,2,2,2,4),(0.
    ,7.807480909171E-04,1.561496181834E-03,2.342244272751E-03,
    3.122992363668E-03),.UNSPECIFIED.);
#6746 = CARTESIAN_POINT('',(14.778175328462,-23.78606202518,-139.));
#6747 = CARTESIAN_POINT('',(15.026719080755,-23.69560476201,-139.));
#6748 = CARTESIAN_POINT('',(15.250393062994,-23.56426077806,
    -138.9777810454));
#6749 = CARTESIAN_POINT('',(15.668415809242,-23.25084098246,
    -138.9266308033));
#6750 = CARTESIAN_POINT('',(15.855720821107,-23.07182349556,
    -138.8969637441));
#6751 = CARTESIAN_POINT('',(16.192826658929,-22.6836713934,
    -138.842662096));
#6752 = CARTESIAN_POINT('',(16.343870626044,-22.47266151426,
    -138.8175552841));
#6753 = CARTESIAN_POINT('',(16.610771712372,-22.02355940606,
    -138.7788750526));
#6754 = CARTESIAN_POINT('',(16.724705491826,-21.7889687498,
    -138.7655673725));
#6755 = CARTESIAN_POINT('',(16.820168874476,-21.54476635388,
    -138.7598988886));
#6756 = ORIENTED_EDGE('',*,*,#6757,.F.);
#6757 = EDGE_CURVE('',#6758,#6743,#6760,.T.);
#6758 = VERTEX_POINT('',#6759);
#6759 = CARTESIAN_POINT('',(17.149224022088,-21.66390412433,-138.));
#6760 = CIRCLE('',#6761,1.);
#6761 = AXIS2_PLACEMENT_3D('',#6762,#6763,#6764);
#6762 = CARTESIAN_POINT('',(16.208955531953,-21.32347033274,-138.));
#6763 = DIRECTION('',(0.340433791593,0.940268490135,0.));
#6764 = DIRECTION('',(0.940268490135,-0.340433791593,0.));
#6765 = ORIENTED_EDGE('',*,*,#6766,.F.);
#6766 = EDGE_CURVE('',#6693,#6758,#6767,.T.);
#6767 = CIRCLE('',#6768,9.);
#6768 = AXIS2_PLACEMENT_3D('',#6769,#6770,#6771);
#6769 = CARTESIAN_POINT('',(8.686807610869,-18.6,-138.));
#6770 = DIRECTION('',(0.,-0.,1.));
#6771 = DIRECTION('',(-1.,0.,0.));
#6772 = ORIENTED_EDGE('',*,*,#6692,.T.);
#6773 = TOROIDAL_SURFACE('',#6774,8.,1.);
#6774 = AXIS2_PLACEMENT_3D('',#6775,#6776,#6777);
#6775 = CARTESIAN_POINT('',(8.686807610869,-18.6,-138.));
#6776 = DIRECTION('',(0.,0.,-1.));
#6777 = DIRECTION('',(-1.,0.,0.));
#6778 = ADVANCED_FACE('',(#6779),#6815,.T.);
#6779 = FACE_BOUND('',#6780,.T.);
#6780 = EDGE_LOOP('',(#6781,#6792,#6807,#6808,#6809));
#6781 = ORIENTED_EDGE('',*,*,#6782,.F.);
#6782 = EDGE_CURVE('',#6783,#6785,#6787,.T.);
#6783 = VERTEX_POINT('',#6784);
#6784 = CARTESIAN_POINT('',(-16.82016887447,21.544766353882,
    -138.7598988886));
#6785 = VERTEX_POINT('',#6786);
#6786 = CARTESIAN_POINT('',(-17.14922402208,21.663904124338,-138.));
#6787 = CIRCLE('',#6788,1.);
#6788 = AXIS2_PLACEMENT_3D('',#6789,#6790,#6791);
#6789 = CARTESIAN_POINT('',(-16.20895553195,21.323470332744,-138.));
#6790 = DIRECTION('',(0.340433791593,0.940268490135,0.));
#6791 = DIRECTION('',(0.940268490135,-0.340433791593,0.));
#6792 = ORIENTED_EDGE('',*,*,#6793,.T.);
#6793 = EDGE_CURVE('',#6783,#6558,#6794,.T.);
#6794 = B_SPLINE_CURVE_WITH_KNOTS('',3,(#6795,#6796,#6797,#6798,#6799,
    #6800,#6801,#6802,#6803,#6804,#6805,#6806),.UNSPECIFIED.,.F.,.F.,(4,
    2,2,2,2,4),(0.,6.539616520388E-04,1.307923304078E-03,
    1.961884956116E-03,2.288865782136E-03,2.615846608155E-03),
  .UNSPECIFIED.);
#6795 = CARTESIAN_POINT('',(-16.82016887447,21.544766353882,
    -138.7598988886));
#6796 = CARTESIAN_POINT('',(-16.90090675594,21.338467450493,
    -138.7550364734));
#6797 = CARTESIAN_POINT('',(-16.96929562894,21.130254321912,
    -138.7610551391));
#6798 = CARTESIAN_POINT('',(-17.0812308226,20.709713494444,
    -138.791830044));
#6799 = CARTESIAN_POINT('',(-17.1248142813,20.497393407586,
    -138.8165757338));
#6800 = CARTESIAN_POINT('',(-17.18043213469,20.066369778613,
    -138.8760212598));
#6801 = CARTESIAN_POINT('',(-17.19245288372,19.846028814649,
    -138.9112049765));
#6802 = CARTESIAN_POINT('',(-17.1746813304,19.519546749773,
    -138.9568993856));
#6803 = CARTESIAN_POINT('',(-17.16283127007,19.411041078489,
    -138.9709542098));
#6804 = CARTESIAN_POINT('',(-17.12328969184,19.19444758431,
    -138.9924643979));
#6805 = CARTESIAN_POINT('',(-17.09550343409,19.086092419098,-139.));
#6806 = CARTESIAN_POINT('',(-17.05692443234,18.981404247233,-139.));
#6807 = ORIENTED_EDGE('',*,*,#6555,.F.);
#6808 = ORIENTED_EDGE('',*,*,#6725,.T.);
#6809 = ORIENTED_EDGE('',*,*,#6810,.F.);
#6810 = EDGE_CURVE('',#6785,#6717,#6811,.T.);
#6811 = LINE('',#6812,#6813);
#6812 = CARTESIAN_POINT('',(-22.09630951818,8.000194102437,-138.));
#6813 = VECTOR('',#6814,1.);
#6814 = DIRECTION('',(-0.340433791593,-0.940268490135,0.));
#6815 = CYLINDRICAL_SURFACE('',#6816,1.);
#6816 = AXIS2_PLACEMENT_3D('',#6817,#6818,#6819);
#6817 = CARTESIAN_POINT('',(-21.15604102804,7.659760310844,-138.));
#6818 = DIRECTION('',(-0.340433791593,-0.940268490135,0.));
#6819 = DIRECTION('',(-0.940268490135,0.340433791593,0.));
#6820 = ADVANCED_FACE('',(#6821),#6855,.T.);
#6821 = FACE_BOUND('',#6822,.T.);
#6822 = EDGE_LOOP('',(#6823,#6824,#6839,#6840,#6849));
#6823 = ORIENTED_EDGE('',*,*,#6757,.T.);
#6824 = ORIENTED_EDGE('',*,*,#6825,.T.);
#6825 = EDGE_CURVE('',#6743,#6473,#6826,.T.);
#6826 = B_SPLINE_CURVE_WITH_KNOTS('',3,(#6827,#6828,#6829,#6830,#6831,
    #6832,#6833,#6834,#6835,#6836,#6837,#6838),.UNSPECIFIED.,.F.,.F.,(4,
    2,2,2,2,4),(0.,6.539616520388E-04,1.307923304078E-03,
    1.961884956116E-03,2.288865782136E-03,2.615846608155E-03),
  .UNSPECIFIED.);
#6827 = CARTESIAN_POINT('',(16.820168874476,-21.54476635388,
    -138.7598988886));
#6828 = CARTESIAN_POINT('',(16.900906755949,-21.33846745049,
    -138.7550364734));
#6829 = CARTESIAN_POINT('',(16.96929562894,-21.13025432191,
    -138.7610551391));
#6830 = CARTESIAN_POINT('',(17.081230822603,-20.70971349444,
    -138.791830044));
#6831 = CARTESIAN_POINT('',(17.124814281305,-20.49739340758,
    -138.8165757338));
#6832 = CARTESIAN_POINT('',(17.180432134694,-20.06636977861,
    -138.8760212598));
#6833 = CARTESIAN_POINT('',(17.192452883721,-19.84602881464,
    -138.9112049765));
#6834 = CARTESIAN_POINT('',(17.174681330401,-19.51954674977,
    -138.9568993856));
#6835 = CARTESIAN_POINT('',(17.162831270071,-19.41104107848,
    -138.9709542098));
#6836 = CARTESIAN_POINT('',(17.123289691844,-19.19444758431,
    -138.9924643979));
#6837 = CARTESIAN_POINT('',(17.095503434098,-19.08609241909,-139.));
#6838 = CARTESIAN_POINT('',(17.056924432344,-18.98140424723,-139.));
#6839 = ORIENTED_EDGE('',*,*,#6472,.F.);
#6840 = ORIENTED_EDGE('',*,*,#6841,.F.);
#6841 = EDGE_CURVE('',#6842,#6464,#6844,.T.);
#6842 = VERTEX_POINT('',#6843);
#6843 = CARTESIAN_POINT('',(22.096309518183,-8.000194102437,-138.));
#6844 = CIRCLE('',#6845,1.);
#6845 = AXIS2_PLACEMENT_3D('',#6846,#6847,#6848);
#6846 = CARTESIAN_POINT('',(21.156041028047,-7.659760310844,-138.));
#6847 = DIRECTION('',(0.340433791593,0.940268490135,-3.7E-16));
#6848 = DIRECTION('',(0.940268490135,-0.340433791593,2.465190328816E-32)
  );
#6849 = ORIENTED_EDGE('',*,*,#6850,.F.);
#6850 = EDGE_CURVE('',#6758,#6842,#6851,.T.);
#6851 = LINE('',#6852,#6853);
#6852 = CARTESIAN_POINT('',(22.096309518183,-8.000194102437,-138.));
#6853 = VECTOR('',#6854,1.);
#6854 = DIRECTION('',(0.340433791593,0.940268490135,0.));
#6855 = CYLINDRICAL_SURFACE('',#6856,1.);
#6856 = AXIS2_PLACEMENT_3D('',#6857,#6858,#6859);
#6857 = CARTESIAN_POINT('',(21.156041028047,-7.659760310844,-138.));
#6858 = DIRECTION('',(0.340433791593,0.940268490135,0.));
#6859 = DIRECTION('',(0.940268490135,-0.340433791593,0.));
#6860 = ADVANCED_FACE('',(#6861),#6894,.T.);
#6861 = FACE_BOUND('',#6862,.T.);
#6862 = EDGE_LOOP('',(#6863,#6864,#6877,#6878,#6887));
#6863 = ORIENTED_EDGE('',*,*,#6513,.F.);
#6864 = ORIENTED_EDGE('',*,*,#6865,.T.);
#6865 = EDGE_CURVE('',#6505,#6783,#6866,.T.);
#6866 = B_SPLINE_CURVE_WITH_KNOTS('',3,(#6867,#6868,#6869,#6870,#6871,
    #6872,#6873,#6874,#6875,#6876),.UNSPECIFIED.,.F.,.F.,(4,2,2,2,4),(0.
    ,7.807480909171E-04,1.561496181834E-03,2.342244272751E-03,
    3.122992363668E-03),.UNSPECIFIED.);
#6867 = CARTESIAN_POINT('',(-14.77817532846,23.786062025186,-139.));
#6868 = CARTESIAN_POINT('',(-15.02671908075,23.695604762019,-139.));
#6869 = CARTESIAN_POINT('',(-15.25039306299,23.564260778063,
    -138.9777810454));
#6870 = CARTESIAN_POINT('',(-15.66841580924,23.250840982467,
    -138.9266308033));
#6871 = CARTESIAN_POINT('',(-15.8557208211,23.071823495568,
    -138.8969637441));
#6872 = CARTESIAN_POINT('',(-16.19282665892,22.683671393409,
    -138.842662096));
#6873 = CARTESIAN_POINT('',(-16.34387062604,22.472661514263,
    -138.8175552841));
#6874 = CARTESIAN_POINT('',(-16.61077171237,22.023559406064,
    -138.7788750526));
#6875 = CARTESIAN_POINT('',(-16.72470549182,21.788968749805,
    -138.7655673725));
#6876 = CARTESIAN_POINT('',(-16.82016887447,21.544766353882,
    -138.7598988886));
#6877 = ORIENTED_EDGE('',*,*,#6782,.T.);
#6878 = ORIENTED_EDGE('',*,*,#6879,.F.);
#6879 = EDGE_CURVE('',#6880,#6785,#6882,.T.);
#6880 = VERTEX_POINT('',#6881);
#6881 = CARTESIAN_POINT('',(-8.686807610869,27.6,-138.));
#6882 = CIRCLE('',#6883,9.);
#6883 = AXIS2_PLACEMENT_3D('',#6884,#6885,#6886);
#6884 = CARTESIAN_POINT('',(-8.686807610869,18.6,-138.));
#6885 = DIRECTION('',(0.,-0.,1.));
#6886 = DIRECTION('',(-1.,0.,0.));
#6887 = ORIENTED_EDGE('',*,*,#6888,.F.);
#6888 = EDGE_CURVE('',#6514,#6880,#6889,.T.);
#6889 = CIRCLE('',#6890,1.);
#6890 = AXIS2_PLACEMENT_3D('',#6891,#6892,#6893);
#6891 = CARTESIAN_POINT('',(-8.686807610869,26.6,-138.));
#6892 = DIRECTION('',(1.,0.,0.));
#6893 = DIRECTION('',(0.,0.,-1.));
#6894 = TOROIDAL_SURFACE('',#6895,8.,1.);
#6895 = AXIS2_PLACEMENT_3D('',#6896,#6897,#6898);
#6896 = CARTESIAN_POINT('',(-8.686807610869,18.6,-138.));
#6897 = DIRECTION('',(0.,0.,-1.));
#6898 = DIRECTION('',(-1.,0.,0.));
#6899 = ADVANCED_FACE('',(#6900),#6920,.T.);
#6900 = FACE_BOUND('',#6901,.T.);
#6901 = EDGE_LOOP('',(#6902,#6903,#6904,#6913));
#6902 = ORIENTED_EDGE('',*,*,#6841,.T.);
#6903 = ORIENTED_EDGE('',*,*,#6463,.F.);
#6904 = ORIENTED_EDGE('',*,*,#6905,.F.);
#6905 = EDGE_CURVE('',#6906,#6456,#6908,.T.);
#6906 = VERTEX_POINT('',#6907);
#6907 = CARTESIAN_POINT('',(22.096309518183,8.000194102437,-138.));
#6908 = CIRCLE('',#6909,1.);
#6909 = AXIS2_PLACEMENT_3D('',#6910,#6911,#6912);
#6910 = CARTESIAN_POINT('',(21.156041028047,7.659760310844,-138.));
#6911 = DIRECTION('',(-0.340433791593,0.940268490135,0.));
#6912 = DIRECTION('',(0.940268490135,0.340433791593,0.));
#6913 = ORIENTED_EDGE('',*,*,#6914,.F.);
#6914 = EDGE_CURVE('',#6842,#6906,#6915,.T.);
#6915 = CIRCLE('',#6916,23.5);
#6916 = AXIS2_PLACEMENT_3D('',#6917,#6918,#6919);
#6917 = CARTESIAN_POINT('',(1.08E-15,4.3E-16,-138.));
#6918 = DIRECTION('',(0.,-0.,1.));
#6919 = DIRECTION('',(-1.,1.78E-15,0.));
#6920 = TOROIDAL_SURFACE('',#6921,22.5,1.);
#6921 = AXIS2_PLACEMENT_3D('',#6922,#6923,#6924);
#6922 = CARTESIAN_POINT('',(1.08E-15,4.3E-16,-138.));
#6923 = DIRECTION('',(0.,0.,-1.));
#6924 = DIRECTION('',(-1.,0.,0.));
#6925 = ADVANCED_FACE('',(#6926),#6945,.T.);
#6926 = FACE_BOUND('',#6927,.T.);
#6927 = EDGE_LOOP('',(#6928,#6929,#6937,#6944));
#6928 = ORIENTED_EDGE('',*,*,#6888,.T.);
#6929 = ORIENTED_EDGE('',*,*,#6930,.F.);
#6930 = EDGE_CURVE('',#6931,#6880,#6933,.T.);
#6931 = VERTEX_POINT('',#6932);
#6932 = CARTESIAN_POINT('',(8.686807610869,27.6,-138.));
#6933 = LINE('',#6934,#6935);
#6934 = CARTESIAN_POINT('',(7.75E-15,27.6,-138.));
#6935 = VECTOR('',#6936,1.);
#6936 = DIRECTION('',(-1.,1.2E-16,0.));
#6937 = ORIENTED_EDGE('',*,*,#6938,.F.);
#6938 = EDGE_CURVE('',#6523,#6931,#6939,.T.);
#6939 = CIRCLE('',#6940,1.);
#6940 = AXIS2_PLACEMENT_3D('',#6941,#6942,#6943);
#6941 = CARTESIAN_POINT('',(8.686807610869,26.6,-138.));
#6942 = DIRECTION('',(1.,0.,0.));
#6943 = DIRECTION('',(0.,0.,-1.));
#6944 = ORIENTED_EDGE('',*,*,#6522,.F.);
#6945 = CYLINDRICAL_SURFACE('',#6946,1.);
#6946 = AXIS2_PLACEMENT_3D('',#6947,#6948,#6949);
#6947 = CARTESIAN_POINT('',(7.63E-15,26.6,-138.));
#6948 = DIRECTION('',(-1.,1.2E-16,0.));
#6949 = DIRECTION('',(1.2E-16,1.,0.));
#6950 = ADVANCED_FACE('',(#6951),#6985,.T.);
#6951 = FACE_BOUND('',#6952,.T.);
#6952 = EDGE_LOOP('',(#6953,#6954,#6969,#6978,#6984));
#6953 = ORIENTED_EDGE('',*,*,#6455,.F.);
#6954 = ORIENTED_EDGE('',*,*,#6955,.T.);
#6955 = EDGE_CURVE('',#6447,#6956,#6958,.T.);
#6956 = VERTEX_POINT('',#6957);
#6957 = CARTESIAN_POINT('',(16.820168874476,21.544766353882,
    -138.7598988886));
#6958 = B_SPLINE_CURVE_WITH_KNOTS('',3,(#6959,#6960,#6961,#6962,#6963,
    #6964,#6965,#6966,#6967,#6968),.UNSPECIFIED.,.F.,.F.,(4,2,2,2,4),(0.
    ,6.595417776517E-04,1.319083555303E-03,1.978625332955E-03,
    2.638167110607E-03),.UNSPECIFIED.);
#6959 = CARTESIAN_POINT('',(17.056924432344,18.981404247233,-139.));
#6960 = CARTESIAN_POINT('',(17.134297427324,19.191363992894,-139.));
#6961 = CARTESIAN_POINT('',(17.168429208087,19.407064004549,
    -138.9726161712));
#6962 = CARTESIAN_POINT('',(17.192592950129,19.846245208615,
    -138.9112007774));
#6963 = CARTESIAN_POINT('',(17.180684399397,20.062366040644,
    -138.8766412158));
#6964 = CARTESIAN_POINT('',(17.125879201493,20.491140901308,
    -138.8173718945));
#6965 = CARTESIAN_POINT('',(17.082611002646,20.703875589169,
    -138.7923745411));
#6966 = CARTESIAN_POINT('',(16.970072630101,21.127975321386,
    -138.7611068563));
#6967 = CARTESIAN_POINT('',(16.900763039791,21.338834669517,
    -138.7550451286));
#6968 = CARTESIAN_POINT('',(16.820168874476,21.544766353882,
    -138.7598988886));
#6969 = ORIENTED_EDGE('',*,*,#6970,.F.);
#6970 = EDGE_CURVE('',#6971,#6956,#6973,.T.);
#6971 = VERTEX_POINT('',#6972);
#6972 = CARTESIAN_POINT('',(17.149224022088,21.663904124338,-138.));
#6973 = CIRCLE('',#6974,1.);
#6974 = AXIS2_PLACEMENT_3D('',#6975,#6976,#6977);
#6975 = CARTESIAN_POINT('',(16.208955531953,21.323470332744,-138.));
#6976 = DIRECTION('',(-0.340433791593,0.940268490135,1.18E-15));
#6977 = DIRECTION('',(0.940268490135,0.340433791593,0.));
#6978 = ORIENTED_EDGE('',*,*,#6979,.F.);
#6979 = EDGE_CURVE('',#6906,#6971,#6980,.T.);
#6980 = LINE('',#6981,#6982);
#6981 = CARTESIAN_POINT('',(17.149224022088,21.663904124338,-138.));
#6982 = VECTOR('',#6983,1.);
#6983 = DIRECTION('',(-0.340433791593,0.940268490135,0.));
#6984 = ORIENTED_EDGE('',*,*,#6905,.T.);
#6985 = CYLINDRICAL_SURFACE('',#6986,1.);
#6986 = AXIS2_PLACEMENT_3D('',#6987,#6988,#6989);
#6987 = CARTESIAN_POINT('',(21.156041028047,7.659760310844,-138.));
#6988 = DIRECTION('',(-0.340433791593,0.940268490135,0.));
#6989 = DIRECTION('',(0.940268490135,0.340433791593,0.));
#6990 = ADVANCED_FACE('',(#6991),#7014,.T.);
#6991 = FACE_BOUND('',#6992,.T.);
#6992 = EDGE_LOOP('',(#6993,#6994,#7005,#7006,#7007));
#6993 = ORIENTED_EDGE('',*,*,#6970,.T.);
#6994 = ORIENTED_EDGE('',*,*,#6995,.T.);
#6995 = EDGE_CURVE('',#6956,#6531,#6996,.T.);
#6996 = B_SPLINE_CURVE_WITH_KNOTS('',3,(#6997,#6998,#6999,#7000,#7001,
    #7002,#7003,#7004),.UNSPECIFIED.,.F.,.F.,(4,2,2,4),(0.,
    1.549749614304E-03,2.324624421456E-03,3.099499228608E-03),
  .UNSPECIFIED.);
#6997 = CARTESIAN_POINT('',(16.820168874476,21.544766353882,
    -138.7598988886));
#6998 = CARTESIAN_POINT('',(16.628926867357,22.033977557624,
    -138.771254575));
#6999 = CARTESIAN_POINT('',(16.369583589895,22.478843103901,
    -138.8141576486));
#7000 = CARTESIAN_POINT('',(15.858116453592,23.069705715457,
    -138.8965935979));
#7001 = CARTESIAN_POINT('',(15.669234321643,23.249855885075,
    -138.9264618466));
#7002 = CARTESIAN_POINT('',(15.255502761905,23.56079581351,
    -138.9772236328));
#7003 = CARTESIAN_POINT('',(15.026677003045,23.695620076162,-139.));
#7004 = CARTESIAN_POINT('',(14.778175328462,23.786062025185,-139.));
#7005 = ORIENTED_EDGE('',*,*,#6530,.F.);
#7006 = ORIENTED_EDGE('',*,*,#6938,.T.);
#7007 = ORIENTED_EDGE('',*,*,#7008,.F.);
#7008 = EDGE_CURVE('',#6971,#6931,#7009,.T.);
#7009 = CIRCLE('',#7010,9.);
#7010 = AXIS2_PLACEMENT_3D('',#7011,#7012,#7013);
#7011 = CARTESIAN_POINT('',(8.686807610869,18.6,-138.));
#7012 = DIRECTION('',(-0.,0.,1.));
#7013 = DIRECTION('',(-1.,-7.7E-16,-0.));
#7014 = TOROIDAL_SURFACE('',#7015,8.,1.);
#7015 = AXIS2_PLACEMENT_3D('',#7016,#7017,#7018);
#7016 = CARTESIAN_POINT('',(8.686807610869,18.6,-138.));
#7017 = DIRECTION('',(0.,0.,-1.));
#7018 = DIRECTION('',(-1.,0.,0.));
#7019 = ADVANCED_FACE('',(#7020),#7089,.F.);
#7020 = FACE_BOUND('',#7021,.F.);
#7021 = EDGE_LOOP('',(#7022,#7031,#7040,#7059,#7068,#7077,#7086,#7087,
    #7088));
#7022 = ORIENTED_EDGE('',*,*,#7023,.F.);
#7023 = EDGE_CURVE('',#7024,#2679,#7026,.T.);
#7024 = VERTEX_POINT('',#7025);
#7025 = CARTESIAN_POINT('',(-9.313897776976,-18.34297345221,
    -138.9414213562));
#7026 = CIRCLE('',#7027,4.041421356237);
#7027 = AXIS2_PLACEMENT_3D('',#7028,#7029,#7030);
#7028 = CARTESIAN_POINT('',(-13.,-20.,-138.9414213562));
#7029 = DIRECTION('',(0.,-0.,-1.));
#7030 = DIRECTION('',(1.,-5.15E-15,0.));
#7031 = ORIENTED_EDGE('',*,*,#7032,.F.);
#7032 = EDGE_CURVE('',#7033,#7024,#7035,.T.);
#7033 = VERTEX_POINT('',#7034);
#7034 = CARTESIAN_POINT('',(-9.382842321549,-18.1935180572,
    -138.9431679015));
#7035 = B_SPLINE_CURVE_WITH_KNOTS('',3,(#7036,#7037,#7038,#7039),
  .UNSPECIFIED.,.F.,.F.,(4,4),(0.,1.646004730947E-04),
  .PIECEWISE_BEZIER_KNOTS.);
#7036 = CARTESIAN_POINT('',(-9.382842321549,-18.1935180572,
    -138.9431679015));
#7037 = CARTESIAN_POINT('',(-9.359362164307,-18.24309367152,
    -138.942023744));
#7038 = CARTESIAN_POINT('',(-9.336393769488,-18.2929304833,
    -138.9414213562));
#7039 = CARTESIAN_POINT('',(-9.313897776976,-18.34297345221,
    -138.9414213562));
#7040 = ORIENTED_EDGE('',*,*,#7041,.F.);
#7041 = EDGE_CURVE('',#7042,#7033,#7044,.T.);
#7042 = VERTEX_POINT('',#7043);
#7043 = CARTESIAN_POINT('',(-12.81756206233,-15.96095022569,
    -138.9431679015));
#7044 = B_SPLINE_CURVE_WITH_KNOTS('',3,(#7045,#7046,#7047,#7048,#7049,
    #7050,#7051,#7052,#7053,#7054,#7055,#7056,#7057,#7058),
  .UNSPECIFIED.,.F.,.F.,(4,2,2,2,2,2,4),(0.,1.074379826908E-03,
    1.611569740361E-03,2.148759653815E-03,2.685949567269E-03,
    3.223139480723E-03,4.29751930763E-03),.UNSPECIFIED.);
#7045 = CARTESIAN_POINT('',(-12.81756206233,-15.96095022569,
    -138.9431679015));
#7046 = CARTESIAN_POINT('',(-12.4553540152,-15.96974580128,
    -138.9507250256));
#7047 = CARTESIAN_POINT('',(-12.10196183455,-16.02775290819,
    -138.9564874159));
#7048 = CARTESIAN_POINT('',(-11.58486981367,-16.18727605311,
    -138.9628715217));
#7049 = CARTESIAN_POINT('',(-11.4156833457,-16.25263494353,
    -138.9645772553));
#7050 = CARTESIAN_POINT('',(-11.09152090861,-16.40425144751,
    -138.96690106));
#7051 = CARTESIAN_POINT('',(-10.93535627979,-16.49086086739,
    -138.9675231984));
#7052 = CARTESIAN_POINT('',(-10.63496047117,-16.68586612928,
    -138.9675335416));
#7053 = CARTESIAN_POINT('',(-10.48967328279,-16.795248936,-138.966909088
    ));
#7054 = CARTESIAN_POINT('',(-10.21780165663,-17.03140904925,
    -138.9645712905));
#7055 = CARTESIAN_POINT('',(-10.09119929524,-17.15784926644,
    -138.9628838398));
#7056 = CARTESIAN_POINT('',(-9.738537792233,-17.56148869199,
    -138.956575426));
#7057 = CARTESIAN_POINT('',(-9.537925674367,-17.86607763984,
    -138.9507249117));
#7058 = CARTESIAN_POINT('',(-9.382842321549,-18.1935180572,
    -138.9431679015));
#7059 = ORIENTED_EDGE('',*,*,#7060,.F.);
#7060 = EDGE_CURVE('',#7061,#7042,#7063,.T.);
#7061 = VERTEX_POINT('',#7062);
#7062 = CARTESIAN_POINT('',(-12.98213674635,-15.95861812212,
    -138.9414213562));
#7063 = B_SPLINE_CURVE_WITH_KNOTS('',3,(#7064,#7065,#7066,#7067),
  .UNSPECIFIED.,.F.,.F.,(4,4),(0.,1.646004731025E-04),
  .PIECEWISE_BEZIER_KNOTS.);
#7064 = CARTESIAN_POINT('',(-12.98213674635,-15.95861812212,
    -138.9414213562));
#7065 = CARTESIAN_POINT('',(-12.92727045794,-15.95886063581,
    -138.9414213562));
#7066 = CARTESIAN_POINT('',(-12.87240078952,-15.95961856513,
    -138.942023744));
#7067 = CARTESIAN_POINT('',(-12.81756206233,-15.96095022569,
    -138.9431679015));
#7068 = ORIENTED_EDGE('',*,*,#7069,.F.);
#7069 = EDGE_CURVE('',#7070,#7061,#7072,.T.);
#7070 = VERTEX_POINT('',#7071);
#7071 = CARTESIAN_POINT('',(-16.91976035642,-19.01584283426,
    -138.9414213562));
#7072 = CIRCLE('',#7073,4.041421356237);
#7073 = AXIS2_PLACEMENT_3D('',#7074,#7075,#7076);
#7074 = CARTESIAN_POINT('',(-13.,-20.,-138.9414213562));
#7075 = DIRECTION('',(0.,-0.,-1.));
#7076 = DIRECTION('',(1.,-1.72E-15,0.));
#7077 = ORIENTED_EDGE('',*,*,#7078,.F.);
#7078 = EDGE_CURVE('',#2647,#7070,#7079,.T.);
#7079 = B_SPLINE_CURVE_WITH_KNOTS('',3,(#7080,#7081,#7082,#7083,#7084,
    #7085),.UNSPECIFIED.,.F.,.F.,(4,2,4),(1.510368794175E-03,
    2.008178798062E-03,2.50598880195E-03),.UNSPECIFIED.);
#7080 = CARTESIAN_POINT('',(-16.94723444829,-20.,-138.8472344482));
#7081 = CARTESIAN_POINT('',(-16.96758122412,-19.83760710663,
    -138.8675812241));
#7082 = CARTESIAN_POINT('',(-16.9792526324,-19.67259709431,
    -138.8893301181));
#7083 = CARTESIAN_POINT('',(-16.97516927324,-19.34263926207,
    -138.9258172471));
#7084 = CARTESIAN_POINT('',(-16.96062981703,-19.17862018028,
    -138.9414213562));
#7085 = CARTESIAN_POINT('',(-16.91976035642,-19.01584283426,
    -138.9414213562));
#7086 = ORIENTED_EDGE('',*,*,#2646,.F.);
#7087 = ORIENTED_EDGE('',*,*,#2283,.F.);
#7088 = ORIENTED_EDGE('',*,*,#2687,.T.);
#7089 = CONICAL_SURFACE('',#7090,4.1,0.785398163397);
#7090 = AXIS2_PLACEMENT_3D('',#7091,#7092,#7093);
#7091 = CARTESIAN_POINT('',(-13.,-20.,-139.));
#7092 = DIRECTION('',(0.,0.,-1.));
#7093 = DIRECTION('',(-1.,0.,0.));
#7094 = ADVANCED_FACE('',(#7095),#7164,.F.);
#7095 = FACE_BOUND('',#7096,.F.);
#7096 = EDGE_LOOP('',(#7097,#7108,#7117,#7126,#7145,#7154,#7161,#7162,
    #7163));
#7097 = ORIENTED_EDGE('',*,*,#7098,.F.);
#7098 = EDGE_CURVE('',#7099,#2739,#7101,.T.);
#7099 = VERTEX_POINT('',#7100);
#7100 = CARTESIAN_POINT('',(16.919760356424,-19.01584283426,
    -138.9414213562));
#7101 = B_SPLINE_CURVE_WITH_KNOTS('',3,(#7102,#7103,#7104,#7105,#7106,
    #7107),.UNSPECIFIED.,.F.,.F.,(4,2,4),(0.,4.945577239218E-04,
    9.891154478436E-04),.UNSPECIFIED.);
#7102 = CARTESIAN_POINT('',(16.919760356424,-19.01584283426,
    -138.9414213562));
#7103 = CARTESIAN_POINT('',(16.960972675099,-19.17998573599,
    -138.9414213562));
#7104 = CARTESIAN_POINT('',(16.975180186197,-19.34366971697,
    -138.9257027958));
#7105 = CARTESIAN_POINT('',(16.979240908739,-19.67150115994,
    -138.88945181));
#7106 = CARTESIAN_POINT('',(16.967764220743,-19.83614656317,
    -138.8677642207));
#7107 = CARTESIAN_POINT('',(16.947234448297,-19.99999999998,
    -138.8472344482));
#7108 = ORIENTED_EDGE('',*,*,#7109,.F.);
#7109 = EDGE_CURVE('',#7110,#7099,#7112,.T.);
#7110 = VERTEX_POINT('',#7111);
#7111 = CARTESIAN_POINT('',(12.982136746351,-15.95861812212,
    -138.9414213562));
#7112 = CIRCLE('',#7113,4.041421356237);
#7113 = AXIS2_PLACEMENT_3D('',#7114,#7115,#7116);
#7114 = CARTESIAN_POINT('',(13.,-20.,-138.9414213562));
#7115 = DIRECTION('',(0.,-0.,-1.));
#7116 = DIRECTION('',(1.,-2.58E-15,0.));
#7117 = ORIENTED_EDGE('',*,*,#7118,.F.);
#7118 = EDGE_CURVE('',#7119,#7110,#7121,.T.);
#7119 = VERTEX_POINT('',#7120);
#7120 = CARTESIAN_POINT('',(12.817562062338,-15.96095022569,
    -138.9431679015));
#7121 = B_SPLINE_CURVE_WITH_KNOTS('',3,(#7122,#7123,#7124,#7125),
  .UNSPECIFIED.,.F.,.F.,(4,4),(0.,1.646004731025E-04),
  .PIECEWISE_BEZIER_KNOTS.);
#7122 = CARTESIAN_POINT('',(12.817562062338,-15.96095022569,
    -138.9431679015));
#7123 = CARTESIAN_POINT('',(12.872400789528,-15.95961856513,
    -138.942023744));
#7124 = CARTESIAN_POINT('',(12.927270457946,-15.95886063581,
    -138.9414213562));
#7125 = CARTESIAN_POINT('',(12.982136746351,-15.95861812212,
    -138.9414213562));
#7126 = ORIENTED_EDGE('',*,*,#7127,.F.);
#7127 = EDGE_CURVE('',#7128,#7119,#7130,.T.);
#7128 = VERTEX_POINT('',#7129);
#7129 = CARTESIAN_POINT('',(9.382842321547,-18.1935180572,
    -138.9431679015));
#7130 = B_SPLINE_CURVE_WITH_KNOTS('',3,(#7131,#7132,#7133,#7134,#7135,
    #7136,#7137,#7138,#7139,#7140,#7141,#7142,#7143,#7144),
  .UNSPECIFIED.,.F.,.F.,(4,2,2,2,2,2,4),(0.,1.074379826908E-03,
    1.611569740361E-03,2.148759653815E-03,2.685949567269E-03,
    3.223139480723E-03,4.29751930763E-03),.UNSPECIFIED.);
#7131 = CARTESIAN_POINT('',(9.382842321547,-18.1935180572,
    -138.9431679015));
#7132 = CARTESIAN_POINT('',(9.537928012576,-17.86607270298,
    -138.9507250256));
#7133 = CARTESIAN_POINT('',(9.734408310158,-17.56666269905,
    -138.9564874159));
#7134 = CARTESIAN_POINT('',(10.090120598699,-17.15886304284,
    -138.9628715217));
#7135 = CARTESIAN_POINT('',(10.218536586612,-17.03078033694,
    -138.9645772553));
#7136 = CARTESIAN_POINT('',(10.488698458377,-16.79608604016,
    -138.96690106));
#7137 = CARTESIAN_POINT('',(10.631248419003,-16.68853097691,
    -138.9675231984));
#7138 = CARTESIAN_POINT('',(10.931413916322,-16.49317138994,
    -138.9675335416));
#7139 = CARTESIAN_POINT('',(11.090360137776,-16.40480248026,
    -138.966909088));
#7140 = CARTESIAN_POINT('',(11.41655627931,-16.25221854451,
    -138.9645712905));
#7141 = CARTESIAN_POINT('',(11.583505415375,-16.18785028836,
    -138.9628838398));
#7142 = CARTESIAN_POINT('',(12.095556924131,-16.02942625625,
    -138.956575426));
#7143 = CARTESIAN_POINT('',(12.455359476172,-15.96974566867,
    -138.9507249117));
#7144 = CARTESIAN_POINT('',(12.817562062338,-15.96095022569,
    -138.9431679015));
#7145 = ORIENTED_EDGE('',*,*,#7146,.F.);
#7146 = EDGE_CURVE('',#7147,#7128,#7149,.T.);
#7147 = VERTEX_POINT('',#7148);
#7148 = CARTESIAN_POINT('',(9.313897776973,-18.34297345222,
    -138.9414213562));
#7149 = B_SPLINE_CURVE_WITH_KNOTS('',3,(#7150,#7151,#7152,#7153),
  .UNSPECIFIED.,.F.,.F.,(4,4),(0.,1.646004731025E-04),
  .PIECEWISE_BEZIER_KNOTS.);
#7150 = CARTESIAN_POINT('',(9.313897776973,-18.34297345222,
    -138.9414213562));
#7151 = CARTESIAN_POINT('',(9.336393769486,-18.29293048331,
    -138.9414213562));
#7152 = CARTESIAN_POINT('',(9.359362164306,-18.24309367153,
    -138.942023744));
#7153 = CARTESIAN_POINT('',(9.382842321547,-18.1935180572,
    -138.9431679015));
#7154 = ORIENTED_EDGE('',*,*,#7155,.F.);
#7155 = EDGE_CURVE('',#2709,#7147,#7156,.T.);
#7156 = CIRCLE('',#7157,4.041421356237);
#7157 = AXIS2_PLACEMENT_3D('',#7158,#7159,#7160);
#7158 = CARTESIAN_POINT('',(13.,-20.,-138.9414213562));
#7159 = DIRECTION('',(0.,0.,-1.));
#7160 = DIRECTION('',(1.,0.,0.));
#7161 = ORIENTED_EDGE('',*,*,#2708,.F.);
#7162 = ORIENTED_EDGE('',*,*,#2190,.F.);
#7163 = ORIENTED_EDGE('',*,*,#2749,.T.);
#7164 = CONICAL_SURFACE('',#7165,4.1,0.785398163397);
#7165 = AXIS2_PLACEMENT_3D('',#7166,#7167,#7168);
#7166 = CARTESIAN_POINT('',(13.,-20.,-139.));
#7167 = DIRECTION('',(0.,0.,-1.));
#7168 = DIRECTION('',(-1.,0.,0.));
#7169 = ADVANCED_FACE('',(#7170),#7206,.F.);
#7170 = FACE_BOUND('',#7171,.F.);
#7171 = EDGE_LOOP('',(#7172,#7181,#7194,#7203,#7204,#7205));
#7172 = ORIENTED_EDGE('',*,*,#7173,.F.);
#7173 = EDGE_CURVE('',#7174,#2836,#7176,.T.);
#7174 = VERTEX_POINT('',#7175);
#7175 = CARTESIAN_POINT('',(-14.71805545691,23.658055771256,
    -138.9414213562));
#7176 = CIRCLE('',#7177,4.041421356237);
#7177 = AXIS2_PLACEMENT_3D('',#7178,#7179,#7180);
#7178 = CARTESIAN_POINT('',(-13.,20.,-138.9414213562));
#7179 = DIRECTION('',(0.,0.,-1.));
#7180 = DIRECTION('',(1.,0.,0.));
#7181 = ORIENTED_EDGE('',*,*,#7182,.F.);
#7182 = EDGE_CURVE('',#7183,#7174,#7185,.T.);
#7183 = VERTEX_POINT('',#7184);
#7184 = CARTESIAN_POINT('',(-16.56688211903,21.447333403503,
    -138.7493404671));
#7185 = B_SPLINE_CURVE_WITH_KNOTS('',3,(#7186,#7187,#7188,#7189,#7190,
    #7191,#7192,#7193),.UNSPECIFIED.,.F.,.F.,(4,2,2,4),(0.,
    1.479107745095E-03,2.218661617642E-03,2.95821549019E-03),
  .UNSPECIFIED.);
#7186 = CARTESIAN_POINT('',(-16.56688211903,21.447333403503,
    -138.7493404671));
#7187 = CARTESIAN_POINT('',(-16.38925560859,21.909038797401,
    -138.758346897));
#7188 = CARTESIAN_POINT('',(-16.14605932567,22.344272490076,
    -138.7933183569));
#7189 = CARTESIAN_POINT('',(-15.68931955158,22.914540026235,
    -138.8583000738));
#7190 = CARTESIAN_POINT('',(-15.52080043333,23.09231584702,
    -138.8820069866));
#7191 = CARTESIAN_POINT('',(-15.14513732183,23.412408416965,
    -138.9231421616));
#7192 = CARTESIAN_POINT('',(-14.94354255802,23.552152699036,
    -138.9414213562));
#7193 = CARTESIAN_POINT('',(-14.71805545691,23.658055771256,
    -138.9414213562));
#7194 = ORIENTED_EDGE('',*,*,#7195,.F.);
#7195 = EDGE_CURVE('',#2771,#7183,#7196,.T.);
#7196 = B_SPLINE_CURVE_WITH_KNOTS('',3,(#7197,#7198,#7199,#7200,#7201,
    #7202),.UNSPECIFIED.,.F.,.F.,(4,2,4),(9.891154478437E-04,
    1.739084088808E-03,2.489052729773E-03),.UNSPECIFIED.);
#7197 = CARTESIAN_POINT('',(-16.94723444829,19.999999999984,
    -138.8472344482));
#7198 = CARTESIAN_POINT('',(-16.91610221681,20.248474411323,
    -138.8161022168));
#7199 = CARTESIAN_POINT('',(-16.86482248099,20.491988657354,
    -138.7880667152));
#7200 = CARTESIAN_POINT('',(-16.7356414485,20.97360567146,
    -138.7524125128));
#7201 = CARTESIAN_POINT('',(-16.65755137785,21.211656387995,
    -138.7447431447));
#7202 = CARTESIAN_POINT('',(-16.56688211903,21.447333403503,
    -138.7493404671));
#7203 = ORIENTED_EDGE('',*,*,#2770,.F.);
#7204 = ORIENTED_EDGE('',*,*,#2376,.F.);
#7205 = ORIENTED_EDGE('',*,*,#2844,.T.);
#7206 = CONICAL_SURFACE('',#7207,2.1,0.785398163397);
#7207 = AXIS2_PLACEMENT_3D('',#7208,#7209,#7210);
#7208 = CARTESIAN_POINT('',(-13.,20.,-137.));
#7209 = DIRECTION('',(0.,0.,-1.));
#7210 = DIRECTION('',(-1.,0.,0.));
#7211 = ADVANCED_FACE('',(#7212),#7248,.F.);
#7212 = FACE_BOUND('',#7213,.F.);
#7213 = EDGE_LOOP('',(#7214,#7225,#7238,#7245,#7246,#7247));
#7214 = ORIENTED_EDGE('',*,*,#7215,.F.);
#7215 = EDGE_CURVE('',#7216,#2929,#7218,.T.);
#7216 = VERTEX_POINT('',#7217);
#7217 = CARTESIAN_POINT('',(16.566882119038,21.447333403503,
    -138.7493404671));
#7218 = B_SPLINE_CURVE_WITH_KNOTS('',3,(#7219,#7220,#7221,#7222,#7223,
    #7224),.UNSPECIFIED.,.F.,.F.,(4,2,4),(0.,7.551843970874E-04,
    1.510368794175E-03),.UNSPECIFIED.);
#7219 = CARTESIAN_POINT('',(16.566882119038,21.447333403503,
    -138.7493404671));
#7220 = CARTESIAN_POINT('',(16.657337428792,21.212212506763,
    -138.7447539929));
#7221 = CARTESIAN_POINT('',(16.736126287023,20.972115585889,
    -138.7524676191));
#7222 = CARTESIAN_POINT('',(16.86546147167,20.489286076785,
    -138.7883224744));
#7223 = CARTESIAN_POINT('',(16.916368118735,20.246352179171,
    -138.8163681187));
#7224 = CARTESIAN_POINT('',(16.947234448295,20.,-138.8472344482));
#7225 = ORIENTED_EDGE('',*,*,#7226,.F.);
#7226 = EDGE_CURVE('',#7227,#7216,#7229,.T.);
#7227 = VERTEX_POINT('',#7228);
#7228 = CARTESIAN_POINT('',(14.718055456914,23.658055771256,
    -138.9414213562));
#7229 = B_SPLINE_CURVE_WITH_KNOTS('',3,(#7230,#7231,#7232,#7233,#7234,
    #7235,#7236,#7237),.UNSPECIFIED.,.F.,.F.,(4,2,2,4),(0.,
    7.450974690019E-04,1.490194938004E-03,2.980389876007E-03),
  .UNSPECIFIED.);
#7230 = CARTESIAN_POINT('',(14.718055456914,23.658055771256,
    -138.9414213562));
#7231 = CARTESIAN_POINT('',(14.943499828114,23.552172767718,
    -138.9414213562));
#7232 = CARTESIAN_POINT('',(15.148791153524,23.409547969214,
    -138.9227833495));
#7233 = CARTESIAN_POINT('',(15.521283054145,23.09164890986,
    -138.8819123951));
#7234 = CARTESIAN_POINT('',(15.691146805689,22.912727431731,
    -138.8580486073));
#7235 = CARTESIAN_POINT('',(16.152051582783,22.335838236125,
    -138.7924485446));
#7236 = CARTESIAN_POINT('',(16.389015180573,21.909663743053,
    -138.7583590878));
#7237 = CARTESIAN_POINT('',(16.566882119038,21.447333403503,
    -138.7493404671));
#7238 = ORIENTED_EDGE('',*,*,#7239,.F.);
#7239 = EDGE_CURVE('',#2866,#7227,#7240,.T.);
#7240 = CIRCLE('',#7241,4.041421356237);
#7241 = AXIS2_PLACEMENT_3D('',#7242,#7243,#7244);
#7242 = CARTESIAN_POINT('',(13.,20.,-138.9414213562));
#7243 = DIRECTION('',(0.,0.,-1.));
#7244 = DIRECTION('',(1.,0.,0.));
#7245 = ORIENTED_EDGE('',*,*,#2865,.F.);
#7246 = ORIENTED_EDGE('',*,*,#2469,.F.);
#7247 = ORIENTED_EDGE('',*,*,#2939,.T.);
#7248 = CONICAL_SURFACE('',#7249,2.1,0.785398163397);
#7249 = AXIS2_PLACEMENT_3D('',#7250,#7251,#7252);
#7250 = CARTESIAN_POINT('',(13.,20.,-137.));
#7251 = DIRECTION('',(0.,0.,-1.));
#7252 = DIRECTION('',(-1.,0.,0.));
#7253 = ADVANCED_FACE('',(#7254),#7366,.T.);
#7254 = FACE_BOUND('',#7255,.T.);
#7255 = EDGE_LOOP('',(#7256,#7257,#7258,#7259,#7260,#7297,#7308,#7309,
    #7316,#7317));
#7256 = ORIENTED_EDGE('',*,*,#2967,.F.);
#7257 = ORIENTED_EDGE('',*,*,#2175,.T.);
#7258 = ORIENTED_EDGE('',*,*,#3108,.T.);
#7259 = ORIENTED_EDGE('',*,*,#6354,.T.);
#7260 = ORIENTED_EDGE('',*,*,#7261,.T.);
#7261 = EDGE_CURVE('',#3409,#7262,#7264,.T.);
#7262 = VERTEX_POINT('',#7263);
#7263 = CARTESIAN_POINT('',(-9.6,-2.8,-159.3065996645));
#7264 = B_SPLINE_CURVE_WITH_KNOTS('',3,(#7265,#7266,#7267,#7268,#7269,
    #7270,#7271,#7272,#7273,#7274,#7275,#7276,#7277,#7278,#7279,#7280,
    #7281,#7282,#7283,#7284,#7285,#7286,#7287,#7288,#7289,#7290,#7291,
    #7292,#7293,#7294,#7295,#7296),.UNSPECIFIED.,.F.,.F.,(4,2,2,2,2,2,2,
    2,2,2,2,2,2,2,2,4),(2.932720126833E-03,3.769235358725E-03,
    4.605750590617E-03,5.442265822508E-03,6.2787810544E-03,
    7.115296286292E-03,7.951811518183E-03,8.788326750075E-03,
    9.624841981967E-03,1.046135721386E-02,1.129787244575E-02,
    1.213438767764E-02,1.297090290953E-02,1.464393337332E-02,
    1.548044860521E-02,1.63169638371E-02),.UNSPECIFIED.);
#7265 = CARTESIAN_POINT('',(-9.6,-2.8,-148.6934003354));
#7266 = CARTESIAN_POINT('',(-9.530154058711,-3.039471798705,
    -148.8197563974));
#7267 = CARTESIAN_POINT('',(-9.453021386865,-3.270365259155,
    -148.9623835279));
#7268 = CARTESIAN_POINT('',(-9.289473949786,-3.709525037665,
    -149.2764110421));
#7269 = CARTESIAN_POINT('',(-9.204008057491,-3.91551864586,
    -149.4459654785));
#7270 = CARTESIAN_POINT('',(-9.029578982504,-4.302528789812,
    -149.8096822672));
#7271 = CARTESIAN_POINT('',(-8.940593984793,-4.483538725128,
    -150.0038412619));
#7272 = CARTESIAN_POINT('',(-8.76321978341,-4.821028866156,
    -150.4182288136));
#7273 = CARTESIAN_POINT('',(-8.675328605148,-4.976438457602,
    -150.6375482326));
#7274 = CARTESIAN_POINT('',(-8.509510242001,-5.254950196804,
    -151.0919903646));
#7275 = CARTESIAN_POINT('',(-8.431011175613,-5.379128667907,
    -151.3283744871));
#7276 = CARTESIAN_POINT('',(-8.288007207097,-5.596955529957,
    -151.8213084426));
#7277 = CARTESIAN_POINT('',(-8.223177715747,-5.691054361167,
    -152.0793902342));
#7278 = CARTESIAN_POINT('',(-8.115268937346,-5.843899516681,
    -152.612311255));
#7279 = CARTESIAN_POINT('',(-8.072950292909,-5.901679811746,
    -152.8830845401));
#7280 = CARTESIAN_POINT('',(-8.015340579119,-5.979687820687,
    -153.4337330029));
#7281 = CARTESIAN_POINT('',(-8.000070679185,-5.999905761078,
    -153.7154393621));
#7282 = CARTESIAN_POINT('',(-7.999929817833,-6.000093576231,
    -154.2805725839));
#7283 = CARTESIAN_POINT('',(-8.014857570653,-5.980331955363,
    -154.559394567));
#7284 = CARTESIAN_POINT('',(-8.071998553587,-5.90297819114,
    -155.1100184921));
#7285 = CARTESIAN_POINT('',(-8.114497308054,-5.844968097834,
    -155.3832138933));
#7286 = CARTESIAN_POINT('',(-8.222226099774,-5.692426248209,
    -155.91656363));
#7287 = CARTESIAN_POINT('',(-8.286543609312,-5.599135046563,
    -156.1732756091));
#7288 = CARTESIAN_POINT('',(-8.430196536093,-5.380418628837,
    -156.6691825567));
#7289 = CARTESIAN_POINT('',(-8.509935736006,-5.254321664727,
    -156.9094146261));
#7290 = CARTESIAN_POINT('',(-8.761543240409,-4.831456260382,
    -157.5982480317));
#7291 = CARTESIAN_POINT('',(-8.942342735671,-4.496472988275,
    -158.0086212795));
#7292 = CARTESIAN_POINT('',(-9.206337912351,-3.910151272998,
    -158.5587877222));
#7293 = CARTESIAN_POINT('',(-9.292410707557,-3.702020732317,
    -158.729316786));
#7294 = CARTESIAN_POINT('',(-9.454136934681,-3.266978585899,
    -159.0396672196));
#7295 = CARTESIAN_POINT('',(-9.53027579867,-3.039054404558,
    -159.1804638384));
#7296 = CARTESIAN_POINT('',(-9.6,-2.8,-159.3065996645));
#7297 = ORIENTED_EDGE('',*,*,#7298,.T.);
#7298 = EDGE_CURVE('',#7262,#3051,#7299,.T.);
#7299 = B_SPLINE_CURVE_WITH_KNOTS('',3,(#7300,#7301,#7302,#7303,#7304,
    #7305,#7306,#7307),.UNSPECIFIED.,.F.,.F.,(4,2,2,4),(
    1.63169638371E-02,1.778325360132E-02,1.851639848342E-02,
    1.924954336553E-02),.UNSPECIFIED.);
#7300 = CARTESIAN_POINT('',(-9.6,-2.8,-159.3065996645));
#7301 = CARTESIAN_POINT('',(-9.722216403037,-2.380972332444,
    -159.5276974566));
#7302 = CARTESIAN_POINT('',(-9.825036867635,-1.921798803461,
    -159.7044109946));
#7303 = CARTESIAN_POINT('',(-9.928330460259,-1.218367471138,
    -159.8799646737));
#7304 = CARTESIAN_POINT('',(-9.954818543151,-0.980093798649,
    -159.9244402283));
#7305 = CARTESIAN_POINT('',(-9.990662700895,-0.495635832213,
    -159.9844733264));
#7306 = CARTESIAN_POINT('',(-10.,-0.247429677889,-160.));
#7307 = CARTESIAN_POINT('',(-10.,-1.E-17,-160.));
#7308 = ORIENTED_EDGE('',*,*,#3050,.T.);
#7309 = ORIENTED_EDGE('',*,*,#7310,.T.);
#7310 = EDGE_CURVE('',#3042,#3034,#7311,.T.);
#7311 = CIRCLE('',#7312,10.);
#7312 = AXIS2_PLACEMENT_3D('',#7313,#7314,#7315);
#7313 = CARTESIAN_POINT('',(4.55E-15,0.,-162.));
#7314 = DIRECTION('',(0.,0.,1.));
#7315 = DIRECTION('',(1.,0.,-0.));
#7316 = ORIENTED_EDGE('',*,*,#3033,.F.);
#7317 = ORIENTED_EDGE('',*,*,#7318,.T.);
#7318 = EDGE_CURVE('',#3001,#2968,#7319,.T.);
#7319 = B_SPLINE_CURVE_WITH_KNOTS('',3,(#7320,#7321,#7322,#7323,#7324,
    #7325,#7326,#7327,#7328,#7329,#7330,#7331,#7332,#7333,#7334,#7335,
    #7336,#7337,#7338,#7339,#7340,#7341,#7342,#7343,#7344,#7345,#7346,
    #7347,#7348,#7349,#7350,#7351,#7352,#7353,#7354,#7355,#7356,#7357,
    #7358,#7359,#7360,#7361,#7362,#7363,#7364,#7365),.UNSPECIFIED.,.F.,
  .F.,(4,2,2,2,2,2,2,2,2,2,2,2,2,2,2,2,2,2,2,2,2,2,4),(
    1.924954336553E-02,2.045024950337E-02,2.105060257229E-02,
    2.165095564121E-02,2.225130871013E-02,2.285166177905E-02,
    2.405236791689E-02,2.525307405473E-02,2.645378019257E-02,
    2.705413326149E-02,2.765448633041E-02,2.825483939933E-02,
    2.885519246825E-02,3.005589860609E-02,3.125660474393E-02,
    3.245731088177E-02,3.36580170196E-02,3.485872315744E-02,
    3.545907622636E-02,3.605942929528E-02,3.726013543312E-02,
    3.786048850204E-02,3.846084157096E-02),.UNSPECIFIED.);
#7320 = CARTESIAN_POINT('',(10.,-1.66E-15,-160.));
#7321 = CARTESIAN_POINT('',(10.,-0.405227316149,-160.));
#7322 = CARTESIAN_POINT('',(9.975469519846,-0.803683361029,
    -159.9593723173));
#7323 = CARTESIAN_POINT('',(9.904653401743,-1.391695283778,
    -159.8397937101));
#7324 = CARTESIAN_POINT('',(9.875134926497,-1.587219675396,
    -159.7896980465));
#7325 = CARTESIAN_POINT('',(9.806224642578,-1.968632615237,
    -159.6713627458));
#7326 = CARTESIAN_POINT('',(9.766972526337,-2.154264117376,
    -159.6033655901));
#7327 = CARTESIAN_POINT('',(9.680092174377,-2.516032931662,
    -159.4505172333));
#7328 = CARTESIAN_POINT('',(9.63246040248,-2.692168354449,
    -159.3656637282));
#7329 = CARTESIAN_POINT('',(9.529902216964,-3.03529695238,
    -159.1792943635));
#7330 = CARTESIAN_POINT('',(9.474684130322,-3.203040009832,
    -159.0772213809));
#7331 = CARTESIAN_POINT('',(9.302529035819,-3.685019977366,
    -158.7509153635));
#7332 = CARTESIAN_POINT('',(9.178911176228,-3.979525575716,
    -158.506636127));
#7333 = CARTESIAN_POINT('',(8.925305311771,-4.519730000843,
    -157.964647993));
#7334 = CARTESIAN_POINT('',(8.794739343793,-4.765820465974,
    -157.6651140687));
#7335 = CARTESIAN_POINT('',(8.549830518147,-5.192387018522,
    -157.0307132659));
#7336 = CARTESIAN_POINT('',(8.434199909738,-5.375648687661,
    -156.693594842));
#7337 = CARTESIAN_POINT('',(8.282830004122,-5.603843221884,
    -156.1529524242));
#7338 = CARTESIAN_POINT('',(8.235970573989,-5.672204065619,
    -155.9660170315));
#7339 = CARTESIAN_POINT('',(8.154036291479,-5.789369777004,
    -155.5881811973));
#7340 = CARTESIAN_POINT('',(8.118670948951,-5.838630383563,
    -155.3963982827));
#7341 = CARTESIAN_POINT('',(8.060802005575,-5.918267800642,
    -155.0067964838));
#7342 = CARTESIAN_POINT('',(8.038298999022,-5.948646956027,
    -154.8089780126));
#7343 = CARTESIAN_POINT('',(8.00782943945,-5.989600911063,
    -154.4068500442));
#7344 = CARTESIAN_POINT('',(8.000031818582,-5.999957575223,
    -154.2027360509));
#7345 = CARTESIAN_POINT('',(7.999936660265,-6.000084452983,
    -153.5983063352));
#7346 = CARTESIAN_POINT('',(8.03045912653,-5.959992197959,
    -153.1999473867));
#7347 = CARTESIAN_POINT('',(8.146762937617,-5.800002967315,
    -152.4120589548));
#7348 = CARTESIAN_POINT('',(8.23095300118,-5.681944431426,
    -152.0332316866));
#7349 = CARTESIAN_POINT('',(8.432125716319,-5.378878668797,
    -151.3129320092));
#7350 = CARTESIAN_POINT('',(8.550203871006,-5.191822204398,
    -150.9681399441));
#7351 = CARTESIAN_POINT('',(8.796087519298,-4.763386231525,
    -150.3315746143));
#7352 = CARTESIAN_POINT('',(8.924797207603,-4.520916466877,
    -150.0363706315));
#7353 = CARTESIAN_POINT('',(9.180671356216,-3.975671559182,
    -149.4896697322));
#7354 = CARTESIAN_POINT('',(9.304151242747,-3.680627977384,
    -149.2459801787));
#7355 = CARTESIAN_POINT('',(9.474626018533,-3.203127373816,
    -148.9229037118));
#7356 = CARTESIAN_POINT('',(9.529008066655,-3.038088735723,
    -148.8223510205));
#7357 = CARTESIAN_POINT('',(9.631537354464,-2.69545285436,
    -148.6359934721));
#7358 = CARTESIAN_POINT('',(9.67996167501,-2.516621263039,
    -148.5497101858));
#7359 = CARTESIAN_POINT('',(9.811066920827,-1.970565482297,
    -148.3190636124));
#7360 = CARTESIAN_POINT('',(9.879932731043,-1.594043775273,
    -148.2019649694));
#7361 = CARTESIAN_POINT('',(9.950840295117,-1.009598436473,
    -148.0822083983));
#7362 = CARTESIAN_POINT('',(9.96906699172,-0.811486063343,
    -148.0516750834));
#7363 = CARTESIAN_POINT('',(9.99370588696,-0.408226605373,
    -148.0104733089));
#7364 = CARTESIAN_POINT('',(10.,-0.203301627708,-148.));
#7365 = CARTESIAN_POINT('',(10.,-1.67E-15,-148.));
#7366 = CYLINDRICAL_SURFACE('',#7367,10.);
#7367 = AXIS2_PLACEMENT_3D('',#7368,#7369,#7370);
#7368 = CARTESIAN_POINT('',(4.55E-15,0.,-202.5));
#7369 = DIRECTION('',(0.,0.,-1.));
#7370 = DIRECTION('',(-1.,0.,0.));
#7371 = ADVANCED_FACE('',(#7372),#7383,.F.);
#7372 = FACE_BOUND('',#7373,.F.);
#7373 = EDGE_LOOP('',(#7374,#7375,#7382));
#7374 = ORIENTED_EDGE('',*,*,#3058,.T.);
#7375 = ORIENTED_EDGE('',*,*,#7376,.F.);
#7376 = EDGE_CURVE('',#7262,#3059,#7377,.T.);
#7377 = CIRCLE('',#7378,6.);
#7378 = AXIS2_PLACEMENT_3D('',#7379,#7380,#7381);
#7379 = CARTESIAN_POINT('',(-9.6,-1.E-15,-154.));
#7380 = DIRECTION('',(1.,-1.7E-16,0.));
#7381 = DIRECTION('',(-1.67103300251E-16,-0.982960589712,-0.183816427648
    ));
#7382 = ORIENTED_EDGE('',*,*,#7298,.T.);
#7383 = CYLINDRICAL_SURFACE('',#7384,6.);
#7384 = AXIS2_PLACEMENT_3D('',#7385,#7386,#7387);
#7385 = CARTESIAN_POINT('',(23.5,0.,-154.));
#7386 = DIRECTION('',(-1.,0.,0.));
#7387 = DIRECTION('',(0.,0.,1.));
#7388 = ADVANCED_FACE('',(#7389),#7426,.F.);
#7389 = FACE_BOUND('',#7390,.F.);
#7390 = EDGE_LOOP('',(#7391,#7392,#7401,#7419));
#7391 = ORIENTED_EDGE('',*,*,#2048,.T.);
#7392 = ORIENTED_EDGE('',*,*,#7393,.T.);
#7393 = EDGE_CURVE('',#2049,#7394,#7396,.T.);
#7394 = VERTEX_POINT('',#7395);
#7395 = CARTESIAN_POINT('',(12.815338788723,15.824807367986,
    -139.0016373862));
#7396 = CIRCLE('',#7397,3.);
#7397 = AXIS2_PLACEMENT_3D('',#7398,#7399,#7400);
#7398 = CARTESIAN_POINT('',(12.877709011033,15.90182419679,-142.));
#7399 = DIRECTION('',(-0.777130050657,0.629340038743,-7.E-16));
#7400 = DIRECTION('',(0.629340038743,0.777130050657,4.930380657631E-32)
  );
#7401 = ORIENTED_EDGE('',*,*,#7402,.F.);
#7402 = EDGE_CURVE('',#7403,#7394,#7405,.T.);
#7403 = VERTEX_POINT('',#7404);
#7404 = CARTESIAN_POINT('',(9.259326135602,18.136215592515,
    -139.0016373862));
#7405 = B_SPLINE_CURVE_WITH_KNOTS('',3,(#7406,#7407,#7408,#7409,#7410,
    #7411,#7412,#7413,#7414,#7415,#7416,#7417,#7418),.UNSPECIFIED.,.F.,
  .F.,(4,2,2,1,2,2,4),(0.,1.100800171501E-03,1.651200257252E-03,
    2.201600343003E-03,2.752000428753E-03,3.302400514504E-03,
    4.403200686005E-03),.UNSPECIFIED.);
#7406 = CARTESIAN_POINT('',(9.259326135602,18.136215592515,
    -139.0016373862));
#7407 = CARTESIAN_POINT('',(9.434909898223,17.808107439806,
    -139.0086573421));
#7408 = CARTESIAN_POINT('',(9.648477521629,17.50940455643,
    -139.0115717282));
#7409 = CARTESIAN_POINT('',(10.023185340593,17.103470676721,
    -139.0137996103));
#7410 = CARTESIAN_POINT('',(10.158296533601,16.974475210448,
    -139.0141554846));
#7411 = CARTESIAN_POINT('',(10.441190033808,16.736416682661,
    -139.0145342147));
#7412 = CARTESIAN_POINT('',(10.736741840369,16.517672551824,
    -139.0146086551));
#7413 = CARTESIAN_POINT('',(11.056799388202,16.336319996828,
    -139.0145340687));
#7414 = CARTESIAN_POINT('',(11.389551365812,16.174336956888,
    -139.0141540444));
#7415 = CARTESIAN_POINT('',(11.56209916427,16.103363049687,
    -139.0137974662));
#7416 = CARTESIAN_POINT('',(12.08470216683,15.925962962886,
    -139.0115694678));
#7417 = CARTESIAN_POINT('',(12.444200360985,15.852066939948,
    -139.0086573979));
#7418 = CARTESIAN_POINT('',(12.815338788723,15.824807367986,
    -139.0016373862));
#7419 = ORIENTED_EDGE('',*,*,#7420,.T.);
#7420 = EDGE_CURVE('',#7403,#2040,#7421,.T.);
#7421 = CIRCLE('',#7422,3.);
#7422 = AXIS2_PLACEMENT_3D('',#7423,#7424,#7425);
#7423 = CARTESIAN_POINT('',(9.304389808053,18.224481678727,-142.));
#7424 = DIRECTION('',(0.890639476008,-0.454710153589,0.));
#7425 = DIRECTION('',(0.454710153589,0.890639476008,9.25E-15));
#7426 = ( BOUNDED_SURFACE() B_SPLINE_SURFACE(3,2,(
    (#7427,#7428,#7429)
    ,(#7430,#7431,#7432)
    ,(#7433,#7434,#7435)
    ,(#7436,#7437,#7438)
    ,(#7439,#7440,#7441)
    ,(#7442,#7443,#7444)
    ,(#7445,#7446,#7447)
    ,(#7448,#7449,#7450)
    ,(#7451,#7452,#7453)
    ,(#7454,#7455,#7456)
    ,(#7457,#7458,#7459)
    ,(#7460,#7461,#7462)
    ,(#7463,#7464,#7465)
    ,(#7466,#7467,#7468)
    ,(#7469,#7470,#7471)
    ,(#7472,#7473,#7474
)),.UNSPECIFIED.,.F.,.F.,.F.) B_SPLINE_SURFACE_WITH_KNOTS((4,2,2,2,2,2,2
    ,4),(3,3),(9.443438649254E-03,1.051547658016E-02,1.105149554561E-02,
    1.158751451106E-02,1.185552399379E-02,1.212353347652E-02,
    1.265955244197E-02,1.373159037288E-02),(0.,0.947661109111),
.UNSPECIFIED.) GEOMETRIC_REPRESENTATION_ITEM() RATIONAL_B_SPLINE_SURFACE
((
    (1.,0.963289215808,0.996157196543)
    ,(1.,0.970834296292,0.996946998832)
    ,(1.,0.977972029695,0.997694160931)
    ,(1.,0.986461707814,0.998582841605)
    ,(1.,0.988917183602,0.998839875364)
    ,(1.,0.992494879525,0.999214380637)
    ,(1.,0.99359609846,0.999329653792)
    ,(1.,0.993645160328,0.99933478948)
    ,(1.,0.993390226144,0.999308103535)
    ,(1.,0.992413919167,0.999205905886)
    ,(1.,0.991696925622,0.999130852592)
    ,(1.,0.989021747653,0.998850820897)
    ,(1.,0.986553090316,0.998592407323)
    ,(1.,0.977992382745,0.997696291444)
    ,(1.,0.97077885568,0.996941195432)
,(1.,0.963289215808,0.996157196543
  ))) REPRESENTATION_ITEM('') SURFACE() );
#7427 = CARTESIAN_POINT('',(8.581510797965,16.808580631258,
    -139.4558557115));
#7428 = CARTESIAN_POINT('',(8.895208130006,17.423018697416,
    -139.024768244));
#7429 = CARTESIAN_POINT('',(9.264958681833,18.147248044691,
    -139.0012535698));
#7430 = CARTESIAN_POINT('',(8.878337844922,16.657037531728,
    -139.4558557081));
#7431 = CARTESIAN_POINT('',(9.106759009989,17.231062869838,
    -139.0714891673));
#7432 = CARTESIAN_POINT('',(9.397525059652,17.89417424948,
    -139.0060347423));
#7433 = CARTESIAN_POINT('',(9.186608238905,16.5351977229,-139.4305632769
    ));
#7434 = CARTESIAN_POINT('',(9.349098959469,17.047508768957,
    -139.1014542203));
#7435 = CARTESIAN_POINT('',(9.566243833357,17.631837857956,
    -139.0092278781));
#7436 = CARTESIAN_POINT('',(9.656216921714,16.369841021123,
    -139.3730910473));
#7437 = CARTESIAN_POINT('',(9.768344557329,16.771994935284,
    -139.1210554629));
#7438 = CARTESIAN_POINT('',(9.917026873347,17.223352302332,
    -139.0114945205));
#7439 = CARTESIAN_POINT('',(9.813882174891,16.31756842003,
    -139.3507353112));
#7440 = CARTESIAN_POINT('',(9.917024664541,16.680290094413,
    -139.1233946829));
#7441 = CARTESIAN_POINT('',(10.050709293545,17.08470216361,
    -139.0118264606));
#7442 = CARTESIAN_POINT('',(10.123557724791,16.199090241148,
    -139.3127011238));
#7443 = CARTESIAN_POINT('',(10.232000216604,16.488281735259,
    -139.1236522426));
#7444 = CARTESIAN_POINT('',(10.361856003728,16.8073948457,
    -139.0119993228));
#7445 = CARTESIAN_POINT('',(10.275088940149,16.131686924263,
    -139.2978265793));
#7446 = CARTESIAN_POINT('',(10.399144561854,16.386761132065,
    -139.1219249536));
#7447 = CARTESIAN_POINT('',(10.540882198422,16.668117190188,
    -139.0118732079));
#7448 = CARTESIAN_POINT('',(10.487734401669,15.994806002979,
    -139.2971905652));
#7449 = CARTESIAN_POINT('',(10.653352134655,16.221816082437,
    -139.1218633431));
#7450 = CARTESIAN_POINT('',(10.835935585352,16.475310347902,
    -139.0118691027));
#7451 = CARTESIAN_POINT('',(10.556104689117,15.943271543692,
    -139.3005729185));
#7452 = CARTESIAN_POINT('',(10.738481703859,16.164896325023,
    -139.1222276943));
#7453 = CARTESIAN_POINT('',(10.938177851515,16.414159766448,
    -139.0118948065));
#7454 = CARTESIAN_POINT('',(10.684495884438,15.834305360529,
    -139.3125981797));
#7455 = CARTESIAN_POINT('',(10.901601812613,16.053735443409,
    -139.1230959722));
#7456 = CARTESIAN_POINT('',(11.137920736386,16.304706292813,
    -139.011940828));
#7457 = CARTESIAN_POINT('',(10.745355010397,15.776566451517,
    -139.3211191657));
#7458 = CARTESIAN_POINT('',(10.980580464808,15.998940411645,
    -139.1235578285));
#7459 = CARTESIAN_POINT('',(11.236410055784,16.255675090137,
    -139.0119570999));
#7460 = CARTESIAN_POINT('',(10.92319042681,15.598727892482,
    -139.3497433292));
#7461 = CARTESIAN_POINT('',(11.211331562293,15.839241606268,
    -139.1234708219));
#7462 = CARTESIAN_POINT('',(11.524966056863,16.124233734826,
    -139.0118382954));
#7463 = CARTESIAN_POINT('',(11.036040155718,15.474608343339,
    -139.3723857558));
#7464 = CARTESIAN_POINT('',(11.357049280958,15.739392404457,
    -139.1212152703));
#7465 = CARTESIAN_POINT('',(11.707999108635,16.057285482837,
    -139.0115140314));
#7466 = CARTESIAN_POINT('',(11.381349424886,15.108663143603,
    -139.4305957731));
#7467 = CARTESIAN_POINT('',(11.783710563034,15.464830344427,
    -139.1015994215));
#7468 = CARTESIAN_POINT('',(12.229603860729,15.900208929615,
    -139.009242885));
#7469 = CARTESIAN_POINT('',(11.620082079567,14.874605128124,
    -139.4558557089));
#7470 = CARTESIAN_POINT('',(12.051974641014,15.317069660533,
    -139.0711487916));
#7471 = CARTESIAN_POINT('',(12.540176550288,15.852705876576,
    -139.0059996665));
#7472 = CARTESIAN_POINT('',(11.877210780183,14.666375642816,
    -139.4558557115));
#7473 = CARTESIAN_POINT('',(12.311382503735,15.202505354492,
    -139.024768244));
#7474 = CARTESIAN_POINT('',(12.823134495142,15.83443376604,
    -139.0012535698));
#7475 = ADVANCED_FACE('',(#7476),#7505,.F.);
#7476 = FACE_BOUND('',#7477,.F.);
#7477 = EDGE_LOOP('',(#7478,#7479,#7480,#7489,#7496,#7497,#7504));
#7478 = ORIENTED_EDGE('',*,*,#2069,.T.);
#7479 = ORIENTED_EDGE('',*,*,#4831,.T.);
#7480 = ORIENTED_EDGE('',*,*,#7481,.T.);
#7481 = EDGE_CURVE('',#4832,#7482,#7484,.T.);
#7482 = VERTEX_POINT('',#7483);
#7483 = CARTESIAN_POINT('',(12.815338788723,-15.82480736798,
    -139.0016373862));
#7484 = CIRCLE('',#7485,3.);
#7485 = AXIS2_PLACEMENT_3D('',#7486,#7487,#7488);
#7486 = CARTESIAN_POINT('',(12.877709011033,-15.90182419679,-142.));
#7487 = DIRECTION('',(0.777130050657,0.629340038743,0.));
#7488 = DIRECTION('',(0.629340038743,-0.777130050657,0.));
#7489 = ORIENTED_EDGE('',*,*,#7490,.F.);
#7490 = EDGE_CURVE('',#6436,#7482,#7491,.T.);
#7491 = B_SPLINE_CURVE_WITH_KNOTS('',3,(#7492,#7493,#7494,#7495),
  .UNSPECIFIED.,.F.,.F.,(4,4),(0.,1.663550532564E-04),
  .PIECEWISE_BEZIER_KNOTS.);
#7492 = CARTESIAN_POINT('',(12.981511657963,-15.81719814735,-139.));
#7493 = CARTESIAN_POINT('',(12.926095475122,-15.81918207884,-139.));
#7494 = CARTESIAN_POINT('',(12.870693049891,-15.82170147008,
    -139.0005657176));
#7495 = CARTESIAN_POINT('',(12.815338788723,-15.82480736798,
    -139.0016373862));
#7496 = ORIENTED_EDGE('',*,*,#6435,.T.);
#7497 = ORIENTED_EDGE('',*,*,#7498,.F.);
#7498 = EDGE_CURVE('',#7394,#6438,#7499,.T.);
#7499 = B_SPLINE_CURVE_WITH_KNOTS('',3,(#7500,#7501,#7502,#7503),
  .UNSPECIFIED.,.F.,.F.,(4,4),(0.,1.663550532564E-04),
  .PIECEWISE_BEZIER_KNOTS.);
#7500 = CARTESIAN_POINT('',(12.815338788723,15.824807367986,
    -139.0016373862));
#7501 = CARTESIAN_POINT('',(12.870693049891,15.821701470082,
    -139.0005657176));
#7502 = CARTESIAN_POINT('',(12.926095475122,15.819182078849,-139.));
#7503 = CARTESIAN_POINT('',(12.981511657963,15.817198147353,-139.));
#7504 = ORIENTED_EDGE('',*,*,#7393,.F.);
#7505 = TOROIDAL_SURFACE('',#7506,20.462243331523,3.);
#7506 = AXIS2_PLACEMENT_3D('',#7507,#7508,#7509);
#7507 = CARTESIAN_POINT('',(4.55E-15,0.,-142.));
#7508 = DIRECTION('',(0.,0.,-1.));
#7509 = DIRECTION('',(-1.,0.,0.));
#7510 = ADVANCED_FACE('',(#7511),#7539,.F.);
#7511 = FACE_BOUND('',#7512,.F.);
#7512 = EDGE_LOOP('',(#7513,#7514,#7515,#7522,#7523,#7532));
#7513 = ORIENTED_EDGE('',*,*,#2039,.T.);
#7514 = ORIENTED_EDGE('',*,*,#7420,.F.);
#7515 = ORIENTED_EDGE('',*,*,#7516,.F.);
#7516 = EDGE_CURVE('',#3236,#7403,#7517,.T.);
#7517 = B_SPLINE_CURVE_WITH_KNOTS('',3,(#7518,#7519,#7520,#7521),
  .UNSPECIFIED.,.F.,.F.,(4,4),(2.94E-15,1.663550532483E-04),
  .PIECEWISE_BEZIER_KNOTS.);
#7518 = CARTESIAN_POINT('',(9.184910094266,18.284989163757,-139.));
#7519 = CARTESIAN_POINT('',(9.20922078427,18.235150627899,-139.));
#7520 = CARTESIAN_POINT('',(9.234015237115,18.185542048384,
    -139.0005657176));
#7521 = CARTESIAN_POINT('',(9.259326135602,18.136215592515,
    -139.0016373862));
#7522 = ORIENTED_EDGE('',*,*,#6495,.T.);
#7523 = ORIENTED_EDGE('',*,*,#7524,.F.);
#7524 = EDGE_CURVE('',#7525,#6496,#7527,.T.);
#7525 = VERTEX_POINT('',#7526);
#7526 = CARTESIAN_POINT('',(-9.259326135602,18.136215592515,
    -139.0016373862));
#7527 = B_SPLINE_CURVE_WITH_KNOTS('',3,(#7528,#7529,#7530,#7531),
  .UNSPECIFIED.,.F.,.F.,(4,4),(0.,1.663550532564E-04),
  .PIECEWISE_BEZIER_KNOTS.);
#7528 = CARTESIAN_POINT('',(-9.259326135602,18.136215592515,
    -139.0016373862));
#7529 = CARTESIAN_POINT('',(-9.234015237114,18.185542048387,
    -139.0005657176));
#7530 = CARTESIAN_POINT('',(-9.209220784267,18.235150627904,-139.));
#7531 = CARTESIAN_POINT('',(-9.18491009426,18.28498916376,-139.));
#7532 = ORIENTED_EDGE('',*,*,#7533,.T.);
#7533 = EDGE_CURVE('',#7525,#2021,#7534,.T.);
#7534 = CIRCLE('',#7535,3.);
#7535 = AXIS2_PLACEMENT_3D('',#7536,#7537,#7538);
#7536 = CARTESIAN_POINT('',(-9.304389808053,18.224481678727,-142.));
#7537 = DIRECTION('',(0.890639476008,0.454710153589,0.));
#7538 = DIRECTION('',(0.454710153589,-0.890639476008,0.));
#7539 = TOROIDAL_SURFACE('',#7540,20.462243331523,3.);
#7540 = AXIS2_PLACEMENT_3D('',#7541,#7542,#7543);
#7541 = CARTESIAN_POINT('',(4.55E-15,0.,-142.));
#7542 = DIRECTION('',(0.,0.,-1.));
#7543 = DIRECTION('',(-1.,0.,0.));
#7544 = ADVANCED_FACE('',(#7545),#7574,.F.);
#7545 = FACE_BOUND('',#7546,.F.);
#7546 = EDGE_LOOP('',(#7547,#7548,#7557,#7573));
#7547 = ORIENTED_EDGE('',*,*,#4840,.T.);
#7548 = ORIENTED_EDGE('',*,*,#7549,.T.);
#7549 = EDGE_CURVE('',#4841,#7550,#7552,.T.);
#7550 = VERTEX_POINT('',#7551);
#7551 = CARTESIAN_POINT('',(9.259326135602,-18.13621559251,
    -139.0016373862));
#7552 = CIRCLE('',#7553,3.);
#7553 = AXIS2_PLACEMENT_3D('',#7554,#7555,#7556);
#7554 = CARTESIAN_POINT('',(9.304389808053,-18.22448167872,-142.));
#7555 = DIRECTION('',(0.890639476008,0.454710153589,1.577721810442E-30)
  );
#7556 = DIRECTION('',(-0.454710153589,0.890639476008,-1.85E-14));
#7557 = ORIENTED_EDGE('',*,*,#7558,.F.);
#7558 = EDGE_CURVE('',#7482,#7550,#7559,.T.);
#7559 = B_SPLINE_CURVE_WITH_KNOTS('',3,(#7560,#7561,#7562,#7563,#7564,
    #7565,#7566,#7567,#7568,#7569,#7570,#7571,#7572),.UNSPECIFIED.,.F.,
  .F.,(4,2,2,1,2,2,4),(0.,1.100800171501E-03,1.651200257252E-03,
    2.201600343003E-03,2.752000428754E-03,3.302400514505E-03,
    4.403200686006E-03),.UNSPECIFIED.);
#7560 = CARTESIAN_POINT('',(12.815338788723,-15.82480736798,
    -139.0016373862));
#7561 = CARTESIAN_POINT('',(12.444203307925,-15.85206672349,
    -139.0086573421));
#7562 = CARTESIAN_POINT('',(12.084520319591,-15.92597673775,
    -139.0115717282));
#7563 = CARTESIAN_POINT('',(11.561421684038,-16.10361705348,
    -139.0137996103));
#7564 = CARTESIAN_POINT('',(11.388682970424,-16.17472402651,
    -139.0141554846));
#7565 = CARTESIAN_POINT('',(11.05627728853,-16.33660996709,
    -139.0145342147));
#7566 = CARTESIAN_POINT('',(10.736383764189,-16.51790530134,
    -139.0146086551));
#7567 = CARTESIAN_POINT('',(10.440713075001,-16.7367761004,
    -139.0145340687));
#7568 = CARTESIAN_POINT('',(10.1575902497,-16.97511168236,
    -139.0141540444));
#7569 = CARTESIAN_POINT('',(10.022678170282,-17.10398669577,
    -139.0137974662));
#7570 = CARTESIAN_POINT('',(9.648391107492,-17.50956515145,
    -139.0115694678));
#7571 = CARTESIAN_POINT('',(9.434911292417,-17.80810483451,
    -139.0086573979));
#7572 = CARTESIAN_POINT('',(9.259326135602,-18.13621559251,
    -139.0016373862));
#7573 = ORIENTED_EDGE('',*,*,#7481,.F.);
#7574 = ( BOUNDED_SURFACE() B_SPLINE_SURFACE(3,2,(
    (#7575,#7576,#7577)
    ,(#7578,#7579,#7580)
    ,(#7581,#7582,#7583)
    ,(#7584,#7585,#7586)
    ,(#7587,#7588,#7589)
    ,(#7590,#7591,#7592)
    ,(#7593,#7594,#7595)
    ,(#7596,#7597,#7598)
    ,(#7599,#7600,#7601)
    ,(#7602,#7603,#7604)
    ,(#7605,#7606,#7607)
    ,(#7608,#7609,#7610)
    ,(#7611,#7612,#7613)
    ,(#7614,#7615,#7616)
    ,(#7617,#7618,#7619)
    ,(#7620,#7621,#7622
)),.UNSPECIFIED.,.F.,.F.,.F.) B_SPLINE_SURFACE_WITH_KNOTS((4,2,2,2,2,2,2
    ,4),(3,3),(8.775310131338E-03,9.832290678297E-03,1.036078095178E-02,
    1.088927122526E-02,1.1153516362E-02,1.141776149873E-02,
    1.194625177221E-02,1.300323231917E-02),(5.233889088854E-02,1.),
.UNSPECIFIED.) GEOMETRIC_REPRESENTATION_ITEM() RATIONAL_B_SPLINE_SURFACE
((
    (0.996157196543,0.963289215808,1.)
    ,(0.996927618098,0.970649149707,1.)
    ,(0.997668634289,0.977728170472,1.)
    ,(0.998554263304,0.986188695718,1.)
    ,(0.998811856476,0.988649515645,1.)
    ,(0.99919378571,0.992298133604,1.)
    ,(0.999316289732,0.993468429916,1.)
    ,(0.999339127669,0.9936866036,1.)
    ,(0.999319845139,0.993502395164,1.)
    ,(0.999227982143,0.992624816426,1.)
    ,(0.999156824694,0.991945040376,1.)
    ,(0.998885324648,0.989351366321,1.)
    ,(0.998628551849,0.986898383515,1.)
    ,(0.99773198154,0.978333334721,1.)
    ,(0.996967791482,0.971032931091,1.)
,(0.996157196543,0.963289215808,1.
  ))) REPRESENTATION_ITEM('') SURFACE() );
#7575 = CARTESIAN_POINT('',(9.264958681833,-18.14724804469,
    -139.0012535698));
#7576 = CARTESIAN_POINT('',(8.895208130006,-17.42301869741,
    -139.024768244));
#7577 = CARTESIAN_POINT('',(8.581510797965,-16.80858063125,
    -139.4558557115));
#7578 = CARTESIAN_POINT('',(9.394171461353,-17.90057797826,
    -139.005914213));
#7579 = CARTESIAN_POINT('',(9.10146581642,-17.23586778939,
    -139.0703190482));
#7580 = CARTESIAN_POINT('',(8.870930653798,-16.66081922314,
    -139.455855709));
#7581 = CARTESIAN_POINT('',(9.560242368163,-17.64097443487,
    -139.0091251594));
#7582 = CARTESIAN_POINT('',(9.340616223119,-17.05379122815,
    -139.1005022159));
#7583 = CARTESIAN_POINT('',(9.175885673243,-16.53927978839,
    -139.431545503));
#7584 = CARTESIAN_POINT('',(9.90385646948,-17.23769006112,
    -139.0114391651));
#7585 = CARTESIAN_POINT('',(9.753281935273,-16.78156672644,
    -139.1206076514));
#7586 = CARTESIAN_POINT('',(9.639827146551,-16.37546927529,
    -139.3752506358));
#7587 = CARTESIAN_POINT('',(10.034616130373,-17.10079872661,
    -139.0117959978));
#7588 = CARTESIAN_POINT('',(9.899548514837,-16.6910097622,-139.123198022
    ));
#7589 = CARTESIAN_POINT('',(9.795662416947,-16.32375904661,
    -139.3532717178));
#7590 = CARTESIAN_POINT('',(10.338435245527,-16.82672893889,
    -139.0120052349));
#7591 = CARTESIAN_POINT('',(10.209330053118,-16.50204289609,
    -139.1237935865));
#7592 = CARTESIAN_POINT('',(10.10218198819,-16.20795238939,
    -139.3150647549));
#7593 = CARTESIAN_POINT('',(10.512903174021,-16.68896353476,
    -139.0118837671));
#7594 = CARTESIAN_POINT('',(10.37364474374,-16.40258372804,
    -139.1220841031));
#7595 = CARTESIAN_POINT('',(10.252476544508,-16.14290538636,
    -139.2994794998));
#7596 = CARTESIAN_POINT('',(10.801305822761,-16.49695623325,
    -139.0118656873));
#7597 = CARTESIAN_POINT('',(10.624041999233,-16.24111158872,
    -139.1218118173));
#7598 = CARTESIAN_POINT('',(10.463718616775,-16.01154540971,
    -139.2966542165));
#7599 = CARTESIAN_POINT('',(10.901741679063,-16.43550628125,
    -139.0118854333));
#7600 = CARTESIAN_POINT('',(10.708279288169,-16.18519065334,
    -139.1220868728));
#7601 = CARTESIAN_POINT('',(10.531942300763,-15.96203700487,
    -139.2991190123));
#7602 = CARTESIAN_POINT('',(11.10429050157,-16.32216046787,
    -139.0119337056));
#7603 = CARTESIAN_POINT('',(10.874449452805,-16.07244321961,
    -139.1229366934));
#7604 = CARTESIAN_POINT('',(10.663406104094,-15.85343581368,
    -139.3100504206));
#7605 = CARTESIAN_POINT('',(11.204394026507,-16.27129340068,
    -139.0119570684));
#7606 = CARTESIAN_POINT('',(10.954911755773,-16.01672173908,
    -139.1234544277));
#7607 = CARTESIAN_POINT('',(10.725539981594,-15.79556266916,
    -139.3182693763));
#7608 = CARTESIAN_POINT('',(11.497808614397,-16.13495170701,
    -139.0118705009));
#7609 = CARTESIAN_POINT('',(11.189767624854,-15.85414084863,
    -139.1236591637));
#7610 = CARTESIAN_POINT('',(10.906585816682,-15.61664462576,
    -139.3465263453));
#7611 = CARTESIAN_POINT('',(11.684059475202,-16.06554569602,
    -139.0115793868));
#7612 = CARTESIAN_POINT('',(11.337804484822,-15.75226178212,
    -139.1217340487));
#7613 = CARTESIAN_POINT('',(11.020832462785,-15.49098959379,
    -139.3695720768));
#7614 = CARTESIAN_POINT('',(12.214164021532,-15.90293240329,
    -139.0093813442));
#7615 = CARTESIAN_POINT('',(11.770621753215,-15.47235760807,
    -139.1028769671));
#7616 = CARTESIAN_POINT('',(11.369940512594,-15.12027012311,
    -139.4291298398));
#7617 = CARTESIAN_POINT('',(12.530421495802,-15.85333547934,
    -139.0061630685));
#7618 = CARTESIAN_POINT('',(12.043109912155,-15.32098324707,
    -139.0727344369));
#7619 = CARTESIAN_POINT('',(11.61128498377,-14.8817292463,
    -139.4558557079));
#7620 = CARTESIAN_POINT('',(12.823134495142,-15.83443376604,
    -139.0012535698));
#7621 = CARTESIAN_POINT('',(12.311382503734,-15.20250535449,
    -139.024768244));
#7622 = CARTESIAN_POINT('',(11.877210780183,-14.66637564281,
    -139.4558557115));
#7623 = ADVANCED_FACE('',(#7624),#7645,.F.);
#7624 = FACE_BOUND('',#7625,.F.);
#7625 = EDGE_LOOP('',(#7626,#7627,#7628,#7644));
#7626 = ORIENTED_EDGE('',*,*,#2020,.T.);
#7627 = ORIENTED_EDGE('',*,*,#7533,.F.);
#7628 = ORIENTED_EDGE('',*,*,#7629,.F.);
#7629 = EDGE_CURVE('',#3123,#7525,#7630,.T.);
#7630 = B_SPLINE_CURVE_WITH_KNOTS('',3,(#7631,#7632,#7633,#7634,#7635,
    #7636,#7637,#7638,#7639,#7640,#7641,#7642,#7643),.UNSPECIFIED.,.F.,
  .F.,(4,2,2,1,2,2,4),(5.3E-16,1.100800171501E-03,1.651200257252E-03,
    2.201600343002E-03,2.752000428753E-03,3.302400514503E-03,
    4.403200686004E-03),.UNSPECIFIED.);
#7631 = CARTESIAN_POINT('',(-12.81533878872,15.824807367986,
    -139.0016373862));
#7632 = CARTESIAN_POINT('',(-12.44420330792,15.852066723499,
    -139.0086573421));
#7633 = CARTESIAN_POINT('',(-12.08452031958,15.925976737755,
    -139.0115717282));
#7634 = CARTESIAN_POINT('',(-11.56142168403,16.103617053482,
    -139.0137996103));
#7635 = CARTESIAN_POINT('',(-11.38868297042,16.174724026514,
    -139.0141554846));
#7636 = CARTESIAN_POINT('',(-11.05627728852,16.336609967091,
    -139.0145342147));
#7637 = CARTESIAN_POINT('',(-10.73638376418,16.517905301342,
    -139.0146086551));
#7638 = CARTESIAN_POINT('',(-10.440713075,16.736776100409,
    -139.0145340687));
#7639 = CARTESIAN_POINT('',(-10.15759024969,16.975111682362,
    -139.0141540444));
#7640 = CARTESIAN_POINT('',(-10.02267817028,17.103986695779,
    -139.0137974662));
#7641 = CARTESIAN_POINT('',(-9.648391107492,17.509565151456,
    -139.0115694678));
#7642 = CARTESIAN_POINT('',(-9.434911292417,17.808104834518,
    -139.0086573979));
#7643 = CARTESIAN_POINT('',(-9.259326135602,18.136215592515,
    -139.0016373862));
#7644 = ORIENTED_EDGE('',*,*,#3122,.T.);
#7645 = ( BOUNDED_SURFACE() B_SPLINE_SURFACE(3,2,(
    (#7646,#7647,#7648)
    ,(#7649,#7650,#7651)
    ,(#7652,#7653,#7654)
    ,(#7655,#7656,#7657)
    ,(#7658,#7659,#7660)
    ,(#7661,#7662,#7663)
    ,(#7664,#7665,#7666)
    ,(#7667,#7668,#7669)
    ,(#7670,#7671,#7672)
    ,(#7673,#7674,#7675)
    ,(#7676,#7677,#7678)
    ,(#7679,#7680,#7681)
    ,(#7682,#7683,#7684)
    ,(#7685,#7686,#7687)
    ,(#7688,#7689,#7690)
    ,(#7691,#7692,#7693
)),.UNSPECIFIED.,.F.,.F.,.F.) B_SPLINE_SURFACE_WITH_KNOTS((4,2,2,2,2,2,2
    ,4),(3,3),(8.775310131338E-03,9.832290678297E-03,1.036078095178E-02,
    1.088927122526E-02,1.1153516362E-02,1.141776149873E-02,
    1.194625177221E-02,1.300323231917E-02),(5.233889088854E-02,1.),
.UNSPECIFIED.) GEOMETRIC_REPRESENTATION_ITEM() RATIONAL_B_SPLINE_SURFACE
((
    (0.996157196543,0.963289215808,1.)
    ,(0.996927618098,0.970649149707,1.)
    ,(0.997668634289,0.977728170472,1.)
    ,(0.998554263304,0.986188695718,1.)
    ,(0.998811856476,0.988649515645,1.)
    ,(0.99919378571,0.992298133604,1.)
    ,(0.999316289732,0.993468429916,1.)
    ,(0.999339127669,0.9936866036,1.)
    ,(0.999319845139,0.993502395164,1.)
    ,(0.999227982143,0.992624816426,1.)
    ,(0.999156824694,0.991945040376,1.)
    ,(0.998885324648,0.989351366321,1.)
    ,(0.998628551849,0.986898383515,1.)
    ,(0.99773198154,0.978333334721,1.)
    ,(0.996967791482,0.971032931091,1.)
,(0.996157196543,0.963289215808,1.
  ))) REPRESENTATION_ITEM('') SURFACE() );
#7646 = CARTESIAN_POINT('',(-9.264958681833,18.14724804469,
    -139.0012535698));
#7647 = CARTESIAN_POINT('',(-8.895208130006,17.423018697416,
    -139.024768244));
#7648 = CARTESIAN_POINT('',(-8.581510797965,16.808580631258,
    -139.4558557115));
#7649 = CARTESIAN_POINT('',(-9.394171461353,17.900577978266,
    -139.005914213));
#7650 = CARTESIAN_POINT('',(-9.101465816416,17.235867789396,
    -139.0703190482));
#7651 = CARTESIAN_POINT('',(-8.870930653796,16.66081922314,
    -139.455855709));
#7652 = CARTESIAN_POINT('',(-9.560242368159,17.640974434873,
    -139.0091251594));
#7653 = CARTESIAN_POINT('',(-9.340616223117,17.053791228147,
    -139.1005022159));
#7654 = CARTESIAN_POINT('',(-9.175885673248,16.539279788396,
    -139.431545503));
#7655 = CARTESIAN_POINT('',(-9.903856469482,17.237690061121,
    -139.0114391651));
#7656 = CARTESIAN_POINT('',(-9.753281935274,16.781566726443,
    -139.1206076514));
#7657 = CARTESIAN_POINT('',(-9.639827146548,16.375469275288,
    -139.3752506358));
#7658 = CARTESIAN_POINT('',(-10.03461613037,17.100798726613,
    -139.0117959978));
#7659 = CARTESIAN_POINT('',(-9.899548514837,16.691009762209,
    -139.123198022));
#7660 = CARTESIAN_POINT('',(-9.795662416946,16.323759046613,
    -139.3532717178));
#7661 = CARTESIAN_POINT('',(-10.33843524552,16.826728938899,
    -139.0120052349));
#7662 = CARTESIAN_POINT('',(-10.20933005311,16.502042896091,
    -139.1237935865));
#7663 = CARTESIAN_POINT('',(-10.10218198819,16.207952389392,
    -139.3150647549));
#7664 = CARTESIAN_POINT('',(-10.51290317402,16.688963534767,
    -139.0118837672));
#7665 = CARTESIAN_POINT('',(-10.37364474373,16.402583728039,
    -139.1220841032));
#7666 = CARTESIAN_POINT('',(-10.2524765445,16.142905386367,
    -139.2994794998));
#7667 = CARTESIAN_POINT('',(-10.80130582276,16.496956233259,
    -139.0118656873));
#7668 = CARTESIAN_POINT('',(-10.62404199923,16.241111588729,
    -139.1218118173));
#7669 = CARTESIAN_POINT('',(-10.46371861677,16.011545409719,
    -139.2966542165));
#7670 = CARTESIAN_POINT('',(-10.90174167906,16.435506281253,
    -139.0118854333));
#7671 = CARTESIAN_POINT('',(-10.70827928816,16.185190653348,
    -139.1220868728));
#7672 = CARTESIAN_POINT('',(-10.53194230076,15.962037004877,
    -139.2991190123));
#7673 = CARTESIAN_POINT('',(-11.10429050157,16.322160467869,
    -139.0119337056));
#7674 = CARTESIAN_POINT('',(-10.8744494528,16.072443219615,
    -139.1229366934));
#7675 = CARTESIAN_POINT('',(-10.66340610409,15.853435813685,
    -139.3100504206));
#7676 = CARTESIAN_POINT('',(-11.2043940265,16.271293400681,
    -139.0119570684));
#7677 = CARTESIAN_POINT('',(-10.95491175577,16.016721739088,
    -139.1234544277));
#7678 = CARTESIAN_POINT('',(-10.72553998159,15.795562669166,
    -139.3182693763));
#7679 = CARTESIAN_POINT('',(-11.49780861439,16.134951707013,
    -139.0118705009));
#7680 = CARTESIAN_POINT('',(-11.18976762485,15.854140848634,
    -139.1236591637));
#7681 = CARTESIAN_POINT('',(-10.90658581668,15.616644625765,
    -139.3465263453));
#7682 = CARTESIAN_POINT('',(-11.6840594752,16.065545696022,
    -139.0115793868));
#7683 = CARTESIAN_POINT('',(-11.33780448482,15.752261782128,
    -139.1217340487));
#7684 = CARTESIAN_POINT('',(-11.02083246278,15.490989593795,
    -139.3695720768));
#7685 = CARTESIAN_POINT('',(-12.21416402153,15.902932403291,
    -139.0093813442));
#7686 = CARTESIAN_POINT('',(-11.77062175321,15.472357608075,
    -139.1028769671));
#7687 = CARTESIAN_POINT('',(-11.36994051259,15.120270123113,
    -139.4291298398));
#7688 = CARTESIAN_POINT('',(-12.5304214958,15.853335479341,
    -139.0061630685));
#7689 = CARTESIAN_POINT('',(-12.04310991215,15.320983247073,
    -139.0727344369));
#7690 = CARTESIAN_POINT('',(-11.61128498376,14.88172924631,
    -139.4558557079));
#7691 = CARTESIAN_POINT('',(-12.82313449514,15.83443376604,
    -139.0012535698));
#7692 = CARTESIAN_POINT('',(-12.31138250373,15.202505354492,
    -139.024768244));
#7693 = CARTESIAN_POINT('',(-11.87721078018,14.666375642816,
    -139.4558557115));
#7694 = ADVANCED_FACE('',(#7695),#7723,.F.);
#7695 = FACE_BOUND('',#7696,.F.);
#7696 = EDGE_LOOP('',(#7697,#7704,#7705,#7706,#7715,#7722));
#7697 = ORIENTED_EDGE('',*,*,#7698,.F.);
#7698 = EDGE_CURVE('',#7550,#6396,#7699,.T.);
#7699 = B_SPLINE_CURVE_WITH_KNOTS('',3,(#7700,#7701,#7702,#7703),
  .UNSPECIFIED.,.F.,.F.,(4,4),(0.,1.663550532564E-04),
  .PIECEWISE_BEZIER_KNOTS.);
#7700 = CARTESIAN_POINT('',(9.259326135602,-18.13621559251,
    -139.0016373862));
#7701 = CARTESIAN_POINT('',(9.234015237114,-18.18554204838,
    -139.0005657176));
#7702 = CARTESIAN_POINT('',(9.209220784267,-18.2351506279,-139.));
#7703 = CARTESIAN_POINT('',(9.18491009426,-18.28498916376,-139.));
#7704 = ORIENTED_EDGE('',*,*,#7549,.F.);
#7705 = ORIENTED_EDGE('',*,*,#4859,.T.);
#7706 = ORIENTED_EDGE('',*,*,#7707,.T.);
#7707 = EDGE_CURVE('',#4860,#7708,#7710,.T.);
#7708 = VERTEX_POINT('',#7709);
#7709 = CARTESIAN_POINT('',(-9.259326135602,-18.13621559251,
    -139.0016373862));
#7710 = CIRCLE('',#7711,3.);
#7711 = AXIS2_PLACEMENT_3D('',#7712,#7713,#7714);
#7712 = CARTESIAN_POINT('',(-9.304389808053,-18.22448167872,-142.));
#7713 = DIRECTION('',(0.890639476008,-0.454710153589,0.));
#7714 = DIRECTION('',(-0.454710153589,-0.890639476008,0.));
#7715 = ORIENTED_EDGE('',*,*,#7716,.F.);
#7716 = EDGE_CURVE('',#6387,#7708,#7717,.T.);
#7717 = B_SPLINE_CURVE_WITH_KNOTS('',3,(#7718,#7719,#7720,#7721),
  .UNSPECIFIED.,.F.,.F.,(4,4),(2.94E-15,1.663550532483E-04),
  .PIECEWISE_BEZIER_KNOTS.);
#7718 = CARTESIAN_POINT('',(-9.184910094266,-18.28498916375,-139.));
#7719 = CARTESIAN_POINT('',(-9.20922078427,-18.23515062789,-139.));
#7720 = CARTESIAN_POINT('',(-9.234015237115,-18.18554204838,
    -139.0005657176));
#7721 = CARTESIAN_POINT('',(-9.259326135602,-18.13621559251,
    -139.0016373862));
#7722 = ORIENTED_EDGE('',*,*,#6395,.T.);
#7723 = TOROIDAL_SURFACE('',#7724,20.462243331523,3.);
#7724 = AXIS2_PLACEMENT_3D('',#7725,#7726,#7727);
#7725 = CARTESIAN_POINT('',(4.55E-15,0.,-142.));
#7726 = DIRECTION('',(0.,0.,-1.));
#7727 = DIRECTION('',(-1.,0.,0.));
#7728 = ADVANCED_FACE('',(#7729),#7750,.F.);
#7729 = FACE_BOUND('',#7730,.F.);
#7730 = EDGE_LOOP('',(#7731,#7732,#7741,#7748,#7749));
#7731 = ORIENTED_EDGE('',*,*,#6573,.T.);
#7732 = ORIENTED_EDGE('',*,*,#7733,.F.);
#7733 = EDGE_CURVE('',#7734,#6574,#7736,.T.);
#7734 = VERTEX_POINT('',#7735);
#7735 = CARTESIAN_POINT('',(-12.81533878872,-15.82480736798,
    -139.0016373862));
#7736 = B_SPLINE_CURVE_WITH_KNOTS('',3,(#7737,#7738,#7739,#7740),
  .UNSPECIFIED.,.F.,.F.,(4,4),(0.,1.663550532564E-04),
  .PIECEWISE_BEZIER_KNOTS.);
#7737 = CARTESIAN_POINT('',(-12.81533878872,-15.82480736798,
    -139.0016373862));
#7738 = CARTESIAN_POINT('',(-12.87069304989,-15.82170147008,
    -139.0005657176));
#7739 = CARTESIAN_POINT('',(-12.92609547512,-15.81918207884,-139.));
#7740 = CARTESIAN_POINT('',(-12.98151165796,-15.81719814735,-139.));
#7741 = ORIENTED_EDGE('',*,*,#7742,.T.);
#7742 = EDGE_CURVE('',#7734,#4869,#7743,.T.);
#7743 = CIRCLE('',#7744,3.);
#7744 = AXIS2_PLACEMENT_3D('',#7745,#7746,#7747);
#7745 = CARTESIAN_POINT('',(-12.87770901103,-15.90182419679,-142.));
#7746 = DIRECTION('',(-0.777130050657,0.629340038743,0.));
#7747 = DIRECTION('',(0.629340038743,0.777130050657,0.));
#7748 = ORIENTED_EDGE('',*,*,#4889,.T.);
#7749 = ORIENTED_EDGE('',*,*,#3149,.T.);
#7750 = TOROIDAL_SURFACE('',#7751,20.462243331523,3.);
#7751 = AXIS2_PLACEMENT_3D('',#7752,#7753,#7754);
#7752 = CARTESIAN_POINT('',(4.55E-15,0.,-142.));
#7753 = DIRECTION('',(0.,0.,-1.));
#7754 = DIRECTION('',(-1.,0.,0.));
#7755 = ADVANCED_FACE('',(#7756),#7777,.F.);
#7756 = FACE_BOUND('',#7757,.F.);
#7757 = EDGE_LOOP('',(#7758,#7759,#7760,#7776));
#7758 = ORIENTED_EDGE('',*,*,#4868,.T.);
#7759 = ORIENTED_EDGE('',*,*,#7742,.F.);
#7760 = ORIENTED_EDGE('',*,*,#7761,.F.);
#7761 = EDGE_CURVE('',#7708,#7734,#7762,.T.);
#7762 = B_SPLINE_CURVE_WITH_KNOTS('',3,(#7763,#7764,#7765,#7766,#7767,
    #7768,#7769,#7770,#7771,#7772,#7773,#7774,#7775),.UNSPECIFIED.,.F.,
  .F.,(4,2,2,1,2,2,4),(0.,1.100800171501E-03,1.651200257252E-03,
    2.201600343003E-03,2.752000428753E-03,3.302400514504E-03,
    4.403200686005E-03),.UNSPECIFIED.);
#7763 = CARTESIAN_POINT('',(-9.259326135602,-18.13621559251,
    -139.0016373862));
#7764 = CARTESIAN_POINT('',(-9.434909898223,-17.8081074398,
    -139.0086573421));
#7765 = CARTESIAN_POINT('',(-9.648477521629,-17.50940455643,
    -139.0115717282));
#7766 = CARTESIAN_POINT('',(-10.02318534059,-17.10347067672,
    -139.0137996103));
#7767 = CARTESIAN_POINT('',(-10.1582965336,-16.97447521044,
    -139.0141554846));
#7768 = CARTESIAN_POINT('',(-10.4411900338,-16.73641668266,
    -139.0145342147));
#7769 = CARTESIAN_POINT('',(-10.73674184036,-16.51767255182,
    -139.0146086551));
#7770 = CARTESIAN_POINT('',(-11.0567993882,-16.33631999682,
    -139.0145340687));
#7771 = CARTESIAN_POINT('',(-11.38955136581,-16.17433695688,
    -139.0141540444));
#7772 = CARTESIAN_POINT('',(-11.56209916427,-16.10336304968,
    -139.0137974662));
#7773 = CARTESIAN_POINT('',(-12.08470216683,-15.92596296288,
    -139.0115694678));
#7774 = CARTESIAN_POINT('',(-12.44420036098,-15.85206693994,
    -139.0086573979));
#7775 = CARTESIAN_POINT('',(-12.81533878872,-15.82480736798,
    -139.0016373862));
#7776 = ORIENTED_EDGE('',*,*,#7707,.F.);
#7777 = ( BOUNDED_SURFACE() B_SPLINE_SURFACE(3,2,(
    (#7778,#7779,#7780)
    ,(#7781,#7782,#7783)
    ,(#7784,#7785,#7786)
    ,(#7787,#7788,#7789)
    ,(#7790,#7791,#7792)
    ,(#7793,#7794,#7795)
    ,(#7796,#7797,#7798)
    ,(#7799,#7800,#7801)
    ,(#7802,#7803,#7804)
    ,(#7805,#7806,#7807)
    ,(#7808,#7809,#7810)
    ,(#7811,#7812,#7813)
    ,(#7814,#7815,#7816)
    ,(#7817,#7818,#7819)
    ,(#7820,#7821,#7822)
    ,(#7823,#7824,#7825
)),.UNSPECIFIED.,.F.,.F.,.F.) B_SPLINE_SURFACE_WITH_KNOTS((4,2,2,2,2,2,2
    ,4),(3,3),(9.443438649254E-03,1.051547658016E-02,1.105149554561E-02,
    1.158751451106E-02,1.185552399379E-02,1.212353347652E-02,
    1.265955244197E-02,1.373159037288E-02),(0.,0.947661109111),
.UNSPECIFIED.) GEOMETRIC_REPRESENTATION_ITEM() RATIONAL_B_SPLINE_SURFACE
((
    (1.,0.963289215808,0.996157196543)
    ,(1.,0.970834296292,0.996946998832)
    ,(1.,0.977972029695,0.997694160931)
    ,(1.,0.986461707814,0.998582841605)
    ,(1.,0.988917183602,0.998839875364)
    ,(1.,0.992494879525,0.999214380637)
    ,(1.,0.99359609846,0.999329653792)
    ,(1.,0.993645160328,0.99933478948)
    ,(1.,0.993390226144,0.999308103535)
    ,(1.,0.992413919167,0.999205905886)
    ,(1.,0.991696925622,0.999130852592)
    ,(1.,0.989021747653,0.998850820897)
    ,(1.,0.986553090316,0.998592407323)
    ,(1.,0.977992382745,0.997696291444)
    ,(1.,0.97077885568,0.996941195432)
,(1.,0.963289215808,0.996157196543
  ))) REPRESENTATION_ITEM('') SURFACE() );
#7778 = CARTESIAN_POINT('',(-8.581510797965,-16.80858063125,
    -139.4558557115));
#7779 = CARTESIAN_POINT('',(-8.895208130006,-17.42301869741,
    -139.024768244));
#7780 = CARTESIAN_POINT('',(-9.264958681833,-18.14724804469,
    -139.0012535698));
#7781 = CARTESIAN_POINT('',(-8.878337844923,-16.65703753173,
    -139.4558557081));
#7782 = CARTESIAN_POINT('',(-9.106759009992,-17.23106286984,
    -139.0714891673));
#7783 = CARTESIAN_POINT('',(-9.397525059651,-17.89417424948,
    -139.0060347423));
#7784 = CARTESIAN_POINT('',(-9.186608238902,-16.53519772289,
    -139.4305632769));
#7785 = CARTESIAN_POINT('',(-9.349098959471,-17.04750876896,
    -139.1014542203));
#7786 = CARTESIAN_POINT('',(-9.56624383336,-17.63183785795,
    -139.0092278781));
#7787 = CARTESIAN_POINT('',(-9.656216921715,-16.36984102112,
    -139.3730910473));
#7788 = CARTESIAN_POINT('',(-9.768344557328,-16.77199493528,
    -139.1210554629));
#7789 = CARTESIAN_POINT('',(-9.917026873346,-17.22335230233,
    -139.0114945205));
#7790 = CARTESIAN_POINT('',(-9.81388217489,-16.31756842002,
    -139.3507353112));
#7791 = CARTESIAN_POINT('',(-9.917024664543,-16.68029009441,
    -139.1233946829));
#7792 = CARTESIAN_POINT('',(-10.05070929354,-17.08470216361,
    -139.0118264606));
#7793 = CARTESIAN_POINT('',(-10.12355772479,-16.19909024115,
    -139.3127011238));
#7794 = CARTESIAN_POINT('',(-10.2320002166,-16.48828173525,
    -139.1236522426));
#7795 = CARTESIAN_POINT('',(-10.36185600372,-16.8073948457,
    -139.0119993228));
#7796 = CARTESIAN_POINT('',(-10.27508894015,-16.13168692426,
    -139.2978265793));
#7797 = CARTESIAN_POINT('',(-10.39914456185,-16.38676113206,
    -139.1219249536));
#7798 = CARTESIAN_POINT('',(-10.54088219842,-16.66811719018,
    -139.0118732079));
#7799 = CARTESIAN_POINT('',(-10.48773440166,-15.99480600297,
    -139.2971905652));
#7800 = CARTESIAN_POINT('',(-10.65335213465,-16.22181608243,
    -139.1218633431));
#7801 = CARTESIAN_POINT('',(-10.83593558535,-16.4753103479,
    -139.0118691027));
#7802 = CARTESIAN_POINT('',(-10.55610468911,-15.94327154369,
    -139.3005729185));
#7803 = CARTESIAN_POINT('',(-10.73848170385,-16.16489632502,
    -139.1222276943));
#7804 = CARTESIAN_POINT('',(-10.93817785151,-16.41415976644,
    -139.0118948065));
#7805 = CARTESIAN_POINT('',(-10.68449588443,-15.83430536052,
    -139.3125981797));
#7806 = CARTESIAN_POINT('',(-10.90160181261,-16.0537354434,
    -139.1230959722));
#7807 = CARTESIAN_POINT('',(-11.13792073638,-16.30470629281,
    -139.011940828));
#7808 = CARTESIAN_POINT('',(-10.74535501039,-15.77656645151,
    -139.3211191657));
#7809 = CARTESIAN_POINT('',(-10.9805804648,-15.99894041164,
    -139.1235578285));
#7810 = CARTESIAN_POINT('',(-11.23641005578,-16.25567509013,
    -139.0119570999));
#7811 = CARTESIAN_POINT('',(-10.92319042681,-15.59872789248,
    -139.3497433292));
#7812 = CARTESIAN_POINT('',(-11.21133156229,-15.83924160626,
    -139.1234708219));
#7813 = CARTESIAN_POINT('',(-11.52496605686,-16.12423373482,
    -139.0118382954));
#7814 = CARTESIAN_POINT('',(-11.03604015571,-15.47460834333,
    -139.3723857558));
#7815 = CARTESIAN_POINT('',(-11.35704928095,-15.73939240445,
    -139.1212152703));
#7816 = CARTESIAN_POINT('',(-11.70799910863,-16.05728548283,
    -139.0115140314));
#7817 = CARTESIAN_POINT('',(-11.38134942488,-15.1086631436,
    -139.4305957731));
#7818 = CARTESIAN_POINT('',(-11.78371056303,-15.46483034442,
    -139.1015994216));
#7819 = CARTESIAN_POINT('',(-12.22960386073,-15.90020892961,
    -139.009242885));
#7820 = CARTESIAN_POINT('',(-11.62008207956,-14.87460512812,
    -139.4558557089));
#7821 = CARTESIAN_POINT('',(-12.05197464101,-15.31706966052,
    -139.0711487916));
#7822 = CARTESIAN_POINT('',(-12.54017655028,-15.85270587657,
    -139.0059996665));
#7823 = CARTESIAN_POINT('',(-11.87721078018,-14.66637564281,
    -139.4558557115));
#7824 = CARTESIAN_POINT('',(-12.31138250373,-15.20250535449,
    -139.024768244));
#7825 = CARTESIAN_POINT('',(-12.82313449514,-15.83443376604,
    -139.0012535698));
#7826 = ADVANCED_FACE('',(#7827),#7839,.T.);
#7827 = FACE_BOUND('',#7828,.T.);
#7828 = EDGE_LOOP('',(#7829,#7830,#7837,#7838));
#7829 = ORIENTED_EDGE('',*,*,#3176,.F.);
#7830 = ORIENTED_EDGE('',*,*,#7831,.F.);
#7831 = EDGE_CURVE('',#3168,#3166,#7832,.T.);
#7832 = CIRCLE('',#7833,9.);
#7833 = AXIS2_PLACEMENT_3D('',#7834,#7835,#7836);
#7834 = CARTESIAN_POINT('',(4.55E-15,0.,-163.));
#7835 = DIRECTION('',(0.,0.,-1.));
#7836 = DIRECTION('',(1.,0.,0.));
#7837 = ORIENTED_EDGE('',*,*,#3184,.T.);
#7838 = ORIENTED_EDGE('',*,*,#7310,.F.);
#7839 = TOROIDAL_SURFACE('',#7840,9.,1.);
#7840 = AXIS2_PLACEMENT_3D('',#7841,#7842,#7843);
#7841 = CARTESIAN_POINT('',(4.55E-15,0.,-162.));
#7842 = DIRECTION('',(0.,0.,1.));
#7843 = DIRECTION('',(1.,0.,-0.));
#7844 = ADVANCED_FACE('',(#7845),#7863,.T.);
#7845 = FACE_BOUND('',#7846,.T.);
#7846 = EDGE_LOOP('',(#7847,#7854,#7855,#7862));
#7847 = ORIENTED_EDGE('',*,*,#7848,.F.);
#7848 = EDGE_CURVE('',#6378,#2666,#7849,.T.);
#7849 = CIRCLE('',#7850,0.2);
#7850 = AXIS2_PLACEMENT_3D('',#7851,#7852,#7853);
#7851 = CARTESIAN_POINT('',(-14.77817532846,-23.78606202518,-138.8));
#7852 = DIRECTION('',(0.905140901879,-0.425111688555,-0.));
#7853 = DIRECTION('',(-0.425111688555,-0.905140901879,0.));
#7854 = ORIENTED_EDGE('',*,*,#6624,.F.);
#7855 = ORIENTED_EDGE('',*,*,#7856,.F.);
#7856 = EDGE_CURVE('',#2655,#6614,#7857,.T.);
#7857 = CIRCLE('',#7858,0.2);
#7858 = AXIS2_PLACEMENT_3D('',#7859,#7860,#7861);
#7859 = CARTESIAN_POINT('',(-16.69792620597,-21.50050714965,
    -138.6079191109));
#7860 = DIRECTION('',(-0.359609278398,0.932937763778,1.75583543532E-02)
  );
#7861 = DIRECTION('',(0.933081607439,0.359664724235,9.887923813068E-17)
  );
#7862 = ORIENTED_EDGE('',*,*,#2665,.F.);
#7863 = ( BOUNDED_SURFACE() B_SPLINE_SURFACE(3,2,(
    (#7864,#7865,#7866)
    ,(#7867,#7868,#7869)
    ,(#7870,#7871,#7872)
    ,(#7873,#7874,#7875)
    ,(#7876,#7877,#7878)
    ,(#7879,#7880,#7881)
    ,(#7882,#7883,#7884)
    ,(#7885,#7886,#7887
)),.UNSPECIFIED.,.F.,.F.,.F.) B_SPLINE_SURFACE_WITH_KNOTS((4,2,2,4),(3,3
    ),(0.,1.518099392538E-03,2.277149088807E-03,3.036198785076E-03),(0.,
1.),.UNSPECIFIED.) GEOMETRIC_REPRESENTATION_ITEM() 
RATIONAL_B_SPLINE_SURFACE((
    (1.,0.734171128875,1.)
    ,(1.,0.740457735987,1.)
    ,(1.,0.763449478881,1.)
    ,(1.,0.8150363905,1.)
    ,(1.,0.834867551718,1.)
    ,(1.,0.877467340286,1.)
    ,(1.,0.900575400705,1.)
,(1.,0.923879532511,1.))) REPRESENTATION_ITEM('') SURFACE() );
#7864 = CARTESIAN_POINT('',(-16.56688211903,-21.4473334035,
    -138.7493404671));
#7865 = CARTESIAN_POINT('',(-16.68976173463,-21.49223774142,
    -138.8800871901));
#7866 = CARTESIAN_POINT('',(-16.82016887447,-21.54476635388,
    -138.7598988886));
#7867 = CARTESIAN_POINT('',(-16.38928363691,-21.90896594348,
    -138.758345476));
#7868 = CARTESIAN_POINT('',(-16.5086310083,-21.95714580785,
    -138.8864658098));
#7869 = CARTESIAN_POINT('',(-16.63062133886,-22.02964296656,
    -138.7711539619));
#7870 = CARTESIAN_POINT('',(-16.15257998512,-22.33501285352,
    -138.7923704431));
#7871 = CARTESIAN_POINT('',(-16.27332930391,-22.37519764358,
    -138.9098024058));
#7872 = CARTESIAN_POINT('',(-16.37230005471,-22.4742794589,
    -138.8136863509));
#7873 = CARTESIAN_POINT('',(-15.69171513878,-22.91209786362,
    -138.8579691604));
#7874 = CARTESIAN_POINT('',(-15.77601108092,-22.96934259411,
    -138.9573459376));
#7875 = CARTESIAN_POINT('',(-15.8638569261,-23.06377208315,
    -138.8956847591));
#7876 = CARTESIAN_POINT('',(-15.52177100027,-23.09118748887,
    -138.8818515341));
#7877 = CARTESIAN_POINT('',(-15.59805038075,-23.14890139292,
    -138.974089824));
#7878 = CARTESIAN_POINT('',(-15.67563317032,-23.24429026516,
    -138.9255377154));
#7879 = CARTESIAN_POINT('',(-15.1490335092,-23.4093860342,
    -138.9227640652));
#7880 = CARTESIAN_POINT('',(-15.20380746727,-23.46550554299,
    -138.9994833758));
#7881 = CARTESIAN_POINT('',(-15.26104772361,-23.55736358539,
    -138.9766783932));
#7882 = CARTESIAN_POINT('',(-14.94405474359,-23.55191209521,
    -138.9414213119));
#7883 = CARTESIAN_POINT('',(-14.98847076628,-23.60718594342,
    -139.0103337064));
#7884 = CARTESIAN_POINT('',(-15.0322816599,-23.69358020732,-139.));
#7885 = CARTESIAN_POINT('',(-14.71805545691,-23.65805577125,
    -138.9414213562));
#7886 = CARTESIAN_POINT('',(-14.74295792307,-23.7110776977,-139.));
#7887 = CARTESIAN_POINT('',(-14.77817532846,-23.78606202518,-139.));
#7888 = ADVANCED_FACE('',(#7889),#7902,.T.);
#7889 = FACE_BOUND('',#7890,.T.);
#7890 = EDGE_LOOP('',(#7891,#7892,#7893,#7900,#7901));
#7891 = ORIENTED_EDGE('',*,*,#7856,.T.);
#7892 = ORIENTED_EDGE('',*,*,#6661,.F.);
#7893 = ORIENTED_EDGE('',*,*,#7894,.F.);
#7894 = EDGE_CURVE('',#7070,#6583,#7895,.T.);
#7895 = CIRCLE('',#7896,0.2);
#7896 = AXIS2_PLACEMENT_3D('',#7897,#7898,#7899);
#7897 = CARTESIAN_POINT('',(-17.05692443234,-18.98140424723,-138.8));
#7898 = DIRECTION('',(0.243517584281,0.969896482181,0.));
#7899 = DIRECTION('',(0.969896482181,-0.243517584281,0.));
#7900 = ORIENTED_EDGE('',*,*,#7078,.F.);
#7901 = ORIENTED_EDGE('',*,*,#2654,.F.);
#7902 = ( BOUNDED_SURFACE() B_SPLINE_SURFACE(3,2,(
    (#7903,#7904,#7905)
    ,(#7906,#7907,#7908)
    ,(#7909,#7910,#7911)
    ,(#7912,#7913,#7914)
    ,(#7915,#7916,#7917)
    ,(#7918,#7919,#7920)
    ,(#7921,#7922,#7923)
    ,(#7924,#7925,#7926)
    ,(#7927,#7928,#7929)
    ,(#7930,#7931,#7932)
    ,(#7933,#7934,#7935)
    ,(#7936,#7937,#7938
)),.UNSPECIFIED.,.F.,.F.,.F.) B_SPLINE_SURFACE_WITH_KNOTS((4,2,2,2,2,4),
  (3,3),(-0.,3.233296332716E-04,6.466592665432E-04,1.293318533087E-03,
    1.93997779963E-03,2.586637066173E-03),(0.,1.),.UNSPECIFIED.) 
GEOMETRIC_REPRESENTATION_ITEM() RATIONAL_B_SPLINE_SURFACE((
    (1.,0.923879532511,1.)
    ,(1.,0.911749565581,1.)
    ,(1.,0.899220089228,1.)
    ,(1.,0.874245421334,1.)
    ,(1.,0.861781605346,1.)
    ,(1.,0.825542617634,1.)
    ,(1.,0.803435149102,1.)
    ,(1.,0.766895049729,1.)
    ,(1.,0.752495094774,1.)
    ,(1.,0.734673301468,1.)
    ,(1.,0.731306466851,1.)
,(1.,0.734171128875,1.))) REPRESENTATION_ITEM('') SURFACE() );
#7903 = CARTESIAN_POINT('',(-16.91976035642,-19.01584283426,
    -138.9414213562));
#7904 = CARTESIAN_POINT('',(-16.97657557694,-19.00157790445,-139.));
#7905 = CARTESIAN_POINT('',(-17.05692443234,-18.98140424723,-139.));
#7906 = CARTESIAN_POINT('',(-16.94547191967,-19.11824858648,
    -138.9414213095));
#7907 = CARTESIAN_POINT('',(-17.00938977874,-19.11044858638,
    -139.005314458));
#7908 = CARTESIAN_POINT('',(-17.09788591926,-19.09255770381,-139.));
#7909 = CARTESIAN_POINT('',(-16.96035298996,-19.22130899408,
    -138.9348561143));
#7910 = CARTESIAN_POINT('',(-17.02967356399,-19.2182683437,
    -139.0033926846));
#7911 = CARTESIAN_POINT('',(-17.12551076176,-19.20354791267,
    -138.9917934592));
#7912 = CARTESIAN_POINT('',(-16.97728645859,-19.42820035298,
    -138.9168483647));
#7913 = CARTESIAN_POINT('',(-17.05682843359,-19.43400601288,
    -138.9946106162));
#7914 = CARTESIAN_POINT('',(-17.16480429026,-19.42525544287,
    -138.969283749));
#7915 = CARTESIAN_POINT('',(-16.97911069047,-19.53217526346,
    -138.9051824005));
#7916 = CARTESIAN_POINT('',(-17.06302919158,-19.54208543056,
    -138.9873329703));
#7917 = CARTESIAN_POINT('',(-17.17621819174,-19.5361405958,
    -138.9547013126));
#7918 = CARTESIAN_POINT('',(-16.97002314106,-19.84456341229,
    -138.8676770325));
#7919 = CARTESIAN_POINT('',(-17.06647992882,-19.87082783409,
    -138.9624183586));
#7920 = CARTESIAN_POINT('',(-17.19221892085,-19.86819360129,
    -138.9078195808));
#7921 = CARTESIAN_POINT('',(-16.94512201335,-20.04904700925,
    -138.8401207878));
#7922 = CARTESIAN_POINT('',(-17.04744203167,-20.08012078452,
    -138.9429864903));
#7923 = CARTESIAN_POINT('',(-17.17888782355,-20.08413199455,
    -138.8733742945));
#7924 = CARTESIAN_POINT('',(-16.87222791961,-20.45430444892,
    -138.7934175356));
#7925 = CARTESIAN_POINT('',(-16.98531327293,-20.49553455118,
    -138.9102170736));
#7926 = CARTESIAN_POINT('',(-17.12233355808,-20.51038992157,
    -138.8149952191));
#7927 = CARTESIAN_POINT('',(-16.82390805714,-20.65500399028,
    -138.7740508904));
#7928 = CARTESIAN_POINT('',(-16.94120187055,-20.69714148685,
    -138.8970108455));
#7929 = CARTESIAN_POINT('',(-17.07869692954,-20.7205985446,
    -138.7907869192));
#7930 = CARTESIAN_POINT('',(-16.70870367266,-21.05429630703,
    -138.75006375));
#7931 = CARTESIAN_POINT('',(-16.83109435543,-21.10068520425,
    -138.8804543947));
#7932 = CARTESIAN_POINT('',(-16.96706319267,-21.13721660965,
    -138.7608029907));
#7933 = CARTESIAN_POINT('',(-16.64170272841,-21.25285185174,
    -138.7455467386));
#7934 = CARTESIAN_POINT('',(-16.765988326,-21.2967789593,-138.8774783833
    ));
#7935 = CARTESIAN_POINT('',(-16.89891055213,-21.34356808728,
    -138.7551566943));
#7936 = CARTESIAN_POINT('',(-16.56688211903,-21.4473334035,
    -138.7493404671));
#7937 = CARTESIAN_POINT('',(-16.68976173463,-21.49223774142,
    -138.8800871901));
#7938 = CARTESIAN_POINT('',(-16.82016887447,-21.54476635388,
    -138.7598988886));
#7939 = ADVANCED_FACE('',(#7940),#7953,.T.);
#7940 = FACE_BOUND('',#7941,.T.);
#7941 = EDGE_LOOP('',(#7942,#7943,#7944,#7945,#7952));
#7942 = ORIENTED_EDGE('',*,*,#7848,.T.);
#7943 = ORIENTED_EDGE('',*,*,#2678,.F.);
#7944 = ORIENTED_EDGE('',*,*,#7023,.F.);
#7945 = ORIENTED_EDGE('',*,*,#7946,.F.);
#7946 = EDGE_CURVE('',#6387,#7024,#7947,.T.);
#7947 = CIRCLE('',#7948,0.2);
#7948 = AXIS2_PLACEMENT_3D('',#7949,#7950,#7951);
#7949 = CARTESIAN_POINT('',(-9.184910094263,-18.28498916375,-138.8));
#7950 = DIRECTION('',(-0.410010835725,0.912080651362,0.));
#7951 = DIRECTION('',(0.912080651362,0.410010835725,0.));
#7952 = ORIENTED_EDGE('',*,*,#6386,.F.);
#7953 = TOROIDAL_SURFACE('',#7954,4.182842712475,0.2);
#7954 = AXIS2_PLACEMENT_3D('',#7955,#7956,#7957);
#7955 = CARTESIAN_POINT('',(-13.,-20.,-138.8));
#7956 = DIRECTION('',(0.,0.,-1.));
#7957 = DIRECTION('',(-1.,0.,0.));
#7958 = ADVANCED_FACE('',(#7959),#7971,.T.);
#7959 = FACE_BOUND('',#7960,.T.);
#7960 = EDGE_LOOP('',(#7961,#7962,#7963,#7970));
#7961 = ORIENTED_EDGE('',*,*,#7894,.T.);
#7962 = ORIENTED_EDGE('',*,*,#6582,.F.);
#7963 = ORIENTED_EDGE('',*,*,#7964,.F.);
#7964 = EDGE_CURVE('',#7061,#6574,#7965,.T.);
#7965 = CIRCLE('',#7966,0.2);
#7966 = AXIS2_PLACEMENT_3D('',#7967,#7968,#7969);
#7967 = CARTESIAN_POINT('',(-12.98151165796,-15.81719814735,-138.8));
#7968 = DIRECTION('',(0.999990231565,-4.420042374909E-03,-8.E-17));
#7969 = DIRECTION('',(-4.420042374909E-03,-0.999990231565,0.));
#7970 = ORIENTED_EDGE('',*,*,#7069,.F.);
#7971 = TOROIDAL_SURFACE('',#7972,4.182842712475,0.2);
#7972 = AXIS2_PLACEMENT_3D('',#7973,#7974,#7975);
#7973 = CARTESIAN_POINT('',(-13.,-20.,-138.8));
#7974 = DIRECTION('',(0.,0.,-1.));
#7975 = DIRECTION('',(-1.,0.,0.));
#7976 = ADVANCED_FACE('',(#7977),#7989,.T.);
#7977 = FACE_BOUND('',#7978,.T.);
#7978 = EDGE_LOOP('',(#7979,#7980,#7981,#7988));
#7979 = ORIENTED_EDGE('',*,*,#7946,.T.);
#7980 = ORIENTED_EDGE('',*,*,#7032,.F.);
#7981 = ORIENTED_EDGE('',*,*,#7982,.F.);
#7982 = EDGE_CURVE('',#7708,#7033,#7983,.T.);
#7983 = CIRCLE('',#7984,0.2);
#7984 = AXIS2_PLACEMENT_3D('',#7985,#7986,#7987);
#7985 = CARTESIAN_POINT('',(-9.256321890772,-18.13033118676,
    -138.8017465453));
#7986 = DIRECTION('',(-0.428591055993,0.903273888173,-2.014918530786E-02
    ));
#7987 = DIRECTION('',(0.903457303956,0.428678084263,-1.882174971435E-16)
  );
#7988 = ORIENTED_EDGE('',*,*,#7716,.F.);
#7989 = ( BOUNDED_SURFACE() B_SPLINE_SURFACE(3,2,(
    (#7990,#7991,#7992)
    ,(#7993,#7994,#7995)
    ,(#7996,#7997,#7998)
    ,(#7999,#8000,#8001
)),.UNSPECIFIED.,.F.,.F.,.F.) B_SPLINE_SURFACE_WITH_KNOTS((4,4),(3,3),(
    -0.,1.703578144569E-04),(0.,1.),.PIECEWISE_BEZIER_KNOTS.) 
GEOMETRIC_REPRESENTATION_ITEM() RATIONAL_B_SPLINE_SURFACE((
    (1.,0.928848409022,1.)
    ,(1.,0.927200591972,1.)
    ,(1.,0.925541841057,1.)
,(1.,0.923879532512,1.))) REPRESENTATION_ITEM('') SURFACE() );
#7990 = CARTESIAN_POINT('',(-9.259326135602,-18.13621559251,
    -139.0016373862));
#7991 = CARTESIAN_POINT('',(-9.331386086288,-18.17036046887,
    -138.9995492063));
#7992 = CARTESIAN_POINT('',(-9.382842321549,-18.1935180572,
    -138.9431679015));
#7993 = CARTESIAN_POINT('',(-9.233988763698,-18.18559364335,
    -139.0005645966));
#7994 = CARTESIAN_POINT('',(-9.307188057749,-18.21978102787,
    -138.9991474505));
#7995 = CARTESIAN_POINT('',(-9.359359055317,-18.24310023909,
    -138.942023591));
#7996 = CARTESIAN_POINT('',(-9.209200690944,-18.23519181771,-139.));
#7997 = CARTESIAN_POINT('',(-9.283568859502,-18.26932220523,
    -138.9992815842));
#7998 = CARTESIAN_POINT('',(-9.336395764692,-18.29292604168,
    -138.9414213575));
#7999 = CARTESIAN_POINT('',(-9.184910094263,-18.28498916375,-139.));
#8000 = CARTESIAN_POINT('',(-9.260469329418,-18.31895557352,-139.));
#8001 = CARTESIAN_POINT('',(-9.313897776977,-18.34297345221,
    -138.9414213562));
#8002 = ADVANCED_FACE('',(#8003),#8015,.T.);
#8003 = FACE_BOUND('',#8004,.T.);
#8004 = EDGE_LOOP('',(#8005,#8006,#8007,#8014));
#8005 = ORIENTED_EDGE('',*,*,#7964,.T.);
#8006 = ORIENTED_EDGE('',*,*,#7733,.F.);
#8007 = ORIENTED_EDGE('',*,*,#8008,.F.);
#8008 = EDGE_CURVE('',#7042,#7734,#8009,.T.);
#8009 = CIRCLE('',#8010,0.2);
#8010 = AXIS2_PLACEMENT_3D('',#8011,#8012,#8013);
#8011 = CARTESIAN_POINT('',(-12.8111807739,-15.81967291273,
    -138.8017465453));
#8012 = DIRECTION('',(0.999484983803,-2.497553769485E-02,
    -2.014918530784E-02));
#8013 = DIRECTION('',(-2.498060914425E-02,-0.999687935891,
    -5.995638013845E-17));
#8014 = ORIENTED_EDGE('',*,*,#7060,.F.);
#8015 = ( BOUNDED_SURFACE() B_SPLINE_SURFACE(3,2,(
    (#8016,#8017,#8018)
    ,(#8019,#8020,#8021)
    ,(#8022,#8023,#8024)
    ,(#8025,#8026,#8027
)),.UNSPECIFIED.,.F.,.F.,.F.) B_SPLINE_SURFACE_WITH_KNOTS((4,4),(3,3),(
    0.,1.70357814465E-04),(0.,1.),.PIECEWISE_BEZIER_KNOTS.) 
GEOMETRIC_REPRESENTATION_ITEM() RATIONAL_B_SPLINE_SURFACE((
    (1.,0.923879532511,1.)
    ,(1.,0.925541841057,1.)
    ,(1.,0.927200591972,1.)
,(1.,0.928848409022,1.))) REPRESENTATION_ITEM('') SURFACE() );
#8016 = CARTESIAN_POINT('',(-12.98151165796,-15.81719814735,-139.));
#8017 = CARTESIAN_POINT('',(-12.98187782626,-15.90004005058,-139.));
#8018 = CARTESIAN_POINT('',(-12.98213674635,-15.95861812212,
    -138.9414213562));
#8019 = CARTESIAN_POINT('',(-12.92614127523,-15.81918043793,-139.));
#8020 = CARTESIAN_POINT('',(-12.9271408439,-15.90100041538,
    -138.9992815842));
#8021 = CARTESIAN_POINT('',(-12.9272655888,-15.958860656,-138.9414213575
    ));
#8022 = CARTESIAN_POINT('',(-12.87075094926,-15.82169822273,
    -139.0005645966));
#8023 = CARTESIAN_POINT('',(-12.87227714087,-15.90247312384,
    -138.9991474505));
#8024 = CARTESIAN_POINT('',(-12.87240805369,-15.95961839015,
    -138.942023591));
#8025 = CARTESIAN_POINT('',(-12.81533878872,-15.82480736798,
    -139.0016373862));
#8026 = CARTESIAN_POINT('',(-12.81728867818,-15.90452378414,
    -138.9995492063));
#8027 = CARTESIAN_POINT('',(-12.81756206233,-15.96095022569,
    -138.9431679015));
#8028 = ADVANCED_FACE('',(#8029),#8035,.T.);
#8029 = FACE_BOUND('',#8030,.T.);
#8030 = EDGE_LOOP('',(#8031,#8032,#8033,#8034));
#8031 = ORIENTED_EDGE('',*,*,#7982,.T.);
#8032 = ORIENTED_EDGE('',*,*,#7041,.F.);
#8033 = ORIENTED_EDGE('',*,*,#8008,.T.);
#8034 = ORIENTED_EDGE('',*,*,#7761,.F.);
#8035 = ( BOUNDED_SURFACE() B_SPLINE_SURFACE(3,2,(
    (#8036,#8037,#8038)
    ,(#8039,#8040,#8041)
    ,(#8042,#8043,#8044)
    ,(#8045,#8046,#8047)
    ,(#8048,#8049,#8050)
    ,(#8051,#8052,#8053)
    ,(#8054,#8055,#8056)
    ,(#8057,#8058,#8059)
    ,(#8060,#8061,#8062)
    ,(#8063,#8064,#8065)
    ,(#8066,#8067,#8068)
    ,(#8069,#8070,#8071)
    ,(#8072,#8073,#8074)
    ,(#8075,#8076,#8077
)),.UNSPECIFIED.,.F.,.F.,.F.) B_SPLINE_SURFACE_WITH_KNOTS((4,2,2,2,2,2,4
    ),(3,3),(0.,1.111807943212E-03,1.667711914818E-03,2.223615886424E-03
    ,2.779519858031E-03,3.335423829637E-03,4.447231772849E-03),(0.,1.),
.UNSPECIFIED.) GEOMETRIC_REPRESENTATION_ITEM() RATIONAL_B_SPLINE_SURFACE
((
    (1.,0.928848409022,1.)
    ,(1.,0.945889222448,1.)
    ,(1.,0.956989810059,1.)
    ,(1.,0.968143289792,1.)
    ,(1.,0.97088619009,1.)
    ,(1.,0.974525347496,1.)
    ,(1.,0.97543996402,1.)
    ,(1.,0.975455412952,1.)
    ,(1.,0.974537822471,1.)
    ,(1.,0.970876924961,1.)
    ,(1.,0.968162004606,1.)
    ,(1.,0.957148726716,1.)
    ,(1.,0.945955487669,1.)
,(1.,0.928848409022,1.))) REPRESENTATION_ITEM('') SURFACE() );
#8036 = CARTESIAN_POINT('',(-12.81533878872,-15.82480736798,
    -139.0016373862));
#8037 = CARTESIAN_POINT('',(-12.81728867818,-15.90452378414,
    -138.9995492063));
#8038 = CARTESIAN_POINT('',(-12.81756206233,-15.96095022569,
    -138.9431679015));
#8039 = CARTESIAN_POINT('',(-12.44085993796,-15.85231229421,
    -139.0087205812));
#8040 = CARTESIAN_POINT('',(-12.45644213575,-15.9206414208,
    -138.9995303845));
#8041 = CARTESIAN_POINT('',(-12.45546288493,-15.96974315976,
    -138.950722752));
#8042 = CARTESIAN_POINT('',(-12.08051164964,-15.92686610875,
    -139.0116033651));
#8043 = CARTESIAN_POINT('',(-12.0960005927,-15.98455595755,
    -138.9995196635));
#8044 = CARTESIAN_POINT('',(-12.10201076841,-16.0277425611,
    -138.9564866724));
#8045 = CARTESIAN_POINT('',(-11.55584182181,-16.1057530564,
    -139.0138159339));
#8046 = CARTESIAN_POINT('',(-11.57340542133,-16.15245008393,
    -138.9994937568));
#8047 = CARTESIAN_POINT('',(-11.5849160465,-16.18725941623,
    -138.9628710206));
#8048 = CARTESIAN_POINT('',(-11.38460693659,-16.17660379079,
    -139.0141614484));
#8049 = CARTESIAN_POINT('',(-11.40289748573,-16.22008532393,
    -138.9994833159));
#8050 = CARTESIAN_POINT('',(-11.41572470414,-16.2526172933,
    -138.9645768976));
#8051 = CARTESIAN_POINT('',(-11.05618139102,-16.33676333449,
    -139.0145329873));
#8052 = CARTESIAN_POINT('',(-11.07676131532,-16.37518971426,
    -138.9994649545));
#8053 = CARTESIAN_POINT('',(-11.09153998878,-16.40424082985,
    -138.9669009845));
#8054 = CARTESIAN_POINT('',(-10.89777445419,-16.42644440675,
    -139.0145709447));
#8055 = CARTESIAN_POINT('',(-10.91927095395,-16.46322914587,
    -138.9994577673));
#8056 = CARTESIAN_POINT('',(-10.93536081718,-16.49085749672,
    -138.9675232159));
#8057 = CARTESIAN_POINT('',(-10.59142365487,-16.6253476789,
    -139.0145718766));
#8058 = CARTESIAN_POINT('',(-10.61626596897,-16.65994138239,
    -138.9994576579));
#8059 = CARTESIAN_POINT('',(-10.63494301884,-16.68587788385,
    -138.9675335245));
#8060 = CARTESIAN_POINT('',(-10.44237329709,-16.73555588313,
    -139.0145342193));
#8061 = CARTESIAN_POINT('',(-10.46911298543,-16.7699667522,-138.99946489
    ));
#8062 = CARTESIAN_POINT('',(-10.48965173446,-16.79526554701,
    -138.9669089795));
#8063 = CARTESIAN_POINT('',(-10.16091176177,-16.97214133965,
    -139.0141605441));
#8064 = CARTESIAN_POINT('',(-10.19323473966,-17.00651158708,
    -138.9994833646));
#8065 = CARTESIAN_POINT('',(-10.21777128389,-17.03143753964,
    -138.9645709526));
#8066 = CARTESIAN_POINT('',(-10.02852384959,-17.09822884642,
    -139.0138172954));
#8067 = CARTESIAN_POINT('',(-10.06405323973,-17.13322320384,
    -138.9994936711));
#8068 = CARTESIAN_POINT('',(-10.09116396209,-17.15788586408,
    -138.9628833292));
#8069 = CARTESIAN_POINT('',(-9.6553160091,-17.50095035749,
    -139.0116395299));
#8070 = CARTESIAN_POINT('',(-9.701624402835,-17.5384662879,
    -138.9995193754));
#8071 = CARTESIAN_POINT('',(-9.73849892294,-17.56154086768,
    -138.9565744878));
#8072 = CARTESIAN_POINT('',(-9.436784339589,-17.80460473076,
    -139.0087322834));
#8073 = CARTESIAN_POINT('',(-9.492863831821,-17.84662416174,
    -138.9995303551));
#8074 = CARTESIAN_POINT('',(-9.538135192915,-17.86563526677,
    -138.9507351208));
#8075 = CARTESIAN_POINT('',(-9.259326135602,-18.13621559251,
    -139.0016373862));
#8076 = CARTESIAN_POINT('',(-9.331386086288,-18.17036046887,
    -138.9995492063));
#8077 = CARTESIAN_POINT('',(-9.382842321549,-18.1935180572,
    -138.9431679015));
#8078 = ADVANCED_FACE('',(#8079),#8097,.T.);
#8079 = FACE_BOUND('',#8080,.T.);
#8080 = EDGE_LOOP('',(#8081,#8088,#8089,#8096));
#8081 = ORIENTED_EDGE('',*,*,#8082,.F.);
#8082 = EDGE_CURVE('',#6396,#7147,#8083,.T.);
#8083 = CIRCLE('',#8084,0.2);
#8084 = AXIS2_PLACEMENT_3D('',#8085,#8086,#8087);
#8085 = CARTESIAN_POINT('',(9.18491009426,-18.28498916376,-138.8));
#8086 = DIRECTION('',(-0.410010835723,-0.912080651362,0.));
#8087 = DIRECTION('',(-0.912080651362,0.410010835723,0.));
#8088 = ORIENTED_EDGE('',*,*,#7698,.F.);
#8089 = ORIENTED_EDGE('',*,*,#8090,.F.);
#8090 = EDGE_CURVE('',#7128,#7550,#8091,.T.);
#8091 = CIRCLE('',#8092,0.2);
#8092 = AXIS2_PLACEMENT_3D('',#8093,#8094,#8095);
#8093 = CARTESIAN_POINT('',(9.256321890772,-18.13033118676,
    -138.8017465453));
#8094 = DIRECTION('',(0.428591055993,0.903273888173,-2.014918530784E-02)
  );
#8095 = DIRECTION('',(0.903457303956,-0.428678084263,1.301042606983E-16)
  );
#8096 = ORIENTED_EDGE('',*,*,#7146,.F.);
#8097 = ( BOUNDED_SURFACE() B_SPLINE_SURFACE(3,2,(
    (#8098,#8099,#8100)
    ,(#8101,#8102,#8103)
    ,(#8104,#8105,#8106)
    ,(#8107,#8108,#8109
)),.UNSPECIFIED.,.F.,.F.,.F.) B_SPLINE_SURFACE_WITH_KNOTS((4,4),(3,3),(
    0.,1.70357814465E-04),(0.,1.),.PIECEWISE_BEZIER_KNOTS.) 
GEOMETRIC_REPRESENTATION_ITEM() RATIONAL_B_SPLINE_SURFACE((
    (1.,0.923879532511,1.)
    ,(1.,0.925541841057,1.)
    ,(1.,0.927200591972,1.)
,(1.,0.928848409022,1.))) REPRESENTATION_ITEM('') SURFACE() );
#8098 = CARTESIAN_POINT('',(9.18491009426,-18.28498916376,-139.));
#8099 = CARTESIAN_POINT('',(9.260469329414,-18.31895557353,-139.));
#8100 = CARTESIAN_POINT('',(9.313897776973,-18.34297345222,
    -138.9414213562));
#8101 = CARTESIAN_POINT('',(9.209200690942,-18.23519181772,-139.));
#8102 = CARTESIAN_POINT('',(9.283568859501,-18.26932220524,
    -138.9992815842));
#8103 = CARTESIAN_POINT('',(9.33639576469,-18.29292604168,
    -138.9414213575));
#8104 = CARTESIAN_POINT('',(9.233988763696,-18.18559364335,
    -139.0005645966));
#8105 = CARTESIAN_POINT('',(9.307188057747,-18.21978102788,
    -138.9991474505));
#8106 = CARTESIAN_POINT('',(9.359359055315,-18.2431002391,-138.942023591
    ));
#8107 = CARTESIAN_POINT('',(9.259326135602,-18.13621559251,
    -139.0016373862));
#8108 = CARTESIAN_POINT('',(9.331386086288,-18.17036046887,
    -138.9995492063));
#8109 = CARTESIAN_POINT('',(9.382842321549,-18.1935180572,
    -138.9431679015));
#8110 = ADVANCED_FACE('',(#8111),#8123,.T.);
#8111 = FACE_BOUND('',#8112,.T.);
#8112 = EDGE_LOOP('',(#8113,#8114,#8115,#8122));
#8113 = ORIENTED_EDGE('',*,*,#8090,.T.);
#8114 = ORIENTED_EDGE('',*,*,#7558,.F.);
#8115 = ORIENTED_EDGE('',*,*,#8116,.F.);
#8116 = EDGE_CURVE('',#7119,#7482,#8117,.T.);
#8117 = CIRCLE('',#8118,0.2);
#8118 = AXIS2_PLACEMENT_3D('',#8119,#8120,#8121);
#8119 = CARTESIAN_POINT('',(12.811180773902,-15.81967291273,
    -138.8017465453));
#8120 = DIRECTION('',(0.999484983803,2.497553769485E-02,
    2.014918530785E-02));
#8121 = DIRECTION('',(2.498060914425E-02,-0.999687935891,
    -5.995638013845E-17));
#8122 = ORIENTED_EDGE('',*,*,#7127,.F.);
#8123 = ( BOUNDED_SURFACE() B_SPLINE_SURFACE(3,2,(
    (#8124,#8125,#8126)
    ,(#8127,#8128,#8129)
    ,(#8130,#8131,#8132)
    ,(#8133,#8134,#8135)
    ,(#8136,#8137,#8138)
    ,(#8139,#8140,#8141)
    ,(#8142,#8143,#8144)
    ,(#8145,#8146,#8147)
    ,(#8148,#8149,#8150)
    ,(#8151,#8152,#8153)
    ,(#8154,#8155,#8156)
    ,(#8157,#8158,#8159)
    ,(#8160,#8161,#8162)
    ,(#8163,#8164,#8165
)),.UNSPECIFIED.,.F.,.F.,.F.) B_SPLINE_SURFACE_WITH_KNOTS((4,2,2,2,2,2,4
    ),(3,3),(-0.,1.111807943212E-03,1.667711914818E-03,
    2.223615886424E-03,2.779519858031E-03,3.335423829637E-03,
    4.447231772849E-03),(0.,1.),.UNSPECIFIED.) 
GEOMETRIC_REPRESENTATION_ITEM() RATIONAL_B_SPLINE_SURFACE((
    (1.,0.928848409022,1.)
    ,(1.,0.945889222448,1.)
    ,(1.,0.95698981006,1.)
    ,(1.,0.968143289792,1.)
    ,(1.,0.97088619009,1.)
    ,(1.,0.974525347496,1.)
    ,(1.,0.975439964019,1.)
    ,(1.,0.975455412952,1.)
    ,(1.,0.974537822471,1.)
    ,(1.,0.970876924961,1.)
    ,(1.,0.968162004606,1.)
    ,(1.,0.957148726716,1.)
    ,(1.,0.945955487669,1.)
,(1.,0.928848409022,1.))) REPRESENTATION_ITEM('') SURFACE() );
#8124 = CARTESIAN_POINT('',(9.259326135602,-18.13621559251,
    -139.0016373862));
#8125 = CARTESIAN_POINT('',(9.331386086288,-18.17036046887,
    -138.9995492063));
#8126 = CARTESIAN_POINT('',(9.382842321549,-18.1935180572,
    -138.9431679015));
#8127 = CARTESIAN_POINT('',(9.436491647314,-17.80515168314,
    -139.0087205812));
#8128 = CARTESIAN_POINT('',(9.492610554413,-17.84713194868,
    -138.9995303845));
#8129 = CARTESIAN_POINT('',(9.537881400102,-17.86617112491,
    -138.950722752));
#8130 = CARTESIAN_POINT('',(9.650917724925,-17.50610215982,
    -139.0116033651));
#8131 = CARTESIAN_POINT('',(9.697351425334,-17.54367791635,
    -138.9995196635));
#8132 = CARTESIAN_POINT('',(9.73437898817,-17.56670321825,
    -138.9564866724));
#8133 = CARTESIAN_POINT('',(10.02740268628,-17.0992384945,
    -139.0138159339));
#8134 = CARTESIAN_POINT('',(10.062947963654,-17.13424743143,
    -138.9994937568));
#8135 = CARTESIAN_POINT('',(10.090086625133,-17.15889854012,
    -138.9628710206));
#8136 = CARTESIAN_POINT('',(10.161669189562,-16.97151332636,
    -139.0141614484));
#8137 = CARTESIAN_POINT('',(10.193980754376,-17.00588119931,
    -138.9994833159));
#8138 = CARTESIAN_POINT('',(10.218503665837,-17.0308109682,
    -138.9645768976));
#8139 = CARTESIAN_POINT('',(10.441369125852,-16.73639130685,
    -139.0145329873));
#8140 = CARTESIAN_POINT('',(10.468131436866,-16.77079913526,
    -138.9994649545));
#8141 = CARTESIAN_POINT('',(10.488681008994,-16.79609916671,
    -138.9669009845));
#8142 = CARTESIAN_POINT('',(10.587636542345,-16.62803404946,
    -139.0145709447));
#8143 = CARTESIAN_POINT('',(10.612526477139,-16.66261305581,
    -138.9994577672));
#8144 = CARTESIAN_POINT('',(10.631243496541,-16.68853375515,
    -138.9675232159));
#8145 = CARTESIAN_POINT('',(10.893781948597,-16.42881478797,
    -139.0145718766));
#8146 = CARTESIAN_POINT('',(10.915311212675,-16.46556197398,
    -138.9994576579));
#8147 = CARTESIAN_POINT('',(10.931431743846,-16.49316021259,
    -138.9675335245));
#8148 = CARTESIAN_POINT('',(11.055010241826,-16.33734186905,
    -139.0145342193));
#8149 = CARTESIAN_POINT('',(11.075602129191,-16.37574880876,
    -138.99946489));
#8150 = CARTESIAN_POINT('',(11.090384066405,-16.40478953125,
    -138.9669089795));
#8151 = CARTESIAN_POINT('',(11.385488364944,-16.17616654759,
    -139.0141605441));
#8152 = CARTESIAN_POINT('',(11.403776450654,-16.21965947493,
    -138.9994833646));
#8153 = CARTESIAN_POINT('',(11.416594646812,-16.25220235375,
    -138.9645709526));
#8154 = CARTESIAN_POINT('',(11.554463955865,-16.10636777736,
    -139.0138172954));
#8155 = CARTESIAN_POINT('',(11.572020681237,-16.15304436687,
    -138.9994936711));
#8156 = CARTESIAN_POINT('',(11.583553205771,-16.1878328557,
    -138.9628833292));
#8157 = CARTESIAN_POINT('',(12.074017904736,-15.92879412532,
    -139.0116395299));
#8158 = CARTESIAN_POINT('',(12.089503045084,-15.98634517043,
    -138.9995193754));
#8159 = CARTESIAN_POINT('',(12.095620386632,-16.02941191627,
    -138.9565744878));
#8160 = CARTESIAN_POINT('',(12.440241261087,-15.85235773184,
    -139.0087322834));
#8161 = CARTESIAN_POINT('',(12.455875252999,-15.92066673799,
    -138.999530355));
#8162 = CARTESIAN_POINT('',(12.454870139126,-15.96975755174,
    -138.9507351208));
#8163 = CARTESIAN_POINT('',(12.815338788723,-15.82480736798,
    -139.0016373862));
#8164 = CARTESIAN_POINT('',(12.81728867818,-15.90452378414,
    -138.9995492063));
#8165 = CARTESIAN_POINT('',(12.817562062338,-15.96095022569,
    -138.9431679015));
#8166 = ADVANCED_FACE('',(#8167),#8173,.T.);
#8167 = FACE_BOUND('',#8168,.T.);
#8168 = EDGE_LOOP('',(#8169,#8170,#8171,#8172));
#8169 = ORIENTED_EDGE('',*,*,#3210,.F.);
#8170 = ORIENTED_EDGE('',*,*,#6404,.F.);
#8171 = ORIENTED_EDGE('',*,*,#8082,.T.);
#8172 = ORIENTED_EDGE('',*,*,#7155,.F.);
#8173 = TOROIDAL_SURFACE('',#8174,4.182842712475,0.2);
#8174 = AXIS2_PLACEMENT_3D('',#8175,#8176,#8177);
#8175 = CARTESIAN_POINT('',(13.,-20.,-138.8));
#8176 = DIRECTION('',(0.,0.,-1.));
#8177 = DIRECTION('',(-1.,0.,0.));
#8178 = ADVANCED_FACE('',(#8179),#8191,.T.);
#8179 = FACE_BOUND('',#8180,.T.);
#8180 = EDGE_LOOP('',(#8181,#8182,#8183,#8190));
#8181 = ORIENTED_EDGE('',*,*,#8116,.T.);
#8182 = ORIENTED_EDGE('',*,*,#7490,.F.);
#8183 = ORIENTED_EDGE('',*,*,#8184,.F.);
#8184 = EDGE_CURVE('',#7110,#6436,#8185,.T.);
#8185 = CIRCLE('',#8186,0.2);
#8186 = AXIS2_PLACEMENT_3D('',#8187,#8188,#8189);
#8187 = CARTESIAN_POINT('',(12.981511657963,-15.81719814735,-138.8));
#8188 = DIRECTION('',(0.999990231565,4.420042374909E-03,8.E-17));
#8189 = DIRECTION('',(4.420042374909E-03,-0.999990231565,0.));
#8190 = ORIENTED_EDGE('',*,*,#7118,.F.);
#8191 = ( BOUNDED_SURFACE() B_SPLINE_SURFACE(3,2,(
    (#8192,#8193,#8194)
    ,(#8195,#8196,#8197)
    ,(#8198,#8199,#8200)
    ,(#8201,#8202,#8203
)),.UNSPECIFIED.,.F.,.F.,.F.) B_SPLINE_SURFACE_WITH_KNOTS((4,4),(3,3),(
    -0.,1.70357814465E-04),(0.,1.),.PIECEWISE_BEZIER_KNOTS.) 
GEOMETRIC_REPRESENTATION_ITEM() RATIONAL_B_SPLINE_SURFACE((
    (1.,0.928848409022,1.)
    ,(1.,0.927200591972,1.)
    ,(1.,0.925541841057,1.)
,(1.,0.923879532511,1.))) REPRESENTATION_ITEM('') SURFACE() );
#8192 = CARTESIAN_POINT('',(12.815338788723,-15.82480736798,
    -139.0016373862));
#8193 = CARTESIAN_POINT('',(12.81728867818,-15.90452378414,
    -138.9995492063));
#8194 = CARTESIAN_POINT('',(12.817562062338,-15.96095022569,
    -138.9431679015));
#8195 = CARTESIAN_POINT('',(12.870750949263,-15.82169822273,
    -139.0005645966));
#8196 = CARTESIAN_POINT('',(12.872277140875,-15.90247312384,
    -138.9991474505));
#8197 = CARTESIAN_POINT('',(12.872408053699,-15.95961839015,
    -138.942023591));
#8198 = CARTESIAN_POINT('',(12.926141275232,-15.81918043793,-139.));
#8199 = CARTESIAN_POINT('',(12.927140843904,-15.90100041538,
    -138.9992815842));
#8200 = CARTESIAN_POINT('',(12.927265588809,-15.958860656,
    -138.9414213575));
#8201 = CARTESIAN_POINT('',(12.981511657963,-15.81719814735,-139.));
#8202 = CARTESIAN_POINT('',(12.981877826263,-15.90004005058,-139.));
#8203 = CARTESIAN_POINT('',(12.982136746351,-15.95861812212,
    -138.9414213562));
#8204 = ADVANCED_FACE('',(#8205),#8217,.T.);
#8205 = FACE_BOUND('',#8206,.T.);
#8206 = EDGE_LOOP('',(#8207,#8208,#8209,#8216));
#8207 = ORIENTED_EDGE('',*,*,#3218,.T.);
#8208 = ORIENTED_EDGE('',*,*,#2725,.F.);
#8209 = ORIENTED_EDGE('',*,*,#8210,.F.);
#8210 = EDGE_CURVE('',#6743,#2726,#8211,.T.);
#8211 = CIRCLE('',#8212,0.2);
#8212 = AXIS2_PLACEMENT_3D('',#8213,#8214,#8215);
#8213 = CARTESIAN_POINT('',(16.697926205972,-21.50050714965,
    -138.6079191109));
#8214 = DIRECTION('',(0.359609278398,0.932937763778,1.75583543532E-02));
#8215 = DIRECTION('',(0.933081607439,-0.359664724235,-9.974659986867E-17
    ));
#8216 = ORIENTED_EDGE('',*,*,#6742,.F.);
#8217 = ( BOUNDED_SURFACE() B_SPLINE_SURFACE(3,2,(
    (#8218,#8219,#8220)
    ,(#8221,#8222,#8223)
    ,(#8224,#8225,#8226)
    ,(#8227,#8228,#8229)
    ,(#8230,#8231,#8232)
    ,(#8233,#8234,#8235)
    ,(#8236,#8237,#8238)
    ,(#8239,#8240,#8241
)),.UNSPECIFIED.,.F.,.F.,.F.) B_SPLINE_SURFACE_WITH_KNOTS((4,2,2,4),(3,3
    ),(0.,7.640107894723E-04,1.528021578945E-03,3.056043157889E-03),(0.,
1.),.UNSPECIFIED.) GEOMETRIC_REPRESENTATION_ITEM() 
RATIONAL_B_SPLINE_SURFACE((
    (1.,0.923879532511,1.)
    ,(1.,0.900644082613,1.)
    ,(1.,0.877877040443,1.)
    ,(1.,0.834925450567,1.)
    ,(1.,0.815256098546,1.)
    ,(1.,0.764103307592,1.)
    ,(1.,0.740206566965,1.)
,(1.,0.734171128875,1.))) REPRESENTATION_ITEM('') SURFACE() );
#8218 = CARTESIAN_POINT('',(14.718055456914,-23.65805577125,
    -138.9414213562));
#8219 = CARTESIAN_POINT('',(14.742957923077,-23.7110776977,-139.));
#8220 = CARTESIAN_POINT('',(14.778175328462,-23.78606202518,-139.));
#8221 = CARTESIAN_POINT('',(14.943438852645,-23.55220135289,
    -138.9414213084));
#8222 = CARTESIAN_POINT('',(14.987771061574,-23.60748202617,
    -139.0103042531));
#8223 = CARTESIAN_POINT('',(15.031563565213,-23.6938415512,-139.));
#8224 = CARTESIAN_POINT('',(15.145421057575,-23.41221466257,
    -138.9231189402));
#8225 = CARTESIAN_POINT('',(15.200066013197,-23.46825142339,
    -138.9996837556));
#8226 = CARTESIAN_POINT('',(15.257023440902,-23.56011414818,
    -138.9771219856));
#8227 = CARTESIAN_POINT('',(15.521291778525,-23.0918490764,
    -138.8819453202));
#8228 = CARTESIAN_POINT('',(15.597628296647,-23.14950948592,
    -138.9741592488));
#8229 = CARTESIAN_POINT('',(15.675106331874,-23.2449733494,
    -138.9256549494));
#8230 = CARTESIAN_POINT('',(15.689852218049,-22.91395006778,
    -138.8582256745));
#8231 = CARTESIAN_POINT('',(15.773981166368,-22.9712784526,
    -138.9575292903));
#8232 = CARTESIAN_POINT('',(15.861790860696,-23.06562929619,
    -138.8960054006));
#8233 = CARTESIAN_POINT('',(16.146542222545,-22.34351896484,
    -138.7932468773));
#8234 = CARTESIAN_POINT('',(16.266703515243,-22.38414094972,
    -138.9104583164));
#8235 = CARTESIAN_POINT('',(16.365660273058,-22.48303697969,
    -138.8147818958));
#8236 = CARTESIAN_POINT('',(16.389948245447,-21.90723842489,
    -138.758311778));
#8237 = CARTESIAN_POINT('',(16.509249197225,-21.95555910751,
    -138.8864440396));
#8238 = CARTESIAN_POINT('',(16.631316668119,-22.02786426663,
    -138.7711126731));
#8239 = CARTESIAN_POINT('',(16.566882119038,-21.4473334035,
    -138.7493404671));
#8240 = CARTESIAN_POINT('',(16.689761734634,-21.49223774142,
    -138.8800871901));
#8241 = CARTESIAN_POINT('',(16.820168874476,-21.54476635388,
    -138.7598988886));
#8242 = ADVANCED_FACE('',(#8243),#8255,.T.);
#8243 = FACE_BOUND('',#8244,.T.);
#8244 = EDGE_LOOP('',(#8245,#8246,#8247,#8254));
#8245 = ORIENTED_EDGE('',*,*,#8184,.T.);
#8246 = ORIENTED_EDGE('',*,*,#6480,.F.);
#8247 = ORIENTED_EDGE('',*,*,#8248,.F.);
#8248 = EDGE_CURVE('',#7099,#6473,#8249,.T.);
#8249 = CIRCLE('',#8250,0.2);
#8250 = AXIS2_PLACEMENT_3D('',#8251,#8252,#8253);
#8251 = CARTESIAN_POINT('',(17.056924432344,-18.98140424723,-138.8));
#8252 = DIRECTION('',(0.243517584281,-0.969896482181,-0.));
#8253 = DIRECTION('',(-0.969896482181,-0.243517584281,0.));
#8254 = ORIENTED_EDGE('',*,*,#7109,.F.);
#8255 = TOROIDAL_SURFACE('',#8256,4.182842712475,0.2);
#8256 = AXIS2_PLACEMENT_3D('',#8257,#8258,#8259);
#8257 = CARTESIAN_POINT('',(13.,-20.,-138.8));
#8258 = DIRECTION('',(0.,0.,-1.));
#8259 = DIRECTION('',(-1.,0.,0.));
#8260 = ADVANCED_FACE('',(#8261),#8268,.T.);
#8261 = FACE_BOUND('',#8262,.T.);
#8262 = EDGE_LOOP('',(#8263,#8264,#8265,#8266,#8267));
#8263 = ORIENTED_EDGE('',*,*,#8210,.T.);
#8264 = ORIENTED_EDGE('',*,*,#2738,.F.);
#8265 = ORIENTED_EDGE('',*,*,#7098,.F.);
#8266 = ORIENTED_EDGE('',*,*,#8248,.T.);
#8267 = ORIENTED_EDGE('',*,*,#6825,.F.);
#8268 = ( BOUNDED_SURFACE() B_SPLINE_SURFACE(3,2,(
    (#8269,#8270,#8271)
    ,(#8272,#8273,#8274)
    ,(#8275,#8276,#8277)
    ,(#8278,#8279,#8280)
    ,(#8281,#8282,#8283)
    ,(#8284,#8285,#8286)
    ,(#8287,#8288,#8289)
    ,(#8290,#8291,#8292)
    ,(#8293,#8294,#8295)
    ,(#8296,#8297,#8298)
    ,(#8299,#8300,#8301)
    ,(#8302,#8303,#8304
)),.UNSPECIFIED.,.F.,.F.,.F.) B_SPLINE_SURFACE_WITH_KNOTS((4,2,2,2,2,4),
  (3,3),(0.,6.44135747705E-04,1.28827149541E-03,1.932407243115E-03,
    2.254475116968E-03,2.57654299082E-03),(0.,1.),.UNSPECIFIED.) 
GEOMETRIC_REPRESENTATION_ITEM() RATIONAL_B_SPLINE_SURFACE((
    (1.,0.734171128875,1.)
    ,(1.,0.731322181305,1.)
    ,(1.,0.734666957625,1.)
    ,(1.,0.752355324134,1.)
    ,(1.,0.766689575709,1.)
    ,(1.,0.803364818252,1.)
    ,(1.,0.825860593032,1.)
    ,(1.,0.861823409245,1.)
    ,(1.,0.874195173419,1.)
    ,(1.,0.899107637594,1.)
    ,(1.,0.911654781022,1.)
,(1.,0.923879532511,1.))) REPRESENTATION_ITEM('') SURFACE() );
#8269 = CARTESIAN_POINT('',(16.566882119038,-21.4473334035,
    -138.7493404671));
#8270 = CARTESIAN_POINT('',(16.689761734634,-21.49223774142,
    -138.8800871901));
#8271 = CARTESIAN_POINT('',(16.820168874476,-21.54476635388,
    -138.7598988886));
#8272 = CARTESIAN_POINT('',(16.642018712934,-21.25203051168,
    -138.7455307168));
#8273 = CARTESIAN_POINT('',(16.766308486901,-21.2959580071,
    -138.8774674263));
#8274 = CARTESIAN_POINT('',(16.899242801911,-21.34271913123,
    -138.7551366852));
#8275 = CARTESIAN_POINT('',(16.708417897452,-21.05510025675,
    -138.7500544779));
#8276 = CARTESIAN_POINT('',(16.830817205706,-21.10146196165,
    -138.8804499246));
#8277 = CARTESIAN_POINT('',(16.96676850402,-21.13805092325,
    -138.7607914003));
#8278 = CARTESIAN_POINT('',(16.823247302992,-20.65747912926,
    -138.7738634945));
#8279 = CARTESIAN_POINT('',(16.940588159696,-20.69962219503,
    -138.8968825333));
#8280 = CARTESIAN_POINT('',(17.078074279656,-20.72318556598,
    -138.7905526746));
#8281 = CARTESIAN_POINT('',(16.871717564939,-20.45678947989,
    -138.7931492797));
#8282 = CARTESIAN_POINT('',(16.984854598459,-20.49811621388,
    -138.9100259045));
#8283 = CARTESIAN_POINT('',(17.121905798843,-20.51299906227,
    -138.8146598989));
#8284 = CARTESIAN_POINT('',(16.945081410795,-20.04962240688,
    -138.840036485));
#8285 = CARTESIAN_POINT('',(17.047415554998,-20.08075738727,
    -138.9429244493));
#8286 = CARTESIAN_POINT('',(17.178887889123,-20.08474183928,
    -138.8732689165));
#8287 = CARTESIAN_POINT('',(16.970176532996,-19.84177227538,
    -138.8680252999));
#8288 = CARTESIAN_POINT('',(17.06652897253,-19.86783805241,
    -138.9626609212));
#8289 = CARTESIAN_POINT('',(17.192166572535,-19.86523223211,
    -138.9082549173));
#8290 = CARTESIAN_POINT('',(16.979084037249,-19.53184017431,
    -138.9052159946));
#8291 = CARTESIAN_POINT('',(17.062986417234,-19.54171241152,
    -138.9873535226));
#8292 = CARTESIAN_POINT('',(17.17615534003,-19.53578165479,
    -138.9547433042));
#8293 = CARTESIAN_POINT('',(16.977291244187,-19.4286195902,
    -138.9168000792));
#8294 = CARTESIAN_POINT('',(17.056849932923,-19.43443423978,
    -138.9945802445));
#8295 = CARTESIAN_POINT('',(17.164847115941,-19.42570232721,
    -138.9692233916));
#8296 = CARTESIAN_POINT('',(16.960458328091,-19.22223758706,
    -138.9347870083));
#8297 = CARTESIAN_POINT('',(17.029825969087,-19.2192305008,
    -139.0033660173));
#8298 = CARTESIAN_POINT('',(17.125723681026,-19.20454536563,
    -138.9917070771));
#8299 = CARTESIAN_POINT('',(16.945669920871,-19.11903720866,
    -138.9414213068));
#8300 = CARTESIAN_POINT('',(17.009645345941,-19.11129651592,
    -139.0053558472));
#8301 = CARTESIAN_POINT('',(17.098200144745,-19.09341039859,-139.));
#8302 = CARTESIAN_POINT('',(16.919760356424,-19.01584283426,
    -138.9414213562));
#8303 = CARTESIAN_POINT('',(16.97657557694,-19.00157790445,-139.));
#8304 = CARTESIAN_POINT('',(17.056924432344,-18.98140424723,-139.));
#8305 = ADVANCED_FACE('',(#8306),#8325,.T.);
#8306 = FACE_BOUND('',#8307,.T.);
#8307 = EDGE_LOOP('',(#8308,#8315,#8316,#8323,#8324));
#8308 = ORIENTED_EDGE('',*,*,#8309,.F.);
#8309 = EDGE_CURVE('',#6558,#2779,#8310,.T.);
#8310 = CIRCLE('',#8311,0.2);
#8311 = AXIS2_PLACEMENT_3D('',#8312,#8313,#8314);
#8312 = CARTESIAN_POINT('',(-17.05692443234,18.981404247233,-138.8));
#8313 = DIRECTION('',(0.243517584281,-0.969896482181,-0.));
#8314 = DIRECTION('',(-0.969896482181,-0.243517584281,0.));
#8315 = ORIENTED_EDGE('',*,*,#6793,.F.);
#8316 = ORIENTED_EDGE('',*,*,#8317,.F.);
#8317 = EDGE_CURVE('',#7183,#6783,#8318,.T.);
#8318 = CIRCLE('',#8319,0.2);
#8319 = AXIS2_PLACEMENT_3D('',#8320,#8321,#8322);
#8320 = CARTESIAN_POINT('',(-16.69792620597,21.500507149654,
    -138.6079191109));
#8321 = DIRECTION('',(0.359609278398,0.932937763778,-1.75583543532E-02)
  );
#8322 = DIRECTION('',(0.933081607439,-0.359664724235,1.006139616067E-16)
  );
#8323 = ORIENTED_EDGE('',*,*,#7195,.F.);
#8324 = ORIENTED_EDGE('',*,*,#2778,.F.);
#8325 = ( BOUNDED_SURFACE() B_SPLINE_SURFACE(3,2,(
    (#8326,#8327,#8328)
    ,(#8329,#8330,#8331)
    ,(#8332,#8333,#8334)
    ,(#8335,#8336,#8337)
    ,(#8338,#8339,#8340)
    ,(#8341,#8342,#8343)
    ,(#8344,#8345,#8346)
    ,(#8347,#8348,#8349)
    ,(#8350,#8351,#8352)
    ,(#8353,#8354,#8355)
    ,(#8356,#8357,#8358)
    ,(#8359,#8360,#8361
)),.UNSPECIFIED.,.F.,.F.,.F.) B_SPLINE_SURFACE_WITH_KNOTS((4,2,2,2,2,4),
  (3,3),(-0.,6.44135747705E-04,1.28827149541E-03,1.932407243115E-03,
    2.254475116968E-03,2.57654299082E-03),(0.,1.),.UNSPECIFIED.) 
GEOMETRIC_REPRESENTATION_ITEM() RATIONAL_B_SPLINE_SURFACE((
    (1.,0.734171128875,1.)
    ,(1.,0.731322181305,1.)
    ,(1.,0.734666957625,1.)
    ,(1.,0.752355324134,1.)
    ,(1.,0.766689575708,1.)
    ,(1.,0.803364818253,1.)
    ,(1.,0.825860593032,1.)
    ,(1.,0.861823409246,1.)
    ,(1.,0.874195173419,1.)
    ,(1.,0.899107637594,1.)
    ,(1.,0.911654781022,1.)
,(1.,0.923879532511,1.))) REPRESENTATION_ITEM('') SURFACE() );
#8326 = CARTESIAN_POINT('',(-16.56688211903,21.447333403503,
    -138.7493404671));
#8327 = CARTESIAN_POINT('',(-16.68976173463,21.49223774142,
    -138.8800871901));
#8328 = CARTESIAN_POINT('',(-16.82016887447,21.544766353882,
    -138.7598988886));
#8329 = CARTESIAN_POINT('',(-16.64201871293,21.252030511682,
    -138.7455307168));
#8330 = CARTESIAN_POINT('',(-16.7663084869,21.295958007101,
    -138.8774674263));
#8331 = CARTESIAN_POINT('',(-16.89924280191,21.342719131238,
    -138.7551366852));
#8332 = CARTESIAN_POINT('',(-16.70841789745,21.055100256758,
    -138.7500544779));
#8333 = CARTESIAN_POINT('',(-16.8308172057,21.101461961654,
    -138.8804499246));
#8334 = CARTESIAN_POINT('',(-16.96676850402,21.138050923256,
    -138.7607914003));
#8335 = CARTESIAN_POINT('',(-16.82324730299,20.657479129267,
    -138.7738634945));
#8336 = CARTESIAN_POINT('',(-16.94058815969,20.699622195034,
    -138.8968825333));
#8337 = CARTESIAN_POINT('',(-17.07807427965,20.723185565988,
    -138.7905526746));
#8338 = CARTESIAN_POINT('',(-16.87171756493,20.456789479895,
    -138.7931492797));
#8339 = CARTESIAN_POINT('',(-16.98485459845,20.498116213886,
    -138.9100259045));
#8340 = CARTESIAN_POINT('',(-17.12190579884,20.512999062274,
    -138.8146598989));
#8341 = CARTESIAN_POINT('',(-16.94508141079,20.04962240688,
    -138.840036485));
#8342 = CARTESIAN_POINT('',(-17.04741555499,20.080757387276,
    -138.9429244493));
#8343 = CARTESIAN_POINT('',(-17.17888788912,20.084741839285,
    -138.8732689165));
#8344 = CARTESIAN_POINT('',(-16.97017653299,19.841772275382,
    -138.8680252999));
#8345 = CARTESIAN_POINT('',(-17.06652897253,19.867838052415,
    -138.9626609212));
#8346 = CARTESIAN_POINT('',(-17.19216657253,19.865232232118,
    -138.9082549173));
#8347 = CARTESIAN_POINT('',(-16.97908403724,19.531840174314,
    -138.9052159946));
#8348 = CARTESIAN_POINT('',(-17.06298641723,19.541712411527,
    -138.9873535226));
#8349 = CARTESIAN_POINT('',(-17.17615534003,19.535781654793,
    -138.9547433042));
#8350 = CARTESIAN_POINT('',(-16.97729124418,19.428619590208,
    -138.9168000792));
#8351 = CARTESIAN_POINT('',(-17.05684993292,19.434434239789,
    -138.9945802445));
#8352 = CARTESIAN_POINT('',(-17.16484711594,19.425702327217,
    -138.9692233916));
#8353 = CARTESIAN_POINT('',(-16.96045832809,19.222237587068,
    -138.9347870083));
#8354 = CARTESIAN_POINT('',(-17.02982596908,19.219230500806,
    -139.0033660173));
#8355 = CARTESIAN_POINT('',(-17.12572368102,19.204545365632,
    -138.9917070771));
#8356 = CARTESIAN_POINT('',(-16.94566992086,19.11903720866,
    -138.9414213068));
#8357 = CARTESIAN_POINT('',(-17.00964534593,19.111296515923,
    -139.0053558472));
#8358 = CARTESIAN_POINT('',(-17.09820014474,19.093410398596,-139.));
#8359 = CARTESIAN_POINT('',(-16.91976035642,19.015842834269,
    -138.9414213562));
#8360 = CARTESIAN_POINT('',(-16.97657557694,19.00157790445,-139.));
#8361 = CARTESIAN_POINT('',(-17.05692443234,18.981404247233,-139.));
#8362 = ADVANCED_FACE('',(#8363),#8375,.T.);
#8363 = FACE_BOUND('',#8364,.T.);
#8364 = EDGE_LOOP('',(#8365,#8366,#8367,#8374));
#8365 = ORIENTED_EDGE('',*,*,#8317,.T.);
#8366 = ORIENTED_EDGE('',*,*,#6865,.F.);
#8367 = ORIENTED_EDGE('',*,*,#8368,.F.);
#8368 = EDGE_CURVE('',#7174,#6505,#8369,.T.);
#8369 = CIRCLE('',#8370,0.2);
#8370 = AXIS2_PLACEMENT_3D('',#8371,#8372,#8373);
#8371 = CARTESIAN_POINT('',(-14.77817532846,23.786062025186,-138.8));
#8372 = DIRECTION('',(0.905140901879,0.425111688555,0.));
#8373 = DIRECTION('',(0.425111688555,-0.905140901879,0.));
#8374 = ORIENTED_EDGE('',*,*,#7182,.F.);
#8375 = ( BOUNDED_SURFACE() B_SPLINE_SURFACE(3,2,(
    (#8376,#8377,#8378)
    ,(#8379,#8380,#8381)
    ,(#8382,#8383,#8384)
    ,(#8385,#8386,#8387)
    ,(#8388,#8389,#8390)
    ,(#8391,#8392,#8393)
    ,(#8394,#8395,#8396)
    ,(#8397,#8398,#8399
)),.UNSPECIFIED.,.F.,.F.,.F.) B_SPLINE_SURFACE_WITH_KNOTS((4,2,2,4),(3,3
    ),(0.,7.640107894723E-04,1.528021578945E-03,3.056043157889E-03),(0.,
1.),.UNSPECIFIED.) GEOMETRIC_REPRESENTATION_ITEM() 
RATIONAL_B_SPLINE_SURFACE((
    (1.,0.923879532511,1.)
    ,(1.,0.900644082613,1.)
    ,(1.,0.877877040443,1.)
    ,(1.,0.834925450567,1.)
    ,(1.,0.815256098546,1.)
    ,(1.,0.764103307593,1.)
    ,(1.,0.740206566964,1.)
,(1.,0.734171128875,1.))) REPRESENTATION_ITEM('') SURFACE() );
#8376 = CARTESIAN_POINT('',(-14.71805545691,23.658055771256,
    -138.9414213562));
#8377 = CARTESIAN_POINT('',(-14.74295792307,23.711077697702,-139.));
#8378 = CARTESIAN_POINT('',(-14.77817532846,23.786062025186,-139.));
#8379 = CARTESIAN_POINT('',(-14.94343885264,23.552201352891,
    -138.9414213084));
#8380 = CARTESIAN_POINT('',(-14.98777106157,23.607482026171,
    -139.0103042531));
#8381 = CARTESIAN_POINT('',(-15.03156356521,23.693841551199,-139.));
#8382 = CARTESIAN_POINT('',(-15.14542105757,23.412214662571,
    -138.9231189402));
#8383 = CARTESIAN_POINT('',(-15.20006601319,23.468251423392,
    -138.9996837556));
#8384 = CARTESIAN_POINT('',(-15.2570234409,23.560114148184,
    -138.9771219856));
#8385 = CARTESIAN_POINT('',(-15.52129177852,23.091849076408,
    -138.8819453202));
#8386 = CARTESIAN_POINT('',(-15.59762829664,23.149509485924,
    -138.9741592488));
#8387 = CARTESIAN_POINT('',(-15.67510633187,23.244973349402,
    -138.9256549494));
#8388 = CARTESIAN_POINT('',(-15.68985221804,22.913950067781,
    -138.8582256745));
#8389 = CARTESIAN_POINT('',(-15.77398116636,22.9712784526,
    -138.9575292903));
#8390 = CARTESIAN_POINT('',(-15.86179086069,23.065629296197,
    -138.8960054006));
#8391 = CARTESIAN_POINT('',(-16.14654222254,22.343518964842,
    -138.7932468773));
#8392 = CARTESIAN_POINT('',(-16.26670351524,22.38414094972,
    -138.9104583164));
#8393 = CARTESIAN_POINT('',(-16.36566027305,22.483036979695,
    -138.8147818958));
#8394 = CARTESIAN_POINT('',(-16.38994824544,21.907238424893,
    -138.758311778));
#8395 = CARTESIAN_POINT('',(-16.50924919721,21.955559107516,
    -138.8864440396));
#8396 = CARTESIAN_POINT('',(-16.63131666811,22.027864266634,
    -138.7711126731));
#8397 = CARTESIAN_POINT('',(-16.56688211903,21.447333403503,
    -138.7493404671));
#8398 = CARTESIAN_POINT('',(-16.68976173463,21.49223774142,
    -138.8800871901));
#8399 = CARTESIAN_POINT('',(-16.82016887447,21.544766353882,
    -138.7598988886));
#8400 = ADVANCED_FACE('',(#8401),#8413,.T.);
#8401 = FACE_BOUND('',#8402,.T.);
#8402 = EDGE_LOOP('',(#8403,#8404,#8405,#8412));
#8403 = ORIENTED_EDGE('',*,*,#8309,.T.);
#8404 = ORIENTED_EDGE('',*,*,#2789,.F.);
#8405 = ORIENTED_EDGE('',*,*,#8406,.F.);
#8406 = EDGE_CURVE('',#3132,#2790,#8407,.T.);
#8407 = CIRCLE('',#8408,0.2);
#8408 = AXIS2_PLACEMENT_3D('',#8409,#8410,#8411);
#8409 = CARTESIAN_POINT('',(-12.98151165796,15.817198147353,-138.8));
#8410 = DIRECTION('',(0.999990231565,4.420042374909E-03,0.));
#8411 = DIRECTION('',(4.420042374909E-03,-0.999990231565,0.));
#8412 = ORIENTED_EDGE('',*,*,#6565,.F.);
#8413 = TOROIDAL_SURFACE('',#8414,4.182842712475,0.2);
#8414 = AXIS2_PLACEMENT_3D('',#8415,#8416,#8417);
#8415 = CARTESIAN_POINT('',(-13.,20.,-138.8));
#8416 = DIRECTION('',(0.,0.,-1.));
#8417 = DIRECTION('',(-1.,0.,0.));
#8418 = ADVANCED_FACE('',(#8419),#8432,.T.);
#8419 = FACE_BOUND('',#8420,.T.);
#8420 = EDGE_LOOP('',(#8421,#8422,#8423,#8430,#8431));
#8421 = ORIENTED_EDGE('',*,*,#8368,.T.);
#8422 = ORIENTED_EDGE('',*,*,#6504,.F.);
#8423 = ORIENTED_EDGE('',*,*,#8424,.F.);
#8424 = EDGE_CURVE('',#2827,#6496,#8425,.T.);
#8425 = CIRCLE('',#8426,0.2);
#8426 = AXIS2_PLACEMENT_3D('',#8427,#8428,#8429);
#8427 = CARTESIAN_POINT('',(-9.18491009426,18.28498916376,-138.8));
#8428 = DIRECTION('',(-0.410010835723,-0.912080651362,0.));
#8429 = DIRECTION('',(-0.912080651362,0.410010835723,0.));
#8430 = ORIENTED_EDGE('',*,*,#2835,.F.);
#8431 = ORIENTED_EDGE('',*,*,#7173,.F.);
#8432 = TOROIDAL_SURFACE('',#8433,4.182842712475,0.2);
#8433 = AXIS2_PLACEMENT_3D('',#8434,#8435,#8436);
#8434 = CARTESIAN_POINT('',(-13.,20.,-138.8));
#8435 = DIRECTION('',(0.,0.,-1.));
#8436 = DIRECTION('',(-1.,0.,0.));
#8437 = ADVANCED_FACE('',(#8438),#8450,.T.);
#8438 = FACE_BOUND('',#8439,.T.);
#8439 = EDGE_LOOP('',(#8440,#8441,#8442,#8449));
#8440 = ORIENTED_EDGE('',*,*,#8406,.T.);
#8441 = ORIENTED_EDGE('',*,*,#2798,.F.);
#8442 = ORIENTED_EDGE('',*,*,#8443,.F.);
#8443 = EDGE_CURVE('',#3123,#2799,#8444,.T.);
#8444 = CIRCLE('',#8445,0.2);
#8445 = AXIS2_PLACEMENT_3D('',#8446,#8447,#8448);
#8446 = CARTESIAN_POINT('',(-12.8111807739,15.819672912733,
    -138.8017465453));
#8447 = DIRECTION('',(0.999484983803,2.497553769535E-02,
    -2.014918530804E-02));
#8448 = DIRECTION('',(2.498060914475E-02,-0.999687935891,
    -9.009720053355E-17));
#8449 = ORIENTED_EDGE('',*,*,#3131,.F.);
#8450 = ( BOUNDED_SURFACE() B_SPLINE_SURFACE(3,2,(
    (#8451,#8452,#8453)
    ,(#8454,#8455,#8456)
    ,(#8457,#8458,#8459)
    ,(#8460,#8461,#8462
)),.UNSPECIFIED.,.F.,.F.,.F.) B_SPLINE_SURFACE_WITH_KNOTS((4,4),(3,3),(
    -4.E-17,1.703578144667E-04),(0.,1.),.PIECEWISE_BEZIER_KNOTS.) 
GEOMETRIC_REPRESENTATION_ITEM() RATIONAL_B_SPLINE_SURFACE((
    (1.,0.928848409022,1.)
    ,(1.,0.927200591972,1.)
    ,(1.,0.925541841057,1.)
,(1.,0.923879532511,1.))) REPRESENTATION_ITEM('') SURFACE() );
#8451 = CARTESIAN_POINT('',(-12.81533878872,15.824807367986,
    -139.0016373862));
#8452 = CARTESIAN_POINT('',(-12.81728867817,15.904523784149,
    -138.9995492063));
#8453 = CARTESIAN_POINT('',(-12.81756206233,15.960950225695,
    -138.9431679015));
#8454 = CARTESIAN_POINT('',(-12.87075094926,15.821698222739,
    -139.0005645966));
#8455 = CARTESIAN_POINT('',(-12.87227714087,15.902473123847,
    -138.9991474505));
#8456 = CARTESIAN_POINT('',(-12.87240805369,15.959618390152,
    -138.942023591));
#8457 = CARTESIAN_POINT('',(-12.92614127523,15.819180437932,-139.));
#8458 = CARTESIAN_POINT('',(-12.9271408439,15.901000415381,
    -138.9992815842));
#8459 = CARTESIAN_POINT('',(-12.9272655888,15.958860656007,
    -138.9414213575));
#8460 = CARTESIAN_POINT('',(-12.98151165796,15.817198147353,-139.));
#8461 = CARTESIAN_POINT('',(-12.98187782626,15.900040050584,-139.));
#8462 = CARTESIAN_POINT('',(-12.98213674635,15.958618122125,
    -138.9414213562));
#8463 = ADVANCED_FACE('',(#8464),#8476,.T.);
#8464 = FACE_BOUND('',#8465,.T.);
#8465 = EDGE_LOOP('',(#8466,#8467,#8468,#8475));
#8466 = ORIENTED_EDGE('',*,*,#8424,.T.);
#8467 = ORIENTED_EDGE('',*,*,#7524,.F.);
#8468 = ORIENTED_EDGE('',*,*,#8469,.F.);
#8469 = EDGE_CURVE('',#2808,#7525,#8470,.T.);
#8470 = CIRCLE('',#8471,0.2);
#8471 = AXIS2_PLACEMENT_3D('',#8472,#8473,#8474);
#8472 = CARTESIAN_POINT('',(-9.256321890772,18.130331186767,
    -138.8017465453));
#8473 = DIRECTION('',(-0.428591055993,-0.903273888173,
    -2.014918530786E-02));
#8474 = DIRECTION('',(-0.903457303956,0.428678084263,-1.708702623837E-16
    ));
#8475 = ORIENTED_EDGE('',*,*,#2826,.F.);
#8476 = ( BOUNDED_SURFACE() B_SPLINE_SURFACE(3,2,(
    (#8477,#8478,#8479)
    ,(#8480,#8481,#8482)
    ,(#8483,#8484,#8485)
    ,(#8486,#8487,#8488
)),.UNSPECIFIED.,.F.,.F.,.F.) B_SPLINE_SURFACE_WITH_KNOTS((4,4),(3,3),(
    0.,1.70357814465E-04),(0.,1.),.PIECEWISE_BEZIER_KNOTS.) 
GEOMETRIC_REPRESENTATION_ITEM() RATIONAL_B_SPLINE_SURFACE((
    (1.,0.923879532511,1.)
    ,(1.,0.925541841057,1.)
    ,(1.,0.927200591972,1.)
,(1.,0.928848409022,1.))) REPRESENTATION_ITEM('') SURFACE() );
#8477 = CARTESIAN_POINT('',(-9.18491009426,18.28498916376,-139.));
#8478 = CARTESIAN_POINT('',(-9.260469329414,18.318955573535,-139.));
#8479 = CARTESIAN_POINT('',(-9.313897776973,18.34297345222,
    -138.9414213562));
#8480 = CARTESIAN_POINT('',(-9.209200690943,18.235191817721,-139.));
#8481 = CARTESIAN_POINT('',(-9.283568859502,18.269322205243,
    -138.9992815842));
#8482 = CARTESIAN_POINT('',(-9.336395764691,18.292926041685,
    -138.9414213575));
#8483 = CARTESIAN_POINT('',(-9.233988763697,18.185593643356,
    -139.0005645966));
#8484 = CARTESIAN_POINT('',(-9.307188057748,18.219781027881,
    -138.9991474505));
#8485 = CARTESIAN_POINT('',(-9.359359055315,18.243100239101,
    -138.942023591));
#8486 = CARTESIAN_POINT('',(-9.259326135602,18.136215592515,
    -139.0016373862));
#8487 = CARTESIAN_POINT('',(-9.331386086288,18.170360468879,
    -138.9995492063));
#8488 = CARTESIAN_POINT('',(-9.382842321549,18.193518057208,
    -138.9431679015));
#8489 = ADVANCED_FACE('',(#8490),#8496,.T.);
#8490 = FACE_BOUND('',#8491,.T.);
#8491 = EDGE_LOOP('',(#8492,#8493,#8494,#8495));
#8492 = ORIENTED_EDGE('',*,*,#8443,.T.);
#8493 = ORIENTED_EDGE('',*,*,#2807,.F.);
#8494 = ORIENTED_EDGE('',*,*,#8469,.T.);
#8495 = ORIENTED_EDGE('',*,*,#7629,.F.);
#8496 = ( BOUNDED_SURFACE() B_SPLINE_SURFACE(3,2,(
    (#8497,#8498,#8499)
    ,(#8500,#8501,#8502)
    ,(#8503,#8504,#8505)
    ,(#8506,#8507,#8508)
    ,(#8509,#8510,#8511)
    ,(#8512,#8513,#8514)
    ,(#8515,#8516,#8517)
    ,(#8518,#8519,#8520)
    ,(#8521,#8522,#8523)
    ,(#8524,#8525,#8526)
    ,(#8527,#8528,#8529)
    ,(#8530,#8531,#8532)
    ,(#8533,#8534,#8535)
    ,(#8536,#8537,#8538
)),.UNSPECIFIED.,.F.,.F.,.F.) B_SPLINE_SURFACE_WITH_KNOTS((4,2,2,2,2,2,4
    ),(3,3),(0.,1.111807943212E-03,1.667711914818E-03,2.223615886424E-03
    ,2.77951985803E-03,3.335423829636E-03,4.447231772847E-03),(0.,1.),
.UNSPECIFIED.) GEOMETRIC_REPRESENTATION_ITEM() RATIONAL_B_SPLINE_SURFACE
((
    (1.,0.928848409022,1.)
    ,(1.,0.945889222448,1.)
    ,(1.,0.95698981006,1.)
    ,(1.,0.968143289792,1.)
    ,(1.,0.97088619009,1.)
    ,(1.,0.974525347496,1.)
    ,(1.,0.975439964019,1.)
    ,(1.,0.975455412952,1.)
    ,(1.,0.974537822471,1.)
    ,(1.,0.970876924961,1.)
    ,(1.,0.968162004606,1.)
    ,(1.,0.957148726717,1.)
    ,(1.,0.945955487669,1.)
,(1.,0.928848409022,1.))) REPRESENTATION_ITEM('') SURFACE() );
#8497 = CARTESIAN_POINT('',(-9.259326135602,18.136215592515,
    -139.0016373862));
#8498 = CARTESIAN_POINT('',(-9.331386086288,18.170360468879,
    -138.9995492063));
#8499 = CARTESIAN_POINT('',(-9.382842321549,18.193518057208,
    -138.9431679015));
#8500 = CARTESIAN_POINT('',(-9.436491647321,17.805151683143,
    -139.0087205812));
#8501 = CARTESIAN_POINT('',(-9.492610554419,17.847131948686,
    -138.9995303845));
#8502 = CARTESIAN_POINT('',(-9.537881400106,17.866171124912,
    -138.950722752));
#8503 = CARTESIAN_POINT('',(-9.650917724927,17.506102159822,
    -139.0116033651));
#8504 = CARTESIAN_POINT('',(-9.697351425334,17.54367791635,
    -138.9995196635));
#8505 = CARTESIAN_POINT('',(-9.734378988172,17.56670321826,
    -138.9564866724));
#8506 = CARTESIAN_POINT('',(-10.02740268627,17.099238494504,
    -139.0138159339));
#8507 = CARTESIAN_POINT('',(-10.06294796365,17.134247431433,
    -138.9994937568));
#8508 = CARTESIAN_POINT('',(-10.09008662513,17.158898540125,
    -138.9628710206));
#8509 = CARTESIAN_POINT('',(-10.16166918956,16.97151332637,
    -139.0141614484));
#8510 = CARTESIAN_POINT('',(-10.19398075437,17.005881199316,
    -138.9994833159));
#8511 = CARTESIAN_POINT('',(-10.21850366583,17.030810968205,
    -138.9645768976));
#8512 = CARTESIAN_POINT('',(-10.44136912584,16.736391306848,
    -139.0145329873));
#8513 = CARTESIAN_POINT('',(-10.46813143686,16.770799135263,
    -138.9994649545));
#8514 = CARTESIAN_POINT('',(-10.48868100899,16.796099166715,
    -138.9669009845));
#8515 = CARTESIAN_POINT('',(-10.58763654234,16.628034049457,
    -139.0145709447));
#8516 = CARTESIAN_POINT('',(-10.61252647713,16.662613055807,
    -138.9994577673));
#8517 = CARTESIAN_POINT('',(-10.63124349653,16.68853375515,
    -138.9675232159));
#8518 = CARTESIAN_POINT('',(-10.89378194859,16.428814787979,
    -139.0145718766));
#8519 = CARTESIAN_POINT('',(-10.91531121267,16.465561973991,
    -138.9994576579));
#8520 = CARTESIAN_POINT('',(-10.93143174384,16.493160212599,
    -138.9675335245));
#8521 = CARTESIAN_POINT('',(-11.05501024182,16.337341869059,
    -139.0145342193));
#8522 = CARTESIAN_POINT('',(-11.07560212919,16.375748808769,
    -138.99946489));
#8523 = CARTESIAN_POINT('',(-11.0903840664,16.404789531256,
    -138.9669089795));
#8524 = CARTESIAN_POINT('',(-11.38548836494,16.17616654759,
    -139.0141605441));
#8525 = CARTESIAN_POINT('',(-11.40377645065,16.219659474936,
    -138.9994833646));
#8526 = CARTESIAN_POINT('',(-11.41659464681,16.252202353751,
    -138.9645709526));
#8527 = CARTESIAN_POINT('',(-11.55446395586,16.106367777359,
    -139.0138172954));
#8528 = CARTESIAN_POINT('',(-11.57202068123,16.153044366874,
    -138.9994936711));
#8529 = CARTESIAN_POINT('',(-11.58355320576,16.187832855702,
    -138.9628833292));
#8530 = CARTESIAN_POINT('',(-12.07401790473,15.928794125327,
    -139.0116395299));
#8531 = CARTESIAN_POINT('',(-12.08950304508,15.986345170433,
    -138.9995193754));
#8532 = CARTESIAN_POINT('',(-12.09562038663,16.029411916274,
    -138.9565744878));
#8533 = CARTESIAN_POINT('',(-12.44024126108,15.852357731902,
    -139.0087322834));
#8534 = CARTESIAN_POINT('',(-12.45587525299,15.920666738019,
    -138.999530355));
#8535 = CARTESIAN_POINT('',(-12.45487013912,15.969757551746,
    -138.9507351208));
#8536 = CARTESIAN_POINT('',(-12.81533878872,15.824807367986,
    -139.0016373862));
#8537 = CARTESIAN_POINT('',(-12.81728867817,15.904523784149,
    -138.9995492063));
#8538 = CARTESIAN_POINT('',(-12.81756206233,15.960950225695,
    -138.9431679015));
#8539 = ADVANCED_FACE('',(#8540),#8558,.T.);
#8540 = FACE_BOUND('',#8541,.T.);
#8541 = EDGE_LOOP('',(#8542,#8549,#8550,#8557));
#8542 = ORIENTED_EDGE('',*,*,#8543,.F.);
#8543 = EDGE_CURVE('',#6438,#2911,#8544,.T.);
#8544 = CIRCLE('',#8545,0.2);
#8545 = AXIS2_PLACEMENT_3D('',#8546,#8547,#8548);
#8546 = CARTESIAN_POINT('',(12.981511657963,15.817198147353,-138.8));
#8547 = DIRECTION('',(0.999990231565,-4.420042374909E-03,-0.));
#8548 = DIRECTION('',(-4.420042374909E-03,-0.999990231565,0.));
#8549 = ORIENTED_EDGE('',*,*,#7498,.F.);
#8550 = ORIENTED_EDGE('',*,*,#8551,.F.);
#8551 = EDGE_CURVE('',#2892,#7394,#8552,.T.);
#8552 = CIRCLE('',#8553,0.2);
#8553 = AXIS2_PLACEMENT_3D('',#8554,#8555,#8556);
#8554 = CARTESIAN_POINT('',(12.811180773902,15.819672912732,
    -138.8017465453));
#8555 = DIRECTION('',(-0.999484983803,2.497553769483E-02,
    -2.014918530785E-02));
#8556 = DIRECTION('',(2.498060914423E-02,0.999687935891,
    3.01408203951E-17));
#8557 = ORIENTED_EDGE('',*,*,#2910,.F.);
#8558 = ( BOUNDED_SURFACE() B_SPLINE_SURFACE(3,2,(
    (#8559,#8560,#8561)
    ,(#8562,#8563,#8564)
    ,(#8565,#8566,#8567)
    ,(#8568,#8569,#8570
)),.UNSPECIFIED.,.F.,.F.,.F.) B_SPLINE_SURFACE_WITH_KNOTS((4,4),(3,3),(
    0.,1.70357814465E-04),(0.,1.),.PIECEWISE_BEZIER_KNOTS.) 
GEOMETRIC_REPRESENTATION_ITEM() RATIONAL_B_SPLINE_SURFACE((
    (1.,0.923879532511,1.)
    ,(1.,0.925541841057,1.)
    ,(1.,0.927200591972,1.)
,(1.,0.928848409022,1.))) REPRESENTATION_ITEM('') SURFACE() );
#8559 = CARTESIAN_POINT('',(12.981511657963,15.817198147353,-139.));
#8560 = CARTESIAN_POINT('',(12.981877826263,15.900040050584,-139.));
#8561 = CARTESIAN_POINT('',(12.982136746351,15.958618122125,
    -138.9414213562));
#8562 = CARTESIAN_POINT('',(12.926141275232,15.819180437933,-139.));
#8563 = CARTESIAN_POINT('',(12.927140843904,15.901000415382,
    -138.9992815842));
#8564 = CARTESIAN_POINT('',(12.927265588809,15.958860656008,
    -138.9414213575));
#8565 = CARTESIAN_POINT('',(12.870750949264,15.821698222738,
    -139.0005645966));
#8566 = CARTESIAN_POINT('',(12.872277140875,15.902473123847,
    -138.9991474505));
#8567 = CARTESIAN_POINT('',(12.872408053699,15.959618390152,
    -138.942023591));
#8568 = CARTESIAN_POINT('',(12.815338788723,15.824807367986,
    -139.0016373862));
#8569 = CARTESIAN_POINT('',(12.81728867818,15.904523784149,
    -138.9995492063));
#8570 = CARTESIAN_POINT('',(12.817562062338,15.960950225695,
    -138.9431679015));
#8571 = ADVANCED_FACE('',(#8572),#8584,.T.);
#8572 = FACE_BOUND('',#8573,.T.);
#8573 = EDGE_LOOP('',(#8574,#8575,#8576,#8583));
#8574 = ORIENTED_EDGE('',*,*,#8551,.T.);
#8575 = ORIENTED_EDGE('',*,*,#7402,.F.);
#8576 = ORIENTED_EDGE('',*,*,#8577,.F.);
#8577 = EDGE_CURVE('',#2883,#7403,#8578,.T.);
#8578 = CIRCLE('',#8579,0.2);
#8579 = AXIS2_PLACEMENT_3D('',#8580,#8581,#8582);
#8580 = CARTESIAN_POINT('',(9.256321890772,18.130331186767,
    -138.8017465453));
#8581 = DIRECTION('',(-0.428591055993,0.903273888173,2.014918530786E-02)
  );
#8582 = DIRECTION('',(0.903457303956,0.428678084263,1.5092094241E-16));
#8583 = ORIENTED_EDGE('',*,*,#2891,.F.);
#8584 = ( BOUNDED_SURFACE() B_SPLINE_SURFACE(3,2,(
    (#8585,#8586,#8587)
    ,(#8588,#8589,#8590)
    ,(#8591,#8592,#8593)
    ,(#8594,#8595,#8596)
    ,(#8597,#8598,#8599)
    ,(#8600,#8601,#8602)
    ,(#8603,#8604,#8605)
    ,(#8606,#8607,#8608)
    ,(#8609,#8610,#8611)
    ,(#8612,#8613,#8614)
    ,(#8615,#8616,#8617)
    ,(#8618,#8619,#8620)
    ,(#8621,#8622,#8623)
    ,(#8624,#8625,#8626
)),.UNSPECIFIED.,.F.,.F.,.F.) B_SPLINE_SURFACE_WITH_KNOTS((4,2,2,2,2,2,4
    ),(3,3),(0.,1.111807943212E-03,1.667711914818E-03,2.223615886424E-03
    ,2.779519858031E-03,3.335423829637E-03,4.447231772849E-03),(0.,1.),
.UNSPECIFIED.) GEOMETRIC_REPRESENTATION_ITEM() RATIONAL_B_SPLINE_SURFACE
((
    (1.,0.928848409022,1.)
    ,(1.,0.945889222448,1.)
    ,(1.,0.95698981006,1.)
    ,(1.,0.968143289791,1.)
    ,(1.,0.97088619009,1.)
    ,(1.,0.974525347496,1.)
    ,(1.,0.97543996402,1.)
    ,(1.,0.975455412952,1.)
    ,(1.,0.974537822471,1.)
    ,(1.,0.970876924961,1.)
    ,(1.,0.968162004607,1.)
    ,(1.,0.957148726715,1.)
    ,(1.,0.94595548767,1.)
,(1.,0.928848409022,1.))) REPRESENTATION_ITEM('') SURFACE() );
#8585 = CARTESIAN_POINT('',(12.815338788723,15.824807367986,
    -139.0016373862));
#8586 = CARTESIAN_POINT('',(12.81728867818,15.904523784149,
    -138.9995492063));
#8587 = CARTESIAN_POINT('',(12.817562062338,15.960950225695,
    -138.9431679015));
#8588 = CARTESIAN_POINT('',(12.440859937967,15.852312294224,
    -139.0087205812));
#8589 = CARTESIAN_POINT('',(12.456442135757,15.920641420815,
    -138.9995303845));
#8590 = CARTESIAN_POINT('',(12.455462884937,15.969743159771,
    -138.950722752));
#8591 = CARTESIAN_POINT('',(12.080511649647,15.926866108754,
    -139.0116033651));
#8592 = CARTESIAN_POINT('',(12.096000592706,15.984555957558,
    -138.9995196635));
#8593 = CARTESIAN_POINT('',(12.102010768414,16.027742561103,
    -138.9564866724));
#8594 = CARTESIAN_POINT('',(11.555841821813,16.105753056407,
    -139.0138159339));
#8595 = CARTESIAN_POINT('',(11.573405421337,16.152450083938,
    -138.9994937568));
#8596 = CARTESIAN_POINT('',(11.584916046502,16.187259416234,
    -138.9628710206));
#8597 = CARTESIAN_POINT('',(11.384606936596,16.1766037908,
    -139.0141614484));
#8598 = CARTESIAN_POINT('',(11.402897485735,16.220085323934,
    -138.9994833159));
#8599 = CARTESIAN_POINT('',(11.415724704143,16.252617293307,
    -138.9645768976));
#8600 = CARTESIAN_POINT('',(11.056181391019,16.336763334488,
    -139.0145329873));
#8601 = CARTESIAN_POINT('',(11.076761315327,16.375189714261,
    -138.9994649545));
#8602 = CARTESIAN_POINT('',(11.091539988778,16.404240829853,
    -138.9669009845));
#8603 = CARTESIAN_POINT('',(10.897774454195,16.426444406756,
    -139.0145709447));
#8604 = CARTESIAN_POINT('',(10.919270953959,16.46322914588,
    -138.9994577672));
#8605 = CARTESIAN_POINT('',(10.935360817184,16.490857496732,
    -138.9675232159));
#8606 = CARTESIAN_POINT('',(10.591423654869,16.625347678897,
    -139.0145718766));
#8607 = CARTESIAN_POINT('',(10.61626596897,16.65994138239,
    -138.9994576579));
#8608 = CARTESIAN_POINT('',(10.634943018842,16.685877883848,
    -138.9675335245));
#8609 = CARTESIAN_POINT('',(10.442373297096,16.735555883133,
    -139.0145342193));
#8610 = CARTESIAN_POINT('',(10.46911298544,16.769966752206,-138.99946489
    ));
#8611 = CARTESIAN_POINT('',(10.489651734468,16.795265547015,
    -138.9669089795));
#8612 = CARTESIAN_POINT('',(10.160911761766,16.972141339655,
    -139.0141605441));
#8613 = CARTESIAN_POINT('',(10.193234739658,17.006511587083,
    -138.9994833646));
#8614 = CARTESIAN_POINT('',(10.217771283896,17.031437539646,
    -138.9645709526));
#8615 = CARTESIAN_POINT('',(10.028523849598,17.09822884643,
    -139.0138172954));
#8616 = CARTESIAN_POINT('',(10.064053239734,17.133223203851,
    -138.9994936711));
#8617 = CARTESIAN_POINT('',(10.091163962094,17.15788586409,
    -138.9628833292));
#8618 = CARTESIAN_POINT('',(9.655316009098,17.500950357496,
    -139.0116395299));
#8619 = CARTESIAN_POINT('',(9.701624402829,17.538466287897,
    -138.9995193754));
#8620 = CARTESIAN_POINT('',(9.738498922938,17.561540867679,
    -138.9565744878));
#8621 = CARTESIAN_POINT('',(9.436784339597,17.804604730774,
    -139.0087322834));
#8622 = CARTESIAN_POINT('',(9.492863831829,17.846624161748,
    -138.9995303551));
#8623 = CARTESIAN_POINT('',(9.538135192919,17.865635266782,
    -138.9507351208));
#8624 = CARTESIAN_POINT('',(9.259326135602,18.136215592515,
    -139.0016373862));
#8625 = CARTESIAN_POINT('',(9.331386086288,18.170360468879,
    -138.9995492063));
#8626 = CARTESIAN_POINT('',(9.382842321549,18.193518057208,
    -138.9431679015));
#8627 = ADVANCED_FACE('',(#8628),#8640,.T.);
#8628 = FACE_BOUND('',#8629,.T.);
#8629 = EDGE_LOOP('',(#8630,#8631,#8632,#8639));
#8630 = ORIENTED_EDGE('',*,*,#8543,.T.);
#8631 = ORIENTED_EDGE('',*,*,#2919,.F.);
#8632 = ORIENTED_EDGE('',*,*,#8633,.F.);
#8633 = EDGE_CURVE('',#6447,#2920,#8634,.T.);
#8634 = CIRCLE('',#8635,0.2);
#8635 = AXIS2_PLACEMENT_3D('',#8636,#8637,#8638);
#8636 = CARTESIAN_POINT('',(17.056924432344,18.981404247233,-138.8));
#8637 = DIRECTION('',(0.243517584281,0.969896482181,0.));
#8638 = DIRECTION('',(0.969896482181,-0.243517584281,0.));
#8639 = ORIENTED_EDGE('',*,*,#6446,.F.);
#8640 = TOROIDAL_SURFACE('',#8641,4.182842712475,0.2);
#8641 = AXIS2_PLACEMENT_3D('',#8642,#8643,#8644);
#8642 = CARTESIAN_POINT('',(13.,20.,-138.8));
#8643 = DIRECTION('',(0.,0.,-1.));
#8644 = DIRECTION('',(-1.,0.,0.));
#8645 = ADVANCED_FACE('',(#8646),#8652,.T.);
#8646 = FACE_BOUND('',#8647,.T.);
#8647 = EDGE_LOOP('',(#8648,#8649,#8650,#8651));
#8648 = ORIENTED_EDGE('',*,*,#8577,.T.);
#8649 = ORIENTED_EDGE('',*,*,#7516,.F.);
#8650 = ORIENTED_EDGE('',*,*,#3252,.F.);
#8651 = ORIENTED_EDGE('',*,*,#2882,.F.);
#8652 = ( BOUNDED_SURFACE() B_SPLINE_SURFACE(3,2,(
    (#8653,#8654,#8655)
    ,(#8656,#8657,#8658)
    ,(#8659,#8660,#8661)
    ,(#8662,#8663,#8664
)),.UNSPECIFIED.,.F.,.F.,.F.) B_SPLINE_SURFACE_WITH_KNOTS((4,4),(3,3),(
    -0.,1.703578144569E-04),(0.,1.),.PIECEWISE_BEZIER_KNOTS.) 
GEOMETRIC_REPRESENTATION_ITEM() RATIONAL_B_SPLINE_SURFACE((
    (1.,0.928848409022,1.)
    ,(1.,0.927200591972,1.)
    ,(1.,0.925541841057,1.)
,(1.,0.923879532512,1.))) REPRESENTATION_ITEM('') SURFACE() );
#8653 = CARTESIAN_POINT('',(9.259326135602,18.136215592515,
    -139.0016373862));
#8654 = CARTESIAN_POINT('',(9.331386086288,18.170360468879,
    -138.9995492063));
#8655 = CARTESIAN_POINT('',(9.382842321549,18.193518057208,
    -138.9431679015));
#8656 = CARTESIAN_POINT('',(9.233988763699,18.185593643354,
    -139.0005645966));
#8657 = CARTESIAN_POINT('',(9.30718805775,18.219781027878,
    -138.9991474505));
#8658 = CARTESIAN_POINT('',(9.359359055318,18.243100239099,
    -138.942023591));
#8659 = CARTESIAN_POINT('',(9.209200690945,18.235191817716,-139.));
#8660 = CARTESIAN_POINT('',(9.283568859504,18.269322205239,
    -138.9992815842));
#8661 = CARTESIAN_POINT('',(9.336395764693,18.29292604168,
    -138.9414213575));
#8662 = CARTESIAN_POINT('',(9.184910094263,18.284989163753,-139.));
#8663 = CARTESIAN_POINT('',(9.260469329418,18.318955573528,-139.));
#8664 = CARTESIAN_POINT('',(9.313897776977,18.342973452212,
    -138.9414213562));
#8665 = ADVANCED_FACE('',(#8666),#8679,.T.);
#8666 = FACE_BOUND('',#8667,.T.);
#8667 = EDGE_LOOP('',(#8668,#8669,#8670,#8671,#8678));
#8668 = ORIENTED_EDGE('',*,*,#8633,.T.);
#8669 = ORIENTED_EDGE('',*,*,#2928,.F.);
#8670 = ORIENTED_EDGE('',*,*,#7215,.F.);
#8671 = ORIENTED_EDGE('',*,*,#8672,.F.);
#8672 = EDGE_CURVE('',#6956,#7216,#8673,.T.);
#8673 = CIRCLE('',#8674,0.2);
#8674 = AXIS2_PLACEMENT_3D('',#8675,#8676,#8677);
#8675 = CARTESIAN_POINT('',(16.697926205972,21.500507149654,
    -138.6079191109));
#8676 = DIRECTION('',(-0.359609278398,0.932937763778,-1.75583543532E-02)
  );
#8677 = DIRECTION('',(0.933081607439,0.359664724235,-9.974659986867E-17)
  );
#8678 = ORIENTED_EDGE('',*,*,#6955,.F.);
#8679 = ( BOUNDED_SURFACE() B_SPLINE_SURFACE(3,2,(
    (#8680,#8681,#8682)
    ,(#8683,#8684,#8685)
    ,(#8686,#8687,#8688)
    ,(#8689,#8690,#8691)
    ,(#8692,#8693,#8694)
    ,(#8695,#8696,#8697)
    ,(#8698,#8699,#8700)
    ,(#8701,#8702,#8703)
    ,(#8704,#8705,#8706)
    ,(#8707,#8708,#8709)
    ,(#8710,#8711,#8712)
    ,(#8713,#8714,#8715
)),.UNSPECIFIED.,.F.,.F.,.F.) B_SPLINE_SURFACE_WITH_KNOTS((4,2,2,2,2,4),
  (3,3),(-0.,3.233296332716E-04,6.466592665433E-04,1.293318533087E-03,
    1.93997779963E-03,2.586637066173E-03),(0.,1.),.UNSPECIFIED.) 
GEOMETRIC_REPRESENTATION_ITEM() RATIONAL_B_SPLINE_SURFACE((
    (1.,0.923879532511,1.)
    ,(1.,0.911749565581,1.)
    ,(1.,0.899220089228,1.)
    ,(1.,0.874245421334,1.)
    ,(1.,0.861781605346,1.)
    ,(1.,0.825542617634,1.)
    ,(1.,0.803435149102,1.)
    ,(1.,0.766895049729,1.)
    ,(1.,0.752495094773,1.)
    ,(1.,0.734673301469,1.)
    ,(1.,0.73130646685,1.)
,(1.,0.734171128875,1.))) REPRESENTATION_ITEM('') SURFACE() );
#8680 = CARTESIAN_POINT('',(16.919760356424,19.015842834269,
    -138.9414213562));
#8681 = CARTESIAN_POINT('',(16.97657557694,19.00157790445,-139.));
#8682 = CARTESIAN_POINT('',(17.056924432344,18.981404247233,-139.));
#8683 = CARTESIAN_POINT('',(16.945471919674,19.118248586489,
    -138.9414213095));
#8684 = CARTESIAN_POINT('',(17.009389778744,19.110448586385,
    -139.005314458));
#8685 = CARTESIAN_POINT('',(17.097885919261,19.092557703814,-139.));
#8686 = CARTESIAN_POINT('',(16.960352989966,19.221308994081,
    -138.9348561143));
#8687 = CARTESIAN_POINT('',(17.029673563999,19.218268343706,
    -139.0033926846));
#8688 = CARTESIAN_POINT('',(17.125510761762,19.203547912675,
    -138.9917934592));
#8689 = CARTESIAN_POINT('',(16.977286458595,19.428200352989,
    -138.9168483647));
#8690 = CARTESIAN_POINT('',(17.056828433591,19.43400601288,
    -138.9946106162));
#8691 = CARTESIAN_POINT('',(17.164804290267,19.425255442877,
    -138.969283749));
#8692 = CARTESIAN_POINT('',(16.979110690477,19.532175263462,
    -138.9051824005));
#8693 = CARTESIAN_POINT('',(17.063029191585,19.542085430559,
    -138.9873329703));
#8694 = CARTESIAN_POINT('',(17.176218191746,19.536140595809,
    -138.9547013126));
#8695 = CARTESIAN_POINT('',(16.970023141062,19.844563412299,
    -138.8676770325));
#8696 = CARTESIAN_POINT('',(17.066479928829,19.870827834093,
    -138.9624183586));
#8697 = CARTESIAN_POINT('',(17.192218920858,19.868193601293,
    -138.9078195808));
#8698 = CARTESIAN_POINT('',(16.945122013357,20.049047009258,
    -138.8401207878));
#8699 = CARTESIAN_POINT('',(17.047442031673,20.080120784522,
    -138.9429864903));
#8700 = CARTESIAN_POINT('',(17.178887823554,20.084131994552,
    -138.8733742945));
#8701 = CARTESIAN_POINT('',(16.872227919619,20.454304448922,
    -138.7934175356));
#8702 = CARTESIAN_POINT('',(16.985313272938,20.495534551186,
    -138.9102170736));
#8703 = CARTESIAN_POINT('',(17.122333558088,20.510389921572,
    -138.8149952191));
#8704 = CARTESIAN_POINT('',(16.823908057147,20.655003990286,
    -138.7740508904));
#8705 = CARTESIAN_POINT('',(16.941201870554,20.697141486859,
    -138.8970108455));
#8706 = CARTESIAN_POINT('',(17.078696929547,20.720598544608,
    -138.7907869192));
#8707 = CARTESIAN_POINT('',(16.708703672666,21.054296307031,
    -138.75006375));
#8708 = CARTESIAN_POINT('',(16.831094355436,21.10068520425,
    -138.8804543947));
#8709 = CARTESIAN_POINT('',(16.967063192672,21.137216609649,
    -138.7608029907));
#8710 = CARTESIAN_POINT('',(16.641702728416,21.252851851743,
    -138.7455467386));
#8711 = CARTESIAN_POINT('',(16.765988326004,21.296778959304,
    -138.8774783833));
#8712 = CARTESIAN_POINT('',(16.89891055213,21.343568087281,
    -138.7551566943));
#8713 = CARTESIAN_POINT('',(16.566882119038,21.447333403503,
    -138.7493404671));
#8714 = CARTESIAN_POINT('',(16.689761734634,21.49223774142,
    -138.8800871901));
#8715 = CARTESIAN_POINT('',(16.820168874476,21.544766353882,
    -138.7598988886));
#8716 = ADVANCED_FACE('',(#8717),#8729,.T.);
#8717 = FACE_BOUND('',#8718,.T.);
#8718 = EDGE_LOOP('',(#8719,#8720,#8721,#8728));
#8719 = ORIENTED_EDGE('',*,*,#3244,.F.);
#8720 = ORIENTED_EDGE('',*,*,#6539,.F.);
#8721 = ORIENTED_EDGE('',*,*,#8722,.F.);
#8722 = EDGE_CURVE('',#7227,#6531,#8723,.T.);
#8723 = CIRCLE('',#8724,0.2);
#8724 = AXIS2_PLACEMENT_3D('',#8725,#8726,#8727);
#8725 = CARTESIAN_POINT('',(14.778175328462,23.786062025185,-138.8));
#8726 = DIRECTION('',(0.905140901879,-0.425111688556,5.448E-14));
#8727 = DIRECTION('',(-0.425111688556,-0.905140901879,
    -3.155443620884E-30));
#8728 = ORIENTED_EDGE('',*,*,#7239,.F.);
#8729 = TOROIDAL_SURFACE('',#8730,4.182842712475,0.2);
#8730 = AXIS2_PLACEMENT_3D('',#8731,#8732,#8733);
#8731 = CARTESIAN_POINT('',(13.,20.,-138.8));
#8732 = DIRECTION('',(0.,0.,-1.));
#8733 = DIRECTION('',(-1.,0.,0.));
#8734 = ADVANCED_FACE('',(#8735),#8741,.T.);
#8735 = FACE_BOUND('',#8736,.T.);
#8736 = EDGE_LOOP('',(#8737,#8738,#8739,#8740));
#8737 = ORIENTED_EDGE('',*,*,#8672,.T.);
#8738 = ORIENTED_EDGE('',*,*,#7226,.F.);
#8739 = ORIENTED_EDGE('',*,*,#8722,.T.);
#8740 = ORIENTED_EDGE('',*,*,#6995,.F.);
#8741 = ( BOUNDED_SURFACE() B_SPLINE_SURFACE(3,2,(
    (#8742,#8743,#8744)
    ,(#8745,#8746,#8747)
    ,(#8748,#8749,#8750)
    ,(#8751,#8752,#8753)
    ,(#8754,#8755,#8756)
    ,(#8757,#8758,#8759)
    ,(#8760,#8761,#8762)
    ,(#8763,#8764,#8765
)),.UNSPECIFIED.,.F.,.F.,.F.) B_SPLINE_SURFACE_WITH_KNOTS((4,2,2,4),(3,3
    ),(0.,1.518099392538E-03,2.277149088807E-03,3.036198785076E-03),(0.,
1.),.UNSPECIFIED.) GEOMETRIC_REPRESENTATION_ITEM() 
RATIONAL_B_SPLINE_SURFACE((
    (1.,0.734171128875,1.)
    ,(1.,0.740457735987,1.)
    ,(1.,0.763449478882,1.)
    ,(1.,0.8150363905,1.)
    ,(1.,0.834867551718,1.)
    ,(1.,0.877467340286,1.)
    ,(1.,0.900575400705,1.)
,(1.,0.923879532511,1.))) REPRESENTATION_ITEM('') SURFACE() );
#8742 = CARTESIAN_POINT('',(16.566882119038,21.447333403503,
    -138.7493404671));
#8743 = CARTESIAN_POINT('',(16.689761734634,21.49223774142,
    -138.8800871901));
#8744 = CARTESIAN_POINT('',(16.820168874476,21.544766353882,
    -138.7598988886));
#8745 = CARTESIAN_POINT('',(16.38928363691,21.908965943483,
    -138.758345476));
#8746 = CARTESIAN_POINT('',(16.508631008302,21.957145807858,
    -138.8864658098));
#8747 = CARTESIAN_POINT('',(16.630621338867,22.029642966568,
    -138.7711539619));
#8748 = CARTESIAN_POINT('',(16.152579985126,22.335012853529,
    -138.7923704431));
#8749 = CARTESIAN_POINT('',(16.273329303914,22.375197643584,
    -138.9098024058));
#8750 = CARTESIAN_POINT('',(16.372300054715,22.474279458903,
    -138.8136863509));
#8751 = CARTESIAN_POINT('',(15.69171513878,22.912097863621,
    -138.8579691604));
#8752 = CARTESIAN_POINT('',(15.776011080926,22.969342594116,
    -138.9573459376));
#8753 = CARTESIAN_POINT('',(15.863856926102,23.063772083155,
    -138.8956847591));
#8754 = CARTESIAN_POINT('',(15.521771000272,23.091187488868,
    -138.8818515341));
#8755 = CARTESIAN_POINT('',(15.59805038076,23.148901392926,
    -138.974089824));
#8756 = CARTESIAN_POINT('',(15.675633170327,23.244290265163,
    -138.9255377154));
#8757 = CARTESIAN_POINT('',(15.149033509202,23.409386034203,
    -138.9227640652));
#8758 = CARTESIAN_POINT('',(15.203807467278,23.465505542994,
    -138.9994833759));
#8759 = CARTESIAN_POINT('',(15.261047723611,23.55736358539,
    -138.9766783932));
#8760 = CARTESIAN_POINT('',(14.944054743595,23.551912095211,
    -138.9414213119));
#8761 = CARTESIAN_POINT('',(14.988470766285,23.60718594342,
    -139.0103337064));
#8762 = CARTESIAN_POINT('',(15.032281659899,23.693580207322,-139.));
#8763 = CARTESIAN_POINT('',(14.718055456914,23.658055771256,
    -138.9414213562));
#8764 = CARTESIAN_POINT('',(14.742957923077,23.711077697702,-139.));
#8765 = CARTESIAN_POINT('',(14.778175328462,23.786062025185,-139.));
#8766 = ADVANCED_FACE('',(#8767),#8772,.T.);
#8767 = FACE_BOUND('',#8768,.T.);
#8768 = EDGE_LOOP('',(#8769,#8770,#8771));
#8769 = ORIENTED_EDGE('',*,*,#3276,.F.);
#8770 = ORIENTED_EDGE('',*,*,#3425,.T.);
#8771 = ORIENTED_EDGE('',*,*,#3094,.F.);
#8772 = CYLINDRICAL_SURFACE('',#8773,6.);
#8773 = AXIS2_PLACEMENT_3D('',#8774,#8775,#8776);
#8774 = CARTESIAN_POINT('',(-10.,-9.4E-16,-154.));
#8775 = DIRECTION('',(1.,-1.7E-16,0.));
#8776 = DIRECTION('',(1.67103300251E-16,0.982960589712,0.183816427648));
#8777 = ADVANCED_FACE('',(#8778),#8789,.T.);
#8778 = FACE_BOUND('',#8779,.T.);
#8779 = EDGE_LOOP('',(#8780,#8781,#8788));
#8780 = ORIENTED_EDGE('',*,*,#3408,.T.);
#8781 = ORIENTED_EDGE('',*,*,#8782,.T.);
#8782 = EDGE_CURVE('',#3401,#7262,#8783,.T.);
#8783 = CIRCLE('',#8784,6.);
#8784 = AXIS2_PLACEMENT_3D('',#8785,#8786,#8787);
#8785 = CARTESIAN_POINT('',(-9.6,-1.E-15,-154.));
#8786 = DIRECTION('',(1.,-1.7E-16,0.));
#8787 = DIRECTION('',(-1.67103300251E-16,-0.982960589712,-0.183816427648
    ));
#8788 = ORIENTED_EDGE('',*,*,#7261,.F.);
#8789 = CYLINDRICAL_SURFACE('',#8790,6.);
#8790 = AXIS2_PLACEMENT_3D('',#8791,#8792,#8793);
#8791 = CARTESIAN_POINT('',(-10.,-9.4E-16,-154.));
#8792 = DIRECTION('',(1.,-1.7E-16,0.));
#8793 = DIRECTION('',(1.67103300251E-16,0.982960589712,0.183816427648));
#8794 = ADVANCED_FACE('',(#8795),#8805,.T.);
#8795 = FACE_BOUND('',#8796,.T.);
#8796 = EDGE_LOOP('',(#8797,#8804));
#8797 = ORIENTED_EDGE('',*,*,#8798,.T.);
#8798 = EDGE_CURVE('',#3001,#2968,#8799,.T.);
#8799 = CIRCLE('',#8800,6.);
#8800 = AXIS2_PLACEMENT_3D('',#8801,#8802,#8803);
#8801 = CARTESIAN_POINT('',(10.,-4.27E-15,-154.));
#8802 = DIRECTION('',(-1.,1.7E-16,0.));
#8803 = DIRECTION('',(-1.67103300251E-16,-0.982960589712,-0.183816427648
    ));
#8804 = ORIENTED_EDGE('',*,*,#7318,.F.);
#8805 = CYLINDRICAL_SURFACE('',#8806,6.);
#8806 = AXIS2_PLACEMENT_3D('',#8807,#8808,#8809);
#8807 = CARTESIAN_POINT('',(-10.,-9.4E-16,-154.));
#8808 = DIRECTION('',(1.,-1.7E-16,0.));
#8809 = DIRECTION('',(1.67103300251E-16,0.982960589712,0.183816427648));
#8810 = ADVANCED_FACE('',(#8811),#8822,.T.);
#8811 = FACE_BOUND('',#8812,.T.);
#8812 = EDGE_LOOP('',(#8813,#8814,#8815));
#8813 = ORIENTED_EDGE('',*,*,#3292,.F.);
#8814 = ORIENTED_EDGE('',*,*,#2975,.F.);
#8815 = ORIENTED_EDGE('',*,*,#8816,.T.);
#8816 = EDGE_CURVE('',#2968,#3293,#8817,.T.);
#8817 = CIRCLE('',#8818,6.);
#8818 = AXIS2_PLACEMENT_3D('',#8819,#8820,#8821);
#8819 = CARTESIAN_POINT('',(10.,-4.27E-15,-154.));
#8820 = DIRECTION('',(-1.,1.7E-16,0.));
#8821 = DIRECTION('',(-1.67103300251E-16,-0.982960589712,-0.183816427648
    ));
#8822 = CYLINDRICAL_SURFACE('',#8823,6.);
#8823 = AXIS2_PLACEMENT_3D('',#8824,#8825,#8826);
#8824 = CARTESIAN_POINT('',(-10.,-9.4E-16,-154.));
#8825 = DIRECTION('',(1.,-1.7E-16,0.));
#8826 = DIRECTION('',(1.67103300251E-16,0.982960589712,0.183816427648));
#8827 = ADVANCED_FACE('',(#8828,#8838),#8848,.T.);
#8828 = FACE_BOUND('',#8829,.T.);
#8829 = EDGE_LOOP('',(#8830,#8837));
#8830 = ORIENTED_EDGE('',*,*,#8831,.T.);
#8831 = EDGE_CURVE('',#3392,#3390,#8832,.T.);
#8832 = CIRCLE('',#8833,5.6);
#8833 = AXIS2_PLACEMENT_3D('',#8834,#8835,#8836);
#8834 = CARTESIAN_POINT('',(-10.,-9.4E-16,-154.));
#8835 = DIRECTION('',(-1.,1.7E-16,0.));
#8836 = DIRECTION('',(-1.67103300251E-16,-0.982960589712,-0.183816427648
    ));
#8837 = ORIENTED_EDGE('',*,*,#3389,.T.);
#8838 = FACE_BOUND('',#8839,.T.);
#8839 = EDGE_LOOP('',(#8840,#8841));
#8840 = ORIENTED_EDGE('',*,*,#3342,.F.);
#8841 = ORIENTED_EDGE('',*,*,#8842,.F.);
#8842 = EDGE_CURVE('',#3335,#3316,#8843,.T.);
#8843 = CIRCLE('',#8844,5.);
#8844 = AXIS2_PLACEMENT_3D('',#8845,#8846,#8847);
#8845 = CARTESIAN_POINT('',(-10.,-9.4E-16,-154.));
#8846 = DIRECTION('',(-1.,1.7E-16,0.));
#8847 = DIRECTION('',(-1.67103300251E-16,-0.982960589712,-0.183816427648
    ));
#8848 = PLANE('',#8849);
#8849 = AXIS2_PLACEMENT_3D('',#8850,#8851,#8852);
#8850 = CARTESIAN_POINT('',(-10.,-9.4E-16,-154.));
#8851 = DIRECTION('',(-1.,1.7E-16,-0.));
#8852 = DIRECTION('',(-1.67103300251E-16,-0.982960589712,-0.183816427648
    ));
#8853 = ADVANCED_FACE('',(#8854,#8864),#8869,.F.);
#8854 = FACE_BOUND('',#8855,.T.);
#8855 = EDGE_LOOP('',(#8856,#8857));
#8856 = ORIENTED_EDGE('',*,*,#3365,.T.);
#8857 = ORIENTED_EDGE('',*,*,#8858,.T.);
#8858 = EDGE_CURVE('',#3366,#3358,#8859,.T.);
#8859 = CIRCLE('',#8860,5.4);
#8860 = AXIS2_PLACEMENT_3D('',#8861,#8862,#8863);
#8861 = CARTESIAN_POINT('',(10.,-4.27E-15,-154.));
#8862 = DIRECTION('',(-1.,1.7E-16,6.162975822039E-33));
#8863 = DIRECTION('',(-1.67103300251E-16,-0.982960589712,-0.183816427648
    ));
#8864 = FACE_BOUND('',#8865,.T.);
#8865 = EDGE_LOOP('',(#8866,#8867,#8868));
#8866 = ORIENTED_EDGE('',*,*,#8816,.F.);
#8867 = ORIENTED_EDGE('',*,*,#8798,.F.);
#8868 = ORIENTED_EDGE('',*,*,#3300,.F.);
#8869 = PLANE('',#8870);
#8870 = AXIS2_PLACEMENT_3D('',#8871,#8872,#8873);
#8871 = CARTESIAN_POINT('',(10.,-4.27E-15,-154.));
#8872 = DIRECTION('',(-1.,1.7E-16,-0.));
#8873 = DIRECTION('',(-1.67103300251E-16,-0.982960589712,-0.183816427648
    ));
#8874 = ADVANCED_FACE('',(#8875),#8887,.F.);
#8875 = FACE_BOUND('',#8876,.F.);
#8876 = EDGE_LOOP('',(#8877,#8884,#8885,#8886));
#8877 = ORIENTED_EDGE('',*,*,#8878,.F.);
#8878 = EDGE_CURVE('',#3318,#3326,#8879,.T.);
#8879 = CIRCLE('',#8880,5.);
#8880 = AXIS2_PLACEMENT_3D('',#8881,#8882,#8883);
#8881 = CARTESIAN_POINT('',(9.6,-4.2E-15,-154.));
#8882 = DIRECTION('',(1.,-1.7E-16,0.));
#8883 = DIRECTION('',(-1.67103300251E-16,-0.982960589712,-0.183816427648
    ));
#8884 = ORIENTED_EDGE('',*,*,#3315,.F.);
#8885 = ORIENTED_EDGE('',*,*,#8842,.F.);
#8886 = ORIENTED_EDGE('',*,*,#3334,.T.);
#8887 = CYLINDRICAL_SURFACE('',#8888,5.);
#8888 = AXIS2_PLACEMENT_3D('',#8889,#8890,#8891);
#8889 = CARTESIAN_POINT('',(-10.,-9.4E-16,-154.));
#8890 = DIRECTION('',(1.,-1.7E-16,0.));
#8891 = DIRECTION('',(1.67103300251E-16,0.982960589712,0.183816427648));
#8892 = ADVANCED_FACE('',(#8893),#8899,.F.);
#8893 = FACE_BOUND('',#8894,.F.);
#8894 = EDGE_LOOP('',(#8895,#8896,#8897,#8898));
#8895 = ORIENTED_EDGE('',*,*,#8858,.T.);
#8896 = ORIENTED_EDGE('',*,*,#3357,.F.);
#8897 = ORIENTED_EDGE('',*,*,#8878,.T.);
#8898 = ORIENTED_EDGE('',*,*,#3374,.T.);
#8899 = CONICAL_SURFACE('',#8900,5.4,0.785398163397);
#8900 = AXIS2_PLACEMENT_3D('',#8901,#8902,#8903);
#8901 = CARTESIAN_POINT('',(10.,-4.27E-15,-154.));
#8902 = DIRECTION('',(1.,-1.7E-16,0.));
#8903 = DIRECTION('',(1.67103300251E-16,0.982960589712,0.183816427648));
#8904 = ADVANCED_FACE('',(#8905),#8913,.T.);
#8905 = FACE_BOUND('',#8906,.T.);
#8906 = EDGE_LOOP('',(#8907,#8908,#8909,#8910,#8911,#8912));
#8907 = ORIENTED_EDGE('',*,*,#3400,.F.);
#8908 = ORIENTED_EDGE('',*,*,#8831,.F.);
#8909 = ORIENTED_EDGE('',*,*,#3432,.T.);
#8910 = ORIENTED_EDGE('',*,*,#3267,.F.);
#8911 = ORIENTED_EDGE('',*,*,#7376,.F.);
#8912 = ORIENTED_EDGE('',*,*,#8782,.F.);
#8913 = CONICAL_SURFACE('',#8914,5.6,0.785398163397);
#8914 = AXIS2_PLACEMENT_3D('',#8915,#8916,#8917);
#8915 = CARTESIAN_POINT('',(-10.,-9.4E-16,-154.));
#8916 = DIRECTION('',(1.,-1.7E-16,0.));
#8917 = DIRECTION('',(1.67103300251E-16,0.982960589712,0.183816427648));
#8918 = ADVANCED_FACE('',(#8919),#8935,.T.);
#8919 = FACE_BOUND('',#8920,.T.);
#8920 = EDGE_LOOP('',(#8921,#8922,#8928,#8929));
#8921 = ORIENTED_EDGE('',*,*,#4723,.F.);
#8922 = ORIENTED_EDGE('',*,*,#8923,.T.);
#8923 = EDGE_CURVE('',#4716,#6971,#8924,.T.);
#8924 = LINE('',#8925,#8926);
#8925 = CARTESIAN_POINT('',(17.149224022088,21.663904124338,
    72.498551709672));
#8926 = VECTOR('',#8927,1.);
#8927 = DIRECTION('',(-0.,-0.,-1.));
#8928 = ORIENTED_EDGE('',*,*,#7008,.T.);
#8929 = ORIENTED_EDGE('',*,*,#8930,.F.);
#8930 = EDGE_CURVE('',#4724,#6931,#8931,.T.);
#8931 = LINE('',#8932,#8933);
#8932 = CARTESIAN_POINT('',(8.686807610869,27.6,72.498551709672));
#8933 = VECTOR('',#8934,1.);
#8934 = DIRECTION('',(-0.,-0.,-1.));
#8935 = CYLINDRICAL_SURFACE('',#8936,9.);
#8936 = AXIS2_PLACEMENT_3D('',#8937,#8938,#8939);
#8937 = CARTESIAN_POINT('',(8.686807610869,18.6,72.498551709672));
#8938 = DIRECTION('',(-0.,-0.,-1.));
#8939 = DIRECTION('',(-1.,0.,0.));
#8940 = ADVANCED_FACE('',(#8941),#8957,.T.);
#8941 = FACE_BOUND('',#8942,.T.);
#8942 = EDGE_LOOP('',(#8943,#8944,#8950,#8951));
#8943 = ORIENTED_EDGE('',*,*,#4740,.F.);
#8944 = ORIENTED_EDGE('',*,*,#8945,.T.);
#8945 = EDGE_CURVE('',#4733,#6880,#8946,.T.);
#8946 = LINE('',#8947,#8948);
#8947 = CARTESIAN_POINT('',(-8.686807610869,27.6,72.498551709672));
#8948 = VECTOR('',#8949,1.);
#8949 = DIRECTION('',(-0.,-0.,-1.));
#8950 = ORIENTED_EDGE('',*,*,#6879,.T.);
#8951 = ORIENTED_EDGE('',*,*,#8952,.F.);
#8952 = EDGE_CURVE('',#4741,#6785,#8953,.T.);
#8953 = LINE('',#8954,#8955);
#8954 = CARTESIAN_POINT('',(-17.14922402208,21.663904124338,
    72.498551709672));
#8955 = VECTOR('',#8956,1.);
#8956 = DIRECTION('',(-0.,-0.,-1.));
#8957 = CYLINDRICAL_SURFACE('',#8958,9.);
#8958 = AXIS2_PLACEMENT_3D('',#8959,#8960,#8961);
#8959 = CARTESIAN_POINT('',(-8.686807610869,18.6,72.498551709672));
#8960 = DIRECTION('',(-0.,-0.,-1.));
#8961 = DIRECTION('',(-1.,0.,0.));
#8962 = ADVANCED_FACE('',(#8963),#8979,.T.);
#8963 = FACE_BOUND('',#8964,.T.);
#8964 = EDGE_LOOP('',(#8965,#8966,#8972,#8973));
#8965 = ORIENTED_EDGE('',*,*,#4689,.F.);
#8966 = ORIENTED_EDGE('',*,*,#8967,.T.);
#8967 = EDGE_CURVE('',#4682,#6693,#8968,.T.);
#8968 = LINE('',#8969,#8970);
#8969 = CARTESIAN_POINT('',(8.686807610869,-27.6,72.498551709672));
#8970 = VECTOR('',#8971,1.);
#8971 = DIRECTION('',(-0.,-0.,-1.));
#8972 = ORIENTED_EDGE('',*,*,#6766,.T.);
#8973 = ORIENTED_EDGE('',*,*,#8974,.F.);
#8974 = EDGE_CURVE('',#4690,#6758,#8975,.T.);
#8975 = LINE('',#8976,#8977);
#8976 = CARTESIAN_POINT('',(17.149224022088,-21.66390412433,
    72.498551709672));
#8977 = VECTOR('',#8978,1.);
#8978 = DIRECTION('',(-0.,-0.,-1.));
#8979 = CYLINDRICAL_SURFACE('',#8980,9.);
#8980 = AXIS2_PLACEMENT_3D('',#8981,#8982,#8983);
#8981 = CARTESIAN_POINT('',(8.686807610869,-18.6,72.498551709672));
#8982 = DIRECTION('',(-0.,-0.,-1.));
#8983 = DIRECTION('',(-1.,0.,0.));
#8984 = ADVANCED_FACE('',(#8985),#9001,.T.);
#8985 = FACE_BOUND('',#8986,.T.);
#8986 = EDGE_LOOP('',(#8987,#8988,#8994,#8995));
#8987 = ORIENTED_EDGE('',*,*,#4773,.F.);
#8988 = ORIENTED_EDGE('',*,*,#8989,.T.);
#8989 = EDGE_CURVE('',#4766,#6616,#8990,.T.);
#8990 = LINE('',#8991,#8992);
#8991 = CARTESIAN_POINT('',(-17.14922402208,-21.66390412433,
    72.498551709672));
#8992 = VECTOR('',#8993,1.);
#8993 = DIRECTION('',(-0.,-0.,-1.));
#8994 = ORIENTED_EDGE('',*,*,#6645,.T.);
#8995 = ORIENTED_EDGE('',*,*,#8996,.F.);
#8996 = EDGE_CURVE('',#4680,#6637,#8997,.T.);
#8997 = LINE('',#8998,#8999);
#8998 = CARTESIAN_POINT('',(-8.686807610869,-27.6,72.498551709672));
#8999 = VECTOR('',#9000,1.);
#9000 = DIRECTION('',(-0.,-0.,-1.));
#9001 = CYLINDRICAL_SURFACE('',#9002,9.);
#9002 = AXIS2_PLACEMENT_3D('',#9003,#9004,#9005);
#9003 = CARTESIAN_POINT('',(-8.686807610869,-18.6,72.498551709672));
#9004 = DIRECTION('',(-0.,-0.,-1.));
#9005 = DIRECTION('',(-1.,0.,0.));
#9006 = ADVANCED_FACE('',(#9007),#9018,.T.);
#9007 = FACE_BOUND('',#9008,.T.);
#9008 = EDGE_LOOP('',(#9009,#9010,#9011,#9017));
#9009 = ORIENTED_EDGE('',*,*,#3457,.F.);
#9010 = ORIENTED_EDGE('',*,*,#4757,.F.);
#9011 = ORIENTED_EDGE('',*,*,#9012,.T.);
#9012 = EDGE_CURVE('',#4750,#6717,#9013,.T.);
#9013 = LINE('',#9014,#9015);
#9014 = CARTESIAN_POINT('',(-22.09630951818,8.000194102437,
    72.498551709672));
#9015 = VECTOR('',#9016,1.);
#9016 = DIRECTION('',(-0.,-0.,-1.));
#9017 = ORIENTED_EDGE('',*,*,#6716,.T.);
#9018 = CYLINDRICAL_SURFACE('',#9019,23.5);
#9019 = AXIS2_PLACEMENT_3D('',#9020,#9021,#9022);
#9020 = CARTESIAN_POINT('',(1.08E-15,4.3E-16,72.498551709672));
#9021 = DIRECTION('',(-0.,-0.,-1.));
#9022 = DIRECTION('',(-1.,0.,0.));
#9023 = ADVANCED_FACE('',(#9024),#9030,.F.);
#9024 = FACE_BOUND('',#9025,.T.);
#9025 = EDGE_LOOP('',(#9026,#9027,#9028,#9029));
#9026 = ORIENTED_EDGE('',*,*,#4749,.F.);
#9027 = ORIENTED_EDGE('',*,*,#8952,.T.);
#9028 = ORIENTED_EDGE('',*,*,#6810,.T.);
#9029 = ORIENTED_EDGE('',*,*,#9012,.F.);
#9030 = PLANE('',#9031);
#9031 = AXIS2_PLACEMENT_3D('',#9032,#9033,#9034);
#9032 = CARTESIAN_POINT('',(-17.14922402208,21.663904124338,
    72.498551709672));
#9033 = DIRECTION('',(0.940268490135,-0.340433791593,0.));
#9034 = DIRECTION('',(0.340433791593,0.940268490135,0.));
#9035 = ADVANCED_FACE('',(#9036),#9042,.F.);
#9036 = FACE_BOUND('',#9037,.T.);
#9037 = EDGE_LOOP('',(#9038,#9039,#9040,#9041));
#9038 = ORIENTED_EDGE('',*,*,#4732,.F.);
#9039 = ORIENTED_EDGE('',*,*,#8930,.T.);
#9040 = ORIENTED_EDGE('',*,*,#6930,.T.);
#9041 = ORIENTED_EDGE('',*,*,#8945,.F.);
#9042 = PLANE('',#9043);
#9043 = AXIS2_PLACEMENT_3D('',#9044,#9045,#9046);
#9044 = CARTESIAN_POINT('',(8.686807610869,27.6,72.498551709672));
#9045 = DIRECTION('',(0.,-1.,0.));
#9046 = DIRECTION('',(0.,-0.,-1.));
#9047 = ADVANCED_FACE('',(#9048),#9059,.F.);
#9048 = FACE_BOUND('',#9049,.T.);
#9049 = EDGE_LOOP('',(#9050,#9051,#9057,#9058));
#9050 = ORIENTED_EDGE('',*,*,#4715,.F.);
#9051 = ORIENTED_EDGE('',*,*,#9052,.T.);
#9052 = EDGE_CURVE('',#4707,#6906,#9053,.T.);
#9053 = LINE('',#9054,#9055);
#9054 = CARTESIAN_POINT('',(22.096309518183,8.000194102437,
    72.498551709672));
#9055 = VECTOR('',#9056,1.);
#9056 = DIRECTION('',(-0.,-0.,-1.));
#9057 = ORIENTED_EDGE('',*,*,#6979,.T.);
#9058 = ORIENTED_EDGE('',*,*,#8923,.F.);
#9059 = PLANE('',#9060);
#9060 = AXIS2_PLACEMENT_3D('',#9061,#9062,#9063);
#9061 = CARTESIAN_POINT('',(22.096309518183,8.000194102437,
    72.498551709672));
#9062 = DIRECTION('',(-0.940268490135,-0.340433791593,0.));
#9063 = DIRECTION('',(0.340433791593,-0.940268490135,0.));
#9064 = ADVANCED_FACE('',(#9065),#9076,.T.);
#9065 = FACE_BOUND('',#9066,.T.);
#9066 = EDGE_LOOP('',(#9067,#9068,#9074,#9075));
#9067 = ORIENTED_EDGE('',*,*,#4706,.F.);
#9068 = ORIENTED_EDGE('',*,*,#9069,.T.);
#9069 = EDGE_CURVE('',#4699,#6842,#9070,.T.);
#9070 = LINE('',#9071,#9072);
#9071 = CARTESIAN_POINT('',(22.096309518183,-8.000194102437,
    72.498551709672));
#9072 = VECTOR('',#9073,1.);
#9073 = DIRECTION('',(-0.,-0.,-1.));
#9074 = ORIENTED_EDGE('',*,*,#6914,.T.);
#9075 = ORIENTED_EDGE('',*,*,#9052,.F.);
#9076 = CYLINDRICAL_SURFACE('',#9077,23.5);
#9077 = AXIS2_PLACEMENT_3D('',#9078,#9079,#9080);
#9078 = CARTESIAN_POINT('',(1.08E-15,4.3E-16,72.498551709672));
#9079 = DIRECTION('',(-0.,-0.,-1.));
#9080 = DIRECTION('',(-1.,0.,0.));
#9081 = ADVANCED_FACE('',(#9082),#9088,.F.);
#9082 = FACE_BOUND('',#9083,.T.);
#9083 = EDGE_LOOP('',(#9084,#9085,#9086,#9087));
#9084 = ORIENTED_EDGE('',*,*,#4698,.F.);
#9085 = ORIENTED_EDGE('',*,*,#8974,.T.);
#9086 = ORIENTED_EDGE('',*,*,#6850,.T.);
#9087 = ORIENTED_EDGE('',*,*,#9069,.F.);
#9088 = PLANE('',#9089);
#9089 = AXIS2_PLACEMENT_3D('',#9090,#9091,#9092);
#9090 = CARTESIAN_POINT('',(17.149224022088,-21.66390412433,
    72.498551709672));
#9091 = DIRECTION('',(-0.940268490135,0.340433791593,0.));
#9092 = DIRECTION('',(-0.340433791593,-0.940268490135,0.));
#9093 = ADVANCED_FACE('',(#9094),#9100,.F.);
#9094 = FACE_BOUND('',#9095,.T.);
#9095 = EDGE_LOOP('',(#9096,#9097,#9098,#9099));
#9096 = ORIENTED_EDGE('',*,*,#4679,.F.);
#9097 = ORIENTED_EDGE('',*,*,#8996,.T.);
#9098 = ORIENTED_EDGE('',*,*,#6701,.T.);
#9099 = ORIENTED_EDGE('',*,*,#8967,.F.);
#9100 = PLANE('',#9101);
#9101 = AXIS2_PLACEMENT_3D('',#9102,#9103,#9104);
#9102 = CARTESIAN_POINT('',(-8.686807610869,-27.6,72.498551709672));
#9103 = DIRECTION('',(0.,1.,0.));
#9104 = DIRECTION('',(0.,-0.,1.));
#9105 = ADVANCED_FACE('',(#9106),#9112,.F.);
#9106 = FACE_BOUND('',#9107,.T.);
#9107 = EDGE_LOOP('',(#9108,#9109,#9110,#9111));
#9108 = ORIENTED_EDGE('',*,*,#4765,.F.);
#9109 = ORIENTED_EDGE('',*,*,#3464,.T.);
#9110 = ORIENTED_EDGE('',*,*,#6675,.T.);
#9111 = ORIENTED_EDGE('',*,*,#8989,.F.);
#9112 = PLANE('',#9113);
#9113 = AXIS2_PLACEMENT_3D('',#9114,#9115,#9116);
#9114 = CARTESIAN_POINT('',(-22.09630951818,-8.000194102437,
    72.498551709672));
#9115 = DIRECTION('',(0.940268490135,0.340433791593,-0.));
#9116 = DIRECTION('',(-0.340433791593,0.940268490135,0.));
#9117 = ADVANCED_FACE('',(#9118),#9143,.F.);
#9118 = FACE_BOUND('',#9119,.T.);
#9119 = EDGE_LOOP('',(#9120,#9121,#9129,#9137));
#9120 = ORIENTED_EDGE('',*,*,#4587,.F.);
#9121 = ORIENTED_EDGE('',*,*,#9122,.T.);
#9122 = EDGE_CURVE('',#4579,#9123,#9125,.T.);
#9123 = VERTEX_POINT('',#9124);
#9124 = CARTESIAN_POINT('',(-21.15604102804,7.659760310844,0.2));
#9125 = LINE('',#9126,#9127);
#9126 = CARTESIAN_POINT('',(-21.15604102804,7.659760310844,-0.8));
#9127 = VECTOR('',#9128,1.);
#9128 = DIRECTION('',(-0.,-0.,1.));
#9129 = ORIENTED_EDGE('',*,*,#9130,.T.);
#9130 = EDGE_CURVE('',#9123,#9131,#9133,.T.);
#9131 = VERTEX_POINT('',#9132);
#9132 = CARTESIAN_POINT('',(-16.20895553195,21.323470332744,0.2));
#9133 = LINE('',#9134,#9135);
#9134 = CARTESIAN_POINT('',(-21.15604102804,7.659760310844,0.2));
#9135 = VECTOR('',#9136,1.);
#9136 = DIRECTION('',(0.340433791593,0.940268490135,0.));
#9137 = ORIENTED_EDGE('',*,*,#9138,.F.);
#9138 = EDGE_CURVE('',#4588,#9131,#9139,.T.);
#9139 = LINE('',#9140,#9141);
#9140 = CARTESIAN_POINT('',(-16.20895553195,21.323470332744,-0.8));
#9141 = VECTOR('',#9142,1.);
#9142 = DIRECTION('',(-0.,-0.,1.));
#9143 = PLANE('',#9144);
#9144 = AXIS2_PLACEMENT_3D('',#9145,#9146,#9147);
#9145 = CARTESIAN_POINT('',(-21.15604102804,7.659760310844,-0.8));
#9146 = DIRECTION('',(0.940268490135,-0.340433791593,0.));
#9147 = DIRECTION('',(0.340433791593,0.940268490135,0.));
#9148 = ADVANCED_FACE('',(#9149),#9168,.T.);
#9149 = FACE_BOUND('',#9150,.T.);
#9150 = EDGE_LOOP('',(#9151,#9152,#9153,#9162));
#9151 = ORIENTED_EDGE('',*,*,#4595,.F.);
#9152 = ORIENTED_EDGE('',*,*,#9138,.T.);
#9153 = ORIENTED_EDGE('',*,*,#9154,.T.);
#9154 = EDGE_CURVE('',#9131,#9155,#9157,.T.);
#9155 = VERTEX_POINT('',#9156);
#9156 = CARTESIAN_POINT('',(-8.686807610869,26.6,0.2));
#9157 = CIRCLE('',#9158,8.);
#9158 = AXIS2_PLACEMENT_3D('',#9159,#9160,#9161);
#9159 = CARTESIAN_POINT('',(-8.686807610869,18.6,0.2));
#9160 = DIRECTION('',(0.,0.,-1.));
#9161 = DIRECTION('',(-1.,0.,0.));
#9162 = ORIENTED_EDGE('',*,*,#9163,.F.);
#9163 = EDGE_CURVE('',#4596,#9155,#9164,.T.);
#9164 = LINE('',#9165,#9166);
#9165 = CARTESIAN_POINT('',(-8.686807610869,26.6,-0.8));
#9166 = VECTOR('',#9167,1.);
#9167 = DIRECTION('',(-0.,-0.,1.));
#9168 = CYLINDRICAL_SURFACE('',#9169,8.);
#9169 = AXIS2_PLACEMENT_3D('',#9170,#9171,#9172);
#9170 = CARTESIAN_POINT('',(-8.686807610869,18.6,-0.8));
#9171 = DIRECTION('',(-0.,-0.,1.));
#9172 = DIRECTION('',(1.,0.,0.));
#9173 = ADVANCED_FACE('',(#9174),#9192,.F.);
#9174 = FACE_BOUND('',#9175,.T.);
#9175 = EDGE_LOOP('',(#9176,#9177,#9178,#9186));
#9176 = ORIENTED_EDGE('',*,*,#4604,.F.);
#9177 = ORIENTED_EDGE('',*,*,#9163,.T.);
#9178 = ORIENTED_EDGE('',*,*,#9179,.T.);
#9179 = EDGE_CURVE('',#9155,#9180,#9182,.T.);
#9180 = VERTEX_POINT('',#9181);
#9181 = CARTESIAN_POINT('',(8.686807610869,26.6,0.2));
#9182 = LINE('',#9183,#9184);
#9183 = CARTESIAN_POINT('',(-8.686807610869,26.6,0.2));
#9184 = VECTOR('',#9185,1.);
#9185 = DIRECTION('',(1.,0.,0.));
#9186 = ORIENTED_EDGE('',*,*,#9187,.F.);
#9187 = EDGE_CURVE('',#4605,#9180,#9188,.T.);
#9188 = LINE('',#9189,#9190);
#9189 = CARTESIAN_POINT('',(8.686807610869,26.6,-0.8));
#9190 = VECTOR('',#9191,1.);
#9191 = DIRECTION('',(-0.,-0.,1.));
#9192 = PLANE('',#9193);
#9193 = AXIS2_PLACEMENT_3D('',#9194,#9195,#9196);
#9194 = CARTESIAN_POINT('',(-8.686807610869,26.6,-0.8));
#9195 = DIRECTION('',(0.,-1.,0.));
#9196 = DIRECTION('',(0.,-0.,-1.));
#9197 = ADVANCED_FACE('',(#9198),#9217,.T.);
#9198 = FACE_BOUND('',#9199,.T.);
#9199 = EDGE_LOOP('',(#9200,#9201,#9202,#9211));
#9200 = ORIENTED_EDGE('',*,*,#4612,.F.);
#9201 = ORIENTED_EDGE('',*,*,#9187,.T.);
#9202 = ORIENTED_EDGE('',*,*,#9203,.T.);
#9203 = EDGE_CURVE('',#9180,#9204,#9206,.T.);
#9204 = VERTEX_POINT('',#9205);
#9205 = CARTESIAN_POINT('',(16.208955531953,21.323470332744,0.2));
#9206 = CIRCLE('',#9207,8.);
#9207 = AXIS2_PLACEMENT_3D('',#9208,#9209,#9210);
#9208 = CARTESIAN_POINT('',(8.686807610869,18.6,0.2));
#9209 = DIRECTION('',(0.,0.,-1.));
#9210 = DIRECTION('',(-1.,0.,0.));
#9211 = ORIENTED_EDGE('',*,*,#9212,.F.);
#9212 = EDGE_CURVE('',#4613,#9204,#9213,.T.);
#9213 = LINE('',#9214,#9215);
#9214 = CARTESIAN_POINT('',(16.208955531953,21.323470332744,-0.8));
#9215 = VECTOR('',#9216,1.);
#9216 = DIRECTION('',(-0.,-0.,1.));
#9217 = CYLINDRICAL_SURFACE('',#9218,8.);
#9218 = AXIS2_PLACEMENT_3D('',#9219,#9220,#9221);
#9219 = CARTESIAN_POINT('',(8.686807610869,18.6,-0.8));
#9220 = DIRECTION('',(-0.,-0.,1.));
#9221 = DIRECTION('',(1.,0.,0.));
#9222 = ADVANCED_FACE('',(#9223),#9241,.F.);
#9223 = FACE_BOUND('',#9224,.T.);
#9224 = EDGE_LOOP('',(#9225,#9226,#9227,#9235));
#9225 = ORIENTED_EDGE('',*,*,#4621,.F.);
#9226 = ORIENTED_EDGE('',*,*,#9212,.T.);
#9227 = ORIENTED_EDGE('',*,*,#9228,.T.);
#9228 = EDGE_CURVE('',#9204,#9229,#9231,.T.);
#9229 = VERTEX_POINT('',#9230);
#9230 = CARTESIAN_POINT('',(21.156041028047,7.659760310844,0.2));
#9231 = LINE('',#9232,#9233);
#9232 = CARTESIAN_POINT('',(16.208955531953,21.323470332744,0.2));
#9233 = VECTOR('',#9234,1.);
#9234 = DIRECTION('',(0.340433791593,-0.940268490135,0.));
#9235 = ORIENTED_EDGE('',*,*,#9236,.F.);
#9236 = EDGE_CURVE('',#4622,#9229,#9237,.T.);
#9237 = LINE('',#9238,#9239);
#9238 = CARTESIAN_POINT('',(21.156041028047,7.659760310844,-0.8));
#9239 = VECTOR('',#9240,1.);
#9240 = DIRECTION('',(-0.,-0.,1.));
#9241 = PLANE('',#9242);
#9242 = AXIS2_PLACEMENT_3D('',#9243,#9244,#9245);
#9243 = CARTESIAN_POINT('',(16.208955531953,21.323470332744,-0.8));
#9244 = DIRECTION('',(-0.940268490135,-0.340433791593,0.));
#9245 = DIRECTION('',(0.340433791593,-0.940268490135,0.));
#9246 = ADVANCED_FACE('',(#9247),#9259,.T.);
#9247 = FACE_BOUND('',#9248,.T.);
#9248 = EDGE_LOOP('',(#9249,#9250,#9251,#9252));
#9249 = ORIENTED_EDGE('',*,*,#3489,.F.);
#9250 = ORIENTED_EDGE('',*,*,#4629,.F.);
#9251 = ORIENTED_EDGE('',*,*,#9236,.T.);
#9252 = ORIENTED_EDGE('',*,*,#9253,.T.);
#9253 = EDGE_CURVE('',#9229,#3490,#9254,.T.);
#9254 = CIRCLE('',#9255,22.5);
#9255 = AXIS2_PLACEMENT_3D('',#9256,#9257,#9258);
#9256 = CARTESIAN_POINT('',(0.,0.,0.2));
#9257 = DIRECTION('',(0.,0.,-1.));
#9258 = DIRECTION('',(-1.,0.,0.));
#9259 = CYLINDRICAL_SURFACE('',#9260,22.5);
#9260 = AXIS2_PLACEMENT_3D('',#9261,#9262,#9263);
#9261 = CARTESIAN_POINT('',(0.,0.,-0.8));
#9262 = DIRECTION('',(-0.,-0.,1.));
#9263 = DIRECTION('',(1.,0.,0.));
#9264 = ADVANCED_FACE('',(#9265),#9283,.F.);
#9265 = FACE_BOUND('',#9266,.T.);
#9266 = EDGE_LOOP('',(#9267,#9268,#9269,#9277));
#9267 = ORIENTED_EDGE('',*,*,#4637,.F.);
#9268 = ORIENTED_EDGE('',*,*,#3506,.T.);
#9269 = ORIENTED_EDGE('',*,*,#9270,.T.);
#9270 = EDGE_CURVE('',#3498,#9271,#9273,.T.);
#9271 = VERTEX_POINT('',#9272);
#9272 = CARTESIAN_POINT('',(16.208955531953,-21.32347033274,0.2));
#9273 = LINE('',#9274,#9275);
#9274 = CARTESIAN_POINT('',(21.156041028047,-7.659760310844,0.2));
#9275 = VECTOR('',#9276,1.);
#9276 = DIRECTION('',(-0.340433791593,-0.940268490135,0.));
#9277 = ORIENTED_EDGE('',*,*,#9278,.F.);
#9278 = EDGE_CURVE('',#4638,#9271,#9279,.T.);
#9279 = LINE('',#9280,#9281);
#9280 = CARTESIAN_POINT('',(16.208955531953,-21.32347033274,-0.8));
#9281 = VECTOR('',#9282,1.);
#9282 = DIRECTION('',(-0.,-0.,1.));
#9283 = PLANE('',#9284);
#9284 = AXIS2_PLACEMENT_3D('',#9285,#9286,#9287);
#9285 = CARTESIAN_POINT('',(21.156041028047,-7.659760310844,-0.8));
#9286 = DIRECTION('',(-0.940268490135,0.340433791593,0.));
#9287 = DIRECTION('',(-0.340433791593,-0.940268490135,0.));
#9288 = ADVANCED_FACE('',(#9289),#9308,.T.);
#9289 = FACE_BOUND('',#9290,.T.);
#9290 = EDGE_LOOP('',(#9291,#9292,#9293,#9302));
#9291 = ORIENTED_EDGE('',*,*,#4645,.F.);
#9292 = ORIENTED_EDGE('',*,*,#9278,.T.);
#9293 = ORIENTED_EDGE('',*,*,#9294,.T.);
#9294 = EDGE_CURVE('',#9271,#9295,#9297,.T.);
#9295 = VERTEX_POINT('',#9296);
#9296 = CARTESIAN_POINT('',(8.686807610869,-26.6,0.2));
#9297 = CIRCLE('',#9298,8.);
#9298 = AXIS2_PLACEMENT_3D('',#9299,#9300,#9301);
#9299 = CARTESIAN_POINT('',(8.686807610869,-18.6,0.2));
#9300 = DIRECTION('',(0.,0.,-1.));
#9301 = DIRECTION('',(-1.,0.,0.));
#9302 = ORIENTED_EDGE('',*,*,#9303,.F.);
#9303 = EDGE_CURVE('',#4646,#9295,#9304,.T.);
#9304 = LINE('',#9305,#9306);
#9305 = CARTESIAN_POINT('',(8.686807610869,-26.6,-0.8));
#9306 = VECTOR('',#9307,1.);
#9307 = DIRECTION('',(-0.,-0.,1.));
#9308 = CYLINDRICAL_SURFACE('',#9309,8.);
#9309 = AXIS2_PLACEMENT_3D('',#9310,#9311,#9312);
#9310 = CARTESIAN_POINT('',(8.686807610869,-18.6,-0.8));
#9311 = DIRECTION('',(-0.,-0.,1.));
#9312 = DIRECTION('',(1.,0.,0.));
#9313 = ADVANCED_FACE('',(#9314),#9332,.F.);
#9314 = FACE_BOUND('',#9315,.T.);
#9315 = EDGE_LOOP('',(#9316,#9317,#9318,#9326));
#9316 = ORIENTED_EDGE('',*,*,#4654,.F.);
#9317 = ORIENTED_EDGE('',*,*,#9303,.T.);
#9318 = ORIENTED_EDGE('',*,*,#9319,.T.);
#9319 = EDGE_CURVE('',#9295,#9320,#9322,.T.);
#9320 = VERTEX_POINT('',#9321);
#9321 = CARTESIAN_POINT('',(-8.686807610869,-26.6,0.2));
#9322 = LINE('',#9323,#9324);
#9323 = CARTESIAN_POINT('',(8.686807610869,-26.6,0.2));
#9324 = VECTOR('',#9325,1.);
#9325 = DIRECTION('',(-1.,0.,0.));
#9326 = ORIENTED_EDGE('',*,*,#9327,.F.);
#9327 = EDGE_CURVE('',#4655,#9320,#9328,.T.);
#9328 = LINE('',#9329,#9330);
#9329 = CARTESIAN_POINT('',(-8.686807610869,-26.6,-0.8));
#9330 = VECTOR('',#9331,1.);
#9331 = DIRECTION('',(-0.,-0.,1.));
#9332 = PLANE('',#9333);
#9333 = AXIS2_PLACEMENT_3D('',#9334,#9335,#9336);
#9334 = CARTESIAN_POINT('',(8.686807610869,-26.6,-0.8));
#9335 = DIRECTION('',(0.,1.,0.));
#9336 = DIRECTION('',(0.,-0.,1.));
#9337 = ADVANCED_FACE('',(#9338),#9357,.T.);
#9338 = FACE_BOUND('',#9339,.T.);
#9339 = EDGE_LOOP('',(#9340,#9341,#9342,#9351));
#9340 = ORIENTED_EDGE('',*,*,#4662,.F.);
#9341 = ORIENTED_EDGE('',*,*,#9327,.T.);
#9342 = ORIENTED_EDGE('',*,*,#9343,.T.);
#9343 = EDGE_CURVE('',#9320,#9344,#9346,.T.);
#9344 = VERTEX_POINT('',#9345);
#9345 = CARTESIAN_POINT('',(-16.20895553195,-21.32347033274,0.2));
#9346 = CIRCLE('',#9347,8.);
#9347 = AXIS2_PLACEMENT_3D('',#9348,#9349,#9350);
#9348 = CARTESIAN_POINT('',(-8.686807610869,-18.6,0.2));
#9349 = DIRECTION('',(0.,0.,-1.));
#9350 = DIRECTION('',(-1.,0.,0.));
#9351 = ORIENTED_EDGE('',*,*,#9352,.F.);
#9352 = EDGE_CURVE('',#4663,#9344,#9353,.T.);
#9353 = LINE('',#9354,#9355);
#9354 = CARTESIAN_POINT('',(-16.20895553195,-21.32347033274,-0.8));
#9355 = VECTOR('',#9356,1.);
#9356 = DIRECTION('',(-0.,-0.,1.));
#9357 = CYLINDRICAL_SURFACE('',#9358,8.);
#9358 = AXIS2_PLACEMENT_3D('',#9359,#9360,#9361);
#9359 = CARTESIAN_POINT('',(-8.686807610869,-18.6,-0.8));
#9360 = DIRECTION('',(-0.,-0.,1.));
#9361 = DIRECTION('',(1.,0.,0.));
#9362 = ADVANCED_FACE('',(#9363),#9381,.F.);
#9363 = FACE_BOUND('',#9364,.T.);
#9364 = EDGE_LOOP('',(#9365,#9366,#9367,#9375));
#9365 = ORIENTED_EDGE('',*,*,#4671,.F.);
#9366 = ORIENTED_EDGE('',*,*,#9352,.T.);
#9367 = ORIENTED_EDGE('',*,*,#9368,.T.);
#9368 = EDGE_CURVE('',#9344,#9369,#9371,.T.);
#9369 = VERTEX_POINT('',#9370);
#9370 = CARTESIAN_POINT('',(-21.15604102804,-7.659760310844,0.2));
#9371 = LINE('',#9372,#9373);
#9372 = CARTESIAN_POINT('',(-16.20895553195,-21.32347033274,0.2));
#9373 = VECTOR('',#9374,1.);
#9374 = DIRECTION('',(-0.340433791593,0.940268490135,0.));
#9375 = ORIENTED_EDGE('',*,*,#9376,.F.);
#9376 = EDGE_CURVE('',#4577,#9369,#9377,.T.);
#9377 = LINE('',#9378,#9379);
#9378 = CARTESIAN_POINT('',(-21.15604102804,-7.659760310844,-0.8));
#9379 = VECTOR('',#9380,1.);
#9380 = DIRECTION('',(-0.,-0.,1.));
#9381 = PLANE('',#9382);
#9382 = AXIS2_PLACEMENT_3D('',#9383,#9384,#9385);
#9383 = CARTESIAN_POINT('',(-16.20895553195,-21.32347033274,-0.8));
#9384 = DIRECTION('',(0.940268490135,0.340433791593,0.));
#9385 = DIRECTION('',(-0.340433791593,0.940268490135,0.));
#9386 = ADVANCED_FACE('',(#9387),#9399,.T.);
#9387 = FACE_BOUND('',#9388,.T.);
#9388 = EDGE_LOOP('',(#9389,#9390,#9391,#9398));
#9389 = ORIENTED_EDGE('',*,*,#4576,.F.);
#9390 = ORIENTED_EDGE('',*,*,#9376,.T.);
#9391 = ORIENTED_EDGE('',*,*,#9392,.T.);
#9392 = EDGE_CURVE('',#9369,#9123,#9393,.T.);
#9393 = CIRCLE('',#9394,22.5);
#9394 = AXIS2_PLACEMENT_3D('',#9395,#9396,#9397);
#9395 = CARTESIAN_POINT('',(0.,0.,0.2));
#9396 = DIRECTION('',(0.,0.,-1.));
#9397 = DIRECTION('',(-1.,0.,0.));
#9398 = ORIENTED_EDGE('',*,*,#9122,.F.);
#9399 = CYLINDRICAL_SURFACE('',#9400,22.5);
#9400 = AXIS2_PLACEMENT_3D('',#9401,#9402,#9403);
#9401 = CARTESIAN_POINT('',(0.,0.,-0.8));
#9402 = DIRECTION('',(-0.,-0.,1.));
#9403 = DIRECTION('',(1.,0.,0.));
#9404 = ADVANCED_FACE('',(#9405),#9434,.F.);
#9405 = FACE_BOUND('',#9406,.F.);
#9406 = EDGE_LOOP('',(#9407,#9416,#9425,#9432,#9433));
#9407 = ORIENTED_EDGE('',*,*,#9408,.F.);
#9408 = EDGE_CURVE('',#9409,#3541,#9411,.T.);
#9409 = VERTEX_POINT('',#9410);
#9410 = CARTESIAN_POINT('',(12.37,21.091192008768,120.4));
#9411 = CIRCLE('',#9412,1.26);
#9412 = AXIS2_PLACEMENT_3D('',#9413,#9414,#9415);
#9413 = CARTESIAN_POINT('',(13.,20.,120.4));
#9414 = DIRECTION('',(0.,-0.,1.));
#9415 = DIRECTION('',(1.,0.,0.));
#9416 = ORIENTED_EDGE('',*,*,#9417,.F.);
#9417 = EDGE_CURVE('',#9418,#9409,#9420,.T.);
#9418 = VERTEX_POINT('',#9419);
#9419 = CARTESIAN_POINT('',(13.63,21.091192008768,120.4));
#9420 = CIRCLE('',#9421,1.26);
#9421 = AXIS2_PLACEMENT_3D('',#9422,#9423,#9424);
#9422 = CARTESIAN_POINT('',(13.,20.,120.4));
#9423 = DIRECTION('',(0.,-0.,1.));
#9424 = DIRECTION('',(1.,0.,0.));
#9425 = ORIENTED_EDGE('',*,*,#9426,.F.);
#9426 = EDGE_CURVE('',#3523,#9418,#9427,.T.);
#9427 = CIRCLE('',#9428,1.26);
#9428 = AXIS2_PLACEMENT_3D('',#9429,#9430,#9431);
#9429 = CARTESIAN_POINT('',(13.,20.,120.4));
#9430 = DIRECTION('',(0.,-0.,1.));
#9431 = DIRECTION('',(1.,0.,0.));
#9432 = ORIENTED_EDGE('',*,*,#3557,.F.);
#9433 = ORIENTED_EDGE('',*,*,#3549,.T.);
#9434 = CONICAL_SURFACE('',#9435,1.26,1.047197551197);
#9435 = AXIS2_PLACEMENT_3D('',#9436,#9437,#9438);
#9436 = CARTESIAN_POINT('',(13.,20.,120.4));
#9437 = DIRECTION('',(-0.,-0.,1.));
#9438 = DIRECTION('',(1.,0.,0.));
#9439 = ADVANCED_FACE('',(#9440),#9469,.F.);
#9440 = FACE_BOUND('',#9441,.F.);
#9441 = EDGE_LOOP('',(#9442,#9451,#9460,#9467,#9468));
#9442 = ORIENTED_EDGE('',*,*,#9443,.F.);
#9443 = EDGE_CURVE('',#9444,#3592,#9446,.T.);
#9444 = VERTEX_POINT('',#9445);
#9445 = CARTESIAN_POINT('',(-13.63,21.091192008768,120.4));
#9446 = CIRCLE('',#9447,1.26);
#9447 = AXIS2_PLACEMENT_3D('',#9448,#9449,#9450);
#9448 = CARTESIAN_POINT('',(-13.,20.,120.4));
#9449 = DIRECTION('',(0.,-0.,1.));
#9450 = DIRECTION('',(1.,0.,0.));
#9451 = ORIENTED_EDGE('',*,*,#9452,.F.);
#9452 = EDGE_CURVE('',#9453,#9444,#9455,.T.);
#9453 = VERTEX_POINT('',#9454);
#9454 = CARTESIAN_POINT('',(-12.37,21.091192008768,120.4));
#9455 = CIRCLE('',#9456,1.26);
#9456 = AXIS2_PLACEMENT_3D('',#9457,#9458,#9459);
#9457 = CARTESIAN_POINT('',(-13.,20.,120.4));
#9458 = DIRECTION('',(0.,-0.,1.));
#9459 = DIRECTION('',(1.,0.,0.));
#9460 = ORIENTED_EDGE('',*,*,#9461,.F.);
#9461 = EDGE_CURVE('',#3574,#9453,#9462,.T.);
#9462 = CIRCLE('',#9463,1.26);
#9463 = AXIS2_PLACEMENT_3D('',#9464,#9465,#9466);
#9464 = CARTESIAN_POINT('',(-13.,20.,120.4));
#9465 = DIRECTION('',(0.,-0.,1.));
#9466 = DIRECTION('',(1.,0.,0.));
#9467 = ORIENTED_EDGE('',*,*,#3608,.F.);
#9468 = ORIENTED_EDGE('',*,*,#3600,.T.);
#9469 = CONICAL_SURFACE('',#9470,1.26,1.047197551197);
#9470 = AXIS2_PLACEMENT_3D('',#9471,#9472,#9473);
#9471 = CARTESIAN_POINT('',(-13.,20.,120.4));
#9472 = DIRECTION('',(-0.,-0.,1.));
#9473 = DIRECTION('',(1.,0.,0.));
#9474 = ADVANCED_FACE('',(#9475),#9504,.F.);
#9475 = FACE_BOUND('',#9476,.F.);
#9476 = EDGE_LOOP('',(#9477,#9486,#9495,#9502,#9503));
#9477 = ORIENTED_EDGE('',*,*,#9478,.F.);
#9478 = EDGE_CURVE('',#9479,#3643,#9481,.T.);
#9479 = VERTEX_POINT('',#9480);
#9480 = CARTESIAN_POINT('',(-13.63,-18.90880799123,120.4));
#9481 = CIRCLE('',#9482,1.26);
#9482 = AXIS2_PLACEMENT_3D('',#9483,#9484,#9485);
#9483 = CARTESIAN_POINT('',(-13.,-20.,120.4));
#9484 = DIRECTION('',(0.,-0.,1.));
#9485 = DIRECTION('',(1.,0.,0.));
#9486 = ORIENTED_EDGE('',*,*,#9487,.F.);
#9487 = EDGE_CURVE('',#9488,#9479,#9490,.T.);
#9488 = VERTEX_POINT('',#9489);
#9489 = CARTESIAN_POINT('',(-12.37,-18.90880799123,120.4));
#9490 = CIRCLE('',#9491,1.26);
#9491 = AXIS2_PLACEMENT_3D('',#9492,#9493,#9494);
#9492 = CARTESIAN_POINT('',(-13.,-20.,120.4));
#9493 = DIRECTION('',(0.,-0.,1.));
#9494 = DIRECTION('',(1.,0.,0.));
#9495 = ORIENTED_EDGE('',*,*,#9496,.F.);
#9496 = EDGE_CURVE('',#3625,#9488,#9497,.T.);
#9497 = CIRCLE('',#9498,1.26);
#9498 = AXIS2_PLACEMENT_3D('',#9499,#9500,#9501);
#9499 = CARTESIAN_POINT('',(-13.,-20.,120.4));
#9500 = DIRECTION('',(0.,-0.,1.));
#9501 = DIRECTION('',(1.,0.,0.));
#9502 = ORIENTED_EDGE('',*,*,#3659,.F.);
#9503 = ORIENTED_EDGE('',*,*,#3651,.T.);
#9504 = CONICAL_SURFACE('',#9505,1.26,1.047197551197);
#9505 = AXIS2_PLACEMENT_3D('',#9506,#9507,#9508);
#9506 = CARTESIAN_POINT('',(-13.,-20.,120.4));
#9507 = DIRECTION('',(-0.,-0.,1.));
#9508 = DIRECTION('',(1.,0.,0.));
#9509 = ADVANCED_FACE('',(#9510),#9539,.F.);
#9510 = FACE_BOUND('',#9511,.F.);
#9511 = EDGE_LOOP('',(#9512,#9521,#9530,#9537,#9538));
#9512 = ORIENTED_EDGE('',*,*,#9513,.F.);
#9513 = EDGE_CURVE('',#9514,#3694,#9516,.T.);
#9514 = VERTEX_POINT('',#9515);
#9515 = CARTESIAN_POINT('',(12.37,-18.90880799123,120.4));
#9516 = CIRCLE('',#9517,1.26);
#9517 = AXIS2_PLACEMENT_3D('',#9518,#9519,#9520);
#9518 = CARTESIAN_POINT('',(13.,-20.,120.4));
#9519 = DIRECTION('',(0.,-0.,1.));
#9520 = DIRECTION('',(1.,0.,0.));
#9521 = ORIENTED_EDGE('',*,*,#9522,.F.);
#9522 = EDGE_CURVE('',#9523,#9514,#9525,.T.);
#9523 = VERTEX_POINT('',#9524);
#9524 = CARTESIAN_POINT('',(13.63,-18.90880799123,120.4));
#9525 = CIRCLE('',#9526,1.26);
#9526 = AXIS2_PLACEMENT_3D('',#9527,#9528,#9529);
#9527 = CARTESIAN_POINT('',(13.,-20.,120.4));
#9528 = DIRECTION('',(0.,-0.,1.));
#9529 = DIRECTION('',(1.,0.,0.));
#9530 = ORIENTED_EDGE('',*,*,#9531,.F.);
#9531 = EDGE_CURVE('',#3676,#9523,#9532,.T.);
#9532 = CIRCLE('',#9533,1.26);
#9533 = AXIS2_PLACEMENT_3D('',#9534,#9535,#9536);
#9534 = CARTESIAN_POINT('',(13.,-20.,120.4));
#9535 = DIRECTION('',(0.,-0.,1.));
#9536 = DIRECTION('',(1.,0.,0.));
#9537 = ORIENTED_EDGE('',*,*,#3710,.F.);
#9538 = ORIENTED_EDGE('',*,*,#3702,.T.);
#9539 = CONICAL_SURFACE('',#9540,1.26,1.047197551197);
#9540 = AXIS2_PLACEMENT_3D('',#9541,#9542,#9543);
#9541 = CARTESIAN_POINT('',(13.,-20.,120.4));
#9542 = DIRECTION('',(-0.,-0.,1.));
#9543 = DIRECTION('',(1.,0.,0.));
#9544 = ADVANCED_FACE('',(#9545),#9562,.T.);
#9545 = FACE_BOUND('',#9546,.T.);
#9546 = EDGE_LOOP('',(#9547,#9548,#9556));
#9547 = ORIENTED_EDGE('',*,*,#9426,.F.);
#9548 = ORIENTED_EDGE('',*,*,#9549,.F.);
#9549 = EDGE_CURVE('',#9550,#3523,#9552,.T.);
#9550 = VERTEX_POINT('',#9551);
#9551 = CARTESIAN_POINT('',(14.26,20.727461339179,120.4));
#9552 = LINE('',#9553,#9554);
#9553 = CARTESIAN_POINT('',(14.26,20.727461339179,120.4));
#9554 = VECTOR('',#9555,1.);
#9555 = DIRECTION('',(-0.,-1.,-0.));
#9556 = ORIENTED_EDGE('',*,*,#9557,.F.);
#9557 = EDGE_CURVE('',#9418,#9550,#9558,.T.);
#9558 = LINE('',#9559,#9560);
#9559 = CARTESIAN_POINT('',(13.,21.454922678358,120.4));
#9560 = VECTOR('',#9561,1.);
#9561 = DIRECTION('',(0.866025403784,-0.5,-0.));
#9562 = PLANE('',#9563);
#9563 = AXIS2_PLACEMENT_3D('',#9564,#9565,#9566);
#9564 = CARTESIAN_POINT('',(13.,18.545077321642,120.4));
#9565 = DIRECTION('',(-0.,-0.,1.));
#9566 = DIRECTION('',(1.,0.,0.));
#9567 = ADVANCED_FACE('',(#9568),#9585,.T.);
#9568 = FACE_BOUND('',#9569,.T.);
#9569 = EDGE_LOOP('',(#9570,#9571,#9579));
#9570 = ORIENTED_EDGE('',*,*,#9417,.F.);
#9571 = ORIENTED_EDGE('',*,*,#9572,.F.);
#9572 = EDGE_CURVE('',#9573,#9418,#9575,.T.);
#9573 = VERTEX_POINT('',#9574);
#9574 = CARTESIAN_POINT('',(13.,21.454922678358,120.4));
#9575 = LINE('',#9576,#9577);
#9576 = CARTESIAN_POINT('',(13.,21.454922678358,120.4));
#9577 = VECTOR('',#9578,1.);
#9578 = DIRECTION('',(0.866025403784,-0.5,-0.));
#9579 = ORIENTED_EDGE('',*,*,#9580,.F.);
#9580 = EDGE_CURVE('',#9409,#9573,#9581,.T.);
#9581 = LINE('',#9582,#9583);
#9582 = CARTESIAN_POINT('',(11.74,20.727461339179,120.4));
#9583 = VECTOR('',#9584,1.);
#9584 = DIRECTION('',(0.866025403784,0.5,0.));
#9585 = PLANE('',#9586);
#9586 = AXIS2_PLACEMENT_3D('',#9587,#9588,#9589);
#9587 = CARTESIAN_POINT('',(13.,18.545077321642,120.4));
#9588 = DIRECTION('',(-0.,-0.,1.));
#9589 = DIRECTION('',(1.,0.,0.));
#9590 = ADVANCED_FACE('',(#9591),#9608,.T.);
#9591 = FACE_BOUND('',#9592,.T.);
#9592 = EDGE_LOOP('',(#9593,#9594,#9602));
#9593 = ORIENTED_EDGE('',*,*,#9408,.F.);
#9594 = ORIENTED_EDGE('',*,*,#9595,.F.);
#9595 = EDGE_CURVE('',#9596,#9409,#9598,.T.);
#9596 = VERTEX_POINT('',#9597);
#9597 = CARTESIAN_POINT('',(11.74,20.727461339179,120.4));
#9598 = LINE('',#9599,#9600);
#9599 = CARTESIAN_POINT('',(11.74,20.727461339179,120.4));
#9600 = VECTOR('',#9601,1.);
#9601 = DIRECTION('',(0.866025403784,0.5,0.));
#9602 = ORIENTED_EDGE('',*,*,#9603,.F.);
#9603 = EDGE_CURVE('',#3541,#9596,#9604,.T.);
#9604 = LINE('',#9605,#9606);
#9605 = CARTESIAN_POINT('',(11.74,19.272538660821,120.4));
#9606 = VECTOR('',#9607,1.);
#9607 = DIRECTION('',(0.,1.,0.));
#9608 = PLANE('',#9609);
#9609 = AXIS2_PLACEMENT_3D('',#9610,#9611,#9612);
#9610 = CARTESIAN_POINT('',(13.,18.545077321642,120.4));
#9611 = DIRECTION('',(-0.,-0.,1.));
#9612 = DIRECTION('',(1.,0.,0.));
#9613 = ADVANCED_FACE('',(#9614),#9631,.T.);
#9614 = FACE_BOUND('',#9615,.T.);
#9615 = EDGE_LOOP('',(#9616,#9617,#9625));
#9616 = ORIENTED_EDGE('',*,*,#3540,.F.);
#9617 = ORIENTED_EDGE('',*,*,#9618,.F.);
#9618 = EDGE_CURVE('',#9619,#3541,#9621,.T.);
#9619 = VERTEX_POINT('',#9620);
#9620 = CARTESIAN_POINT('',(11.74,19.272538660821,120.4));
#9621 = LINE('',#9622,#9623);
#9622 = CARTESIAN_POINT('',(11.74,19.272538660821,120.4));
#9623 = VECTOR('',#9624,1.);
#9624 = DIRECTION('',(0.,1.,0.));
#9625 = ORIENTED_EDGE('',*,*,#9626,.F.);
#9626 = EDGE_CURVE('',#3532,#9619,#9627,.T.);
#9627 = LINE('',#9628,#9629);
#9628 = CARTESIAN_POINT('',(13.,18.545077321642,120.4));
#9629 = VECTOR('',#9630,1.);
#9630 = DIRECTION('',(-0.866025403784,0.5,0.));
#9631 = PLANE('',#9632);
#9632 = AXIS2_PLACEMENT_3D('',#9633,#9634,#9635);
#9633 = CARTESIAN_POINT('',(13.,18.545077321642,120.4));
#9634 = DIRECTION('',(-0.,-0.,1.));
#9635 = DIRECTION('',(1.,0.,0.));
#9636 = ADVANCED_FACE('',(#9637),#9654,.T.);
#9637 = FACE_BOUND('',#9638,.T.);
#9638 = EDGE_LOOP('',(#9639,#9640,#9648));
#9639 = ORIENTED_EDGE('',*,*,#3531,.F.);
#9640 = ORIENTED_EDGE('',*,*,#9641,.F.);
#9641 = EDGE_CURVE('',#9642,#3532,#9644,.T.);
#9642 = VERTEX_POINT('',#9643);
#9643 = CARTESIAN_POINT('',(13.,18.545077321642,120.4));
#9644 = LINE('',#9645,#9646);
#9645 = CARTESIAN_POINT('',(13.,18.545077321642,120.4));
#9646 = VECTOR('',#9647,1.);
#9647 = DIRECTION('',(-0.866025403784,0.5,0.));
#9648 = ORIENTED_EDGE('',*,*,#9649,.F.);
#9649 = EDGE_CURVE('',#3521,#9642,#9650,.T.);
#9650 = LINE('',#9651,#9652);
#9651 = CARTESIAN_POINT('',(14.26,19.272538660821,120.4));
#9652 = VECTOR('',#9653,1.);
#9653 = DIRECTION('',(-0.866025403784,-0.5,-0.));
#9654 = PLANE('',#9655);
#9655 = AXIS2_PLACEMENT_3D('',#9656,#9657,#9658);
#9656 = CARTESIAN_POINT('',(13.,18.545077321642,120.4));
#9657 = DIRECTION('',(-0.,-0.,1.));
#9658 = DIRECTION('',(1.,0.,0.));
#9659 = ADVANCED_FACE('',(#9660),#9677,.T.);
#9660 = FACE_BOUND('',#9661,.T.);
#9661 = EDGE_LOOP('',(#9662,#9663,#9671));
#9662 = ORIENTED_EDGE('',*,*,#3520,.F.);
#9663 = ORIENTED_EDGE('',*,*,#9664,.F.);
#9664 = EDGE_CURVE('',#9665,#3521,#9667,.T.);
#9665 = VERTEX_POINT('',#9666);
#9666 = CARTESIAN_POINT('',(14.26,19.272538660821,120.4));
#9667 = LINE('',#9668,#9669);
#9668 = CARTESIAN_POINT('',(14.26,19.272538660821,120.4));
#9669 = VECTOR('',#9670,1.);
#9670 = DIRECTION('',(-0.866025403784,-0.5,-0.));
#9671 = ORIENTED_EDGE('',*,*,#9672,.F.);
#9672 = EDGE_CURVE('',#3523,#9665,#9673,.T.);
#9673 = LINE('',#9674,#9675);
#9674 = CARTESIAN_POINT('',(14.26,20.727461339179,120.4));
#9675 = VECTOR('',#9676,1.);
#9676 = DIRECTION('',(-0.,-1.,-0.));
#9677 = PLANE('',#9678);
#9678 = AXIS2_PLACEMENT_3D('',#9679,#9680,#9681);
#9679 = CARTESIAN_POINT('',(13.,18.545077321642,120.4));
#9680 = DIRECTION('',(-0.,-0.,1.));
#9681 = DIRECTION('',(1.,0.,0.));
#9682 = ADVANCED_FACE('',(#9683),#9700,.T.);
#9683 = FACE_BOUND('',#9684,.T.);
#9684 = EDGE_LOOP('',(#9685,#9686,#9694));
#9685 = ORIENTED_EDGE('',*,*,#9461,.F.);
#9686 = ORIENTED_EDGE('',*,*,#9687,.F.);
#9687 = EDGE_CURVE('',#9688,#3574,#9690,.T.);
#9688 = VERTEX_POINT('',#9689);
#9689 = CARTESIAN_POINT('',(-11.74,20.727461339179,120.4));
#9690 = LINE('',#9691,#9692);
#9691 = CARTESIAN_POINT('',(-11.74,20.727461339179,120.4));
#9692 = VECTOR('',#9693,1.);
#9693 = DIRECTION('',(-0.,-1.,-0.));
#9694 = ORIENTED_EDGE('',*,*,#9695,.F.);
#9695 = EDGE_CURVE('',#9453,#9688,#9696,.T.);
#9696 = LINE('',#9697,#9698);
#9697 = CARTESIAN_POINT('',(-13.,21.454922678358,120.4));
#9698 = VECTOR('',#9699,1.);
#9699 = DIRECTION('',(0.866025403784,-0.5,-0.));
#9700 = PLANE('',#9701);
#9701 = AXIS2_PLACEMENT_3D('',#9702,#9703,#9704);
#9702 = CARTESIAN_POINT('',(-13.,18.545077321642,120.4));
#9703 = DIRECTION('',(-0.,-0.,1.));
#9704 = DIRECTION('',(1.,0.,0.));
#9705 = ADVANCED_FACE('',(#9706),#9723,.T.);
#9706 = FACE_BOUND('',#9707,.T.);
#9707 = EDGE_LOOP('',(#9708,#9709,#9717));
#9708 = ORIENTED_EDGE('',*,*,#9452,.F.);
#9709 = ORIENTED_EDGE('',*,*,#9710,.F.);
#9710 = EDGE_CURVE('',#9711,#9453,#9713,.T.);
#9711 = VERTEX_POINT('',#9712);
#9712 = CARTESIAN_POINT('',(-13.,21.454922678358,120.4));
#9713 = LINE('',#9714,#9715);
#9714 = CARTESIAN_POINT('',(-13.,21.454922678358,120.4));
#9715 = VECTOR('',#9716,1.);
#9716 = DIRECTION('',(0.866025403784,-0.5,-0.));
#9717 = ORIENTED_EDGE('',*,*,#9718,.F.);
#9718 = EDGE_CURVE('',#9444,#9711,#9719,.T.);
#9719 = LINE('',#9720,#9721);
#9720 = CARTESIAN_POINT('',(-14.26,20.727461339179,120.4));
#9721 = VECTOR('',#9722,1.);
#9722 = DIRECTION('',(0.866025403784,0.5,0.));
#9723 = PLANE('',#9724);
#9724 = AXIS2_PLACEMENT_3D('',#9725,#9726,#9727);
#9725 = CARTESIAN_POINT('',(-13.,18.545077321642,120.4));
#9726 = DIRECTION('',(-0.,-0.,1.));
#9727 = DIRECTION('',(1.,0.,0.));
#9728 = ADVANCED_FACE('',(#9729),#9746,.T.);
#9729 = FACE_BOUND('',#9730,.T.);
#9730 = EDGE_LOOP('',(#9731,#9732,#9740));
#9731 = ORIENTED_EDGE('',*,*,#9443,.F.);
#9732 = ORIENTED_EDGE('',*,*,#9733,.F.);
#9733 = EDGE_CURVE('',#9734,#9444,#9736,.T.);
#9734 = VERTEX_POINT('',#9735);
#9735 = CARTESIAN_POINT('',(-14.26,20.727461339179,120.4));
#9736 = LINE('',#9737,#9738);
#9737 = CARTESIAN_POINT('',(-14.26,20.727461339179,120.4));
#9738 = VECTOR('',#9739,1.);
#9739 = DIRECTION('',(0.866025403784,0.5,0.));
#9740 = ORIENTED_EDGE('',*,*,#9741,.F.);
#9741 = EDGE_CURVE('',#3592,#9734,#9742,.T.);
#9742 = LINE('',#9743,#9744);
#9743 = CARTESIAN_POINT('',(-14.26,19.272538660821,120.4));
#9744 = VECTOR('',#9745,1.);
#9745 = DIRECTION('',(0.,1.,0.));
#9746 = PLANE('',#9747);
#9747 = AXIS2_PLACEMENT_3D('',#9748,#9749,#9750);
#9748 = CARTESIAN_POINT('',(-13.,18.545077321642,120.4));
#9749 = DIRECTION('',(-0.,-0.,1.));
#9750 = DIRECTION('',(1.,0.,0.));
#9751 = ADVANCED_FACE('',(#9752),#9769,.T.);
#9752 = FACE_BOUND('',#9753,.T.);
#9753 = EDGE_LOOP('',(#9754,#9755,#9763));
#9754 = ORIENTED_EDGE('',*,*,#3591,.F.);
#9755 = ORIENTED_EDGE('',*,*,#9756,.F.);
#9756 = EDGE_CURVE('',#9757,#3592,#9759,.T.);
#9757 = VERTEX_POINT('',#9758);
#9758 = CARTESIAN_POINT('',(-14.26,19.272538660821,120.4));
#9759 = LINE('',#9760,#9761);
#9760 = CARTESIAN_POINT('',(-14.26,19.272538660821,120.4));
#9761 = VECTOR('',#9762,1.);
#9762 = DIRECTION('',(0.,1.,0.));
#9763 = ORIENTED_EDGE('',*,*,#9764,.F.);
#9764 = EDGE_CURVE('',#3583,#9757,#9765,.T.);
#9765 = LINE('',#9766,#9767);
#9766 = CARTESIAN_POINT('',(-13.,18.545077321642,120.4));
#9767 = VECTOR('',#9768,1.);
#9768 = DIRECTION('',(-0.866025403784,0.5,0.));
#9769 = PLANE('',#9770);
#9770 = AXIS2_PLACEMENT_3D('',#9771,#9772,#9773);
#9771 = CARTESIAN_POINT('',(-13.,18.545077321642,120.4));
#9772 = DIRECTION('',(-0.,-0.,1.));
#9773 = DIRECTION('',(1.,0.,0.));
#9774 = ADVANCED_FACE('',(#9775),#9792,.T.);
#9775 = FACE_BOUND('',#9776,.T.);
#9776 = EDGE_LOOP('',(#9777,#9778,#9786));
#9777 = ORIENTED_EDGE('',*,*,#3582,.F.);
#9778 = ORIENTED_EDGE('',*,*,#9779,.F.);
#9779 = EDGE_CURVE('',#9780,#3583,#9782,.T.);
#9780 = VERTEX_POINT('',#9781);
#9781 = CARTESIAN_POINT('',(-13.,18.545077321642,120.4));
#9782 = LINE('',#9783,#9784);
#9783 = CARTESIAN_POINT('',(-13.,18.545077321642,120.4));
#9784 = VECTOR('',#9785,1.);
#9785 = DIRECTION('',(-0.866025403784,0.5,0.));
#9786 = ORIENTED_EDGE('',*,*,#9787,.F.);
#9787 = EDGE_CURVE('',#3572,#9780,#9788,.T.);
#9788 = LINE('',#9789,#9790);
#9789 = CARTESIAN_POINT('',(-11.74,19.272538660821,120.4));
#9790 = VECTOR('',#9791,1.);
#9791 = DIRECTION('',(-0.866025403784,-0.5,-0.));
#9792 = PLANE('',#9793);
#9793 = AXIS2_PLACEMENT_3D('',#9794,#9795,#9796);
#9794 = CARTESIAN_POINT('',(-13.,18.545077321642,120.4));
#9795 = DIRECTION('',(-0.,-0.,1.));
#9796 = DIRECTION('',(1.,0.,0.));
#9797 = ADVANCED_FACE('',(#9798),#9815,.T.);
#9798 = FACE_BOUND('',#9799,.T.);
#9799 = EDGE_LOOP('',(#9800,#9801,#9809));
#9800 = ORIENTED_EDGE('',*,*,#3571,.F.);
#9801 = ORIENTED_EDGE('',*,*,#9802,.F.);
#9802 = EDGE_CURVE('',#9803,#3572,#9805,.T.);
#9803 = VERTEX_POINT('',#9804);
#9804 = CARTESIAN_POINT('',(-11.74,19.272538660821,120.4));
#9805 = LINE('',#9806,#9807);
#9806 = CARTESIAN_POINT('',(-11.74,19.272538660821,120.4));
#9807 = VECTOR('',#9808,1.);
#9808 = DIRECTION('',(-0.866025403784,-0.5,-0.));
#9809 = ORIENTED_EDGE('',*,*,#9810,.F.);
#9810 = EDGE_CURVE('',#3574,#9803,#9811,.T.);
#9811 = LINE('',#9812,#9813);
#9812 = CARTESIAN_POINT('',(-11.74,20.727461339179,120.4));
#9813 = VECTOR('',#9814,1.);
#9814 = DIRECTION('',(-0.,-1.,-0.));
#9815 = PLANE('',#9816);
#9816 = AXIS2_PLACEMENT_3D('',#9817,#9818,#9819);
#9817 = CARTESIAN_POINT('',(-13.,18.545077321642,120.4));
#9818 = DIRECTION('',(-0.,-0.,1.));
#9819 = DIRECTION('',(1.,0.,0.));
#9820 = ADVANCED_FACE('',(#9821),#9838,.T.);
#9821 = FACE_BOUND('',#9822,.T.);
#9822 = EDGE_LOOP('',(#9823,#9824,#9832));
#9823 = ORIENTED_EDGE('',*,*,#9496,.F.);
#9824 = ORIENTED_EDGE('',*,*,#9825,.F.);
#9825 = EDGE_CURVE('',#9826,#3625,#9828,.T.);
#9826 = VERTEX_POINT('',#9827);
#9827 = CARTESIAN_POINT('',(-11.74,-19.27253866082,120.4));
#9828 = LINE('',#9829,#9830);
#9829 = CARTESIAN_POINT('',(-11.74,-19.27253866082,120.4));
#9830 = VECTOR('',#9831,1.);
#9831 = DIRECTION('',(-0.,-1.,-0.));
#9832 = ORIENTED_EDGE('',*,*,#9833,.F.);
#9833 = EDGE_CURVE('',#9488,#9826,#9834,.T.);
#9834 = LINE('',#9835,#9836);
#9835 = CARTESIAN_POINT('',(-13.,-18.54507732164,120.4));
#9836 = VECTOR('',#9837,1.);
#9837 = DIRECTION('',(0.866025403784,-0.5,-0.));
#9838 = PLANE('',#9839);
#9839 = AXIS2_PLACEMENT_3D('',#9840,#9841,#9842);
#9840 = CARTESIAN_POINT('',(-13.,-21.45492267835,120.4));
#9841 = DIRECTION('',(-0.,-0.,1.));
#9842 = DIRECTION('',(1.,0.,0.));
#9843 = ADVANCED_FACE('',(#9844),#9861,.T.);
#9844 = FACE_BOUND('',#9845,.T.);
#9845 = EDGE_LOOP('',(#9846,#9847,#9855));
#9846 = ORIENTED_EDGE('',*,*,#9487,.F.);
#9847 = ORIENTED_EDGE('',*,*,#9848,.F.);
#9848 = EDGE_CURVE('',#9849,#9488,#9851,.T.);
#9849 = VERTEX_POINT('',#9850);
#9850 = CARTESIAN_POINT('',(-13.,-18.54507732164,120.4));
#9851 = LINE('',#9852,#9853);
#9852 = CARTESIAN_POINT('',(-13.,-18.54507732164,120.4));
#9853 = VECTOR('',#9854,1.);
#9854 = DIRECTION('',(0.866025403784,-0.5,-0.));
#9855 = ORIENTED_EDGE('',*,*,#9856,.F.);
#9856 = EDGE_CURVE('',#9479,#9849,#9857,.T.);
#9857 = LINE('',#9858,#9859);
#9858 = CARTESIAN_POINT('',(-14.26,-19.27253866082,120.4));
#9859 = VECTOR('',#9860,1.);
#9860 = DIRECTION('',(0.866025403784,0.5,0.));
#9861 = PLANE('',#9862);
#9862 = AXIS2_PLACEMENT_3D('',#9863,#9864,#9865);
#9863 = CARTESIAN_POINT('',(-13.,-21.45492267835,120.4));
#9864 = DIRECTION('',(-0.,-0.,1.));
#9865 = DIRECTION('',(1.,0.,0.));
#9866 = ADVANCED_FACE('',(#9867),#9884,.T.);
#9867 = FACE_BOUND('',#9868,.T.);
#9868 = EDGE_LOOP('',(#9869,#9870,#9878));
#9869 = ORIENTED_EDGE('',*,*,#9478,.F.);
#9870 = ORIENTED_EDGE('',*,*,#9871,.F.);
#9871 = EDGE_CURVE('',#9872,#9479,#9874,.T.);
#9872 = VERTEX_POINT('',#9873);
#9873 = CARTESIAN_POINT('',(-14.26,-19.27253866082,120.4));
#9874 = LINE('',#9875,#9876);
#9875 = CARTESIAN_POINT('',(-14.26,-19.27253866082,120.4));
#9876 = VECTOR('',#9877,1.);
#9877 = DIRECTION('',(0.866025403784,0.5,0.));
#9878 = ORIENTED_EDGE('',*,*,#9879,.F.);
#9879 = EDGE_CURVE('',#3643,#9872,#9880,.T.);
#9880 = LINE('',#9881,#9882);
#9881 = CARTESIAN_POINT('',(-14.26,-20.72746133917,120.4));
#9882 = VECTOR('',#9883,1.);
#9883 = DIRECTION('',(0.,1.,0.));
#9884 = PLANE('',#9885);
#9885 = AXIS2_PLACEMENT_3D('',#9886,#9887,#9888);
#9886 = CARTESIAN_POINT('',(-13.,-21.45492267835,120.4));
#9887 = DIRECTION('',(-0.,-0.,1.));
#9888 = DIRECTION('',(1.,0.,0.));
#9889 = ADVANCED_FACE('',(#9890),#9907,.T.);
#9890 = FACE_BOUND('',#9891,.T.);
#9891 = EDGE_LOOP('',(#9892,#9893,#9901));
#9892 = ORIENTED_EDGE('',*,*,#3642,.F.);
#9893 = ORIENTED_EDGE('',*,*,#9894,.F.);
#9894 = EDGE_CURVE('',#9895,#3643,#9897,.T.);
#9895 = VERTEX_POINT('',#9896);
#9896 = CARTESIAN_POINT('',(-14.26,-20.72746133917,120.4));
#9897 = LINE('',#9898,#9899);
#9898 = CARTESIAN_POINT('',(-14.26,-20.72746133917,120.4));
#9899 = VECTOR('',#9900,1.);
#9900 = DIRECTION('',(0.,1.,0.));
#9901 = ORIENTED_EDGE('',*,*,#9902,.F.);
#9902 = EDGE_CURVE('',#3634,#9895,#9903,.T.);
#9903 = LINE('',#9904,#9905);
#9904 = CARTESIAN_POINT('',(-13.,-21.45492267835,120.4));
#9905 = VECTOR('',#9906,1.);
#9906 = DIRECTION('',(-0.866025403784,0.5,0.));
#9907 = PLANE('',#9908);
#9908 = AXIS2_PLACEMENT_3D('',#9909,#9910,#9911);
#9909 = CARTESIAN_POINT('',(-13.,-21.45492267835,120.4));
#9910 = DIRECTION('',(-0.,-0.,1.));
#9911 = DIRECTION('',(1.,0.,0.));
#9912 = ADVANCED_FACE('',(#9913),#9930,.T.);
#9913 = FACE_BOUND('',#9914,.T.);
#9914 = EDGE_LOOP('',(#9915,#9916,#9924));
#9915 = ORIENTED_EDGE('',*,*,#3633,.F.);
#9916 = ORIENTED_EDGE('',*,*,#9917,.F.);
#9917 = EDGE_CURVE('',#9918,#3634,#9920,.T.);
#9918 = VERTEX_POINT('',#9919);
#9919 = CARTESIAN_POINT('',(-13.,-21.45492267835,120.4));
#9920 = LINE('',#9921,#9922);
#9921 = CARTESIAN_POINT('',(-13.,-21.45492267835,120.4));
#9922 = VECTOR('',#9923,1.);
#9923 = DIRECTION('',(-0.866025403784,0.5,0.));
#9924 = ORIENTED_EDGE('',*,*,#9925,.F.);
#9925 = EDGE_CURVE('',#3623,#9918,#9926,.T.);
#9926 = LINE('',#9927,#9928);
#9927 = CARTESIAN_POINT('',(-11.74,-20.72746133917,120.4));
#9928 = VECTOR('',#9929,1.);
#9929 = DIRECTION('',(-0.866025403784,-0.5,-0.));
#9930 = PLANE('',#9931);
#9931 = AXIS2_PLACEMENT_3D('',#9932,#9933,#9934);
#9932 = CARTESIAN_POINT('',(-13.,-21.45492267835,120.4));
#9933 = DIRECTION('',(-0.,-0.,1.));
#9934 = DIRECTION('',(1.,0.,0.));
#9935 = ADVANCED_FACE('',(#9936),#9953,.T.);
#9936 = FACE_BOUND('',#9937,.T.);
#9937 = EDGE_LOOP('',(#9938,#9939,#9947));
#9938 = ORIENTED_EDGE('',*,*,#3622,.F.);
#9939 = ORIENTED_EDGE('',*,*,#9940,.F.);
#9940 = EDGE_CURVE('',#9941,#3623,#9943,.T.);
#9941 = VERTEX_POINT('',#9942);
#9942 = CARTESIAN_POINT('',(-11.74,-20.72746133917,120.4));
#9943 = LINE('',#9944,#9945);
#9944 = CARTESIAN_POINT('',(-11.74,-20.72746133917,120.4));
#9945 = VECTOR('',#9946,1.);
#9946 = DIRECTION('',(-0.866025403784,-0.5,-0.));
#9947 = ORIENTED_EDGE('',*,*,#9948,.F.);
#9948 = EDGE_CURVE('',#3625,#9941,#9949,.T.);
#9949 = LINE('',#9950,#9951);
#9950 = CARTESIAN_POINT('',(-11.74,-19.27253866082,120.4));
#9951 = VECTOR('',#9952,1.);
#9952 = DIRECTION('',(-0.,-1.,-0.));
#9953 = PLANE('',#9954);
#9954 = AXIS2_PLACEMENT_3D('',#9955,#9956,#9957);
#9955 = CARTESIAN_POINT('',(-13.,-21.45492267835,120.4));
#9956 = DIRECTION('',(-0.,-0.,1.));
#9957 = DIRECTION('',(1.,0.,0.));
#9958 = ADVANCED_FACE('',(#9959),#9976,.T.);
#9959 = FACE_BOUND('',#9960,.T.);
#9960 = EDGE_LOOP('',(#9961,#9962,#9970));
#9961 = ORIENTED_EDGE('',*,*,#9531,.F.);
#9962 = ORIENTED_EDGE('',*,*,#9963,.F.);
#9963 = EDGE_CURVE('',#9964,#3676,#9966,.T.);
#9964 = VERTEX_POINT('',#9965);
#9965 = CARTESIAN_POINT('',(14.26,-19.27253866082,120.4));
#9966 = LINE('',#9967,#9968);
#9967 = CARTESIAN_POINT('',(14.26,-19.27253866082,120.4));
#9968 = VECTOR('',#9969,1.);
#9969 = DIRECTION('',(-0.,-1.,-0.));
#9970 = ORIENTED_EDGE('',*,*,#9971,.F.);
#9971 = EDGE_CURVE('',#9523,#9964,#9972,.T.);
#9972 = LINE('',#9973,#9974);
#9973 = CARTESIAN_POINT('',(13.,-18.54507732164,120.4));
#9974 = VECTOR('',#9975,1.);
#9975 = DIRECTION('',(0.866025403784,-0.5,-0.));
#9976 = PLANE('',#9977);
#9977 = AXIS2_PLACEMENT_3D('',#9978,#9979,#9980);
#9978 = CARTESIAN_POINT('',(13.,-21.45492267835,120.4));
#9979 = DIRECTION('',(-0.,-0.,1.));
#9980 = DIRECTION('',(1.,0.,0.));
#9981 = ADVANCED_FACE('',(#9982),#9999,.T.);
#9982 = FACE_BOUND('',#9983,.T.);
#9983 = EDGE_LOOP('',(#9984,#9985,#9993));
#9984 = ORIENTED_EDGE('',*,*,#9522,.F.);
#9985 = ORIENTED_EDGE('',*,*,#9986,.F.);
#9986 = EDGE_CURVE('',#9987,#9523,#9989,.T.);
#9987 = VERTEX_POINT('',#9988);
#9988 = CARTESIAN_POINT('',(13.,-18.54507732164,120.4));
#9989 = LINE('',#9990,#9991);
#9990 = CARTESIAN_POINT('',(13.,-18.54507732164,120.4));
#9991 = VECTOR('',#9992,1.);
#9992 = DIRECTION('',(0.866025403784,-0.5,-0.));
#9993 = ORIENTED_EDGE('',*,*,#9994,.F.);
#9994 = EDGE_CURVE('',#9514,#9987,#9995,.T.);
#9995 = LINE('',#9996,#9997);
#9996 = CARTESIAN_POINT('',(11.74,-19.27253866082,120.4));
#9997 = VECTOR('',#9998,1.);
#9998 = DIRECTION('',(0.866025403784,0.5,0.));
#9999 = PLANE('',#10000);
#10000 = AXIS2_PLACEMENT_3D('',#10001,#10002,#10003);
#10001 = CARTESIAN_POINT('',(13.,-21.45492267835,120.4));
#10002 = DIRECTION('',(-0.,-0.,1.));
#10003 = DIRECTION('',(1.,0.,0.));
#10004 = ADVANCED_FACE('',(#10005),#10022,.T.);
#10005 = FACE_BOUND('',#10006,.T.);
#10006 = EDGE_LOOP('',(#10007,#10008,#10016));
#10007 = ORIENTED_EDGE('',*,*,#9513,.F.);
#10008 = ORIENTED_EDGE('',*,*,#10009,.F.);
#10009 = EDGE_CURVE('',#10010,#9514,#10012,.T.);
#10010 = VERTEX_POINT('',#10011);
#10011 = CARTESIAN_POINT('',(11.74,-19.27253866082,120.4));
#10012 = LINE('',#10013,#10014);
#10013 = CARTESIAN_POINT('',(11.74,-19.27253866082,120.4));
#10014 = VECTOR('',#10015,1.);
#10015 = DIRECTION('',(0.866025403784,0.5,0.));
#10016 = ORIENTED_EDGE('',*,*,#10017,.F.);
#10017 = EDGE_CURVE('',#3694,#10010,#10018,.T.);
#10018 = LINE('',#10019,#10020);
#10019 = CARTESIAN_POINT('',(11.74,-20.72746133917,120.4));
#10020 = VECTOR('',#10021,1.);
#10021 = DIRECTION('',(0.,1.,0.));
#10022 = PLANE('',#10023);
#10023 = AXIS2_PLACEMENT_3D('',#10024,#10025,#10026);
#10024 = CARTESIAN_POINT('',(13.,-21.45492267835,120.4));
#10025 = DIRECTION('',(-0.,-0.,1.));
#10026 = DIRECTION('',(1.,0.,0.));
#10027 = ADVANCED_FACE('',(#10028),#10045,.T.);
#10028 = FACE_BOUND('',#10029,.T.);
#10029 = EDGE_LOOP('',(#10030,#10031,#10039));
#10030 = ORIENTED_EDGE('',*,*,#3693,.F.);
#10031 = ORIENTED_EDGE('',*,*,#10032,.F.);
#10032 = EDGE_CURVE('',#10033,#3694,#10035,.T.);
#10033 = VERTEX_POINT('',#10034);
#10034 = CARTESIAN_POINT('',(11.74,-20.72746133917,120.4));
#10035 = LINE('',#10036,#10037);
#10036 = CARTESIAN_POINT('',(11.74,-20.72746133917,120.4));
#10037 = VECTOR('',#10038,1.);
#10038 = DIRECTION('',(0.,1.,0.));
#10039 = ORIENTED_EDGE('',*,*,#10040,.F.);
#10040 = EDGE_CURVE('',#3685,#10033,#10041,.T.);
#10041 = LINE('',#10042,#10043);
#10042 = CARTESIAN_POINT('',(13.,-21.45492267835,120.4));
#10043 = VECTOR('',#10044,1.);
#10044 = DIRECTION('',(-0.866025403784,0.5,0.));
#10045 = PLANE('',#10046);
#10046 = AXIS2_PLACEMENT_3D('',#10047,#10048,#10049);
#10047 = CARTESIAN_POINT('',(13.,-21.45492267835,120.4));
#10048 = DIRECTION('',(-0.,-0.,1.));
#10049 = DIRECTION('',(1.,0.,0.));
#10050 = ADVANCED_FACE('',(#10051),#10068,.T.);
#10051 = FACE_BOUND('',#10052,.T.);
#10052 = EDGE_LOOP('',(#10053,#10054,#10062));
#10053 = ORIENTED_EDGE('',*,*,#3684,.F.);
#10054 = ORIENTED_EDGE('',*,*,#10055,.F.);
#10055 = EDGE_CURVE('',#10056,#3685,#10058,.T.);
#10056 = VERTEX_POINT('',#10057);
#10057 = CARTESIAN_POINT('',(13.,-21.45492267835,120.4));
#10058 = LINE('',#10059,#10060);
#10059 = CARTESIAN_POINT('',(13.,-21.45492267835,120.4));
#10060 = VECTOR('',#10061,1.);
#10061 = DIRECTION('',(-0.866025403784,0.5,0.));
#10062 = ORIENTED_EDGE('',*,*,#10063,.F.);
#10063 = EDGE_CURVE('',#3674,#10056,#10064,.T.);
#10064 = LINE('',#10065,#10066);
#10065 = CARTESIAN_POINT('',(14.26,-20.72746133917,120.4));
#10066 = VECTOR('',#10067,1.);
#10067 = DIRECTION('',(-0.866025403784,-0.5,-0.));
#10068 = PLANE('',#10069);
#10069 = AXIS2_PLACEMENT_3D('',#10070,#10071,#10072);
#10070 = CARTESIAN_POINT('',(13.,-21.45492267835,120.4));
#10071 = DIRECTION('',(-0.,-0.,1.));
#10072 = DIRECTION('',(1.,0.,0.));
#10073 = ADVANCED_FACE('',(#10074),#10091,.T.);
#10074 = FACE_BOUND('',#10075,.T.);
#10075 = EDGE_LOOP('',(#10076,#10077,#10085));
#10076 = ORIENTED_EDGE('',*,*,#3673,.F.);
#10077 = ORIENTED_EDGE('',*,*,#10078,.F.);
#10078 = EDGE_CURVE('',#10079,#3674,#10081,.T.);
#10079 = VERTEX_POINT('',#10080);
#10080 = CARTESIAN_POINT('',(14.26,-20.72746133917,120.4));
#10081 = LINE('',#10082,#10083);
#10082 = CARTESIAN_POINT('',(14.26,-20.72746133917,120.4));
#10083 = VECTOR('',#10084,1.);
#10084 = DIRECTION('',(-0.866025403784,-0.5,-0.));
#10085 = ORIENTED_EDGE('',*,*,#10086,.F.);
#10086 = EDGE_CURVE('',#3676,#10079,#10087,.T.);
#10087 = LINE('',#10088,#10089);
#10088 = CARTESIAN_POINT('',(14.26,-19.27253866082,120.4));
#10089 = VECTOR('',#10090,1.);
#10090 = DIRECTION('',(-0.,-1.,-0.));
#10091 = PLANE('',#10092);
#10092 = AXIS2_PLACEMENT_3D('',#10093,#10094,#10095);
#10093 = CARTESIAN_POINT('',(13.,-21.45492267835,120.4));
#10094 = DIRECTION('',(-0.,-0.,1.));
#10095 = DIRECTION('',(1.,0.,0.));
#10096 = ADVANCED_FACE('',(#10097),#10123,.T.);
#10097 = FACE_BOUND('',#10098,.T.);
#10098 = EDGE_LOOP('',(#10099,#10109,#10115,#10116,#10117));
#10099 = ORIENTED_EDGE('',*,*,#10100,.F.);
#10100 = EDGE_CURVE('',#10101,#10103,#10105,.T.);
#10101 = VERTEX_POINT('',#10102);
#10102 = CARTESIAN_POINT('',(14.26,20.727461339179,122.2));
#10103 = VERTEX_POINT('',#10104);
#10104 = CARTESIAN_POINT('',(14.26,19.272538660821,122.2));
#10105 = LINE('',#10106,#10107);
#10106 = CARTESIAN_POINT('',(14.26,20.727461339179,122.2));
#10107 = VECTOR('',#10108,1.);
#10108 = DIRECTION('',(-0.,-1.,-0.));
#10109 = ORIENTED_EDGE('',*,*,#10110,.F.);
#10110 = EDGE_CURVE('',#9550,#10101,#10111,.T.);
#10111 = LINE('',#10112,#10113);
#10112 = CARTESIAN_POINT('',(14.26,20.727461339179,120.4));
#10113 = VECTOR('',#10114,1.);
#10114 = DIRECTION('',(-0.,-0.,1.));
#10115 = ORIENTED_EDGE('',*,*,#9549,.T.);
#10116 = ORIENTED_EDGE('',*,*,#9672,.T.);
#10117 = ORIENTED_EDGE('',*,*,#10118,.T.);
#10118 = EDGE_CURVE('',#9665,#10103,#10119,.T.);
#10119 = LINE('',#10120,#10121);
#10120 = CARTESIAN_POINT('',(14.26,19.272538660821,120.4));
#10121 = VECTOR('',#10122,1.);
#10122 = DIRECTION('',(-0.,-0.,1.));
#10123 = PLANE('',#10124);
#10124 = AXIS2_PLACEMENT_3D('',#10125,#10126,#10127);
#10125 = CARTESIAN_POINT('',(14.26,20.727461339179,120.4));
#10126 = DIRECTION('',(-1.,0.,0.));
#10127 = DIRECTION('',(0.,0.,1.));
#10128 = ADVANCED_FACE('',(#10129),#10148,.T.);
#10129 = FACE_BOUND('',#10130,.T.);
#10130 = EDGE_LOOP('',(#10131,#10139,#10145,#10146,#10147));
#10131 = ORIENTED_EDGE('',*,*,#10132,.F.);
#10132 = EDGE_CURVE('',#10133,#10101,#10135,.T.);
#10133 = VERTEX_POINT('',#10134);
#10134 = CARTESIAN_POINT('',(13.,21.454922678358,122.2));
#10135 = LINE('',#10136,#10137);
#10136 = CARTESIAN_POINT('',(13.,21.454922678358,122.2));
#10137 = VECTOR('',#10138,1.);
#10138 = DIRECTION('',(0.866025403784,-0.5,-0.));
#10139 = ORIENTED_EDGE('',*,*,#10140,.F.);
#10140 = EDGE_CURVE('',#9573,#10133,#10141,.T.);
#10141 = LINE('',#10142,#10143);
#10142 = CARTESIAN_POINT('',(13.,21.454922678358,120.4));
#10143 = VECTOR('',#10144,1.);
#10144 = DIRECTION('',(-0.,-0.,1.));
#10145 = ORIENTED_EDGE('',*,*,#9572,.T.);
#10146 = ORIENTED_EDGE('',*,*,#9557,.T.);
#10147 = ORIENTED_EDGE('',*,*,#10110,.T.);
#10148 = PLANE('',#10149);
#10149 = AXIS2_PLACEMENT_3D('',#10150,#10151,#10152);
#10150 = CARTESIAN_POINT('',(13.,21.454922678358,120.4));
#10151 = DIRECTION('',(-0.5,-0.866025403784,-0.));
#10152 = DIRECTION('',(-0.866025403784,0.5,0.));
#10153 = ADVANCED_FACE('',(#10154),#10173,.T.);
#10154 = FACE_BOUND('',#10155,.T.);
#10155 = EDGE_LOOP('',(#10156,#10164,#10170,#10171,#10172));
#10156 = ORIENTED_EDGE('',*,*,#10157,.F.);
#10157 = EDGE_CURVE('',#10158,#10133,#10160,.T.);
#10158 = VERTEX_POINT('',#10159);
#10159 = CARTESIAN_POINT('',(11.74,20.727461339179,122.2));
#10160 = LINE('',#10161,#10162);
#10161 = CARTESIAN_POINT('',(11.74,20.727461339179,122.2));
#10162 = VECTOR('',#10163,1.);
#10163 = DIRECTION('',(0.866025403784,0.5,0.));
#10164 = ORIENTED_EDGE('',*,*,#10165,.F.);
#10165 = EDGE_CURVE('',#9596,#10158,#10166,.T.);
#10166 = LINE('',#10167,#10168);
#10167 = CARTESIAN_POINT('',(11.74,20.727461339179,120.4));
#10168 = VECTOR('',#10169,1.);
#10169 = DIRECTION('',(-0.,-0.,1.));
#10170 = ORIENTED_EDGE('',*,*,#9595,.T.);
#10171 = ORIENTED_EDGE('',*,*,#9580,.T.);
#10172 = ORIENTED_EDGE('',*,*,#10140,.T.);
#10173 = PLANE('',#10174);
#10174 = AXIS2_PLACEMENT_3D('',#10175,#10176,#10177);
#10175 = CARTESIAN_POINT('',(11.74,20.727461339179,120.4));
#10176 = DIRECTION('',(0.5,-0.866025403784,-0.));
#10177 = DIRECTION('',(-0.866025403784,-0.5,0.));
#10178 = ADVANCED_FACE('',(#10179),#10198,.T.);
#10179 = FACE_BOUND('',#10180,.T.);
#10180 = EDGE_LOOP('',(#10181,#10189,#10195,#10196,#10197));
#10181 = ORIENTED_EDGE('',*,*,#10182,.F.);
#10182 = EDGE_CURVE('',#10183,#10158,#10185,.T.);
#10183 = VERTEX_POINT('',#10184);
#10184 = CARTESIAN_POINT('',(11.74,19.272538660821,122.2));
#10185 = LINE('',#10186,#10187);
#10186 = CARTESIAN_POINT('',(11.74,19.272538660821,122.2));
#10187 = VECTOR('',#10188,1.);
#10188 = DIRECTION('',(0.,1.,0.));
#10189 = ORIENTED_EDGE('',*,*,#10190,.F.);
#10190 = EDGE_CURVE('',#9619,#10183,#10191,.T.);
#10191 = LINE('',#10192,#10193);
#10192 = CARTESIAN_POINT('',(11.74,19.272538660821,120.4));
#10193 = VECTOR('',#10194,1.);
#10194 = DIRECTION('',(-0.,-0.,1.));
#10195 = ORIENTED_EDGE('',*,*,#9618,.T.);
#10196 = ORIENTED_EDGE('',*,*,#9603,.T.);
#10197 = ORIENTED_EDGE('',*,*,#10165,.T.);
#10198 = PLANE('',#10199);
#10199 = AXIS2_PLACEMENT_3D('',#10200,#10201,#10202);
#10200 = CARTESIAN_POINT('',(11.74,19.272538660821,120.4));
#10201 = DIRECTION('',(1.,-0.,0.));
#10202 = DIRECTION('',(0.,0.,-1.));
#10203 = ADVANCED_FACE('',(#10204),#10223,.T.);
#10204 = FACE_BOUND('',#10205,.T.);
#10205 = EDGE_LOOP('',(#10206,#10214,#10220,#10221,#10222));
#10206 = ORIENTED_EDGE('',*,*,#10207,.F.);
#10207 = EDGE_CURVE('',#10208,#10183,#10210,.T.);
#10208 = VERTEX_POINT('',#10209);
#10209 = CARTESIAN_POINT('',(13.,18.545077321642,122.2));
#10210 = LINE('',#10211,#10212);
#10211 = CARTESIAN_POINT('',(13.,18.545077321642,122.2));
#10212 = VECTOR('',#10213,1.);
#10213 = DIRECTION('',(-0.866025403784,0.5,0.));
#10214 = ORIENTED_EDGE('',*,*,#10215,.F.);
#10215 = EDGE_CURVE('',#9642,#10208,#10216,.T.);
#10216 = LINE('',#10217,#10218);
#10217 = CARTESIAN_POINT('',(13.,18.545077321642,120.4));
#10218 = VECTOR('',#10219,1.);
#10219 = DIRECTION('',(-0.,-0.,1.));
#10220 = ORIENTED_EDGE('',*,*,#9641,.T.);
#10221 = ORIENTED_EDGE('',*,*,#9626,.T.);
#10222 = ORIENTED_EDGE('',*,*,#10190,.T.);
#10223 = PLANE('',#10224);
#10224 = AXIS2_PLACEMENT_3D('',#10225,#10226,#10227);
#10225 = CARTESIAN_POINT('',(13.,18.545077321642,120.4));
#10226 = DIRECTION('',(0.5,0.866025403784,0.));
#10227 = DIRECTION('',(0.866025403784,-0.5,-0.));
#10228 = ADVANCED_FACE('',(#10229),#10241,.T.);
#10229 = FACE_BOUND('',#10230,.T.);
#10230 = EDGE_LOOP('',(#10231,#10237,#10238,#10239,#10240));
#10231 = ORIENTED_EDGE('',*,*,#10232,.F.);
#10232 = EDGE_CURVE('',#10103,#10208,#10233,.T.);
#10233 = LINE('',#10234,#10235);
#10234 = CARTESIAN_POINT('',(14.26,19.272538660821,122.2));
#10235 = VECTOR('',#10236,1.);
#10236 = DIRECTION('',(-0.866025403784,-0.5,-0.));
#10237 = ORIENTED_EDGE('',*,*,#10118,.F.);
#10238 = ORIENTED_EDGE('',*,*,#9664,.T.);
#10239 = ORIENTED_EDGE('',*,*,#9649,.T.);
#10240 = ORIENTED_EDGE('',*,*,#10215,.T.);
#10241 = PLANE('',#10242);
#10242 = AXIS2_PLACEMENT_3D('',#10243,#10244,#10245);
#10243 = CARTESIAN_POINT('',(14.26,19.272538660821,120.4));
#10244 = DIRECTION('',(-0.5,0.866025403784,0.));
#10245 = DIRECTION('',(0.866025403784,0.5,0.));
#10246 = ADVANCED_FACE('',(#10247),#10273,.T.);
#10247 = FACE_BOUND('',#10248,.T.);
#10248 = EDGE_LOOP('',(#10249,#10259,#10265,#10266,#10267));
#10249 = ORIENTED_EDGE('',*,*,#10250,.F.);
#10250 = EDGE_CURVE('',#10251,#10253,#10255,.T.);
#10251 = VERTEX_POINT('',#10252);
#10252 = CARTESIAN_POINT('',(-11.74,20.727461339179,122.2));
#10253 = VERTEX_POINT('',#10254);
#10254 = CARTESIAN_POINT('',(-11.74,19.272538660821,122.2));
#10255 = LINE('',#10256,#10257);
#10256 = CARTESIAN_POINT('',(-11.74,20.727461339179,122.2));
#10257 = VECTOR('',#10258,1.);
#10258 = DIRECTION('',(-0.,-1.,-0.));
#10259 = ORIENTED_EDGE('',*,*,#10260,.F.);
#10260 = EDGE_CURVE('',#9688,#10251,#10261,.T.);
#10261 = LINE('',#10262,#10263);
#10262 = CARTESIAN_POINT('',(-11.74,20.727461339179,120.4));
#10263 = VECTOR('',#10264,1.);
#10264 = DIRECTION('',(-0.,-0.,1.));
#10265 = ORIENTED_EDGE('',*,*,#9687,.T.);
#10266 = ORIENTED_EDGE('',*,*,#9810,.T.);
#10267 = ORIENTED_EDGE('',*,*,#10268,.T.);
#10268 = EDGE_CURVE('',#9803,#10253,#10269,.T.);
#10269 = LINE('',#10270,#10271);
#10270 = CARTESIAN_POINT('',(-11.74,19.272538660821,120.4));
#10271 = VECTOR('',#10272,1.);
#10272 = DIRECTION('',(-0.,-0.,1.));
#10273 = PLANE('',#10274);
#10274 = AXIS2_PLACEMENT_3D('',#10275,#10276,#10277);
#10275 = CARTESIAN_POINT('',(-11.74,20.727461339179,120.4));
#10276 = DIRECTION('',(-1.,0.,0.));
#10277 = DIRECTION('',(0.,0.,1.));
#10278 = ADVANCED_FACE('',(#10279),#10298,.T.);
#10279 = FACE_BOUND('',#10280,.T.);
#10280 = EDGE_LOOP('',(#10281,#10289,#10295,#10296,#10297));
#10281 = ORIENTED_EDGE('',*,*,#10282,.F.);
#10282 = EDGE_CURVE('',#10283,#10251,#10285,.T.);
#10283 = VERTEX_POINT('',#10284);
#10284 = CARTESIAN_POINT('',(-13.,21.454922678358,122.2));
#10285 = LINE('',#10286,#10287);
#10286 = CARTESIAN_POINT('',(-13.,21.454922678358,122.2));
#10287 = VECTOR('',#10288,1.);
#10288 = DIRECTION('',(0.866025403784,-0.5,-0.));
#10289 = ORIENTED_EDGE('',*,*,#10290,.F.);
#10290 = EDGE_CURVE('',#9711,#10283,#10291,.T.);
#10291 = LINE('',#10292,#10293);
#10292 = CARTESIAN_POINT('',(-13.,21.454922678358,120.4));
#10293 = VECTOR('',#10294,1.);
#10294 = DIRECTION('',(-0.,-0.,1.));
#10295 = ORIENTED_EDGE('',*,*,#9710,.T.);
#10296 = ORIENTED_EDGE('',*,*,#9695,.T.);
#10297 = ORIENTED_EDGE('',*,*,#10260,.T.);
#10298 = PLANE('',#10299);
#10299 = AXIS2_PLACEMENT_3D('',#10300,#10301,#10302);
#10300 = CARTESIAN_POINT('',(-13.,21.454922678358,120.4));
#10301 = DIRECTION('',(-0.5,-0.866025403784,-0.));
#10302 = DIRECTION('',(-0.866025403784,0.5,0.));
#10303 = ADVANCED_FACE('',(#10304),#10323,.T.);
#10304 = FACE_BOUND('',#10305,.T.);
#10305 = EDGE_LOOP('',(#10306,#10314,#10320,#10321,#10322));
#10306 = ORIENTED_EDGE('',*,*,#10307,.F.);
#10307 = EDGE_CURVE('',#10308,#10283,#10310,.T.);
#10308 = VERTEX_POINT('',#10309);
#10309 = CARTESIAN_POINT('',(-14.26,20.727461339179,122.2));
#10310 = LINE('',#10311,#10312);
#10311 = CARTESIAN_POINT('',(-14.26,20.727461339179,122.2));
#10312 = VECTOR('',#10313,1.);
#10313 = DIRECTION('',(0.866025403784,0.5,0.));
#10314 = ORIENTED_EDGE('',*,*,#10315,.F.);
#10315 = EDGE_CURVE('',#9734,#10308,#10316,.T.);
#10316 = LINE('',#10317,#10318);
#10317 = CARTESIAN_POINT('',(-14.26,20.727461339179,120.4));
#10318 = VECTOR('',#10319,1.);
#10319 = DIRECTION('',(-0.,-0.,1.));
#10320 = ORIENTED_EDGE('',*,*,#9733,.T.);
#10321 = ORIENTED_EDGE('',*,*,#9718,.T.);
#10322 = ORIENTED_EDGE('',*,*,#10290,.T.);
#10323 = PLANE('',#10324);
#10324 = AXIS2_PLACEMENT_3D('',#10325,#10326,#10327);
#10325 = CARTESIAN_POINT('',(-14.26,20.727461339179,120.4));
#10326 = DIRECTION('',(0.5,-0.866025403784,-0.));
#10327 = DIRECTION('',(-0.866025403784,-0.5,0.));
#10328 = ADVANCED_FACE('',(#10329),#10348,.T.);
#10329 = FACE_BOUND('',#10330,.T.);
#10330 = EDGE_LOOP('',(#10331,#10339,#10345,#10346,#10347));
#10331 = ORIENTED_EDGE('',*,*,#10332,.F.);
#10332 = EDGE_CURVE('',#10333,#10308,#10335,.T.);
#10333 = VERTEX_POINT('',#10334);
#10334 = CARTESIAN_POINT('',(-14.26,19.272538660821,122.2));
#10335 = LINE('',#10336,#10337);
#10336 = CARTESIAN_POINT('',(-14.26,19.272538660821,122.2));
#10337 = VECTOR('',#10338,1.);
#10338 = DIRECTION('',(0.,1.,0.));
#10339 = ORIENTED_EDGE('',*,*,#10340,.F.);
#10340 = EDGE_CURVE('',#9757,#10333,#10341,.T.);
#10341 = LINE('',#10342,#10343);
#10342 = CARTESIAN_POINT('',(-14.26,19.272538660821,120.4));
#10343 = VECTOR('',#10344,1.);
#10344 = DIRECTION('',(-0.,-0.,1.));
#10345 = ORIENTED_EDGE('',*,*,#9756,.T.);
#10346 = ORIENTED_EDGE('',*,*,#9741,.T.);
#10347 = ORIENTED_EDGE('',*,*,#10315,.T.);
#10348 = PLANE('',#10349);
#10349 = AXIS2_PLACEMENT_3D('',#10350,#10351,#10352);
#10350 = CARTESIAN_POINT('',(-14.26,19.272538660821,120.4));
#10351 = DIRECTION('',(1.,-0.,0.));
#10352 = DIRECTION('',(0.,0.,-1.));
#10353 = ADVANCED_FACE('',(#10354),#10373,.T.);
#10354 = FACE_BOUND('',#10355,.T.);
#10355 = EDGE_LOOP('',(#10356,#10364,#10370,#10371,#10372));
#10356 = ORIENTED_EDGE('',*,*,#10357,.F.);
#10357 = EDGE_CURVE('',#10358,#10333,#10360,.T.);
#10358 = VERTEX_POINT('',#10359);
#10359 = CARTESIAN_POINT('',(-13.,18.545077321642,122.2));
#10360 = LINE('',#10361,#10362);
#10361 = CARTESIAN_POINT('',(-13.,18.545077321642,122.2));
#10362 = VECTOR('',#10363,1.);
#10363 = DIRECTION('',(-0.866025403784,0.5,0.));
#10364 = ORIENTED_EDGE('',*,*,#10365,.F.);
#10365 = EDGE_CURVE('',#9780,#10358,#10366,.T.);
#10366 = LINE('',#10367,#10368);
#10367 = CARTESIAN_POINT('',(-13.,18.545077321642,120.4));
#10368 = VECTOR('',#10369,1.);
#10369 = DIRECTION('',(-0.,-0.,1.));
#10370 = ORIENTED_EDGE('',*,*,#9779,.T.);
#10371 = ORIENTED_EDGE('',*,*,#9764,.T.);
#10372 = ORIENTED_EDGE('',*,*,#10340,.T.);
#10373 = PLANE('',#10374);
#10374 = AXIS2_PLACEMENT_3D('',#10375,#10376,#10377);
#10375 = CARTESIAN_POINT('',(-13.,18.545077321642,120.4));
#10376 = DIRECTION('',(0.5,0.866025403784,0.));
#10377 = DIRECTION('',(0.866025403784,-0.5,-0.));
#10378 = ADVANCED_FACE('',(#10379),#10391,.T.);
#10379 = FACE_BOUND('',#10380,.T.);
#10380 = EDGE_LOOP('',(#10381,#10387,#10388,#10389,#10390));
#10381 = ORIENTED_EDGE('',*,*,#10382,.F.);
#10382 = EDGE_CURVE('',#10253,#10358,#10383,.T.);
#10383 = LINE('',#10384,#10385);
#10384 = CARTESIAN_POINT('',(-11.74,19.272538660821,122.2));
#10385 = VECTOR('',#10386,1.);
#10386 = DIRECTION('',(-0.866025403784,-0.5,-0.));
#10387 = ORIENTED_EDGE('',*,*,#10268,.F.);
#10388 = ORIENTED_EDGE('',*,*,#9802,.T.);
#10389 = ORIENTED_EDGE('',*,*,#9787,.T.);
#10390 = ORIENTED_EDGE('',*,*,#10365,.T.);
#10391 = PLANE('',#10392);
#10392 = AXIS2_PLACEMENT_3D('',#10393,#10394,#10395);
#10393 = CARTESIAN_POINT('',(-11.74,19.272538660821,120.4));
#10394 = DIRECTION('',(-0.5,0.866025403784,0.));
#10395 = DIRECTION('',(0.866025403784,0.5,0.));
#10396 = ADVANCED_FACE('',(#10397),#10423,.T.);
#10397 = FACE_BOUND('',#10398,.T.);
#10398 = EDGE_LOOP('',(#10399,#10409,#10415,#10416,#10417));
#10399 = ORIENTED_EDGE('',*,*,#10400,.F.);
#10400 = EDGE_CURVE('',#10401,#10403,#10405,.T.);
#10401 = VERTEX_POINT('',#10402);
#10402 = CARTESIAN_POINT('',(-11.74,-19.27253866082,122.2));
#10403 = VERTEX_POINT('',#10404);
#10404 = CARTESIAN_POINT('',(-11.74,-20.72746133917,122.2));
#10405 = LINE('',#10406,#10407);
#10406 = CARTESIAN_POINT('',(-11.74,-19.27253866082,122.2));
#10407 = VECTOR('',#10408,1.);
#10408 = DIRECTION('',(-0.,-1.,-0.));
#10409 = ORIENTED_EDGE('',*,*,#10410,.F.);
#10410 = EDGE_CURVE('',#9826,#10401,#10411,.T.);
#10411 = LINE('',#10412,#10413);
#10412 = CARTESIAN_POINT('',(-11.74,-19.27253866082,120.4));
#10413 = VECTOR('',#10414,1.);
#10414 = DIRECTION('',(-0.,-0.,1.));
#10415 = ORIENTED_EDGE('',*,*,#9825,.T.);
#10416 = ORIENTED_EDGE('',*,*,#9948,.T.);
#10417 = ORIENTED_EDGE('',*,*,#10418,.T.);
#10418 = EDGE_CURVE('',#9941,#10403,#10419,.T.);
#10419 = LINE('',#10420,#10421);
#10420 = CARTESIAN_POINT('',(-11.74,-20.72746133917,120.4));
#10421 = VECTOR('',#10422,1.);
#10422 = DIRECTION('',(-0.,-0.,1.));
#10423 = PLANE('',#10424);
#10424 = AXIS2_PLACEMENT_3D('',#10425,#10426,#10427);
#10425 = CARTESIAN_POINT('',(-11.74,-19.27253866082,120.4));
#10426 = DIRECTION('',(-1.,0.,0.));
#10427 = DIRECTION('',(0.,0.,1.));
#10428 = ADVANCED_FACE('',(#10429),#10448,.T.);
#10429 = FACE_BOUND('',#10430,.T.);
#10430 = EDGE_LOOP('',(#10431,#10439,#10445,#10446,#10447));
#10431 = ORIENTED_EDGE('',*,*,#10432,.F.);
#10432 = EDGE_CURVE('',#10433,#10401,#10435,.T.);
#10433 = VERTEX_POINT('',#10434);
#10434 = CARTESIAN_POINT('',(-13.,-18.54507732164,122.2));
#10435 = LINE('',#10436,#10437);
#10436 = CARTESIAN_POINT('',(-13.,-18.54507732164,122.2));
#10437 = VECTOR('',#10438,1.);
#10438 = DIRECTION('',(0.866025403784,-0.5,-0.));
#10439 = ORIENTED_EDGE('',*,*,#10440,.F.);
#10440 = EDGE_CURVE('',#9849,#10433,#10441,.T.);
#10441 = LINE('',#10442,#10443);
#10442 = CARTESIAN_POINT('',(-13.,-18.54507732164,120.4));
#10443 = VECTOR('',#10444,1.);
#10444 = DIRECTION('',(-0.,-0.,1.));
#10445 = ORIENTED_EDGE('',*,*,#9848,.T.);
#10446 = ORIENTED_EDGE('',*,*,#9833,.T.);
#10447 = ORIENTED_EDGE('',*,*,#10410,.T.);
#10448 = PLANE('',#10449);
#10449 = AXIS2_PLACEMENT_3D('',#10450,#10451,#10452);
#10450 = CARTESIAN_POINT('',(-13.,-18.54507732164,120.4));
#10451 = DIRECTION('',(-0.5,-0.866025403784,-0.));
#10452 = DIRECTION('',(-0.866025403784,0.5,0.));
#10453 = ADVANCED_FACE('',(#10454),#10473,.T.);
#10454 = FACE_BOUND('',#10455,.T.);
#10455 = EDGE_LOOP('',(#10456,#10464,#10470,#10471,#10472));
#10456 = ORIENTED_EDGE('',*,*,#10457,.F.);
#10457 = EDGE_CURVE('',#10458,#10433,#10460,.T.);
#10458 = VERTEX_POINT('',#10459);
#10459 = CARTESIAN_POINT('',(-14.26,-19.27253866082,122.2));
#10460 = LINE('',#10461,#10462);
#10461 = CARTESIAN_POINT('',(-14.26,-19.27253866082,122.2));
#10462 = VECTOR('',#10463,1.);
#10463 = DIRECTION('',(0.866025403784,0.5,0.));
#10464 = ORIENTED_EDGE('',*,*,#10465,.F.);
#10465 = EDGE_CURVE('',#9872,#10458,#10466,.T.);
#10466 = LINE('',#10467,#10468);
#10467 = CARTESIAN_POINT('',(-14.26,-19.27253866082,120.4));
#10468 = VECTOR('',#10469,1.);
#10469 = DIRECTION('',(-0.,-0.,1.));
#10470 = ORIENTED_EDGE('',*,*,#9871,.T.);
#10471 = ORIENTED_EDGE('',*,*,#9856,.T.);
#10472 = ORIENTED_EDGE('',*,*,#10440,.T.);
#10473 = PLANE('',#10474);
#10474 = AXIS2_PLACEMENT_3D('',#10475,#10476,#10477);
#10475 = CARTESIAN_POINT('',(-14.26,-19.27253866082,120.4));
#10476 = DIRECTION('',(0.5,-0.866025403784,-0.));
#10477 = DIRECTION('',(-0.866025403784,-0.5,0.));
#10478 = ADVANCED_FACE('',(#10479),#10498,.T.);
#10479 = FACE_BOUND('',#10480,.T.);
#10480 = EDGE_LOOP('',(#10481,#10489,#10495,#10496,#10497));
#10481 = ORIENTED_EDGE('',*,*,#10482,.F.);
#10482 = EDGE_CURVE('',#10483,#10458,#10485,.T.);
#10483 = VERTEX_POINT('',#10484);
#10484 = CARTESIAN_POINT('',(-14.26,-20.72746133917,122.2));
#10485 = LINE('',#10486,#10487);
#10486 = CARTESIAN_POINT('',(-14.26,-20.72746133917,122.2));
#10487 = VECTOR('',#10488,1.);
#10488 = DIRECTION('',(0.,1.,0.));
#10489 = ORIENTED_EDGE('',*,*,#10490,.F.);
#10490 = EDGE_CURVE('',#9895,#10483,#10491,.T.);
#10491 = LINE('',#10492,#10493);
#10492 = CARTESIAN_POINT('',(-14.26,-20.72746133917,120.4));
#10493 = VECTOR('',#10494,1.);
#10494 = DIRECTION('',(-0.,-0.,1.));
#10495 = ORIENTED_EDGE('',*,*,#9894,.T.);
#10496 = ORIENTED_EDGE('',*,*,#9879,.T.);
#10497 = ORIENTED_EDGE('',*,*,#10465,.T.);
#10498 = PLANE('',#10499);
#10499 = AXIS2_PLACEMENT_3D('',#10500,#10501,#10502);
#10500 = CARTESIAN_POINT('',(-14.26,-20.72746133917,120.4));
#10501 = DIRECTION('',(1.,-0.,0.));
#10502 = DIRECTION('',(0.,0.,-1.));
#10503 = ADVANCED_FACE('',(#10504),#10523,.T.);
#10504 = FACE_BOUND('',#10505,.T.);
#10505 = EDGE_LOOP('',(#10506,#10514,#10520,#10521,#10522));
#10506 = ORIENTED_EDGE('',*,*,#10507,.F.);
#10507 = EDGE_CURVE('',#10508,#10483,#10510,.T.);
#10508 = VERTEX_POINT('',#10509);
#10509 = CARTESIAN_POINT('',(-13.,-21.45492267835,122.2));
#10510 = LINE('',#10511,#10512);
#10511 = CARTESIAN_POINT('',(-13.,-21.45492267835,122.2));
#10512 = VECTOR('',#10513,1.);
#10513 = DIRECTION('',(-0.866025403784,0.5,0.));
#10514 = ORIENTED_EDGE('',*,*,#10515,.F.);
#10515 = EDGE_CURVE('',#9918,#10508,#10516,.T.);
#10516 = LINE('',#10517,#10518);
#10517 = CARTESIAN_POINT('',(-13.,-21.45492267835,120.4));
#10518 = VECTOR('',#10519,1.);
#10519 = DIRECTION('',(-0.,-0.,1.));
#10520 = ORIENTED_EDGE('',*,*,#9917,.T.);
#10521 = ORIENTED_EDGE('',*,*,#9902,.T.);
#10522 = ORIENTED_EDGE('',*,*,#10490,.T.);
#10523 = PLANE('',#10524);
#10524 = AXIS2_PLACEMENT_3D('',#10525,#10526,#10527);
#10525 = CARTESIAN_POINT('',(-13.,-21.45492267835,120.4));
#10526 = DIRECTION('',(0.5,0.866025403784,0.));
#10527 = DIRECTION('',(0.866025403784,-0.5,-0.));
#10528 = ADVANCED_FACE('',(#10529),#10541,.T.);
#10529 = FACE_BOUND('',#10530,.T.);
#10530 = EDGE_LOOP('',(#10531,#10537,#10538,#10539,#10540));
#10531 = ORIENTED_EDGE('',*,*,#10532,.F.);
#10532 = EDGE_CURVE('',#10403,#10508,#10533,.T.);
#10533 = LINE('',#10534,#10535);
#10534 = CARTESIAN_POINT('',(-11.74,-20.72746133917,122.2));
#10535 = VECTOR('',#10536,1.);
#10536 = DIRECTION('',(-0.866025403784,-0.5,-0.));
#10537 = ORIENTED_EDGE('',*,*,#10418,.F.);
#10538 = ORIENTED_EDGE('',*,*,#9940,.T.);
#10539 = ORIENTED_EDGE('',*,*,#9925,.T.);
#10540 = ORIENTED_EDGE('',*,*,#10515,.T.);
#10541 = PLANE('',#10542);
#10542 = AXIS2_PLACEMENT_3D('',#10543,#10544,#10545);
#10543 = CARTESIAN_POINT('',(-11.74,-20.72746133917,120.4));
#10544 = DIRECTION('',(-0.5,0.866025403784,0.));
#10545 = DIRECTION('',(0.866025403784,0.5,0.));
#10546 = ADVANCED_FACE('',(#10547),#10573,.T.);
#10547 = FACE_BOUND('',#10548,.T.);
#10548 = EDGE_LOOP('',(#10549,#10559,#10565,#10566,#10567));
#10549 = ORIENTED_EDGE('',*,*,#10550,.F.);
#10550 = EDGE_CURVE('',#10551,#10553,#10555,.T.);
#10551 = VERTEX_POINT('',#10552);
#10552 = CARTESIAN_POINT('',(14.26,-19.27253866082,122.2));
#10553 = VERTEX_POINT('',#10554);
#10554 = CARTESIAN_POINT('',(14.26,-20.72746133917,122.2));
#10555 = LINE('',#10556,#10557);
#10556 = CARTESIAN_POINT('',(14.26,-19.27253866082,122.2));
#10557 = VECTOR('',#10558,1.);
#10558 = DIRECTION('',(-0.,-1.,-0.));
#10559 = ORIENTED_EDGE('',*,*,#10560,.F.);
#10560 = EDGE_CURVE('',#9964,#10551,#10561,.T.);
#10561 = LINE('',#10562,#10563);
#10562 = CARTESIAN_POINT('',(14.26,-19.27253866082,120.4));
#10563 = VECTOR('',#10564,1.);
#10564 = DIRECTION('',(-0.,-0.,1.));
#10565 = ORIENTED_EDGE('',*,*,#9963,.T.);
#10566 = ORIENTED_EDGE('',*,*,#10086,.T.);
#10567 = ORIENTED_EDGE('',*,*,#10568,.T.);
#10568 = EDGE_CURVE('',#10079,#10553,#10569,.T.);
#10569 = LINE('',#10570,#10571);
#10570 = CARTESIAN_POINT('',(14.26,-20.72746133917,120.4));
#10571 = VECTOR('',#10572,1.);
#10572 = DIRECTION('',(-0.,-0.,1.));
#10573 = PLANE('',#10574);
#10574 = AXIS2_PLACEMENT_3D('',#10575,#10576,#10577);
#10575 = CARTESIAN_POINT('',(14.26,-19.27253866082,120.4));
#10576 = DIRECTION('',(-1.,0.,0.));
#10577 = DIRECTION('',(0.,0.,1.));
#10578 = ADVANCED_FACE('',(#10579),#10598,.T.);
#10579 = FACE_BOUND('',#10580,.T.);
#10580 = EDGE_LOOP('',(#10581,#10589,#10595,#10596,#10597));
#10581 = ORIENTED_EDGE('',*,*,#10582,.F.);
#10582 = EDGE_CURVE('',#10583,#10551,#10585,.T.);
#10583 = VERTEX_POINT('',#10584);
#10584 = CARTESIAN_POINT('',(13.,-18.54507732164,122.2));
#10585 = LINE('',#10586,#10587);
#10586 = CARTESIAN_POINT('',(13.,-18.54507732164,122.2));
#10587 = VECTOR('',#10588,1.);
#10588 = DIRECTION('',(0.866025403784,-0.5,-0.));
#10589 = ORIENTED_EDGE('',*,*,#10590,.F.);
#10590 = EDGE_CURVE('',#9987,#10583,#10591,.T.);
#10591 = LINE('',#10592,#10593);
#10592 = CARTESIAN_POINT('',(13.,-18.54507732164,120.4));
#10593 = VECTOR('',#10594,1.);
#10594 = DIRECTION('',(-0.,-0.,1.));
#10595 = ORIENTED_EDGE('',*,*,#9986,.T.);
#10596 = ORIENTED_EDGE('',*,*,#9971,.T.);
#10597 = ORIENTED_EDGE('',*,*,#10560,.T.);
#10598 = PLANE('',#10599);
#10599 = AXIS2_PLACEMENT_3D('',#10600,#10601,#10602);
#10600 = CARTESIAN_POINT('',(13.,-18.54507732164,120.4));
#10601 = DIRECTION('',(-0.5,-0.866025403784,-0.));
#10602 = DIRECTION('',(-0.866025403784,0.5,0.));
#10603 = ADVANCED_FACE('',(#10604),#10623,.T.);
#10604 = FACE_BOUND('',#10605,.T.);
#10605 = EDGE_LOOP('',(#10606,#10614,#10620,#10621,#10622));
#10606 = ORIENTED_EDGE('',*,*,#10607,.F.);
#10607 = EDGE_CURVE('',#10608,#10583,#10610,.T.);
#10608 = VERTEX_POINT('',#10609);
#10609 = CARTESIAN_POINT('',(11.74,-19.27253866082,122.2));
#10610 = LINE('',#10611,#10612);
#10611 = CARTESIAN_POINT('',(11.74,-19.27253866082,122.2));
#10612 = VECTOR('',#10613,1.);
#10613 = DIRECTION('',(0.866025403784,0.5,0.));
#10614 = ORIENTED_EDGE('',*,*,#10615,.F.);
#10615 = EDGE_CURVE('',#10010,#10608,#10616,.T.);
#10616 = LINE('',#10617,#10618);
#10617 = CARTESIAN_POINT('',(11.74,-19.27253866082,120.4));
#10618 = VECTOR('',#10619,1.);
#10619 = DIRECTION('',(-0.,-0.,1.));
#10620 = ORIENTED_EDGE('',*,*,#10009,.T.);
#10621 = ORIENTED_EDGE('',*,*,#9994,.T.);
#10622 = ORIENTED_EDGE('',*,*,#10590,.T.);
#10623 = PLANE('',#10624);
#10624 = AXIS2_PLACEMENT_3D('',#10625,#10626,#10627);
#10625 = CARTESIAN_POINT('',(11.74,-19.27253866082,120.4));
#10626 = DIRECTION('',(0.5,-0.866025403784,-0.));
#10627 = DIRECTION('',(-0.866025403784,-0.5,0.));
#10628 = ADVANCED_FACE('',(#10629),#10648,.T.);
#10629 = FACE_BOUND('',#10630,.T.);
#10630 = EDGE_LOOP('',(#10631,#10639,#10645,#10646,#10647));
#10631 = ORIENTED_EDGE('',*,*,#10632,.F.);
#10632 = EDGE_CURVE('',#10633,#10608,#10635,.T.);
#10633 = VERTEX_POINT('',#10634);
#10634 = CARTESIAN_POINT('',(11.74,-20.72746133917,122.2));
#10635 = LINE('',#10636,#10637);
#10636 = CARTESIAN_POINT('',(11.74,-20.72746133917,122.2));
#10637 = VECTOR('',#10638,1.);
#10638 = DIRECTION('',(0.,1.,0.));
#10639 = ORIENTED_EDGE('',*,*,#10640,.F.);
#10640 = EDGE_CURVE('',#10033,#10633,#10641,.T.);
#10641 = LINE('',#10642,#10643);
#10642 = CARTESIAN_POINT('',(11.74,-20.72746133917,120.4));
#10643 = VECTOR('',#10644,1.);
#10644 = DIRECTION('',(-0.,-0.,1.));
#10645 = ORIENTED_EDGE('',*,*,#10032,.T.);
#10646 = ORIENTED_EDGE('',*,*,#10017,.T.);
#10647 = ORIENTED_EDGE('',*,*,#10615,.T.);
#10648 = PLANE('',#10649);
#10649 = AXIS2_PLACEMENT_3D('',#10650,#10651,#10652);
#10650 = CARTESIAN_POINT('',(11.74,-20.72746133917,120.4));
#10651 = DIRECTION('',(1.,-0.,0.));
#10652 = DIRECTION('',(0.,0.,-1.));
#10653 = ADVANCED_FACE('',(#10654),#10673,.T.);
#10654 = FACE_BOUND('',#10655,.T.);
#10655 = EDGE_LOOP('',(#10656,#10664,#10670,#10671,#10672));
#10656 = ORIENTED_EDGE('',*,*,#10657,.F.);
#10657 = EDGE_CURVE('',#10658,#10633,#10660,.T.);
#10658 = VERTEX_POINT('',#10659);
#10659 = CARTESIAN_POINT('',(13.,-21.45492267835,122.2));
#10660 = LINE('',#10661,#10662);
#10661 = CARTESIAN_POINT('',(13.,-21.45492267835,122.2));
#10662 = VECTOR('',#10663,1.);
#10663 = DIRECTION('',(-0.866025403784,0.5,0.));
#10664 = ORIENTED_EDGE('',*,*,#10665,.F.);
#10665 = EDGE_CURVE('',#10056,#10658,#10666,.T.);
#10666 = LINE('',#10667,#10668);
#10667 = CARTESIAN_POINT('',(13.,-21.45492267835,120.4));
#10668 = VECTOR('',#10669,1.);
#10669 = DIRECTION('',(-0.,-0.,1.));
#10670 = ORIENTED_EDGE('',*,*,#10055,.T.);
#10671 = ORIENTED_EDGE('',*,*,#10040,.T.);
#10672 = ORIENTED_EDGE('',*,*,#10640,.T.);
#10673 = PLANE('',#10674);
#10674 = AXIS2_PLACEMENT_3D('',#10675,#10676,#10677);
#10675 = CARTESIAN_POINT('',(13.,-21.45492267835,120.4));
#10676 = DIRECTION('',(0.5,0.866025403784,0.));
#10677 = DIRECTION('',(0.866025403784,-0.5,-0.));
#10678 = ADVANCED_FACE('',(#10679),#10691,.T.);
#10679 = FACE_BOUND('',#10680,.T.);
#10680 = EDGE_LOOP('',(#10681,#10687,#10688,#10689,#10690));
#10681 = ORIENTED_EDGE('',*,*,#10682,.F.);
#10682 = EDGE_CURVE('',#10553,#10658,#10683,.T.);
#10683 = LINE('',#10684,#10685);
#10684 = CARTESIAN_POINT('',(14.26,-20.72746133917,122.2));
#10685 = VECTOR('',#10686,1.);
#10686 = DIRECTION('',(-0.866025403784,-0.5,-0.));
#10687 = ORIENTED_EDGE('',*,*,#10568,.F.);
#10688 = ORIENTED_EDGE('',*,*,#10078,.T.);
#10689 = ORIENTED_EDGE('',*,*,#10063,.T.);
#10690 = ORIENTED_EDGE('',*,*,#10665,.T.);
#10691 = PLANE('',#10692);
#10692 = AXIS2_PLACEMENT_3D('',#10693,#10694,#10695);
#10693 = CARTESIAN_POINT('',(14.26,-20.72746133917,120.4));
#10694 = DIRECTION('',(-0.5,0.866025403784,0.));
#10695 = DIRECTION('',(0.866025403784,0.5,0.));
#10696 = ADVANCED_FACE('',(#10697,#10707),#10715,.T.);
#10697 = FACE_BOUND('',#10698,.T.);
#10698 = EDGE_LOOP('',(#10699,#10700));
#10699 = ORIENTED_EDGE('',*,*,#3743,.T.);
#10700 = ORIENTED_EDGE('',*,*,#10701,.T.);
#10701 = EDGE_CURVE('',#3736,#3744,#10702,.T.);
#10702 = CIRCLE('',#10703,3.82);
#10703 = AXIS2_PLACEMENT_3D('',#10704,#10705,#10706);
#10704 = CARTESIAN_POINT('',(13.,20.,122.2));
#10705 = DIRECTION('',(0.,-0.,1.));
#10706 = DIRECTION('',(1.,0.,0.));
#10707 = FACE_BOUND('',#10708,.T.);
#10708 = EDGE_LOOP('',(#10709,#10710,#10711,#10712,#10713,#10714));
#10709 = ORIENTED_EDGE('',*,*,#10232,.T.);
#10710 = ORIENTED_EDGE('',*,*,#10207,.T.);
#10711 = ORIENTED_EDGE('',*,*,#10182,.T.);
#10712 = ORIENTED_EDGE('',*,*,#10157,.T.);
#10713 = ORIENTED_EDGE('',*,*,#10132,.T.);
#10714 = ORIENTED_EDGE('',*,*,#10100,.T.);
#10715 = PLANE('',#10716);
#10716 = AXIS2_PLACEMENT_3D('',#10717,#10718,#10719);
#10717 = CARTESIAN_POINT('',(13.,20.,122.2));
#10718 = DIRECTION('',(-0.,-0.,1.));
#10719 = DIRECTION('',(1.,0.,0.));
#10720 = ADVANCED_FACE('',(#10721,#10731),#10739,.T.);
#10721 = FACE_BOUND('',#10722,.T.);
#10722 = EDGE_LOOP('',(#10723,#10724));
#10723 = ORIENTED_EDGE('',*,*,#3785,.T.);
#10724 = ORIENTED_EDGE('',*,*,#10725,.T.);
#10725 = EDGE_CURVE('',#3778,#3786,#10726,.T.);
#10726 = CIRCLE('',#10727,3.82);
#10727 = AXIS2_PLACEMENT_3D('',#10728,#10729,#10730);
#10728 = CARTESIAN_POINT('',(-13.,20.,122.2));
#10729 = DIRECTION('',(0.,-0.,1.));
#10730 = DIRECTION('',(1.,0.,0.));
#10731 = FACE_BOUND('',#10732,.T.);
#10732 = EDGE_LOOP('',(#10733,#10734,#10735,#10736,#10737,#10738));
#10733 = ORIENTED_EDGE('',*,*,#10382,.T.);
#10734 = ORIENTED_EDGE('',*,*,#10357,.T.);
#10735 = ORIENTED_EDGE('',*,*,#10332,.T.);
#10736 = ORIENTED_EDGE('',*,*,#10307,.T.);
#10737 = ORIENTED_EDGE('',*,*,#10282,.T.);
#10738 = ORIENTED_EDGE('',*,*,#10250,.T.);
#10739 = PLANE('',#10740);
#10740 = AXIS2_PLACEMENT_3D('',#10741,#10742,#10743);
#10741 = CARTESIAN_POINT('',(-13.,20.,122.2));
#10742 = DIRECTION('',(-0.,-0.,1.));
#10743 = DIRECTION('',(1.,0.,0.));
#10744 = ADVANCED_FACE('',(#10745,#10755),#10763,.T.);
#10745 = FACE_BOUND('',#10746,.T.);
#10746 = EDGE_LOOP('',(#10747,#10748));
#10747 = ORIENTED_EDGE('',*,*,#3827,.T.);
#10748 = ORIENTED_EDGE('',*,*,#10749,.T.);
#10749 = EDGE_CURVE('',#3820,#3828,#10750,.T.);
#10750 = CIRCLE('',#10751,3.82);
#10751 = AXIS2_PLACEMENT_3D('',#10752,#10753,#10754);
#10752 = CARTESIAN_POINT('',(-13.,-20.,122.2));
#10753 = DIRECTION('',(0.,-0.,1.));
#10754 = DIRECTION('',(1.,0.,0.));
#10755 = FACE_BOUND('',#10756,.T.);
#10756 = EDGE_LOOP('',(#10757,#10758,#10759,#10760,#10761,#10762));
#10757 = ORIENTED_EDGE('',*,*,#10532,.T.);
#10758 = ORIENTED_EDGE('',*,*,#10507,.T.);
#10759 = ORIENTED_EDGE('',*,*,#10482,.T.);
#10760 = ORIENTED_EDGE('',*,*,#10457,.T.);
#10761 = ORIENTED_EDGE('',*,*,#10432,.T.);
#10762 = ORIENTED_EDGE('',*,*,#10400,.T.);
#10763 = PLANE('',#10764);
#10764 = AXIS2_PLACEMENT_3D('',#10765,#10766,#10767);
#10765 = CARTESIAN_POINT('',(-13.,-20.,122.2));
#10766 = DIRECTION('',(-0.,-0.,1.));
#10767 = DIRECTION('',(1.,0.,0.));
#10768 = ADVANCED_FACE('',(#10769,#10779),#10787,.T.);
#10769 = FACE_BOUND('',#10770,.T.);
#10770 = EDGE_LOOP('',(#10771,#10772));
#10771 = ORIENTED_EDGE('',*,*,#3869,.T.);
#10772 = ORIENTED_EDGE('',*,*,#10773,.T.);
#10773 = EDGE_CURVE('',#3862,#3870,#10774,.T.);
#10774 = CIRCLE('',#10775,3.82);
#10775 = AXIS2_PLACEMENT_3D('',#10776,#10777,#10778);
#10776 = CARTESIAN_POINT('',(13.,-20.,122.2));
#10777 = DIRECTION('',(0.,-0.,1.));
#10778 = DIRECTION('',(1.,0.,0.));
#10779 = FACE_BOUND('',#10780,.T.);
#10780 = EDGE_LOOP('',(#10781,#10782,#10783,#10784,#10785,#10786));
#10781 = ORIENTED_EDGE('',*,*,#10682,.T.);
#10782 = ORIENTED_EDGE('',*,*,#10657,.T.);
#10783 = ORIENTED_EDGE('',*,*,#10632,.T.);
#10784 = ORIENTED_EDGE('',*,*,#10607,.T.);
#10785 = ORIENTED_EDGE('',*,*,#10582,.T.);
#10786 = ORIENTED_EDGE('',*,*,#10550,.T.);
#10787 = PLANE('',#10788);
#10788 = AXIS2_PLACEMENT_3D('',#10789,#10790,#10791);
#10789 = CARTESIAN_POINT('',(13.,-20.,122.2));
#10790 = DIRECTION('',(-0.,-0.,1.));
#10791 = DIRECTION('',(1.,0.,0.));
#10792 = ADVANCED_FACE('',(#10793),#10803,.F.);
#10793 = FACE_BOUND('',#10794,.T.);
#10794 = EDGE_LOOP('',(#10795,#10802));
#10795 = ORIENTED_EDGE('',*,*,#10796,.F.);
#10796 = EDGE_CURVE('',#3895,#3903,#10797,.T.);
#10797 = CIRCLE('',#10798,10.3);
#10798 = AXIS2_PLACEMENT_3D('',#10799,#10800,#10801);
#10799 = CARTESIAN_POINT('',(0.,0.,2.));
#10800 = DIRECTION('',(0.,0.,-1.));
#10801 = DIRECTION('',(-1.,0.,0.));
#10802 = ORIENTED_EDGE('',*,*,#3902,.F.);
#10803 = PLANE('',#10804);
#10804 = AXIS2_PLACEMENT_3D('',#10805,#10806,#10807);
#10805 = CARTESIAN_POINT('',(0.,0.,2.));
#10806 = DIRECTION('',(0.,0.,-1.));
#10807 = DIRECTION('',(-1.,0.,-0.));
#10808 = ADVANCED_FACE('',(#10809),#10815,.T.);
#10809 = FACE_BOUND('',#10810,.T.);
#10810 = EDGE_LOOP('',(#10811,#10812,#10813,#10814));
#10811 = ORIENTED_EDGE('',*,*,#3735,.F.);
#10812 = ORIENTED_EDGE('',*,*,#3968,.F.);
#10813 = ORIENTED_EDGE('',*,*,#3752,.T.);
#10814 = ORIENTED_EDGE('',*,*,#10701,.F.);
#10815 = CYLINDRICAL_SURFACE('',#10816,3.82);
#10816 = AXIS2_PLACEMENT_3D('',#10817,#10818,#10819);
#10817 = CARTESIAN_POINT('',(13.,20.,122.2));
#10818 = DIRECTION('',(-0.,-0.,1.));
#10819 = DIRECTION('',(1.,0.,0.));
#10820 = ADVANCED_FACE('',(#10821),#10827,.T.);
#10821 = FACE_BOUND('',#10822,.T.);
#10822 = EDGE_LOOP('',(#10823,#10824,#10825,#10826));
#10823 = ORIENTED_EDGE('',*,*,#3777,.F.);
#10824 = ORIENTED_EDGE('',*,*,#4017,.F.);
#10825 = ORIENTED_EDGE('',*,*,#3794,.T.);
#10826 = ORIENTED_EDGE('',*,*,#10725,.F.);
#10827 = CYLINDRICAL_SURFACE('',#10828,3.82);
#10828 = AXIS2_PLACEMENT_3D('',#10829,#10830,#10831);
#10829 = CARTESIAN_POINT('',(-13.,20.,122.2));
#10830 = DIRECTION('',(-0.,-0.,1.));
#10831 = DIRECTION('',(1.,0.,0.));
#10832 = ADVANCED_FACE('',(#10833),#10839,.T.);
#10833 = FACE_BOUND('',#10834,.T.);
#10834 = EDGE_LOOP('',(#10835,#10836,#10837,#10838));
#10835 = ORIENTED_EDGE('',*,*,#3819,.F.);
#10836 = ORIENTED_EDGE('',*,*,#4079,.F.);
#10837 = ORIENTED_EDGE('',*,*,#3836,.T.);
#10838 = ORIENTED_EDGE('',*,*,#10749,.F.);
#10839 = CYLINDRICAL_SURFACE('',#10840,3.82);
#10840 = AXIS2_PLACEMENT_3D('',#10841,#10842,#10843);
#10841 = CARTESIAN_POINT('',(-13.,-20.,122.2));
#10842 = DIRECTION('',(-0.,-0.,1.));
#10843 = DIRECTION('',(1.,0.,0.));
#10844 = ADVANCED_FACE('',(#10845),#10851,.T.);
#10845 = FACE_BOUND('',#10846,.T.);
#10846 = EDGE_LOOP('',(#10847,#10848,#10849,#10850));
#10847 = ORIENTED_EDGE('',*,*,#3861,.F.);
#10848 = ORIENTED_EDGE('',*,*,#4141,.F.);
#10849 = ORIENTED_EDGE('',*,*,#3878,.T.);
#10850 = ORIENTED_EDGE('',*,*,#10773,.F.);
#10851 = CYLINDRICAL_SURFACE('',#10852,3.82);
#10852 = AXIS2_PLACEMENT_3D('',#10853,#10854,#10855);
#10853 = CARTESIAN_POINT('',(13.,-20.,122.2));
#10854 = DIRECTION('',(-0.,-0.,1.));
#10855 = DIRECTION('',(1.,0.,0.));
#10856 = ADVANCED_FACE('',(#10857),#10869,.F.);
#10857 = FACE_BOUND('',#10858,.F.);
#10858 = EDGE_LOOP('',(#10859,#10860,#10861,#10868));
#10859 = ORIENTED_EDGE('',*,*,#10796,.F.);
#10860 = ORIENTED_EDGE('',*,*,#3892,.F.);
#10861 = ORIENTED_EDGE('',*,*,#10862,.F.);
#10862 = EDGE_CURVE('',#3912,#3893,#10863,.T.);
#10863 = CIRCLE('',#10864,10.3);
#10864 = AXIS2_PLACEMENT_3D('',#10865,#10866,#10867);
#10865 = CARTESIAN_POINT('',(0.,0.,121.5));
#10866 = DIRECTION('',(0.,0.,1.));
#10867 = DIRECTION('',(1.,0.,-0.));
#10868 = ORIENTED_EDGE('',*,*,#3911,.T.);
#10869 = CYLINDRICAL_SURFACE('',#10870,10.3);
#10870 = AXIS2_PLACEMENT_3D('',#10871,#10872,#10873);
#10871 = CARTESIAN_POINT('',(0.,0.,122.));
#10872 = DIRECTION('',(-0.,-0.,-1.));
#10873 = DIRECTION('',(-1.,0.,0.));
#10874 = ADVANCED_FACE('',(#10875),#10911,.F.);
#10875 = FACE_BOUND('',#10876,.F.);
#10876 = EDGE_LOOP('',(#10877,#10886,#10899,#10908,#10909,#10910));
#10877 = ORIENTED_EDGE('',*,*,#10878,.F.);
#10878 = EDGE_CURVE('',#10879,#3954,#10881,.T.);
#10879 = VERTEX_POINT('',#10880);
#10880 = CARTESIAN_POINT('',(14.718055456914,23.658055771256,
    121.94142135623));
#10881 = CIRCLE('',#10882,4.041421356237);
#10882 = AXIS2_PLACEMENT_3D('',#10883,#10884,#10885);
#10883 = CARTESIAN_POINT('',(13.,20.,121.94142135623));
#10884 = DIRECTION('',(0.,0.,1.));
#10885 = DIRECTION('',(-1.,1.72E-15,-0.));
#10886 = ORIENTED_EDGE('',*,*,#10887,.F.);
#10887 = EDGE_CURVE('',#10888,#10879,#10890,.T.);
#10888 = VERTEX_POINT('',#10889);
#10889 = CARTESIAN_POINT('',(16.566882119038,21.447333403503,
    121.74934046714));
#10890 = B_SPLINE_CURVE_WITH_KNOTS('',3,(#10891,#10892,#10893,#10894,
    #10895,#10896,#10897,#10898),.UNSPECIFIED.,.F.,.F.,(4,2,2,4),(0.,
    1.479107745095E-03,2.218661617642E-03,2.95821549019E-03),
  .UNSPECIFIED.);
#10891 = CARTESIAN_POINT('',(16.566882119038,21.447333403503,
    121.74934046714));
#10892 = CARTESIAN_POINT('',(16.389255608596,21.909038797401,
    121.75834689707));
#10893 = CARTESIAN_POINT('',(16.146059325679,22.344272490076,
    121.7933183569));
#10894 = CARTESIAN_POINT('',(15.689319551581,22.914540026235,
    121.85830007389));
#10895 = CARTESIAN_POINT('',(15.52080043333,23.09231584702,
    121.8820069866));
#10896 = CARTESIAN_POINT('',(15.145137321839,23.412408416965,
    121.92314216163));
#10897 = CARTESIAN_POINT('',(14.943542558025,23.552152699036,
    121.94142135623));
#10898 = CARTESIAN_POINT('',(14.718055456914,23.658055771256,
    121.94142135623));
#10899 = ORIENTED_EDGE('',*,*,#10900,.F.);
#10900 = EDGE_CURVE('',#3935,#10888,#10901,.T.);
#10901 = B_SPLINE_CURVE_WITH_KNOTS('',3,(#10902,#10903,#10904,#10905,
    #10906,#10907),.UNSPECIFIED.,.F.,.F.,(4,2,4),(9.891154478436E-04,
    1.739084088808E-03,2.489052729773E-03),.UNSPECIFIED.);
#10902 = CARTESIAN_POINT('',(16.947234448297,19.999999999984,
    121.84723444829));
#10903 = CARTESIAN_POINT('',(16.916102216818,20.248474411323,
    121.81610221681));
#10904 = CARTESIAN_POINT('',(16.864822480999,20.491988657354,
    121.78806671525));
#10905 = CARTESIAN_POINT('',(16.735641448503,20.97360567146,
    121.75241251282));
#10906 = CARTESIAN_POINT('',(16.657551377855,21.211656387995,
    121.74474314479));
#10907 = CARTESIAN_POINT('',(16.566882119038,21.447333403503,
    121.74934046714));
#10908 = ORIENTED_EDGE('',*,*,#3934,.F.);
#10909 = ORIENTED_EDGE('',*,*,#3724,.F.);
#10910 = ORIENTED_EDGE('',*,*,#3962,.T.);
#10911 = CONICAL_SURFACE('',#10912,2.1,0.785398163397);
#10912 = AXIS2_PLACEMENT_3D('',#10913,#10914,#10915);
#10913 = CARTESIAN_POINT('',(13.,20.,120.));
#10914 = DIRECTION('',(0.,0.,1.));
#10915 = DIRECTION('',(1.,0.,-0.));
#10916 = ADVANCED_FACE('',(#10917),#10953,.F.);
#10917 = FACE_BOUND('',#10918,.F.);
#10918 = EDGE_LOOP('',(#10919,#10930,#10943,#10950,#10951,#10952));
#10919 = ORIENTED_EDGE('',*,*,#10920,.F.);
#10920 = EDGE_CURVE('',#10921,#4001,#10923,.T.);
#10921 = VERTEX_POINT('',#10922);
#10922 = CARTESIAN_POINT('',(-16.56688211903,21.447333403503,
    121.74934046714));
#10923 = B_SPLINE_CURVE_WITH_KNOTS('',3,(#10924,#10925,#10926,#10927,
    #10928,#10929),.UNSPECIFIED.,.F.,.F.,(4,2,4),(0.,7.551843970874E-04,
    1.510368794175E-03),.UNSPECIFIED.);
#10924 = CARTESIAN_POINT('',(-16.56688211903,21.447333403503,
    121.74934046714));
#10925 = CARTESIAN_POINT('',(-16.65733742879,21.212212506763,
    121.74475399293));
#10926 = CARTESIAN_POINT('',(-16.73612628702,20.972115585889,
    121.75246761912));
#10927 = CARTESIAN_POINT('',(-16.86546147167,20.489286076785,
    121.78832247445));
#10928 = CARTESIAN_POINT('',(-16.91636811873,20.246352179171,
    121.81636811873));
#10929 = CARTESIAN_POINT('',(-16.94723444829,20.,121.84723444829));
#10930 = ORIENTED_EDGE('',*,*,#10931,.F.);
#10931 = EDGE_CURVE('',#10932,#10921,#10934,.T.);
#10932 = VERTEX_POINT('',#10933);
#10933 = CARTESIAN_POINT('',(-14.71805545691,23.658055771256,
    121.94142135623));
#10934 = B_SPLINE_CURVE_WITH_KNOTS('',3,(#10935,#10936,#10937,#10938,
    #10939,#10940,#10941,#10942),.UNSPECIFIED.,.F.,.F.,(4,2,2,4),(0.,
    7.450974690018E-04,1.490194938004E-03,2.980389876007E-03),
  .UNSPECIFIED.);
#10935 = CARTESIAN_POINT('',(-14.71805545691,23.658055771256,
    121.94142135623));
#10936 = CARTESIAN_POINT('',(-14.94349982811,23.552172767718,
    121.94142135623));
#10937 = CARTESIAN_POINT('',(-15.14879115352,23.409547969214,
    121.92278334956));
#10938 = CARTESIAN_POINT('',(-15.52128305414,23.09164890986,
    121.88191239515));
#10939 = CARTESIAN_POINT('',(-15.69114680568,22.912727431731,
    121.85804860734));
#10940 = CARTESIAN_POINT('',(-16.15205158278,22.335838236125,
    121.79244854466));
#10941 = CARTESIAN_POINT('',(-16.38901518057,21.909663743053,
    121.75835908781));
#10942 = CARTESIAN_POINT('',(-16.56688211903,21.447333403503,
    121.74934046714));
#10943 = ORIENTED_EDGE('',*,*,#10944,.F.);
#10944 = EDGE_CURVE('',#3984,#10932,#10945,.T.);
#10945 = CIRCLE('',#10946,4.041421356237);
#10946 = AXIS2_PLACEMENT_3D('',#10947,#10948,#10949);
#10947 = CARTESIAN_POINT('',(-13.,20.,121.94142135623));
#10948 = DIRECTION('',(0.,0.,1.));
#10949 = DIRECTION('',(-1.,-8.6E-16,0.));
#10950 = ORIENTED_EDGE('',*,*,#3983,.F.);
#10951 = ORIENTED_EDGE('',*,*,#3766,.F.);
#10952 = ORIENTED_EDGE('',*,*,#4011,.T.);
#10953 = CONICAL_SURFACE('',#10954,2.1,0.785398163397);
#10954 = AXIS2_PLACEMENT_3D('',#10955,#10956,#10957);
#10955 = CARTESIAN_POINT('',(-13.,20.,120.));
#10956 = DIRECTION('',(0.,0.,1.));
#10957 = DIRECTION('',(1.,0.,-0.));
#10958 = ADVANCED_FACE('',(#10959),#10982,.F.);
#10959 = FACE_BOUND('',#10960,.F.);
#10960 = EDGE_LOOP('',(#10961,#10972,#10979,#10980,#10981));
#10961 = ORIENTED_EDGE('',*,*,#10962,.F.);
#10962 = EDGE_CURVE('',#10963,#4063,#10965,.T.);
#10963 = VERTEX_POINT('',#10964);
#10964 = CARTESIAN_POINT('',(-16.91976035642,-19.01584283426,
    121.94142135623));
#10965 = B_SPLINE_CURVE_WITH_KNOTS('',3,(#10966,#10967,#10968,#10969,
    #10970,#10971),.UNSPECIFIED.,.F.,.F.,(4,2,4),(0.,4.945577239218E-04,
    9.891154478437E-04),.UNSPECIFIED.);
#10966 = CARTESIAN_POINT('',(-16.91976035642,-19.01584283426,
    121.94142135623));
#10967 = CARTESIAN_POINT('',(-16.96097267509,-19.17998573599,
    121.94142135623));
#10968 = CARTESIAN_POINT('',(-16.97518018619,-19.34366971697,
    121.92570279585));
#10969 = CARTESIAN_POINT('',(-16.97924090873,-19.67150115994,
    121.88945181009));
#10970 = CARTESIAN_POINT('',(-16.96776422074,-19.83614656317,
    121.86776422074));
#10971 = CARTESIAN_POINT('',(-16.94723444829,-19.99999999998,
    121.84723444829));
#10972 = ORIENTED_EDGE('',*,*,#10973,.F.);
#10973 = EDGE_CURVE('',#4033,#10963,#10974,.T.);
#10974 = CIRCLE('',#10975,4.041421356237);
#10975 = AXIS2_PLACEMENT_3D('',#10976,#10977,#10978);
#10976 = CARTESIAN_POINT('',(-13.,-20.,121.94142135623));
#10977 = DIRECTION('',(0.,0.,1.));
#10978 = DIRECTION('',(-1.,0.,-0.));
#10979 = ORIENTED_EDGE('',*,*,#4032,.F.);
#10980 = ORIENTED_EDGE('',*,*,#3808,.F.);
#10981 = ORIENTED_EDGE('',*,*,#4073,.T.);
#10982 = CONICAL_SURFACE('',#10983,4.1,0.785398163397);
#10983 = AXIS2_PLACEMENT_3D('',#10984,#10985,#10986);
#10984 = CARTESIAN_POINT('',(-13.,-20.,122.));
#10985 = DIRECTION('',(-0.,-0.,1.));
#10986 = DIRECTION('',(1.,0.,0.));
#10987 = ADVANCED_FACE('',(#10988),#11011,.F.);
#10988 = FACE_BOUND('',#10989,.F.);
#10989 = EDGE_LOOP('',(#10990,#10999,#11008,#11009,#11010));
#10990 = ORIENTED_EDGE('',*,*,#10991,.F.);
#10991 = EDGE_CURVE('',#10992,#4127,#10994,.T.);
#10992 = VERTEX_POINT('',#10993);
#10993 = CARTESIAN_POINT('',(16.919760356424,-19.01584283426,
    121.94142135623));
#10994 = CIRCLE('',#10995,4.041421356237);
#10995 = AXIS2_PLACEMENT_3D('',#10996,#10997,#10998);
#10996 = CARTESIAN_POINT('',(13.,-20.,121.94142135623));
#10997 = DIRECTION('',(0.,0.,1.));
#10998 = DIRECTION('',(-1.,0.,-0.));
#10999 = ORIENTED_EDGE('',*,*,#11000,.F.);
#11000 = EDGE_CURVE('',#4095,#10992,#11001,.T.);
#11001 = B_SPLINE_CURVE_WITH_KNOTS('',3,(#11002,#11003,#11004,#11005,
    #11006,#11007),.UNSPECIFIED.,.F.,.F.,(4,2,4),(1.510368794175E-03,
    2.008178798062E-03,2.50598880195E-03),.UNSPECIFIED.);
#11002 = CARTESIAN_POINT('',(16.947234448295,-20.,121.84723444829));
#11003 = CARTESIAN_POINT('',(16.967581224125,-19.83760710663,
    121.86758122412));
#11004 = CARTESIAN_POINT('',(16.9792526324,-19.67259709431,
    121.88933011814));
#11005 = CARTESIAN_POINT('',(16.975169273242,-19.34263926207,
    121.9258172471));
#11006 = CARTESIAN_POINT('',(16.960629817037,-19.17862018028,
    121.94142135623));
#11007 = CARTESIAN_POINT('',(16.919760356424,-19.01584283426,
    121.94142135623));
#11008 = ORIENTED_EDGE('',*,*,#4094,.F.);
#11009 = ORIENTED_EDGE('',*,*,#3850,.F.);
#11010 = ORIENTED_EDGE('',*,*,#4135,.T.);
#11011 = CONICAL_SURFACE('',#11012,4.1,0.785398163397);
#11012 = AXIS2_PLACEMENT_3D('',#11013,#11014,#11015);
#11013 = CARTESIAN_POINT('',(13.,-20.,122.));
#11014 = DIRECTION('',(-0.,-0.,1.));
#11015 = DIRECTION('',(1.,0.,0.));
#11016 = ADVANCED_FACE('',(#11017),#11037,.T.);
#11017 = FACE_BOUND('',#11018,.T.);
#11018 = EDGE_LOOP('',(#11019,#11020,#11029,#11036));
#11019 = ORIENTED_EDGE('',*,*,#4167,.F.);
#11020 = ORIENTED_EDGE('',*,*,#11021,.F.);
#11021 = EDGE_CURVE('',#11022,#4157,#11024,.T.);
#11022 = VERTEX_POINT('',#11023);
#11023 = CARTESIAN_POINT('',(-14.77817532846,23.786062025185,122.));
#11024 = CIRCLE('',#11025,4.182842712475);
#11025 = AXIS2_PLACEMENT_3D('',#11026,#11027,#11028);
#11026 = CARTESIAN_POINT('',(-13.,20.,122.));
#11027 = DIRECTION('',(0.,-0.,-1.));
#11028 = DIRECTION('',(1.,-1.66E-15,0.));
#11029 = ORIENTED_EDGE('',*,*,#11030,.F.);
#11030 = EDGE_CURVE('',#10932,#11022,#11031,.T.);
#11031 = CIRCLE('',#11032,0.2);
#11032 = AXIS2_PLACEMENT_3D('',#11033,#11034,#11035);
#11033 = CARTESIAN_POINT('',(-14.77817532846,23.786062025185,121.8));
#11034 = DIRECTION('',(-0.905140901879,-0.425111688556,-6.185E-14));
#11035 = DIRECTION('',(0.425111688556,-0.905140901879,
    -3.155443620884E-30));
#11036 = ORIENTED_EDGE('',*,*,#10944,.F.);
#11037 = TOROIDAL_SURFACE('',#11038,4.182842712475,0.2);
#11038 = AXIS2_PLACEMENT_3D('',#11039,#11040,#11041);
#11039 = CARTESIAN_POINT('',(-13.,20.,121.8));
#11040 = DIRECTION('',(-0.,0.,1.));
#11041 = DIRECTION('',(1.,0.,0.));
#11042 = ADVANCED_FACE('',(#11043),#11072,.T.);
#11043 = FACE_BOUND('',#11044,.T.);
#11044 = EDGE_LOOP('',(#11045,#11054,#11063,#11070,#11071));
#11045 = ORIENTED_EDGE('',*,*,#11046,.T.);
#11046 = EDGE_CURVE('',#10879,#11047,#11049,.T.);
#11047 = VERTEX_POINT('',#11048);
#11048 = CARTESIAN_POINT('',(14.778175328462,23.786062025186,122.));
#11049 = CIRCLE('',#11050,0.2);
#11050 = AXIS2_PLACEMENT_3D('',#11051,#11052,#11053);
#11051 = CARTESIAN_POINT('',(14.778175328462,23.786062025186,121.8));
#11052 = DIRECTION('',(-0.905140901879,0.425111688555,0.));
#11053 = DIRECTION('',(-0.425111688555,-0.905140901879,0.));
#11054 = ORIENTED_EDGE('',*,*,#11055,.F.);
#11055 = EDGE_CURVE('',#11056,#11047,#11058,.T.);
#11056 = VERTEX_POINT('',#11057);
#11057 = CARTESIAN_POINT('',(17.056924432344,18.981404247233,122.));
#11058 = CIRCLE('',#11059,4.182842712475);
#11059 = AXIS2_PLACEMENT_3D('',#11060,#11061,#11062);
#11060 = CARTESIAN_POINT('',(13.,20.,122.));
#11061 = DIRECTION('',(0.,0.,-1.));
#11062 = DIRECTION('',(1.,0.,0.));
#11063 = ORIENTED_EDGE('',*,*,#11064,.F.);
#11064 = EDGE_CURVE('',#3943,#11056,#11065,.T.);
#11065 = CIRCLE('',#11066,0.2);
#11066 = AXIS2_PLACEMENT_3D('',#11067,#11068,#11069);
#11067 = CARTESIAN_POINT('',(17.056924432344,18.981404247233,121.8));
#11068 = DIRECTION('',(0.243517584281,0.969896482181,-0.));
#11069 = DIRECTION('',(-0.969896482181,0.243517584281,0.));
#11070 = ORIENTED_EDGE('',*,*,#3953,.F.);
#11071 = ORIENTED_EDGE('',*,*,#10878,.F.);
#11072 = TOROIDAL_SURFACE('',#11073,4.182842712475,0.2);
#11073 = AXIS2_PLACEMENT_3D('',#11074,#11075,#11076);
#11074 = CARTESIAN_POINT('',(13.,20.,121.8));
#11075 = DIRECTION('',(-0.,0.,1.));
#11076 = DIRECTION('',(1.,0.,0.));
#11077 = ADVANCED_FACE('',(#11078),#11107,.T.);
#11078 = FACE_BOUND('',#11079,.T.);
#11079 = EDGE_LOOP('',(#11080,#11089,#11098,#11105,#11106));
#11080 = ORIENTED_EDGE('',*,*,#11081,.T.);
#11081 = EDGE_CURVE('',#10992,#11082,#11084,.T.);
#11082 = VERTEX_POINT('',#11083);
#11083 = CARTESIAN_POINT('',(17.056924432344,-18.98140424723,122.));
#11084 = CIRCLE('',#11085,0.2);
#11085 = AXIS2_PLACEMENT_3D('',#11086,#11087,#11088);
#11086 = CARTESIAN_POINT('',(17.056924432344,-18.98140424723,121.8));
#11087 = DIRECTION('',(-0.243517584281,0.969896482181,0.));
#11088 = DIRECTION('',(-0.969896482181,-0.243517584281,0.));
#11089 = ORIENTED_EDGE('',*,*,#11090,.F.);
#11090 = EDGE_CURVE('',#11091,#11082,#11093,.T.);
#11091 = VERTEX_POINT('',#11092);
#11092 = CARTESIAN_POINT('',(14.778175328462,-23.78606202518,122.));
#11093 = CIRCLE('',#11094,4.182842712475);
#11094 = AXIS2_PLACEMENT_3D('',#11095,#11096,#11097);
#11095 = CARTESIAN_POINT('',(13.,-20.,122.));
#11096 = DIRECTION('',(0.,0.,-1.));
#11097 = DIRECTION('',(1.,0.,0.));
#11098 = ORIENTED_EDGE('',*,*,#11099,.F.);
#11099 = EDGE_CURVE('',#4114,#11091,#11100,.T.);
#11100 = CIRCLE('',#11101,0.2);
#11101 = AXIS2_PLACEMENT_3D('',#11102,#11103,#11104);
#11102 = CARTESIAN_POINT('',(14.778175328462,-23.78606202518,121.8));
#11103 = DIRECTION('',(0.905140901879,0.425111688556,-5.4E-14));
#11104 = DIRECTION('',(-0.425111688556,0.905140901879,0.));
#11105 = ORIENTED_EDGE('',*,*,#4126,.F.);
#11106 = ORIENTED_EDGE('',*,*,#10991,.F.);
#11107 = TOROIDAL_SURFACE('',#11108,4.182842712475,0.2);
#11108 = AXIS2_PLACEMENT_3D('',#11109,#11110,#11111);
#11109 = CARTESIAN_POINT('',(13.,-20.,121.8));
#11110 = DIRECTION('',(-0.,0.,1.));
#11111 = DIRECTION('',(1.,0.,0.));
#11112 = ADVANCED_FACE('',(#11113),#11133,.T.);
#11113 = FACE_BOUND('',#11114,.T.);
#11114 = EDGE_LOOP('',(#11115,#11116,#11125,#11132));
#11115 = ORIENTED_EDGE('',*,*,#4201,.F.);
#11116 = ORIENTED_EDGE('',*,*,#11117,.F.);
#11117 = EDGE_CURVE('',#11118,#4191,#11120,.T.);
#11118 = VERTEX_POINT('',#11119);
#11119 = CARTESIAN_POINT('',(-17.05692443234,-18.98140424723,122.));
#11120 = CIRCLE('',#11121,4.182842712475);
#11121 = AXIS2_PLACEMENT_3D('',#11122,#11123,#11124);
#11122 = CARTESIAN_POINT('',(-13.,-20.,122.));
#11123 = DIRECTION('',(0.,-0.,-1.));
#11124 = DIRECTION('',(1.,-8.3E-16,0.));
#11125 = ORIENTED_EDGE('',*,*,#11126,.F.);
#11126 = EDGE_CURVE('',#10963,#11118,#11127,.T.);
#11127 = CIRCLE('',#11128,0.2);
#11128 = AXIS2_PLACEMENT_3D('',#11129,#11130,#11131);
#11129 = CARTESIAN_POINT('',(-17.05692443234,-18.98140424723,121.8));
#11130 = DIRECTION('',(-0.243517584281,-0.969896482181,0.));
#11131 = DIRECTION('',(0.969896482181,-0.243517584281,0.));
#11132 = ORIENTED_EDGE('',*,*,#10973,.F.);
#11133 = TOROIDAL_SURFACE('',#11134,4.182842712475,0.2);
#11134 = AXIS2_PLACEMENT_3D('',#11135,#11136,#11137);
#11135 = CARTESIAN_POINT('',(-13.,-20.,121.8));
#11136 = DIRECTION('',(-0.,0.,1.));
#11137 = DIRECTION('',(1.,0.,0.));
#11138 = ADVANCED_FACE('',(#11139),#11151,.F.);
#11139 = FACE_BOUND('',#11140,.F.);
#11140 = EDGE_LOOP('',(#11141,#11148,#11149,#11150));
#11141 = ORIENTED_EDGE('',*,*,#11142,.T.);
#11142 = EDGE_CURVE('',#4233,#4225,#11143,.T.);
#11143 = CIRCLE('',#11144,10.8);
#11144 = AXIS2_PLACEMENT_3D('',#11145,#11146,#11147);
#11145 = CARTESIAN_POINT('',(0.,0.,122.));
#11146 = DIRECTION('',(0.,0.,-1.));
#11147 = DIRECTION('',(1.,0.,0.));
#11148 = ORIENTED_EDGE('',*,*,#4224,.F.);
#11149 = ORIENTED_EDGE('',*,*,#10862,.T.);
#11150 = ORIENTED_EDGE('',*,*,#4241,.T.);
#11151 = CONICAL_SURFACE('',#11152,10.3,0.785398163397);
#11152 = AXIS2_PLACEMENT_3D('',#11153,#11154,#11155);
#11153 = CARTESIAN_POINT('',(0.,0.,121.5));
#11154 = DIRECTION('',(0.,0.,1.));
#11155 = DIRECTION('',(1.,0.,-0.));
#11156 = ADVANCED_FACE('',(#11157),#11186,.T.);
#11157 = FACE_BOUND('',#11158,.T.);
#11158 = EDGE_LOOP('',(#11159,#11168,#11169,#11170,#11171));
#11159 = ORIENTED_EDGE('',*,*,#11160,.T.);
#11160 = EDGE_CURVE('',#11161,#10888,#11163,.T.);
#11161 = VERTEX_POINT('',#11162);
#11162 = CARTESIAN_POINT('',(16.820168874476,21.544766353882,
    121.75989888863));
#11163 = CIRCLE('',#11164,0.2);
#11164 = AXIS2_PLACEMENT_3D('',#11165,#11166,#11167);
#11165 = CARTESIAN_POINT('',(16.697926205972,21.500507149654,
    121.6079191109));
#11166 = DIRECTION('',(0.359609278398,-0.932937763778,-1.75583543532E-02
    ));
#11167 = DIRECTION('',(0.933081607439,0.359664724235,9.974659986867E-17)
  );
#11168 = ORIENTED_EDGE('',*,*,#10900,.F.);
#11169 = ORIENTED_EDGE('',*,*,#3942,.F.);
#11170 = ORIENTED_EDGE('',*,*,#11064,.T.);
#11171 = ORIENTED_EDGE('',*,*,#11172,.F.);
#11172 = EDGE_CURVE('',#11161,#11056,#11173,.T.);
#11173 = B_SPLINE_CURVE_WITH_KNOTS('',3,(#11174,#11175,#11176,#11177,
    #11178,#11179,#11180,#11181,#11182,#11183,#11184,#11185),
  .UNSPECIFIED.,.F.,.F.,(4,2,2,2,2,4),(0.,6.539616520388E-04,
    1.307923304078E-03,1.961884956116E-03,2.288865782136E-03,
    2.615846608155E-03),.UNSPECIFIED.);
#11174 = CARTESIAN_POINT('',(16.820168874476,21.544766353882,
    121.75989888863));
#11175 = CARTESIAN_POINT('',(16.900906755949,21.338467450493,
    121.75503647342));
#11176 = CARTESIAN_POINT('',(16.96929562894,21.130254321912,
    121.76105513912));
#11177 = CARTESIAN_POINT('',(17.081230822603,20.709713494444,
    121.79183004405));
#11178 = CARTESIAN_POINT('',(17.124814281305,20.497393407586,
    121.81657573386));
#11179 = CARTESIAN_POINT('',(17.180432134694,20.066369778613,
    121.87602125986));
#11180 = CARTESIAN_POINT('',(17.192452883721,19.846028814649,
    121.91120497659));
#11181 = CARTESIAN_POINT('',(17.174681330401,19.519546749773,
    121.95689938561));
#11182 = CARTESIAN_POINT('',(17.162831270071,19.411041078489,
    121.97095420989));
#11183 = CARTESIAN_POINT('',(17.123289691844,19.19444758431,
    121.99246439798));
#11184 = CARTESIAN_POINT('',(17.095503434098,19.086092419098,122.));
#11185 = CARTESIAN_POINT('',(17.056924432344,18.981404247233,122.));
#11186 = ( BOUNDED_SURFACE() B_SPLINE_SURFACE(3,2,(
    (#11187,#11188,#11189)
    ,(#11190,#11191,#11192)
    ,(#11193,#11194,#11195)
    ,(#11196,#11197,#11198)
    ,(#11199,#11200,#11201)
    ,(#11202,#11203,#11204)
    ,(#11205,#11206,#11207)
    ,(#11208,#11209,#11210)
    ,(#11211,#11212,#11213)
    ,(#11214,#11215,#11216)
    ,(#11217,#11218,#11219)
    ,(#11220,#11221,#11222
)),.UNSPECIFIED.,.F.,.F.,.F.) B_SPLINE_SURFACE_WITH_KNOTS((4,2,2,2,2,4),
  (3,3),(-0.,6.44135747705E-04,1.28827149541E-03,1.932407243115E-03,
    2.254475116968E-03,2.57654299082E-03),(0.,1.),.UNSPECIFIED.) 
GEOMETRIC_REPRESENTATION_ITEM() RATIONAL_B_SPLINE_SURFACE((
    (1.,0.734171128875,1.)
    ,(1.,0.731322181308,1.)
    ,(1.,0.734666957621,1.)
    ,(1.,0.752355324138,1.)
    ,(1.,0.76668957571,1.)
    ,(1.,0.803364818251,1.)
    ,(1.,0.825860593034,1.)
    ,(1.,0.861823409244,1.)
    ,(1.,0.87419517342,1.)
    ,(1.,0.899107637593,1.)
    ,(1.,0.911654781023,1.)
,(1.,0.923879532511,1.))) REPRESENTATION_ITEM('') SURFACE() );
#11187 = CARTESIAN_POINT('',(16.566882119038,21.447333403503,
    121.74934046714));
#11188 = CARTESIAN_POINT('',(16.689761734634,21.49223774142,
    121.88008719017));
#11189 = CARTESIAN_POINT('',(16.820168874476,21.544766353882,
    121.75989888863));
#11190 = CARTESIAN_POINT('',(16.642018712934,21.252030511682,
    121.74553071687));
#11191 = CARTESIAN_POINT('',(16.766308486901,21.295958007102,
    121.87746742631));
#11192 = CARTESIAN_POINT('',(16.89924280191,21.342719131238,
    121.75513668527));
#11193 = CARTESIAN_POINT('',(16.708417897451,21.055100256758,
    121.75005447791));
#11194 = CARTESIAN_POINT('',(16.830817205706,21.101461961654,
    121.88044992462));
#11195 = CARTESIAN_POINT('',(16.966768504021,21.138050923256,
    121.76079140034));
#11196 = CARTESIAN_POINT('',(16.823247302993,20.657479129267,
    121.77386349452));
#11197 = CARTESIAN_POINT('',(16.940588159696,20.699622195035,
    121.89688253334));
#11198 = CARTESIAN_POINT('',(17.078074279655,20.723185565988,
    121.79055267461));
#11199 = CARTESIAN_POINT('',(16.871717564939,20.456789479895,
    121.79314927973));
#11200 = CARTESIAN_POINT('',(16.984854598459,20.498116213885,
    121.91002590459));
#11201 = CARTESIAN_POINT('',(17.121905798843,20.512999062273,
    121.81465989891));
#11202 = CARTESIAN_POINT('',(16.945081410795,20.04962240688,
    121.84003648508));
#11203 = CARTESIAN_POINT('',(17.047415554997,20.080757387276,
    121.94292444932));
#11204 = CARTESIAN_POINT('',(17.178887889124,20.084741839285,
    121.87326891651));
#11205 = CARTESIAN_POINT('',(16.970176532995,19.841772275382,
    121.86802529997));
#11206 = CARTESIAN_POINT('',(17.06652897253,19.867838052414,
    121.96266092129));
#11207 = CARTESIAN_POINT('',(17.192166572535,19.865232232119,
    121.90825491737));
#11208 = CARTESIAN_POINT('',(16.979084037249,19.531840174314,
    121.90521599469));
#11209 = CARTESIAN_POINT('',(17.062986417234,19.541712411527,
    121.98735352261));
#11210 = CARTESIAN_POINT('',(17.17615534003,19.535781654793,
    121.95474330422));
#11211 = CARTESIAN_POINT('',(16.977291244187,19.428619590208,
    121.91680007924));
#11212 = CARTESIAN_POINT('',(17.056849932923,19.434434239788,
    121.9945802445));
#11213 = CARTESIAN_POINT('',(17.164847115941,19.425702327217,
    121.96922339166));
#11214 = CARTESIAN_POINT('',(16.960458328091,19.222237587068,
    121.9347870083));
#11215 = CARTESIAN_POINT('',(17.029825969087,19.219230500806,
    122.0033660173));
#11216 = CARTESIAN_POINT('',(17.125723681026,19.204545365632,
    121.99170707717));
#11217 = CARTESIAN_POINT('',(16.945669920871,19.11903720866,
    121.94142130688));
#11218 = CARTESIAN_POINT('',(17.009645345937,19.111296515922,
    122.00535584728));
#11219 = CARTESIAN_POINT('',(17.098200144741,19.093410398596,122.));
#11220 = CARTESIAN_POINT('',(16.919760356424,19.015842834269,
    121.94142135623));
#11221 = CARTESIAN_POINT('',(16.97657557694,19.00157790445,122.));
#11222 = CARTESIAN_POINT('',(17.056924432344,18.981404247233,122.));
#11223 = ADVANCED_FACE('',(#11224),#11242,.T.);
#11224 = FACE_BOUND('',#11225,.T.);
#11225 = EDGE_LOOP('',(#11226,#11227,#11240,#11241));
#11226 = ORIENTED_EDGE('',*,*,#11160,.F.);
#11227 = ORIENTED_EDGE('',*,*,#11228,.F.);
#11228 = EDGE_CURVE('',#11047,#11161,#11229,.T.);
#11229 = B_SPLINE_CURVE_WITH_KNOTS('',3,(#11230,#11231,#11232,#11233,
    #11234,#11235,#11236,#11237,#11238,#11239),.UNSPECIFIED.,.F.,.F.,(4,
    2,2,2,4),(0.,7.807480909171E-04,1.561496181834E-03,
    2.342244272751E-03,3.122992363668E-03),.UNSPECIFIED.);
#11230 = CARTESIAN_POINT('',(14.778175328462,23.786062025186,122.));
#11231 = CARTESIAN_POINT('',(15.026719080755,23.695604762019,122.));
#11232 = CARTESIAN_POINT('',(15.250393062994,23.564260778063,
    121.97778104548));
#11233 = CARTESIAN_POINT('',(15.668415809242,23.250840982467,
    121.92663080333));
#11234 = CARTESIAN_POINT('',(15.855720821107,23.071823495568,
    121.89696374412));
#11235 = CARTESIAN_POINT('',(16.192826658929,22.683671393409,
    121.84266209601));
#11236 = CARTESIAN_POINT('',(16.343870626044,22.472661514263,
    121.81755528413));
#11237 = CARTESIAN_POINT('',(16.610771712372,22.023559406064,
    121.77887505262));
#11238 = CARTESIAN_POINT('',(16.724705491826,21.788968749805,
    121.76556737255));
#11239 = CARTESIAN_POINT('',(16.820168874476,21.544766353882,
    121.75989888863));
#11240 = ORIENTED_EDGE('',*,*,#11046,.F.);
#11241 = ORIENTED_EDGE('',*,*,#10887,.F.);
#11242 = ( BOUNDED_SURFACE() B_SPLINE_SURFACE(3,2,(
    (#11243,#11244,#11245)
    ,(#11246,#11247,#11248)
    ,(#11249,#11250,#11251)
    ,(#11252,#11253,#11254)
    ,(#11255,#11256,#11257)
    ,(#11258,#11259,#11260)
    ,(#11261,#11262,#11263)
    ,(#11264,#11265,#11266
)),.UNSPECIFIED.,.F.,.F.,.F.) B_SPLINE_SURFACE_WITH_KNOTS((4,2,2,4),(3,3
    ),(-0.,7.640107894723E-04,1.528021578945E-03,3.056043157889E-03),(0.
,1.),.UNSPECIFIED.) GEOMETRIC_REPRESENTATION_ITEM() 
RATIONAL_B_SPLINE_SURFACE((
    (1.,0.923879532511,1.)
    ,(1.,0.900644082614,1.)
    ,(1.,0.877877040442,1.)
    ,(1.,0.834925450567,1.)
    ,(1.,0.815256098544,1.)
    ,(1.,0.764103307597,1.)
    ,(1.,0.740206566961,1.)
,(1.,0.734171128875,1.))) REPRESENTATION_ITEM('') SURFACE() );
#11243 = CARTESIAN_POINT('',(14.718055456914,23.658055771256,
    121.94142135623));
#11244 = CARTESIAN_POINT('',(14.742957923077,23.711077697702,122.));
#11245 = CARTESIAN_POINT('',(14.778175328462,23.786062025186,122.));
#11246 = CARTESIAN_POINT('',(14.943438852644,23.55220135289,
    121.94142130846));
#11247 = CARTESIAN_POINT('',(14.987771061573,23.607482026168,
    122.01030425315));
#11248 = CARTESIAN_POINT('',(15.03156356521,23.693841551199,122.));
#11249 = CARTESIAN_POINT('',(15.145421057575,23.41221466257,
    121.92311894027));
#11250 = CARTESIAN_POINT('',(15.200066013197,23.468251423393,
    121.99968375568));
#11251 = CARTESIAN_POINT('',(15.257023440902,23.560114148184,
    121.97712198562));
#11252 = CARTESIAN_POINT('',(15.521291778525,23.091849076409,
    121.88194532026));
#11253 = CARTESIAN_POINT('',(15.597628296647,23.149509485924,
    121.97415924888));
#11254 = CARTESIAN_POINT('',(15.675106331874,23.244973349402,
    121.92565494944));
#11255 = CARTESIAN_POINT('',(15.689852218048,22.913950067779,
    121.8582256745));
#11256 = CARTESIAN_POINT('',(15.773981166367,22.971278452601,
    121.9575292903));
#11257 = CARTESIAN_POINT('',(15.861790860697,23.065629296196,
    121.8960054006));
#11258 = CARTESIAN_POINT('',(16.146542222547,22.343518964844,
    121.79324687738));
#11259 = CARTESIAN_POINT('',(16.266703515241,22.384140949722,
    121.91045831646));
#11260 = CARTESIAN_POINT('',(16.365660273057,22.483036979696,
    121.81478189588));
#11261 = CARTESIAN_POINT('',(16.389948245453,21.907238424895,
    121.75831177801));
#11262 = CARTESIAN_POINT('',(16.509249197218,21.955559107518,
    121.88644403971));
#11263 = CARTESIAN_POINT('',(16.631316668106,22.027864266629,
    121.77111267314));
#11264 = CARTESIAN_POINT('',(16.566882119038,21.447333403503,
    121.74934046714));
#11265 = CARTESIAN_POINT('',(16.689761734634,21.49223774142,
    121.88008719017));
#11266 = CARTESIAN_POINT('',(16.820168874476,21.544766353882,
    121.75989888863));
#11267 = ADVANCED_FACE('',(#11268),#11292,.T.);
#11268 = FACE_BOUND('',#11269,.T.);
#11269 = EDGE_LOOP('',(#11270,#11279,#11280,#11281));
#11270 = ORIENTED_EDGE('',*,*,#11271,.T.);
#11271 = EDGE_CURVE('',#11272,#10921,#11274,.T.);
#11272 = VERTEX_POINT('',#11273);
#11273 = CARTESIAN_POINT('',(-16.82016887447,21.544766353882,
    121.75989888863));
#11274 = CIRCLE('',#11275,0.2);
#11275 = AXIS2_PLACEMENT_3D('',#11276,#11277,#11278);
#11276 = CARTESIAN_POINT('',(-16.69792620597,21.500507149654,
    121.6079191109));
#11277 = DIRECTION('',(0.359609278398,0.932937763778,1.75583543532E-02)
  );
#11278 = DIRECTION('',(-0.933081607439,0.359664724235,9.974659986867E-17
    ));
#11279 = ORIENTED_EDGE('',*,*,#10931,.F.);
#11280 = ORIENTED_EDGE('',*,*,#11030,.T.);
#11281 = ORIENTED_EDGE('',*,*,#11282,.F.);
#11282 = EDGE_CURVE('',#11272,#11022,#11283,.T.);
#11283 = B_SPLINE_CURVE_WITH_KNOTS('',3,(#11284,#11285,#11286,#11287,
    #11288,#11289,#11290,#11291),.UNSPECIFIED.,.F.,.F.,(4,2,2,4),(0.,
    1.549749614304E-03,2.324624421456E-03,3.099499228607E-03),
  .UNSPECIFIED.);
#11284 = CARTESIAN_POINT('',(-16.82016887447,21.544766353882,
    121.75989888863));
#11285 = CARTESIAN_POINT('',(-16.62892686735,22.033977557624,
    121.77125457509));
#11286 = CARTESIAN_POINT('',(-16.36958358989,22.478843103901,
    121.81415764863));
#11287 = CARTESIAN_POINT('',(-15.85811645359,23.069705715457,
    121.89659359792));
#11288 = CARTESIAN_POINT('',(-15.66923432164,23.249855885075,
    121.92646184665));
#11289 = CARTESIAN_POINT('',(-15.2555027619,23.56079581351,
    121.97722363285));
#11290 = CARTESIAN_POINT('',(-15.02667700304,23.695620076162,122.));
#11291 = CARTESIAN_POINT('',(-14.77817532846,23.786062025185,122.));
#11292 = ( BOUNDED_SURFACE() B_SPLINE_SURFACE(3,2,(
    (#11293,#11294,#11295)
    ,(#11296,#11297,#11298)
    ,(#11299,#11300,#11301)
    ,(#11302,#11303,#11304)
    ,(#11305,#11306,#11307)
    ,(#11308,#11309,#11310)
    ,(#11311,#11312,#11313)
    ,(#11314,#11315,#11316
)),.UNSPECIFIED.,.F.,.F.,.F.) B_SPLINE_SURFACE_WITH_KNOTS((4,2,2,4),(3,3
    ),(0.,1.518099392538E-03,2.277149088807E-03,3.036198785076E-03),(0.,
1.),.UNSPECIFIED.) GEOMETRIC_REPRESENTATION_ITEM() 
RATIONAL_B_SPLINE_SURFACE((
    (1.,0.734171128875,1.)
    ,(1.,0.740457735985,1.)
    ,(1.,0.763449478885,1.)
    ,(1.,0.815036390499,1.)
    ,(1.,0.834867551718,1.)
    ,(1.,0.877467340286,1.)
    ,(1.,0.900575400705,1.)
,(1.,0.923879532511,1.))) REPRESENTATION_ITEM('') SURFACE() );
#11293 = CARTESIAN_POINT('',(-16.56688211903,21.447333403503,
    121.74934046714));
#11294 = CARTESIAN_POINT('',(-16.68976173463,21.49223774142,
    121.88008719017));
#11295 = CARTESIAN_POINT('',(-16.82016887447,21.544766353882,
    121.75989888863));
#11296 = CARTESIAN_POINT('',(-16.38928363691,21.908965943482,
    121.75834547599));
#11297 = CARTESIAN_POINT('',(-16.5086310083,21.957145807859,
    121.8864658099));
#11298 = CARTESIAN_POINT('',(-16.63062133886,22.029642966568,
    121.77115396191));
#11299 = CARTESIAN_POINT('',(-16.15257998512,22.335012853529,
    121.79237044319));
#11300 = CARTESIAN_POINT('',(-16.27332930391,22.375197643588,
    121.90980240581));
#11301 = CARTESIAN_POINT('',(-16.37230005471,22.474279458902,
    121.81368635098));
#11302 = CARTESIAN_POINT('',(-15.69171513878,22.912097863621,
    121.85796916046));
#11303 = CARTESIAN_POINT('',(-15.77601108092,22.969342594116,
    121.95734593762));
#11304 = CARTESIAN_POINT('',(-15.8638569261,23.063772083156,
    121.89568475915));
#11305 = CARTESIAN_POINT('',(-15.52177100027,23.091187488869,
    121.88185153415));
#11306 = CARTESIAN_POINT('',(-15.59805038076,23.148901392927,
    121.97408982402));
#11307 = CARTESIAN_POINT('',(-15.67563317032,23.244290265163,
    121.92553771546));
#11308 = CARTESIAN_POINT('',(-15.1490335092,23.409386034202,
    121.92276406526));
#11309 = CARTESIAN_POINT('',(-15.20380746727,23.465505542994,
    121.99948337589));
#11310 = CARTESIAN_POINT('',(-15.26104772361,23.55736358539,
    121.97667839322));
#11311 = CARTESIAN_POINT('',(-14.94405474359,23.551912095213,
    121.94142131194));
#11312 = CARTESIAN_POINT('',(-14.98847076628,23.607185943423,
    122.01033370643));
#11313 = CARTESIAN_POINT('',(-15.0322816599,23.693580207327,122.));
#11314 = CARTESIAN_POINT('',(-14.71805545691,23.658055771256,
    121.94142135623));
#11315 = CARTESIAN_POINT('',(-14.74295792307,23.711077697702,122.));
#11316 = CARTESIAN_POINT('',(-14.77817532846,23.786062025185,122.));
#11317 = ADVANCED_FACE('',(#11318),#11337,.T.);
#11318 = FACE_BOUND('',#11319,.T.);
#11319 = EDGE_LOOP('',(#11320,#11321,#11334,#11335,#11336));
#11320 = ORIENTED_EDGE('',*,*,#11271,.F.);
#11321 = ORIENTED_EDGE('',*,*,#11322,.F.);
#11322 = EDGE_CURVE('',#4159,#11272,#11323,.T.);
#11323 = B_SPLINE_CURVE_WITH_KNOTS('',3,(#11324,#11325,#11326,#11327,
    #11328,#11329,#11330,#11331,#11332,#11333),.UNSPECIFIED.,.F.,.F.,(4,
    2,2,2,4),(0.,6.595417776517E-04,1.319083555303E-03,
    1.978625332955E-03,2.638167110607E-03),.UNSPECIFIED.);
#11324 = CARTESIAN_POINT('',(-17.05692443234,18.981404247233,122.));
#11325 = CARTESIAN_POINT('',(-17.13429742732,19.191363992894,122.));
#11326 = CARTESIAN_POINT('',(-17.16842920808,19.40706400455,
    121.97261617126));
#11327 = CARTESIAN_POINT('',(-17.19259295012,19.846245208615,
    121.91120077748));
#11328 = CARTESIAN_POINT('',(-17.18068439939,20.062366040644,
    121.8766412158));
#11329 = CARTESIAN_POINT('',(-17.12587920149,20.491140901308,
    121.81737189452));
#11330 = CARTESIAN_POINT('',(-17.08261100264,20.703875589169,
    121.7923745411));
#11331 = CARTESIAN_POINT('',(-16.9700726301,21.127975321386,
    121.76110685634));
#11332 = CARTESIAN_POINT('',(-16.90076303979,21.338834669517,
    121.75504512868));
#11333 = CARTESIAN_POINT('',(-16.82016887447,21.544766353882,
    121.75989888863));
#11334 = ORIENTED_EDGE('',*,*,#4175,.F.);
#11335 = ORIENTED_EDGE('',*,*,#4000,.F.);
#11336 = ORIENTED_EDGE('',*,*,#10920,.F.);
#11337 = ( BOUNDED_SURFACE() B_SPLINE_SURFACE(3,2,(
    (#11338,#11339,#11340)
    ,(#11341,#11342,#11343)
    ,(#11344,#11345,#11346)
    ,(#11347,#11348,#11349)
    ,(#11350,#11351,#11352)
    ,(#11353,#11354,#11355)
    ,(#11356,#11357,#11358)
    ,(#11359,#11360,#11361)
    ,(#11362,#11363,#11364)
    ,(#11365,#11366,#11367)
    ,(#11368,#11369,#11370)
    ,(#11371,#11372,#11373
)),.UNSPECIFIED.,.F.,.F.,.F.) B_SPLINE_SURFACE_WITH_KNOTS((4,2,2,2,2,4),
  (3,3),(-0.,3.233296332716E-04,6.466592665432E-04,1.293318533086E-03,
    1.93997779963E-03,2.586637066173E-03),(0.,1.),.UNSPECIFIED.) 
GEOMETRIC_REPRESENTATION_ITEM() RATIONAL_B_SPLINE_SURFACE((
    (1.,0.923879532511,1.)
    ,(1.,0.911749565582,1.)
    ,(1.,0.899220089227,1.)
    ,(1.,0.874245421335,1.)
    ,(1.,0.861781605345,1.)
    ,(1.,0.825542617636,1.)
    ,(1.,0.803435149103,1.)
    ,(1.,0.766895049728,1.)
    ,(1.,0.752495094774,1.)
    ,(1.,0.734673301468,1.)
    ,(1.,0.731306466851,1.)
,(1.,0.734171128875,1.))) REPRESENTATION_ITEM('') SURFACE() );
#11338 = CARTESIAN_POINT('',(-16.91976035642,19.015842834269,
    121.94142135623));
#11339 = CARTESIAN_POINT('',(-16.97657557694,19.00157790445,122.));
#11340 = CARTESIAN_POINT('',(-17.05692443234,18.981404247233,122.));
#11341 = CARTESIAN_POINT('',(-16.94547191967,19.118248586489,
    121.94142130958));
#11342 = CARTESIAN_POINT('',(-17.00938977874,19.110448586385,
    122.00531445806));
#11343 = CARTESIAN_POINT('',(-17.09788591926,19.092557703813,122.));
#11344 = CARTESIAN_POINT('',(-16.96035298996,19.221308994082,
    121.93485611433));
#11345 = CARTESIAN_POINT('',(-17.02967356399,19.218268343707,
    122.00339268469));
#11346 = CARTESIAN_POINT('',(-17.12551076176,19.203547912675,
    121.99179345921));
#11347 = CARTESIAN_POINT('',(-16.97728645859,19.428200352988,
    121.91684836477));
#11348 = CARTESIAN_POINT('',(-17.05682843359,19.43400601288,
    121.99461061628));
#11349 = CARTESIAN_POINT('',(-17.16480429026,19.425255442877,
    121.96928374908));
#11350 = CARTESIAN_POINT('',(-16.97911069047,19.532175263463,
    121.90518240053));
#11351 = CARTESIAN_POINT('',(-17.06302919158,19.54208543056,
    121.98733297033));
#11352 = CARTESIAN_POINT('',(-17.17621819174,19.536140595809,
    121.95470131265));
#11353 = CARTESIAN_POINT('',(-16.97002314106,19.844563412299,
    121.86767703258));
#11354 = CARTESIAN_POINT('',(-17.06647992882,19.870827834092,
    121.96241835862));
#11355 = CARTESIAN_POINT('',(-17.19221892085,19.868193601293,
    121.90781958087));
#11356 = CARTESIAN_POINT('',(-16.94512201335,20.049047009259,
    121.8401207878));
#11357 = CARTESIAN_POINT('',(-17.04744203167,20.080120784523,
    121.94298649037));
#11358 = CARTESIAN_POINT('',(-17.17888782355,20.084131994551,
    121.87337429459));
#11359 = CARTESIAN_POINT('',(-16.87222791961,20.454304448922,
    121.79341753564));
#11360 = CARTESIAN_POINT('',(-16.98531327293,20.495534551186,
    121.91021707359));
#11361 = CARTESIAN_POINT('',(-17.12233355808,20.510389921572,
    121.81499521913));
#11362 = CARTESIAN_POINT('',(-16.82390805714,20.655003990285,
    121.7740508904));
#11363 = CARTESIAN_POINT('',(-16.94120187055,20.697141486859,
    121.89701084554));
#11364 = CARTESIAN_POINT('',(-17.07869692954,20.720598544607,
    121.79078691924));
#11365 = CARTESIAN_POINT('',(-16.70870367266,21.054296307032,
    121.75006375002));
#11366 = CARTESIAN_POINT('',(-16.83109435543,21.10068520425,
    121.88045439474));
#11367 = CARTESIAN_POINT('',(-16.96706319267,21.13721660965,
    121.7608029907));
#11368 = CARTESIAN_POINT('',(-16.64170272841,21.252851851744,
    121.74554673868));
#11369 = CARTESIAN_POINT('',(-16.765988326,21.296778959304,
    121.87747838332));
#11370 = CARTESIAN_POINT('',(-16.89891055213,21.343568087282,
    121.75515669439));
#11371 = CARTESIAN_POINT('',(-16.56688211903,21.447333403503,
    121.74934046714));
#11372 = CARTESIAN_POINT('',(-16.68976173463,21.49223774142,
    121.88008719017));
#11373 = CARTESIAN_POINT('',(-16.82016887447,21.544766353882,
    121.75989888863));
#11374 = ADVANCED_FACE('',(#11375),#11404,.T.);
#11375 = FACE_BOUND('',#11376,.T.);
#11376 = EDGE_LOOP('',(#11377,#11386,#11387,#11388,#11389));
#11377 = ORIENTED_EDGE('',*,*,#11378,.T.);
#11378 = EDGE_CURVE('',#11379,#4050,#11381,.T.);
#11379 = VERTEX_POINT('',#11380);
#11380 = CARTESIAN_POINT('',(-16.82016887447,-21.54476635388,
    121.75989888863));
#11381 = CIRCLE('',#11382,0.2);
#11382 = AXIS2_PLACEMENT_3D('',#11383,#11384,#11385);
#11383 = CARTESIAN_POINT('',(-16.69792620597,-21.50050714965,
    121.6079191109));
#11384 = DIRECTION('',(-0.359609278398,0.932937763778,
    -1.755835435319E-02));
#11385 = DIRECTION('',(-0.933081607439,-0.359664724235,
    -1.101549407245E-16));
#11386 = ORIENTED_EDGE('',*,*,#4062,.F.);
#11387 = ORIENTED_EDGE('',*,*,#10962,.F.);
#11388 = ORIENTED_EDGE('',*,*,#11126,.T.);
#11389 = ORIENTED_EDGE('',*,*,#11390,.F.);
#11390 = EDGE_CURVE('',#11379,#11118,#11391,.T.);
#11391 = B_SPLINE_CURVE_WITH_KNOTS('',3,(#11392,#11393,#11394,#11395,
    #11396,#11397,#11398,#11399,#11400,#11401,#11402,#11403),
  .UNSPECIFIED.,.F.,.F.,(4,2,2,2,2,4),(0.,6.539616520388E-04,
    1.307923304078E-03,1.961884956116E-03,2.288865782136E-03,
    2.615846608155E-03),.UNSPECIFIED.);
#11392 = CARTESIAN_POINT('',(-16.82016887447,-21.54476635388,
    121.75989888863));
#11393 = CARTESIAN_POINT('',(-16.90090675594,-21.33846745049,
    121.75503647342));
#11394 = CARTESIAN_POINT('',(-16.96929562894,-21.13025432191,
    121.76105513912));
#11395 = CARTESIAN_POINT('',(-17.0812308226,-20.70971349444,
    121.79183004405));
#11396 = CARTESIAN_POINT('',(-17.1248142813,-20.49739340758,
    121.81657573386));
#11397 = CARTESIAN_POINT('',(-17.18043213469,-20.06636977861,
    121.87602125986));
#11398 = CARTESIAN_POINT('',(-17.19245288372,-19.84602881464,
    121.91120497659));
#11399 = CARTESIAN_POINT('',(-17.1746813304,-19.51954674977,
    121.95689938561));
#11400 = CARTESIAN_POINT('',(-17.16283127007,-19.41104107848,
    121.97095420989));
#11401 = CARTESIAN_POINT('',(-17.12328969184,-19.19444758431,
    121.99246439798));
#11402 = CARTESIAN_POINT('',(-17.09550343409,-19.08609241909,122.));
#11403 = CARTESIAN_POINT('',(-17.05692443234,-18.98140424723,122.));
#11404 = ( BOUNDED_SURFACE() B_SPLINE_SURFACE(3,2,(
    (#11405,#11406,#11407)
    ,(#11408,#11409,#11410)
    ,(#11411,#11412,#11413)
    ,(#11414,#11415,#11416)
    ,(#11417,#11418,#11419)
    ,(#11420,#11421,#11422)
    ,(#11423,#11424,#11425)
    ,(#11426,#11427,#11428)
    ,(#11429,#11430,#11431)
    ,(#11432,#11433,#11434)
    ,(#11435,#11436,#11437)
    ,(#11438,#11439,#11440
)),.UNSPECIFIED.,.F.,.F.,.F.) B_SPLINE_SURFACE_WITH_KNOTS((4,2,2,2,2,4),
  (3,3),(-0.,6.44135747705E-04,1.28827149541E-03,1.932407243115E-03,
    2.254475116968E-03,2.57654299082E-03),(0.,1.),.UNSPECIFIED.) 
GEOMETRIC_REPRESENTATION_ITEM() RATIONAL_B_SPLINE_SURFACE((
    (1.,0.734171128875,1.)
    ,(1.,0.731322181305,1.)
    ,(1.,0.734666957624,1.)
    ,(1.,0.752355324134,1.)
    ,(1.,0.766689575708,1.)
    ,(1.,0.803364818252,1.)
    ,(1.,0.825860593034,1.)
    ,(1.,0.861823409244,1.)
    ,(1.,0.87419517342,1.)
    ,(1.,0.899107637593,1.)
    ,(1.,0.911654781023,1.)
,(1.,0.923879532511,1.))) REPRESENTATION_ITEM('') SURFACE() );
#11405 = CARTESIAN_POINT('',(-16.56688211903,-21.4473334035,
    121.74934046714));
#11406 = CARTESIAN_POINT('',(-16.68976173463,-21.49223774142,
    121.88008719017));
#11407 = CARTESIAN_POINT('',(-16.82016887447,-21.54476635388,
    121.75989888863));
#11408 = CARTESIAN_POINT('',(-16.64201871293,-21.25203051168,
    121.74553071687));
#11409 = CARTESIAN_POINT('',(-16.7663084869,-21.2959580071,
    121.87746742631));
#11410 = CARTESIAN_POINT('',(-16.8992428019,-21.34271913123,
    121.75513668527));
#11411 = CARTESIAN_POINT('',(-16.70841789745,-21.05510025675,
    121.75005447791));
#11412 = CARTESIAN_POINT('',(-16.8308172057,-21.10146196165,
    121.88044992462));
#11413 = CARTESIAN_POINT('',(-16.96676850402,-21.13805092325,
    121.76079140034));
#11414 = CARTESIAN_POINT('',(-16.82324730299,-20.65747912926,
    121.77386349452));
#11415 = CARTESIAN_POINT('',(-16.94058815969,-20.69962219503,
    121.89688253334));
#11416 = CARTESIAN_POINT('',(-17.07807427965,-20.72318556598,
    121.79055267461));
#11417 = CARTESIAN_POINT('',(-16.87171756493,-20.45678947989,
    121.79314927973));
#11418 = CARTESIAN_POINT('',(-16.98485459845,-20.49811621388,
    121.91002590459));
#11419 = CARTESIAN_POINT('',(-17.12190579884,-20.51299906227,
    121.81465989891));
#11420 = CARTESIAN_POINT('',(-16.94508141079,-20.04962240688,
    121.84003648508));
#11421 = CARTESIAN_POINT('',(-17.04741555499,-20.08075738727,
    121.94292444932));
#11422 = CARTESIAN_POINT('',(-17.17888788912,-20.08474183928,
    121.87326891651));
#11423 = CARTESIAN_POINT('',(-16.97017653299,-19.84177227538,
    121.86802529997));
#11424 = CARTESIAN_POINT('',(-17.06652897253,-19.86783805241,
    121.96266092129));
#11425 = CARTESIAN_POINT('',(-17.19216657253,-19.86523223211,
    121.90825491737));
#11426 = CARTESIAN_POINT('',(-16.97908403724,-19.53184017431,
    121.90521599469));
#11427 = CARTESIAN_POINT('',(-17.06298641723,-19.54171241152,
    121.98735352261));
#11428 = CARTESIAN_POINT('',(-17.17615534003,-19.53578165479,
    121.95474330422));
#11429 = CARTESIAN_POINT('',(-16.97729124418,-19.4286195902,
    121.91680007924));
#11430 = CARTESIAN_POINT('',(-17.05684993292,-19.43443423978,
    121.9945802445));
#11431 = CARTESIAN_POINT('',(-17.16484711594,-19.42570232721,
    121.96922339166));
#11432 = CARTESIAN_POINT('',(-16.96045832809,-19.22223758706,
    121.9347870083));
#11433 = CARTESIAN_POINT('',(-17.02982596908,-19.2192305008,
    122.0033660173));
#11434 = CARTESIAN_POINT('',(-17.12572368102,-19.20454536563,
    121.99170707717));
#11435 = CARTESIAN_POINT('',(-16.94566992087,-19.11903720866,
    121.94142130688));
#11436 = CARTESIAN_POINT('',(-17.00964534593,-19.11129651592,
    122.00535584728));
#11437 = CARTESIAN_POINT('',(-17.09820014474,-19.09341039859,122.));
#11438 = CARTESIAN_POINT('',(-16.91976035642,-19.01584283426,
    121.94142135623));
#11439 = CARTESIAN_POINT('',(-16.97657557694,-19.00157790445,122.));
#11440 = CARTESIAN_POINT('',(-17.05692443234,-18.98140424723,122.));
#11441 = ADVANCED_FACE('',(#11442),#11460,.T.);
#11442 = FACE_BOUND('',#11443,.T.);
#11443 = EDGE_LOOP('',(#11444,#11445,#11458,#11459));
#11444 = ORIENTED_EDGE('',*,*,#11378,.F.);
#11445 = ORIENTED_EDGE('',*,*,#11446,.F.);
#11446 = EDGE_CURVE('',#4193,#11379,#11447,.T.);
#11447 = B_SPLINE_CURVE_WITH_KNOTS('',3,(#11448,#11449,#11450,#11451,
    #11452,#11453,#11454,#11455,#11456,#11457),.UNSPECIFIED.,.F.,.F.,(4,
    2,2,2,4),(0.,7.807480909171E-04,1.561496181834E-03,
    2.342244272751E-03,3.122992363668E-03),.UNSPECIFIED.);
#11448 = CARTESIAN_POINT('',(-14.77817532846,-23.78606202518,122.));
#11449 = CARTESIAN_POINT('',(-15.02671908075,-23.69560476201,122.));
#11450 = CARTESIAN_POINT('',(-15.25039306299,-23.56426077806,
    121.97778104548));
#11451 = CARTESIAN_POINT('',(-15.66841580924,-23.25084098246,
    121.92663080333));
#11452 = CARTESIAN_POINT('',(-15.8557208211,-23.07182349556,
    121.89696374412));
#11453 = CARTESIAN_POINT('',(-16.19282665892,-22.6836713934,
    121.84266209601));
#11454 = CARTESIAN_POINT('',(-16.34387062604,-22.47266151426,
    121.81755528413));
#11455 = CARTESIAN_POINT('',(-16.61077171237,-22.02355940606,
    121.77887505262));
#11456 = CARTESIAN_POINT('',(-16.72470549182,-21.7889687498,
    121.76556737255));
#11457 = CARTESIAN_POINT('',(-16.82016887447,-21.54476635388,
    121.75989888863));
#11458 = ORIENTED_EDGE('',*,*,#4209,.F.);
#11459 = ORIENTED_EDGE('',*,*,#4049,.F.);
#11460 = ( BOUNDED_SURFACE() B_SPLINE_SURFACE(3,2,(
    (#11461,#11462,#11463)
    ,(#11464,#11465,#11466)
    ,(#11467,#11468,#11469)
    ,(#11470,#11471,#11472)
    ,(#11473,#11474,#11475)
    ,(#11476,#11477,#11478)
    ,(#11479,#11480,#11481)
    ,(#11482,#11483,#11484
)),.UNSPECIFIED.,.F.,.F.,.F.) B_SPLINE_SURFACE_WITH_KNOTS((4,2,2,4),(3,3
    ),(-0.,7.640107894723E-04,1.528021578945E-03,3.056043157889E-03),(0.
,1.),.UNSPECIFIED.) GEOMETRIC_REPRESENTATION_ITEM() 
RATIONAL_B_SPLINE_SURFACE((
    (1.,0.923879532511,1.)
    ,(1.,0.900644082612,1.)
    ,(1.,0.877877040445,1.)
    ,(1.,0.834925450565,1.)
    ,(1.,0.815256098544,1.)
    ,(1.,0.764103307597,1.)
    ,(1.,0.740206566962,1.)
,(1.,0.734171128875,1.))) REPRESENTATION_ITEM('') SURFACE() );
#11461 = CARTESIAN_POINT('',(-14.71805545691,-23.65805577125,
    121.94142135623));
#11462 = CARTESIAN_POINT('',(-14.74295792307,-23.7110776977,122.));
#11463 = CARTESIAN_POINT('',(-14.77817532846,-23.78606202518,122.));
#11464 = CARTESIAN_POINT('',(-14.94343885264,-23.55220135288,
    121.94142130846));
#11465 = CARTESIAN_POINT('',(-14.98777106157,-23.60748202616,
    122.01030425315));
#11466 = CARTESIAN_POINT('',(-15.03156356521,-23.69384155119,122.));
#11467 = CARTESIAN_POINT('',(-15.14542105757,-23.41221466257,
    121.92311894027));
#11468 = CARTESIAN_POINT('',(-15.20006601319,-23.46825142339,
    121.99968375568));
#11469 = CARTESIAN_POINT('',(-15.2570234409,-23.56011414818,
    121.97712198562));
#11470 = CARTESIAN_POINT('',(-15.52129177852,-23.0918490764,
    121.88194532026));
#11471 = CARTESIAN_POINT('',(-15.59762829664,-23.14950948592,
    121.97415924888));
#11472 = CARTESIAN_POINT('',(-15.67510633187,-23.2449733494,
    121.92565494944));
#11473 = CARTESIAN_POINT('',(-15.68985221804,-22.91395006778,
    121.8582256745));
#11474 = CARTESIAN_POINT('',(-15.77398116636,-22.9712784526,
    121.9575292903));
#11475 = CARTESIAN_POINT('',(-15.86179086069,-23.06562929619,
    121.8960054006));
#11476 = CARTESIAN_POINT('',(-16.14654222254,-22.34351896484,
    121.79324687738));
#11477 = CARTESIAN_POINT('',(-16.26670351524,-22.38414094972,
    121.91045831647));
#11478 = CARTESIAN_POINT('',(-16.36566027305,-22.48303697969,
    121.81478189588));
#11479 = CARTESIAN_POINT('',(-16.38994824545,-21.90723842489,
    121.758311778));
#11480 = CARTESIAN_POINT('',(-16.50924919721,-21.95555910751,
    121.88644403971));
#11481 = CARTESIAN_POINT('',(-16.6313166681,-22.02786426662,
    121.77111267315));
#11482 = CARTESIAN_POINT('',(-16.56688211903,-21.4473334035,
    121.74934046714));
#11483 = CARTESIAN_POINT('',(-16.68976173463,-21.49223774142,
    121.88008719017));
#11484 = CARTESIAN_POINT('',(-16.82016887447,-21.54476635388,
    121.75989888863));
#11485 = ADVANCED_FACE('',(#11486),#11510,.T.);
#11486 = FACE_BOUND('',#11487,.T.);
#11487 = EDGE_LOOP('',(#11488,#11497,#11498,#11499));
#11488 = ORIENTED_EDGE('',*,*,#11489,.T.);
#11489 = EDGE_CURVE('',#11490,#4103,#11492,.T.);
#11490 = VERTEX_POINT('',#11491);
#11491 = CARTESIAN_POINT('',(16.820168874476,-21.54476635388,
    121.75989888863));
#11492 = CIRCLE('',#11493,0.2);
#11493 = AXIS2_PLACEMENT_3D('',#11494,#11495,#11496);
#11494 = CARTESIAN_POINT('',(16.697926205972,-21.50050714965,
    121.6079191109));
#11495 = DIRECTION('',(-0.359609278398,-0.932937763778,1.75583543532E-02
    ));
#11496 = DIRECTION('',(0.933081607439,-0.359664724235,
    -9.974659986867E-17));
#11497 = ORIENTED_EDGE('',*,*,#4113,.F.);
#11498 = ORIENTED_EDGE('',*,*,#11099,.T.);
#11499 = ORIENTED_EDGE('',*,*,#11500,.F.);
#11500 = EDGE_CURVE('',#11490,#11091,#11501,.T.);
#11501 = B_SPLINE_CURVE_WITH_KNOTS('',3,(#11502,#11503,#11504,#11505,
    #11506,#11507,#11508,#11509),.UNSPECIFIED.,.F.,.F.,(4,2,2,4),(0.,
    1.549749614304E-03,2.324624421456E-03,3.099499228607E-03),
  .UNSPECIFIED.);
#11502 = CARTESIAN_POINT('',(16.820168874476,-21.54476635388,
    121.75989888863));
#11503 = CARTESIAN_POINT('',(16.628926867357,-22.03397755762,
    121.77125457509));
#11504 = CARTESIAN_POINT('',(16.369583589895,-22.4788431039,
    121.81415764863));
#11505 = CARTESIAN_POINT('',(15.858116453592,-23.06970571545,
    121.89659359792));
#11506 = CARTESIAN_POINT('',(15.669234321643,-23.24985588507,
    121.92646184665));
#11507 = CARTESIAN_POINT('',(15.255502761905,-23.56079581351,
    121.97722363285));
#11508 = CARTESIAN_POINT('',(15.026677003045,-23.69562007616,122.));
#11509 = CARTESIAN_POINT('',(14.778175328462,-23.78606202518,122.));
#11510 = ( BOUNDED_SURFACE() B_SPLINE_SURFACE(3,2,(
    (#11511,#11512,#11513)
    ,(#11514,#11515,#11516)
    ,(#11517,#11518,#11519)
    ,(#11520,#11521,#11522)
    ,(#11523,#11524,#11525)
    ,(#11526,#11527,#11528)
    ,(#11529,#11530,#11531)
    ,(#11532,#11533,#11534
)),.UNSPECIFIED.,.F.,.F.,.F.) B_SPLINE_SURFACE_WITH_KNOTS((4,2,2,4),(3,3
    ),(0.,1.518099392538E-03,2.277149088807E-03,3.036198785076E-03),(0.,
1.),.UNSPECIFIED.) GEOMETRIC_REPRESENTATION_ITEM() 
RATIONAL_B_SPLINE_SURFACE((
    (1.,0.734171128875,1.)
    ,(1.,0.740457735991,1.)
    ,(1.,0.763449478876,1.)
    ,(1.,0.815036390503,1.)
    ,(1.,0.83486755172,1.)
    ,(1.,0.877467340284,1.)
    ,(1.,0.900575400707,1.)
,(1.,0.923879532511,1.))) REPRESENTATION_ITEM('') SURFACE() );
#11511 = CARTESIAN_POINT('',(16.566882119038,-21.4473334035,
    121.74934046714));
#11512 = CARTESIAN_POINT('',(16.689761734634,-21.49223774142,
    121.88008719017));
#11513 = CARTESIAN_POINT('',(16.820168874476,-21.54476635388,
    121.75989888863));
#11514 = CARTESIAN_POINT('',(16.389283636908,-21.90896594348,
    121.75834547599));
#11515 = CARTESIAN_POINT('',(16.508631008307,-21.95714580785,
    121.88646580989));
#11516 = CARTESIAN_POINT('',(16.630621338866,-22.02964296656,
    121.77115396191));
#11517 = CARTESIAN_POINT('',(16.152579985125,-22.33501285352,
    121.79237044319));
#11518 = CARTESIAN_POINT('',(16.273329303916,-22.37519764358,
    121.9098024058));
#11519 = CARTESIAN_POINT('',(16.372300054715,-22.4742794589,
    121.81368635097));
#11520 = CARTESIAN_POINT('',(15.69171513878,-22.91209786362,
    121.85796916046));
#11521 = CARTESIAN_POINT('',(15.776011080927,-22.96934259411,
    121.95734593762));
#11522 = CARTESIAN_POINT('',(15.863856926103,-23.06377208315,
    121.89568475915));
#11523 = CARTESIAN_POINT('',(15.521771000272,-23.09118748886,
    121.88185153415));
#11524 = CARTESIAN_POINT('',(15.59805038076,-23.14890139292,
    121.97408982402));
#11525 = CARTESIAN_POINT('',(15.675633170326,-23.24429026516,
    121.92553771546));
#11526 = CARTESIAN_POINT('',(15.149033509202,-23.4093860342,
    121.92276406526));
#11527 = CARTESIAN_POINT('',(15.203807467277,-23.46550554299,
    121.99948337589));
#11528 = CARTESIAN_POINT('',(15.261047723612,-23.55736358539,
    121.97667839322));
#11529 = CARTESIAN_POINT('',(14.944054743594,-23.55191209521,
    121.94142131194));
#11530 = CARTESIAN_POINT('',(14.988470766282,-23.60718594341,
    122.01033370643));
#11531 = CARTESIAN_POINT('',(15.032281659898,-23.69358020732,122.));
#11532 = CARTESIAN_POINT('',(14.718055456914,-23.65805577125,
    121.94142135623));
#11533 = CARTESIAN_POINT('',(14.742957923078,-23.7110776977,122.));
#11534 = CARTESIAN_POINT('',(14.778175328462,-23.78606202518,122.));
#11535 = ADVANCED_FACE('',(#11536),#11555,.T.);
#11536 = FACE_BOUND('',#11537,.T.);
#11537 = EDGE_LOOP('',(#11538,#11539,#11552,#11553,#11554));
#11538 = ORIENTED_EDGE('',*,*,#11489,.F.);
#11539 = ORIENTED_EDGE('',*,*,#11540,.F.);
#11540 = EDGE_CURVE('',#11082,#11490,#11541,.T.);
#11541 = B_SPLINE_CURVE_WITH_KNOTS('',3,(#11542,#11543,#11544,#11545,
    #11546,#11547,#11548,#11549,#11550,#11551),.UNSPECIFIED.,.F.,.F.,(4,
    2,2,2,4),(0.,6.595417776517E-04,1.319083555303E-03,
    1.978625332955E-03,2.638167110607E-03),.UNSPECIFIED.);
#11542 = CARTESIAN_POINT('',(17.056924432344,-18.98140424723,122.));
#11543 = CARTESIAN_POINT('',(17.134297427324,-19.19136399289,122.));
#11544 = CARTESIAN_POINT('',(17.168429208087,-19.40706400455,
    121.97261617126));
#11545 = CARTESIAN_POINT('',(17.192592950129,-19.84624520861,
    121.91120077748));
#11546 = CARTESIAN_POINT('',(17.180684399397,-20.06236604064,
    121.8766412158));
#11547 = CARTESIAN_POINT('',(17.125879201493,-20.4911409013,
    121.81737189452));
#11548 = CARTESIAN_POINT('',(17.082611002646,-20.70387558916,
    121.7923745411));
#11549 = CARTESIAN_POINT('',(16.970072630101,-21.12797532138,
    121.76110685634));
#11550 = CARTESIAN_POINT('',(16.900763039791,-21.33883466951,
    121.75504512868));
#11551 = CARTESIAN_POINT('',(16.820168874476,-21.54476635388,
    121.75989888863));
#11552 = ORIENTED_EDGE('',*,*,#11081,.F.);
#11553 = ORIENTED_EDGE('',*,*,#11000,.F.);
#11554 = ORIENTED_EDGE('',*,*,#4102,.F.);
#11555 = ( BOUNDED_SURFACE() B_SPLINE_SURFACE(3,2,(
    (#11556,#11557,#11558)
    ,(#11559,#11560,#11561)
    ,(#11562,#11563,#11564)
    ,(#11565,#11566,#11567)
    ,(#11568,#11569,#11570)
    ,(#11571,#11572,#11573)
    ,(#11574,#11575,#11576)
    ,(#11577,#11578,#11579)
    ,(#11580,#11581,#11582)
    ,(#11583,#11584,#11585)
    ,(#11586,#11587,#11588)
    ,(#11589,#11590,#11591
)),.UNSPECIFIED.,.F.,.F.,.F.) B_SPLINE_SURFACE_WITH_KNOTS((4,2,2,2,2,4),
  (3,3),(-0.,3.233296332716E-04,6.466592665432E-04,1.293318533086E-03,
    1.93997779963E-03,2.586637066173E-03),(0.,1.),.UNSPECIFIED.) 
GEOMETRIC_REPRESENTATION_ITEM() RATIONAL_B_SPLINE_SURFACE((
    (1.,0.923879532511,1.)
    ,(1.,0.911749565582,1.)
    ,(1.,0.899220089228,1.)
    ,(1.,0.874245421334,1.)
    ,(1.,0.861781605345,1.)
    ,(1.,0.825542617636,1.)
    ,(1.,0.803435149101,1.)
    ,(1.,0.766895049729,1.)
    ,(1.,0.752495094773,1.)
    ,(1.,0.734673301469,1.)
    ,(1.,0.73130646685,1.)
,(1.,0.734171128875,1.))) REPRESENTATION_ITEM('') SURFACE() );
#11556 = CARTESIAN_POINT('',(16.919760356424,-19.01584283426,
    121.94142135623));
#11557 = CARTESIAN_POINT('',(16.97657557694,-19.00157790445,122.));
#11558 = CARTESIAN_POINT('',(17.056924432344,-18.98140424723,122.));
#11559 = CARTESIAN_POINT('',(16.945471919672,-19.11824858649,
    121.94142130958));
#11560 = CARTESIAN_POINT('',(17.009389778742,-19.11044858638,
    122.00531445806));
#11561 = CARTESIAN_POINT('',(17.097885919261,-19.09255770381,122.));
#11562 = CARTESIAN_POINT('',(16.960352989966,-19.22130899408,
    121.93485611433));
#11563 = CARTESIAN_POINT('',(17.029673563998,-19.2182683437,
    122.00339268469));
#11564 = CARTESIAN_POINT('',(17.125510761762,-19.20354791267,
    121.99179345921));
#11565 = CARTESIAN_POINT('',(16.977286458595,-19.42820035298,
    121.91684836477));
#11566 = CARTESIAN_POINT('',(17.056828433591,-19.43400601288,
    121.99461061628));
#11567 = CARTESIAN_POINT('',(17.164804290267,-19.42525544287,
    121.96928374908));
#11568 = CARTESIAN_POINT('',(16.979110690477,-19.53217526346,
    121.90518240053));
#11569 = CARTESIAN_POINT('',(17.063029191585,-19.54208543055,
    121.98733297033));
#11570 = CARTESIAN_POINT('',(17.176218191746,-19.5361405958,
    121.95470131265));
#11571 = CARTESIAN_POINT('',(16.970023141062,-19.84456341229,
    121.86767703258));
#11572 = CARTESIAN_POINT('',(17.066479928828,-19.87082783409,
    121.96241835862));
#11573 = CARTESIAN_POINT('',(17.192218920858,-19.86819360129,
    121.90781958087));
#11574 = CARTESIAN_POINT('',(16.945122013358,-20.04904700925,
    121.8401207878));
#11575 = CARTESIAN_POINT('',(17.047442031672,-20.08012078452,
    121.94298649037));
#11576 = CARTESIAN_POINT('',(17.178887823553,-20.08413199455,
    121.87337429459));
#11577 = CARTESIAN_POINT('',(16.872227919617,-20.45430444892,
    121.79341753564));
#11578 = CARTESIAN_POINT('',(16.985313272939,-20.49553455118,
    121.9102170736));
#11579 = CARTESIAN_POINT('',(17.122333558089,-20.51038992157,
    121.81499521913));
#11580 = CARTESIAN_POINT('',(16.823908057148,-20.65500399028,
    121.7740508904));
#11581 = CARTESIAN_POINT('',(16.941201870553,-20.69714148685,
    121.89701084554));
#11582 = CARTESIAN_POINT('',(17.078696929546,-20.7205985446,
    121.79078691924));
#11583 = CARTESIAN_POINT('',(16.708703672665,-21.05429630703,
    121.75006375002));
#11584 = CARTESIAN_POINT('',(16.831094355436,-21.10068520425,
    121.88045439473));
#11585 = CARTESIAN_POINT('',(16.967063192673,-21.13721660965,
    121.7608029907));
#11586 = CARTESIAN_POINT('',(16.641702728418,-21.25285185174,
    121.74554673868));
#11587 = CARTESIAN_POINT('',(16.765988326004,-21.2967789593,
    121.87747838334));
#11588 = CARTESIAN_POINT('',(16.89891055213,-21.34356808728,
    121.75515669439));
#11589 = CARTESIAN_POINT('',(16.566882119038,-21.4473334035,
    121.74934046714));
#11590 = CARTESIAN_POINT('',(16.689761734634,-21.49223774142,
    121.88008719017));
#11591 = CARTESIAN_POINT('',(16.820168874476,-21.54476635388,
    121.75989888863));
#11592 = ADVANCED_FACE('',(#11593,#11597),#11698,.T.);
#11593 = FACE_BOUND('',#11594,.T.);
#11594 = EDGE_LOOP('',(#11595,#11596));
#11595 = ORIENTED_EDGE('',*,*,#4232,.T.);
#11596 = ORIENTED_EDGE('',*,*,#11142,.T.);
#11597 = FACE_BOUND('',#11598,.T.);
#11598 = EDGE_LOOP('',(#11599,#11607,#11608,#11609,#11618,#11626,#11633,
    #11634,#11640,#11641,#11650,#11656,#11657,#11666,#11674,#11681,
    #11682,#11683,#11691));
#11599 = ORIENTED_EDGE('',*,*,#11600,.T.);
#11600 = EDGE_CURVE('',#11601,#11118,#11603,.T.);
#11601 = VERTEX_POINT('',#11602);
#11602 = CARTESIAN_POINT('',(-21.15604102804,-7.659760310844,122.));
#11603 = LINE('',#11604,#11605);
#11604 = CARTESIAN_POINT('',(-21.15604102804,-7.659760310844,122.));
#11605 = VECTOR('',#11606,1.);
#11606 = DIRECTION('',(0.340433791593,-0.940268490135,0.));
#11607 = ORIENTED_EDGE('',*,*,#11117,.T.);
#11608 = ORIENTED_EDGE('',*,*,#4190,.T.);
#11609 = ORIENTED_EDGE('',*,*,#11610,.T.);
#11610 = EDGE_CURVE('',#4193,#11611,#11613,.T.);
#11611 = VERTEX_POINT('',#11612);
#11612 = CARTESIAN_POINT('',(-8.686807610869,-26.6,122.));
#11613 = CIRCLE('',#11614,8.);
#11614 = AXIS2_PLACEMENT_3D('',#11615,#11616,#11617);
#11615 = CARTESIAN_POINT('',(-8.686807610869,-18.6,122.));
#11616 = DIRECTION('',(-0.,0.,1.));
#11617 = DIRECTION('',(1.,0.,0.));
#11618 = ORIENTED_EDGE('',*,*,#11619,.T.);
#11619 = EDGE_CURVE('',#11611,#11620,#11622,.T.);
#11620 = VERTEX_POINT('',#11621);
#11621 = CARTESIAN_POINT('',(8.686807610869,-26.6,122.));
#11622 = LINE('',#11623,#11624);
#11623 = CARTESIAN_POINT('',(8.686807610869,-26.6,122.));
#11624 = VECTOR('',#11625,1.);
#11625 = DIRECTION('',(1.,-0.,0.));
#11626 = ORIENTED_EDGE('',*,*,#11627,.T.);
#11627 = EDGE_CURVE('',#11620,#11091,#11628,.T.);
#11628 = CIRCLE('',#11629,8.);
#11629 = AXIS2_PLACEMENT_3D('',#11630,#11631,#11632);
#11630 = CARTESIAN_POINT('',(8.686807610869,-18.6,122.));
#11631 = DIRECTION('',(-0.,0.,1.));
#11632 = DIRECTION('',(1.,0.,0.));
#11633 = ORIENTED_EDGE('',*,*,#11090,.T.);
#11634 = ORIENTED_EDGE('',*,*,#11635,.T.);
#11635 = EDGE_CURVE('',#11082,#4277,#11636,.T.);
#11636 = LINE('',#11637,#11638);
#11637 = CARTESIAN_POINT('',(21.156041028047,-7.659760310844,122.));
#11638 = VECTOR('',#11639,1.);
#11639 = DIRECTION('',(0.340433791593,0.940268490135,0.));
#11640 = ORIENTED_EDGE('',*,*,#4276,.T.);
#11641 = ORIENTED_EDGE('',*,*,#11642,.T.);
#11642 = EDGE_CURVE('',#4268,#11643,#11645,.T.);
#11643 = VERTEX_POINT('',#11644);
#11644 = CARTESIAN_POINT('',(21.156041028047,7.659760310844,122.));
#11645 = CIRCLE('',#11646,22.5);
#11646 = AXIS2_PLACEMENT_3D('',#11647,#11648,#11649);
#11647 = CARTESIAN_POINT('',(0.,0.,122.));
#11648 = DIRECTION('',(-0.,0.,1.));
#11649 = DIRECTION('',(1.,0.,0.));
#11650 = ORIENTED_EDGE('',*,*,#11651,.T.);
#11651 = EDGE_CURVE('',#11643,#11056,#11652,.T.);
#11652 = LINE('',#11653,#11654);
#11653 = CARTESIAN_POINT('',(21.156041028047,7.659760310844,122.));
#11654 = VECTOR('',#11655,1.);
#11655 = DIRECTION('',(-0.340433791593,0.940268490135,-0.));
#11656 = ORIENTED_EDGE('',*,*,#11055,.T.);
#11657 = ORIENTED_EDGE('',*,*,#11658,.T.);
#11658 = EDGE_CURVE('',#11047,#11659,#11661,.T.);
#11659 = VERTEX_POINT('',#11660);
#11660 = CARTESIAN_POINT('',(8.686807610869,26.6,122.));
#11661 = CIRCLE('',#11662,8.);
#11662 = AXIS2_PLACEMENT_3D('',#11663,#11664,#11665);
#11663 = CARTESIAN_POINT('',(8.686807610869,18.6,122.));
#11664 = DIRECTION('',(-0.,0.,1.));
#11665 = DIRECTION('',(1.,0.,0.));
#11666 = ORIENTED_EDGE('',*,*,#11667,.T.);
#11667 = EDGE_CURVE('',#11659,#11668,#11670,.T.);
#11668 = VERTEX_POINT('',#11669);
#11669 = CARTESIAN_POINT('',(-8.686807610869,26.6,122.));
#11670 = LINE('',#11671,#11672);
#11671 = CARTESIAN_POINT('',(-3.08E-15,26.6,122.));
#11672 = VECTOR('',#11673,1.);
#11673 = DIRECTION('',(-1.,-1.2E-16,-0.));
#11674 = ORIENTED_EDGE('',*,*,#11675,.T.);
#11675 = EDGE_CURVE('',#11668,#11022,#11676,.T.);
#11676 = CIRCLE('',#11677,8.);
#11677 = AXIS2_PLACEMENT_3D('',#11678,#11679,#11680);
#11678 = CARTESIAN_POINT('',(-8.686807610869,18.6,122.));
#11679 = DIRECTION('',(-0.,0.,1.));
#11680 = DIRECTION('',(1.,0.,0.));
#11681 = ORIENTED_EDGE('',*,*,#11021,.T.);
#11682 = ORIENTED_EDGE('',*,*,#4156,.T.);
#11683 = ORIENTED_EDGE('',*,*,#11684,.T.);
#11684 = EDGE_CURVE('',#4159,#11685,#11687,.T.);
#11685 = VERTEX_POINT('',#11686);
#11686 = CARTESIAN_POINT('',(-21.15604102804,7.659760310844,122.));
#11687 = LINE('',#11688,#11689);
#11688 = CARTESIAN_POINT('',(-21.15604102804,7.659760310844,122.));
#11689 = VECTOR('',#11690,1.);
#11690 = DIRECTION('',(-0.340433791593,-0.940268490135,0.));
#11691 = ORIENTED_EDGE('',*,*,#11692,.T.);
#11692 = EDGE_CURVE('',#11685,#11601,#11693,.T.);
#11693 = CIRCLE('',#11694,22.5);
#11694 = AXIS2_PLACEMENT_3D('',#11695,#11696,#11697);
#11695 = CARTESIAN_POINT('',(0.,0.,122.));
#11696 = DIRECTION('',(-0.,0.,1.));
#11697 = DIRECTION('',(1.,0.,0.));
#11698 = PLANE('',#11699);
#11699 = AXIS2_PLACEMENT_3D('',#11700,#11701,#11702);
#11700 = CARTESIAN_POINT('',(0.,0.,122.));
#11701 = DIRECTION('',(-0.,0.,1.));
#11702 = DIRECTION('',(1.,0.,0.));
#11703 = ADVANCED_FACE('',(#11704),#11724,.T.);
#11704 = FACE_BOUND('',#11705,.T.);
#11705 = EDGE_LOOP('',(#11706,#11707,#11716,#11723));
#11706 = ORIENTED_EDGE('',*,*,#4267,.F.);
#11707 = ORIENTED_EDGE('',*,*,#11708,.F.);
#11708 = EDGE_CURVE('',#11709,#4257,#11711,.T.);
#11709 = VERTEX_POINT('',#11710);
#11710 = CARTESIAN_POINT('',(22.096309518183,8.000194102437,121.));
#11711 = CIRCLE('',#11712,23.5);
#11712 = AXIS2_PLACEMENT_3D('',#11713,#11714,#11715);
#11713 = CARTESIAN_POINT('',(0.,0.,121.));
#11714 = DIRECTION('',(0.,-0.,-1.));
#11715 = DIRECTION('',(1.,-5.33E-15,0.));
#11716 = ORIENTED_EDGE('',*,*,#11717,.F.);
#11717 = EDGE_CURVE('',#11643,#11709,#11718,.T.);
#11718 = CIRCLE('',#11719,1.);
#11719 = AXIS2_PLACEMENT_3D('',#11720,#11721,#11722);
#11720 = CARTESIAN_POINT('',(21.156041028047,7.659760310844,121.));
#11721 = DIRECTION('',(-0.340433791593,0.940268490135,0.));
#11722 = DIRECTION('',(-0.940268490135,-0.340433791593,0.));
#11723 = ORIENTED_EDGE('',*,*,#11642,.F.);
#11724 = TOROIDAL_SURFACE('',#11725,22.5,1.);
#11725 = AXIS2_PLACEMENT_3D('',#11726,#11727,#11728);
#11726 = CARTESIAN_POINT('',(0.,0.,121.));
#11727 = DIRECTION('',(-0.,0.,1.));
#11728 = DIRECTION('',(1.,0.,0.));
#11729 = ADVANCED_FACE('',(#11730),#11750,.T.);
#11730 = FACE_BOUND('',#11731,.T.);
#11731 = EDGE_LOOP('',(#11732,#11741,#11742,#11743,#11744));
#11732 = ORIENTED_EDGE('',*,*,#11733,.F.);
#11733 = EDGE_CURVE('',#11161,#11734,#11736,.T.);
#11734 = VERTEX_POINT('',#11735);
#11735 = CARTESIAN_POINT('',(17.149224022088,21.663904124338,121.));
#11736 = CIRCLE('',#11737,1.);
#11737 = AXIS2_PLACEMENT_3D('',#11738,#11739,#11740);
#11738 = CARTESIAN_POINT('',(16.208955531953,21.323470332744,121.));
#11739 = DIRECTION('',(-0.340433791593,0.940268490135,0.));
#11740 = DIRECTION('',(-0.940268490135,-0.340433791593,0.));
#11741 = ORIENTED_EDGE('',*,*,#11172,.T.);
#11742 = ORIENTED_EDGE('',*,*,#11651,.F.);
#11743 = ORIENTED_EDGE('',*,*,#11717,.T.);
#11744 = ORIENTED_EDGE('',*,*,#11745,.F.);
#11745 = EDGE_CURVE('',#11734,#11709,#11746,.T.);
#11746 = LINE('',#11747,#11748);
#11747 = CARTESIAN_POINT('',(22.096309518183,8.000194102437,121.));
#11748 = VECTOR('',#11749,1.);
#11749 = DIRECTION('',(0.340433791593,-0.940268490135,0.));
#11750 = CYLINDRICAL_SURFACE('',#11751,1.);
#11751 = AXIS2_PLACEMENT_3D('',#11752,#11753,#11754);
#11752 = CARTESIAN_POINT('',(21.156041028047,7.659760310844,121.));
#11753 = DIRECTION('',(0.340433791593,-0.940268490135,0.));
#11754 = DIRECTION('',(0.940268490135,0.340433791593,0.));
#11755 = ADVANCED_FACE('',(#11756),#11777,.T.);
#11756 = FACE_BOUND('',#11757,.T.);
#11757 = EDGE_LOOP('',(#11758,#11759,#11760,#11761,#11770));
#11758 = ORIENTED_EDGE('',*,*,#11658,.F.);
#11759 = ORIENTED_EDGE('',*,*,#11228,.T.);
#11760 = ORIENTED_EDGE('',*,*,#11733,.T.);
#11761 = ORIENTED_EDGE('',*,*,#11762,.F.);
#11762 = EDGE_CURVE('',#11763,#11734,#11765,.T.);
#11763 = VERTEX_POINT('',#11764);
#11764 = CARTESIAN_POINT('',(8.686807610869,27.6,121.));
#11765 = CIRCLE('',#11766,9.);
#11766 = AXIS2_PLACEMENT_3D('',#11767,#11768,#11769);
#11767 = CARTESIAN_POINT('',(8.686807610869,18.6,121.));
#11768 = DIRECTION('',(0.,0.,-1.));
#11769 = DIRECTION('',(1.,1.93E-15,0.));
#11770 = ORIENTED_EDGE('',*,*,#11771,.T.);
#11771 = EDGE_CURVE('',#11763,#11659,#11772,.T.);
#11772 = CIRCLE('',#11773,1.);
#11773 = AXIS2_PLACEMENT_3D('',#11774,#11775,#11776);
#11774 = CARTESIAN_POINT('',(8.686807610869,26.6,121.));
#11775 = DIRECTION('',(1.,0.,0.));
#11776 = DIRECTION('',(0.,0.,-1.));
#11777 = TOROIDAL_SURFACE('',#11778,8.,1.);
#11778 = AXIS2_PLACEMENT_3D('',#11779,#11780,#11781);
#11779 = CARTESIAN_POINT('',(8.686807610869,18.6,121.));
#11780 = DIRECTION('',(-0.,0.,1.));
#11781 = DIRECTION('',(1.,0.,0.));
#11782 = ADVANCED_FACE('',(#11783),#11802,.T.);
#11783 = FACE_BOUND('',#11784,.T.);
#11784 = EDGE_LOOP('',(#11785,#11794,#11795,#11796));
#11785 = ORIENTED_EDGE('',*,*,#11786,.T.);
#11786 = EDGE_CURVE('',#11787,#11668,#11789,.T.);
#11787 = VERTEX_POINT('',#11788);
#11788 = CARTESIAN_POINT('',(-8.686807610869,27.6,121.));
#11789 = CIRCLE('',#11790,1.);
#11790 = AXIS2_PLACEMENT_3D('',#11791,#11792,#11793);
#11791 = CARTESIAN_POINT('',(-8.686807610869,26.6,121.));
#11792 = DIRECTION('',(1.,0.,0.));
#11793 = DIRECTION('',(0.,0.,-1.));
#11794 = ORIENTED_EDGE('',*,*,#11667,.F.);
#11795 = ORIENTED_EDGE('',*,*,#11771,.F.);
#11796 = ORIENTED_EDGE('',*,*,#11797,.F.);
#11797 = EDGE_CURVE('',#11787,#11763,#11798,.T.);
#11798 = LINE('',#11799,#11800);
#11799 = CARTESIAN_POINT('',(-3.19E-15,27.6,121.));
#11800 = VECTOR('',#11801,1.);
#11801 = DIRECTION('',(1.,1.2E-16,0.));
#11802 = CYLINDRICAL_SURFACE('',#11803,1.);
#11803 = AXIS2_PLACEMENT_3D('',#11804,#11805,#11806);
#11804 = CARTESIAN_POINT('',(-3.08E-15,26.6,121.));
#11805 = DIRECTION('',(1.,1.2E-16,0.));
#11806 = DIRECTION('',(-1.2E-16,1.,0.));
#11807 = ADVANCED_FACE('',(#11808),#11829,.T.);
#11808 = FACE_BOUND('',#11809,.T.);
#11809 = EDGE_LOOP('',(#11810,#11819,#11820,#11821,#11822));
#11810 = ORIENTED_EDGE('',*,*,#11811,.T.);
#11811 = EDGE_CURVE('',#11812,#11272,#11814,.T.);
#11812 = VERTEX_POINT('',#11813);
#11813 = CARTESIAN_POINT('',(-17.14922402208,21.663904124338,121.));
#11814 = CIRCLE('',#11815,1.);
#11815 = AXIS2_PLACEMENT_3D('',#11816,#11817,#11818);
#11816 = CARTESIAN_POINT('',(-16.20895553195,21.323470332744,121.));
#11817 = DIRECTION('',(0.340433791593,0.940268490135,1.18E-15));
#11818 = DIRECTION('',(-0.940268490135,0.340433791593,0.));
#11819 = ORIENTED_EDGE('',*,*,#11282,.T.);
#11820 = ORIENTED_EDGE('',*,*,#11675,.F.);
#11821 = ORIENTED_EDGE('',*,*,#11786,.F.);
#11822 = ORIENTED_EDGE('',*,*,#11823,.F.);
#11823 = EDGE_CURVE('',#11812,#11787,#11824,.T.);
#11824 = CIRCLE('',#11825,9.);
#11825 = AXIS2_PLACEMENT_3D('',#11826,#11827,#11828);
#11826 = CARTESIAN_POINT('',(-8.686807610869,18.6,121.));
#11827 = DIRECTION('',(0.,0.,-1.));
#11828 = DIRECTION('',(1.,0.,0.));
#11829 = TOROIDAL_SURFACE('',#11830,8.,1.);
#11830 = AXIS2_PLACEMENT_3D('',#11831,#11832,#11833);
#11831 = CARTESIAN_POINT('',(-8.686807610869,18.6,121.));
#11832 = DIRECTION('',(-0.,0.,1.));
#11833 = DIRECTION('',(1.,0.,0.));
#11834 = ADVANCED_FACE('',(#11835),#11855,.T.);
#11835 = FACE_BOUND('',#11836,.T.);
#11836 = EDGE_LOOP('',(#11837,#11838,#11839,#11840,#11848));
#11837 = ORIENTED_EDGE('',*,*,#11684,.F.);
#11838 = ORIENTED_EDGE('',*,*,#11322,.T.);
#11839 = ORIENTED_EDGE('',*,*,#11811,.F.);
#11840 = ORIENTED_EDGE('',*,*,#11841,.F.);
#11841 = EDGE_CURVE('',#11842,#11812,#11844,.T.);
#11842 = VERTEX_POINT('',#11843);
#11843 = CARTESIAN_POINT('',(-22.09630951818,8.000194102437,121.));
#11844 = LINE('',#11845,#11846);
#11845 = CARTESIAN_POINT('',(-17.14922402208,21.663904124338,121.));
#11846 = VECTOR('',#11847,1.);
#11847 = DIRECTION('',(0.340433791593,0.940268490135,-0.));
#11848 = ORIENTED_EDGE('',*,*,#11849,.T.);
#11849 = EDGE_CURVE('',#11842,#11685,#11850,.T.);
#11850 = CIRCLE('',#11851,1.);
#11851 = AXIS2_PLACEMENT_3D('',#11852,#11853,#11854);
#11852 = CARTESIAN_POINT('',(-21.15604102804,7.659760310844,121.));
#11853 = DIRECTION('',(0.340433791593,0.940268490135,8.2E-16));
#11854 = DIRECTION('',(-0.940268490135,0.340433791593,0.));
#11855 = CYLINDRICAL_SURFACE('',#11856,1.);
#11856 = AXIS2_PLACEMENT_3D('',#11857,#11858,#11859);
#11857 = CARTESIAN_POINT('',(-21.15604102804,7.659760310844,121.));
#11858 = DIRECTION('',(0.340433791593,0.940268490135,0.));
#11859 = DIRECTION('',(-0.940268490135,0.340433791593,0.));
#11860 = ADVANCED_FACE('',(#11861),#11880,.T.);
#11861 = FACE_BOUND('',#11862,.T.);
#11862 = EDGE_LOOP('',(#11863,#11870,#11871,#11872,#11879));
#11863 = ORIENTED_EDGE('',*,*,#11864,.T.);
#11864 = EDGE_CURVE('',#4301,#11601,#11865,.T.);
#11865 = CIRCLE('',#11866,1.);
#11866 = AXIS2_PLACEMENT_3D('',#11867,#11868,#11869);
#11867 = CARTESIAN_POINT('',(-21.15604102804,-7.659760310844,121.));
#11868 = DIRECTION('',(-0.340433791593,0.940268490135,-3.7E-16));
#11869 = DIRECTION('',(-0.940268490135,-0.340433791593,
    2.465190328816E-32));
#11870 = ORIENTED_EDGE('',*,*,#11692,.F.);
#11871 = ORIENTED_EDGE('',*,*,#11849,.F.);
#11872 = ORIENTED_EDGE('',*,*,#11873,.F.);
#11873 = EDGE_CURVE('',#4303,#11842,#11874,.T.);
#11874 = CIRCLE('',#11875,23.5);
#11875 = AXIS2_PLACEMENT_3D('',#11876,#11877,#11878);
#11876 = CARTESIAN_POINT('',(0.,0.,121.));
#11877 = DIRECTION('',(0.,0.,-1.));
#11878 = DIRECTION('',(1.,0.,0.));
#11879 = ORIENTED_EDGE('',*,*,#4300,.F.);
#11880 = TOROIDAL_SURFACE('',#11881,22.5,1.);
#11881 = AXIS2_PLACEMENT_3D('',#11882,#11883,#11884);
#11882 = CARTESIAN_POINT('',(0.,0.,121.));
#11883 = DIRECTION('',(-0.,0.,1.));
#11884 = DIRECTION('',(1.,0.,0.));
#11885 = ADVANCED_FACE('',(#11886),#11906,.T.);
#11886 = FACE_BOUND('',#11887,.T.);
#11887 = EDGE_LOOP('',(#11888,#11897,#11898,#11899,#11900));
#11888 = ORIENTED_EDGE('',*,*,#11889,.T.);
#11889 = EDGE_CURVE('',#11890,#11379,#11892,.T.);
#11890 = VERTEX_POINT('',#11891);
#11891 = CARTESIAN_POINT('',(-17.14922402208,-21.66390412433,121.));
#11892 = CIRCLE('',#11893,1.);
#11893 = AXIS2_PLACEMENT_3D('',#11894,#11895,#11896);
#11894 = CARTESIAN_POINT('',(-16.20895553195,-21.32347033274,121.));
#11895 = DIRECTION('',(-0.340433791593,0.940268490135,0.));
#11896 = DIRECTION('',(-0.940268490135,-0.340433791593,0.));
#11897 = ORIENTED_EDGE('',*,*,#11390,.T.);
#11898 = ORIENTED_EDGE('',*,*,#11600,.F.);
#11899 = ORIENTED_EDGE('',*,*,#11864,.F.);
#11900 = ORIENTED_EDGE('',*,*,#11901,.F.);
#11901 = EDGE_CURVE('',#11890,#4301,#11902,.T.);
#11902 = LINE('',#11903,#11904);
#11903 = CARTESIAN_POINT('',(-22.09630951818,-8.000194102437,121.));
#11904 = VECTOR('',#11905,1.);
#11905 = DIRECTION('',(-0.340433791593,0.940268490135,0.));
#11906 = CYLINDRICAL_SURFACE('',#11907,1.);
#11907 = AXIS2_PLACEMENT_3D('',#11908,#11909,#11910);
#11908 = CARTESIAN_POINT('',(-21.15604102804,-7.659760310844,121.));
#11909 = DIRECTION('',(-0.340433791593,0.940268490135,-0.));
#11910 = DIRECTION('',(-0.940268490135,-0.340433791593,0.));
#11911 = ADVANCED_FACE('',(#11912),#11933,.T.);
#11912 = FACE_BOUND('',#11913,.T.);
#11913 = EDGE_LOOP('',(#11914,#11915,#11916,#11917,#11926));
#11914 = ORIENTED_EDGE('',*,*,#11610,.F.);
#11915 = ORIENTED_EDGE('',*,*,#11446,.T.);
#11916 = ORIENTED_EDGE('',*,*,#11889,.F.);
#11917 = ORIENTED_EDGE('',*,*,#11918,.F.);
#11918 = EDGE_CURVE('',#11919,#11890,#11921,.T.);
#11919 = VERTEX_POINT('',#11920);
#11920 = CARTESIAN_POINT('',(-8.686807610869,-27.6,121.));
#11921 = CIRCLE('',#11922,9.);
#11922 = AXIS2_PLACEMENT_3D('',#11923,#11924,#11925);
#11923 = CARTESIAN_POINT('',(-8.686807610869,-18.6,121.));
#11924 = DIRECTION('',(0.,0.,-1.));
#11925 = DIRECTION('',(1.,0.,0.));
#11926 = ORIENTED_EDGE('',*,*,#11927,.F.);
#11927 = EDGE_CURVE('',#11611,#11919,#11928,.T.);
#11928 = CIRCLE('',#11929,1.);
#11929 = AXIS2_PLACEMENT_3D('',#11930,#11931,#11932);
#11930 = CARTESIAN_POINT('',(-8.686807610869,-26.6,121.));
#11931 = DIRECTION('',(1.,0.,0.));
#11932 = DIRECTION('',(0.,-0.,-1.));
#11933 = TOROIDAL_SURFACE('',#11934,8.,1.);
#11934 = AXIS2_PLACEMENT_3D('',#11935,#11936,#11937);
#11935 = CARTESIAN_POINT('',(-8.686807610869,-18.6,121.));
#11936 = DIRECTION('',(-0.,0.,1.));
#11937 = DIRECTION('',(1.,0.,0.));
#11938 = ADVANCED_FACE('',(#11939),#11958,.T.);
#11939 = FACE_BOUND('',#11940,.T.);
#11940 = EDGE_LOOP('',(#11941,#11942,#11950,#11957));
#11941 = ORIENTED_EDGE('',*,*,#11927,.T.);
#11942 = ORIENTED_EDGE('',*,*,#11943,.F.);
#11943 = EDGE_CURVE('',#11944,#11919,#11946,.T.);
#11944 = VERTEX_POINT('',#11945);
#11945 = CARTESIAN_POINT('',(8.686807610869,-27.6,121.));
#11946 = LINE('',#11947,#11948);
#11947 = CARTESIAN_POINT('',(-8.686807610869,-27.6,121.));
#11948 = VECTOR('',#11949,1.);
#11949 = DIRECTION('',(-1.,0.,-0.));
#11950 = ORIENTED_EDGE('',*,*,#11951,.F.);
#11951 = EDGE_CURVE('',#11620,#11944,#11952,.T.);
#11952 = CIRCLE('',#11953,1.);
#11953 = AXIS2_PLACEMENT_3D('',#11954,#11955,#11956);
#11954 = CARTESIAN_POINT('',(8.686807610869,-26.6,121.));
#11955 = DIRECTION('',(1.,0.,0.));
#11956 = DIRECTION('',(0.,-0.,-1.));
#11957 = ORIENTED_EDGE('',*,*,#11619,.F.);
#11958 = CYLINDRICAL_SURFACE('',#11959,1.);
#11959 = AXIS2_PLACEMENT_3D('',#11960,#11961,#11962);
#11960 = CARTESIAN_POINT('',(0.,-26.6,121.));
#11961 = DIRECTION('',(-1.,0.,-0.));
#11962 = DIRECTION('',(0.,0.,1.));
#11963 = ADVANCED_FACE('',(#11964),#11985,.T.);
#11964 = FACE_BOUND('',#11965,.T.);
#11965 = EDGE_LOOP('',(#11966,#11975,#11976,#11977,#11978));
#11966 = ORIENTED_EDGE('',*,*,#11967,.F.);
#11967 = EDGE_CURVE('',#11490,#11968,#11970,.T.);
#11968 = VERTEX_POINT('',#11969);
#11969 = CARTESIAN_POINT('',(17.149224022088,-21.66390412433,121.));
#11970 = CIRCLE('',#11971,1.);
#11971 = AXIS2_PLACEMENT_3D('',#11972,#11973,#11974);
#11972 = CARTESIAN_POINT('',(16.208955531953,-21.32347033274,121.));
#11973 = DIRECTION('',(0.340433791593,0.940268490135,-0.));
#11974 = DIRECTION('',(-0.940268490135,0.340433791593,0.));
#11975 = ORIENTED_EDGE('',*,*,#11500,.T.);
#11976 = ORIENTED_EDGE('',*,*,#11627,.F.);
#11977 = ORIENTED_EDGE('',*,*,#11951,.T.);
#11978 = ORIENTED_EDGE('',*,*,#11979,.F.);
#11979 = EDGE_CURVE('',#11968,#11944,#11980,.T.);
#11980 = CIRCLE('',#11981,9.);
#11981 = AXIS2_PLACEMENT_3D('',#11982,#11983,#11984);
#11982 = CARTESIAN_POINT('',(8.686807610869,-18.6,121.));
#11983 = DIRECTION('',(0.,0.,-1.));
#11984 = DIRECTION('',(1.,0.,0.));
#11985 = TOROIDAL_SURFACE('',#11986,8.,1.);
#11986 = AXIS2_PLACEMENT_3D('',#11987,#11988,#11989);
#11987 = CARTESIAN_POINT('',(8.686807610869,-18.6,121.));
#11988 = DIRECTION('',(-0.,0.,1.));
#11989 = DIRECTION('',(1.,0.,0.));
#11990 = ADVANCED_FACE('',(#11991),#12003,.T.);
#11991 = FACE_BOUND('',#11992,.T.);
#11992 = EDGE_LOOP('',(#11993,#11994,#11995,#11996,#12002));
#11993 = ORIENTED_EDGE('',*,*,#11635,.F.);
#11994 = ORIENTED_EDGE('',*,*,#11540,.T.);
#11995 = ORIENTED_EDGE('',*,*,#11967,.T.);
#11996 = ORIENTED_EDGE('',*,*,#11997,.F.);
#11997 = EDGE_CURVE('',#4259,#11968,#11998,.T.);
#11998 = LINE('',#11999,#12000);
#11999 = CARTESIAN_POINT('',(17.149224022088,-21.66390412433,121.));
#12000 = VECTOR('',#12001,1.);
#12001 = DIRECTION('',(-0.340433791593,-0.940268490135,-0.));
#12002 = ORIENTED_EDGE('',*,*,#4285,.F.);
#12003 = CYLINDRICAL_SURFACE('',#12004,1.);
#12004 = AXIS2_PLACEMENT_3D('',#12005,#12006,#12007);
#12005 = CARTESIAN_POINT('',(21.156041028047,-7.659760310844,121.));
#12006 = DIRECTION('',(-0.340433791593,-0.940268490135,0.));
#12007 = DIRECTION('',(0.940268490135,-0.340433791593,0.));
#12008 = ADVANCED_FACE('',(#12009),#12036,.T.);
#12009 = FACE_BOUND('',#12010,.T.);
#12010 = EDGE_LOOP('',(#12011,#12019,#12028,#12034,#12035));
#12011 = ORIENTED_EDGE('',*,*,#12012,.T.);
#12012 = EDGE_CURVE('',#4259,#12013,#12015,.T.);
#12013 = VERTEX_POINT('',#12014);
#12014 = CARTESIAN_POINT('',(22.096309518183,-8.000194102437,0.2));
#12015 = LINE('',#12016,#12017);
#12016 = CARTESIAN_POINT('',(22.096309518183,-8.000194102437,122.));
#12017 = VECTOR('',#12018,1.);
#12018 = DIRECTION('',(-0.,-0.,-1.));
#12019 = ORIENTED_EDGE('',*,*,#12020,.T.);
#12020 = EDGE_CURVE('',#12013,#12021,#12023,.T.);
#12021 = VERTEX_POINT('',#12022);
#12022 = CARTESIAN_POINT('',(22.096309518183,8.000194102437,0.2));
#12023 = CIRCLE('',#12024,23.5);
#12024 = AXIS2_PLACEMENT_3D('',#12025,#12026,#12027);
#12025 = CARTESIAN_POINT('',(0.,0.,0.2));
#12026 = DIRECTION('',(-0.,0.,1.));
#12027 = DIRECTION('',(1.,0.,0.));
#12028 = ORIENTED_EDGE('',*,*,#12029,.F.);
#12029 = EDGE_CURVE('',#11709,#12021,#12030,.T.);
#12030 = LINE('',#12031,#12032);
#12031 = CARTESIAN_POINT('',(22.096309518183,8.000194102437,122.));
#12032 = VECTOR('',#12033,1.);
#12033 = DIRECTION('',(-0.,-0.,-1.));
#12034 = ORIENTED_EDGE('',*,*,#11708,.T.);
#12035 = ORIENTED_EDGE('',*,*,#4256,.T.);
#12036 = CYLINDRICAL_SURFACE('',#12037,23.5);
#12037 = AXIS2_PLACEMENT_3D('',#12038,#12039,#12040);
#12038 = CARTESIAN_POINT('',(0.,0.,122.));
#12039 = DIRECTION('',(-0.,-0.,-1.));
#12040 = DIRECTION('',(-1.,0.,0.));
#12041 = ADVANCED_FACE('',(#12042),#12060,.T.);
#12042 = FACE_BOUND('',#12043,.T.);
#12043 = EDGE_LOOP('',(#12044,#12045,#12053,#12059));
#12044 = ORIENTED_EDGE('',*,*,#12029,.T.);
#12045 = ORIENTED_EDGE('',*,*,#12046,.F.);
#12046 = EDGE_CURVE('',#12047,#12021,#12049,.T.);
#12047 = VERTEX_POINT('',#12048);
#12048 = CARTESIAN_POINT('',(17.149224022088,21.663904124338,0.2));
#12049 = LINE('',#12050,#12051);
#12050 = CARTESIAN_POINT('',(22.096309518183,8.000194102437,0.2));
#12051 = VECTOR('',#12052,1.);
#12052 = DIRECTION('',(0.340433791593,-0.940268490135,0.));
#12053 = ORIENTED_EDGE('',*,*,#12054,.T.);
#12054 = EDGE_CURVE('',#12047,#11734,#12055,.T.);
#12055 = LINE('',#12056,#12057);
#12056 = CARTESIAN_POINT('',(17.149224022088,21.663904124338,122.));
#12057 = VECTOR('',#12058,1.);
#12058 = DIRECTION('',(-0.,-0.,1.));
#12059 = ORIENTED_EDGE('',*,*,#11745,.T.);
#12060 = PLANE('',#12061);
#12061 = AXIS2_PLACEMENT_3D('',#12062,#12063,#12064);
#12062 = CARTESIAN_POINT('',(22.096309518183,8.000194102437,122.));
#12063 = DIRECTION('',(0.940268490135,0.340433791593,-0.));
#12064 = DIRECTION('',(-0.340433791593,0.940268490135,0.));
#12065 = ADVANCED_FACE('',(#12066),#12085,.T.);
#12066 = FACE_BOUND('',#12067,.T.);
#12067 = EDGE_LOOP('',(#12068,#12069,#12070,#12079));
#12068 = ORIENTED_EDGE('',*,*,#11762,.T.);
#12069 = ORIENTED_EDGE('',*,*,#12054,.F.);
#12070 = ORIENTED_EDGE('',*,*,#12071,.F.);
#12071 = EDGE_CURVE('',#12072,#12047,#12074,.T.);
#12072 = VERTEX_POINT('',#12073);
#12073 = CARTESIAN_POINT('',(8.686807610869,27.6,0.2));
#12074 = CIRCLE('',#12075,9.);
#12075 = AXIS2_PLACEMENT_3D('',#12076,#12077,#12078);
#12076 = CARTESIAN_POINT('',(8.686807610869,18.6,0.2));
#12077 = DIRECTION('',(0.,0.,-1.));
#12078 = DIRECTION('',(1.,0.,0.));
#12079 = ORIENTED_EDGE('',*,*,#12080,.F.);
#12080 = EDGE_CURVE('',#11763,#12072,#12081,.T.);
#12081 = LINE('',#12082,#12083);
#12082 = CARTESIAN_POINT('',(8.686807610869,27.6,122.));
#12083 = VECTOR('',#12084,1.);
#12084 = DIRECTION('',(0.,0.,-1.));
#12085 = CYLINDRICAL_SURFACE('',#12086,9.);
#12086 = AXIS2_PLACEMENT_3D('',#12087,#12088,#12089);
#12087 = CARTESIAN_POINT('',(8.686807610869,18.6,122.));
#12088 = DIRECTION('',(0.,0.,-1.));
#12089 = DIRECTION('',(-1.,0.,0.));
#12090 = ADVANCED_FACE('',(#12091),#12109,.T.);
#12091 = FACE_BOUND('',#12092,.T.);
#12092 = EDGE_LOOP('',(#12093,#12094,#12102,#12108));
#12093 = ORIENTED_EDGE('',*,*,#12080,.T.);
#12094 = ORIENTED_EDGE('',*,*,#12095,.F.);
#12095 = EDGE_CURVE('',#12096,#12072,#12098,.T.);
#12096 = VERTEX_POINT('',#12097);
#12097 = CARTESIAN_POINT('',(-8.686807610869,27.6,0.2));
#12098 = LINE('',#12099,#12100);
#12099 = CARTESIAN_POINT('',(-3.19E-15,27.6,0.2));
#12100 = VECTOR('',#12101,1.);
#12101 = DIRECTION('',(1.,1.2E-16,0.));
#12102 = ORIENTED_EDGE('',*,*,#12103,.T.);
#12103 = EDGE_CURVE('',#12096,#11787,#12104,.T.);
#12104 = LINE('',#12105,#12106);
#12105 = CARTESIAN_POINT('',(-8.686807610869,27.6,122.));
#12106 = VECTOR('',#12107,1.);
#12107 = DIRECTION('',(-0.,-0.,1.));
#12108 = ORIENTED_EDGE('',*,*,#11797,.T.);
#12109 = PLANE('',#12110);
#12110 = AXIS2_PLACEMENT_3D('',#12111,#12112,#12113);
#12111 = CARTESIAN_POINT('',(-3.19E-15,27.6,122.));
#12112 = DIRECTION('',(-1.2E-16,1.,0.));
#12113 = DIRECTION('',(-1.,-1.2E-16,0.));
#12114 = ADVANCED_FACE('',(#12115),#12134,.T.);
#12115 = FACE_BOUND('',#12116,.T.);
#12116 = EDGE_LOOP('',(#12117,#12118,#12119,#12128));
#12117 = ORIENTED_EDGE('',*,*,#11823,.T.);
#12118 = ORIENTED_EDGE('',*,*,#12103,.F.);
#12119 = ORIENTED_EDGE('',*,*,#12120,.F.);
#12120 = EDGE_CURVE('',#12121,#12096,#12123,.T.);
#12121 = VERTEX_POINT('',#12122);
#12122 = CARTESIAN_POINT('',(-17.14922402208,21.663904124338,0.2));
#12123 = CIRCLE('',#12124,9.);
#12124 = AXIS2_PLACEMENT_3D('',#12125,#12126,#12127);
#12125 = CARTESIAN_POINT('',(-8.686807610869,18.6,0.2));
#12126 = DIRECTION('',(0.,-0.,-1.));
#12127 = DIRECTION('',(1.,-7.7E-16,0.));
#12128 = ORIENTED_EDGE('',*,*,#12129,.F.);
#12129 = EDGE_CURVE('',#11812,#12121,#12130,.T.);
#12130 = LINE('',#12131,#12132);
#12131 = CARTESIAN_POINT('',(-17.14922402208,21.663904124338,119.));
#12132 = VECTOR('',#12133,1.);
#12133 = DIRECTION('',(0.,0.,-1.));
#12134 = CYLINDRICAL_SURFACE('',#12135,9.);
#12135 = AXIS2_PLACEMENT_3D('',#12136,#12137,#12138);
#12136 = CARTESIAN_POINT('',(-8.686807610869,18.6,122.));
#12137 = DIRECTION('',(0.,0.,1.));
#12138 = DIRECTION('',(1.,0.,-0.));
#12139 = ADVANCED_FACE('',(#12140),#12158,.F.);
#12140 = FACE_BOUND('',#12141,.T.);
#12141 = EDGE_LOOP('',(#12142,#12143,#12151,#12157));
#12142 = ORIENTED_EDGE('',*,*,#12129,.T.);
#12143 = ORIENTED_EDGE('',*,*,#12144,.T.);
#12144 = EDGE_CURVE('',#12121,#12145,#12147,.T.);
#12145 = VERTEX_POINT('',#12146);
#12146 = CARTESIAN_POINT('',(-22.09630951818,8.000194102437,0.2));
#12147 = LINE('',#12148,#12149);
#12148 = CARTESIAN_POINT('',(-22.09630951818,8.000194102437,0.2));
#12149 = VECTOR('',#12150,1.);
#12150 = DIRECTION('',(-0.340433791593,-0.940268490135,0.));
#12151 = ORIENTED_EDGE('',*,*,#12152,.F.);
#12152 = EDGE_CURVE('',#11842,#12145,#12153,.T.);
#12153 = LINE('',#12154,#12155);
#12154 = CARTESIAN_POINT('',(-22.09630951818,8.000194102437,122.));
#12155 = VECTOR('',#12156,1.);
#12156 = DIRECTION('',(-0.,-0.,-1.));
#12157 = ORIENTED_EDGE('',*,*,#11841,.T.);
#12158 = PLANE('',#12159);
#12159 = AXIS2_PLACEMENT_3D('',#12160,#12161,#12162);
#12160 = CARTESIAN_POINT('',(-22.09630951818,8.000194102437,122.));
#12161 = DIRECTION('',(0.940268490135,-0.340433791593,0.));
#12162 = DIRECTION('',(0.340433791593,0.940268490135,0.));
#12163 = ADVANCED_FACE('',(#12164),#12176,.T.);
#12164 = FACE_BOUND('',#12165,.T.);
#12165 = EDGE_LOOP('',(#12166,#12167,#12168,#12169));
#12166 = ORIENTED_EDGE('',*,*,#4311,.F.);
#12167 = ORIENTED_EDGE('',*,*,#11873,.T.);
#12168 = ORIENTED_EDGE('',*,*,#12152,.T.);
#12169 = ORIENTED_EDGE('',*,*,#12170,.T.);
#12170 = EDGE_CURVE('',#12145,#4312,#12171,.T.);
#12171 = CIRCLE('',#12172,23.5);
#12172 = AXIS2_PLACEMENT_3D('',#12173,#12174,#12175);
#12173 = CARTESIAN_POINT('',(0.,0.,0.2));
#12174 = DIRECTION('',(-0.,0.,1.));
#12175 = DIRECTION('',(1.,0.,0.));
#12176 = CYLINDRICAL_SURFACE('',#12177,23.5);
#12177 = AXIS2_PLACEMENT_3D('',#12178,#12179,#12180);
#12178 = CARTESIAN_POINT('',(0.,0.,122.));
#12179 = DIRECTION('',(-0.,-0.,-1.));
#12180 = DIRECTION('',(-1.,0.,0.));
#12181 = ADVANCED_FACE('',(#12182),#12200,.T.);
#12182 = FACE_BOUND('',#12183,.T.);
#12183 = EDGE_LOOP('',(#12184,#12185,#12193,#12199));
#12184 = ORIENTED_EDGE('',*,*,#4328,.T.);
#12185 = ORIENTED_EDGE('',*,*,#12186,.F.);
#12186 = EDGE_CURVE('',#12187,#4320,#12189,.T.);
#12187 = VERTEX_POINT('',#12188);
#12188 = CARTESIAN_POINT('',(-17.14922402208,-21.66390412433,0.2));
#12189 = LINE('',#12190,#12191);
#12190 = CARTESIAN_POINT('',(-22.09630951818,-8.000194102437,0.2));
#12191 = VECTOR('',#12192,1.);
#12192 = DIRECTION('',(-0.340433791593,0.940268490135,-0.));
#12193 = ORIENTED_EDGE('',*,*,#12194,.T.);
#12194 = EDGE_CURVE('',#12187,#11890,#12195,.T.);
#12195 = LINE('',#12196,#12197);
#12196 = CARTESIAN_POINT('',(-17.14922402208,-21.66390412433,122.));
#12197 = VECTOR('',#12198,1.);
#12198 = DIRECTION('',(-0.,-0.,1.));
#12199 = ORIENTED_EDGE('',*,*,#11901,.T.);
#12200 = PLANE('',#12201);
#12201 = AXIS2_PLACEMENT_3D('',#12202,#12203,#12204);
#12202 = CARTESIAN_POINT('',(-22.09630951818,-8.000194102437,122.));
#12203 = DIRECTION('',(-0.940268490135,-0.340433791593,0.));
#12204 = DIRECTION('',(0.340433791593,-0.940268490135,0.));
#12205 = ADVANCED_FACE('',(#12206),#12225,.T.);
#12206 = FACE_BOUND('',#12207,.T.);
#12207 = EDGE_LOOP('',(#12208,#12209,#12210,#12219));
#12208 = ORIENTED_EDGE('',*,*,#11918,.T.);
#12209 = ORIENTED_EDGE('',*,*,#12194,.F.);
#12210 = ORIENTED_EDGE('',*,*,#12211,.F.);
#12211 = EDGE_CURVE('',#12212,#12187,#12214,.T.);
#12212 = VERTEX_POINT('',#12213);
#12213 = CARTESIAN_POINT('',(-8.686807610869,-27.6,0.2));
#12214 = CIRCLE('',#12215,9.);
#12215 = AXIS2_PLACEMENT_3D('',#12216,#12217,#12218);
#12216 = CARTESIAN_POINT('',(-8.686807610869,-18.6,0.2));
#12217 = DIRECTION('',(0.,0.,-1.));
#12218 = DIRECTION('',(1.,0.,0.));
#12219 = ORIENTED_EDGE('',*,*,#12220,.F.);
#12220 = EDGE_CURVE('',#11919,#12212,#12221,.T.);
#12221 = LINE('',#12222,#12223);
#12222 = CARTESIAN_POINT('',(-8.686807610869,-27.6,119.));
#12223 = VECTOR('',#12224,1.);
#12224 = DIRECTION('',(0.,0.,-1.));
#12225 = CYLINDRICAL_SURFACE('',#12226,9.);
#12226 = AXIS2_PLACEMENT_3D('',#12227,#12228,#12229);
#12227 = CARTESIAN_POINT('',(-8.686807610869,-18.6,122.));
#12228 = DIRECTION('',(0.,0.,1.));
#12229 = DIRECTION('',(1.,0.,-0.));
#12230 = ADVANCED_FACE('',(#12231),#12249,.F.);
#12231 = FACE_BOUND('',#12232,.T.);
#12232 = EDGE_LOOP('',(#12233,#12234,#12242,#12248));
#12233 = ORIENTED_EDGE('',*,*,#12220,.T.);
#12234 = ORIENTED_EDGE('',*,*,#12235,.T.);
#12235 = EDGE_CURVE('',#12212,#12236,#12238,.T.);
#12236 = VERTEX_POINT('',#12237);
#12237 = CARTESIAN_POINT('',(8.686807610869,-27.6,0.2));
#12238 = LINE('',#12239,#12240);
#12239 = CARTESIAN_POINT('',(3.19E-15,-27.6,0.2));
#12240 = VECTOR('',#12241,1.);
#12241 = DIRECTION('',(1.,1.2E-16,0.));
#12242 = ORIENTED_EDGE('',*,*,#12243,.T.);
#12243 = EDGE_CURVE('',#12236,#11944,#12244,.T.);
#12244 = LINE('',#12245,#12246);
#12245 = CARTESIAN_POINT('',(8.686807610869,-27.6,122.));
#12246 = VECTOR('',#12247,1.);
#12247 = DIRECTION('',(-0.,-0.,1.));
#12248 = ORIENTED_EDGE('',*,*,#11943,.T.);
#12249 = PLANE('',#12250);
#12250 = AXIS2_PLACEMENT_3D('',#12251,#12252,#12253);
#12251 = CARTESIAN_POINT('',(0.,-27.6,122.));
#12252 = DIRECTION('',(0.,1.,0.));
#12253 = DIRECTION('',(0.,-0.,1.));
#12254 = ADVANCED_FACE('',(#12255),#12274,.T.);
#12255 = FACE_BOUND('',#12256,.T.);
#12256 = EDGE_LOOP('',(#12257,#12258,#12259,#12268));
#12257 = ORIENTED_EDGE('',*,*,#11979,.T.);
#12258 = ORIENTED_EDGE('',*,*,#12243,.F.);
#12259 = ORIENTED_EDGE('',*,*,#12260,.F.);
#12260 = EDGE_CURVE('',#12261,#12236,#12263,.T.);
#12261 = VERTEX_POINT('',#12262);
#12262 = CARTESIAN_POINT('',(17.149224022088,-21.66390412433,0.2));
#12263 = CIRCLE('',#12264,9.);
#12264 = AXIS2_PLACEMENT_3D('',#12265,#12266,#12267);
#12265 = CARTESIAN_POINT('',(8.686807610869,-18.6,0.2));
#12266 = DIRECTION('',(0.,0.,-1.));
#12267 = DIRECTION('',(1.,0.,0.));
#12268 = ORIENTED_EDGE('',*,*,#12269,.F.);
#12269 = EDGE_CURVE('',#11968,#12261,#12270,.T.);
#12270 = LINE('',#12271,#12272);
#12271 = CARTESIAN_POINT('',(17.149224022088,-21.66390412433,122.));
#12272 = VECTOR('',#12273,1.);
#12273 = DIRECTION('',(0.,0.,-1.));
#12274 = CYLINDRICAL_SURFACE('',#12275,9.);
#12275 = AXIS2_PLACEMENT_3D('',#12276,#12277,#12278);
#12276 = CARTESIAN_POINT('',(8.686807610869,-18.6,122.));
#12277 = DIRECTION('',(0.,0.,-1.));
#12278 = DIRECTION('',(-1.,0.,0.));
#12279 = ADVANCED_FACE('',(#12280),#12291,.F.);
#12280 = FACE_BOUND('',#12281,.T.);
#12281 = EDGE_LOOP('',(#12282,#12283,#12289,#12290));
#12282 = ORIENTED_EDGE('',*,*,#12269,.T.);
#12283 = ORIENTED_EDGE('',*,*,#12284,.T.);
#12284 = EDGE_CURVE('',#12261,#12013,#12285,.T.);
#12285 = LINE('',#12286,#12287);
#12286 = CARTESIAN_POINT('',(22.096309518183,-8.000194102437,0.2));
#12287 = VECTOR('',#12288,1.);
#12288 = DIRECTION('',(0.340433791593,0.940268490135,0.));
#12289 = ORIENTED_EDGE('',*,*,#12012,.F.);
#12290 = ORIENTED_EDGE('',*,*,#11997,.T.);
#12291 = PLANE('',#12292);
#12292 = AXIS2_PLACEMENT_3D('',#12293,#12294,#12295);
#12293 = CARTESIAN_POINT('',(22.096309518183,-8.000194102437,122.));
#12294 = DIRECTION('',(-0.940268490135,0.340433791593,0.));
#12295 = DIRECTION('',(-0.340433791593,-0.940268490135,0.));
#12296 = ADVANCED_FACE('',(#12297,#12312),#12327,.F.);
#12297 = FACE_BOUND('',#12298,.T.);
#12298 = EDGE_LOOP('',(#12299,#12300,#12301,#12302,#12303,#12304,#12305,
    #12306,#12307,#12308,#12309,#12310,#12311));
#12299 = ORIENTED_EDGE('',*,*,#9130,.F.);
#12300 = ORIENTED_EDGE('',*,*,#9392,.F.);
#12301 = ORIENTED_EDGE('',*,*,#9368,.F.);
#12302 = ORIENTED_EDGE('',*,*,#9343,.F.);
#12303 = ORIENTED_EDGE('',*,*,#9319,.F.);
#12304 = ORIENTED_EDGE('',*,*,#9294,.F.);
#12305 = ORIENTED_EDGE('',*,*,#9270,.F.);
#12306 = ORIENTED_EDGE('',*,*,#3497,.F.);
#12307 = ORIENTED_EDGE('',*,*,#9253,.F.);
#12308 = ORIENTED_EDGE('',*,*,#9228,.F.);
#12309 = ORIENTED_EDGE('',*,*,#9203,.F.);
#12310 = ORIENTED_EDGE('',*,*,#9179,.F.);
#12311 = ORIENTED_EDGE('',*,*,#9154,.F.);
#12312 = FACE_BOUND('',#12313,.T.);
#12313 = EDGE_LOOP('',(#12314,#12315,#12316,#12317,#12318,#12319,#12320,
    #12321,#12322,#12323,#12324,#12325,#12326));
#12314 = ORIENTED_EDGE('',*,*,#12284,.F.);
#12315 = ORIENTED_EDGE('',*,*,#12260,.T.);
#12316 = ORIENTED_EDGE('',*,*,#12235,.F.);
#12317 = ORIENTED_EDGE('',*,*,#12211,.T.);
#12318 = ORIENTED_EDGE('',*,*,#12186,.T.);
#12319 = ORIENTED_EDGE('',*,*,#4319,.F.);
#12320 = ORIENTED_EDGE('',*,*,#12170,.F.);
#12321 = ORIENTED_EDGE('',*,*,#12144,.F.);
#12322 = ORIENTED_EDGE('',*,*,#12120,.T.);
#12323 = ORIENTED_EDGE('',*,*,#12095,.T.);
#12324 = ORIENTED_EDGE('',*,*,#12071,.T.);
#12325 = ORIENTED_EDGE('',*,*,#12046,.T.);
#12326 = ORIENTED_EDGE('',*,*,#12020,.F.);
#12327 = PLANE('',#12328);
#12328 = AXIS2_PLACEMENT_3D('',#12329,#12330,#12331);
#12329 = CARTESIAN_POINT('',(0.,0.,0.2));
#12330 = DIRECTION('',(-0.,0.,1.));
#12331 = DIRECTION('',(1.,0.,0.));
#12332 = ADVANCED_FACE('',(#12333),#12337,.F.);
#12333 = FACE_BOUND('',#12334,.T.);
#12334 = EDGE_LOOP('',(#12335,#12336));
#12335 = ORIENTED_EDGE('',*,*,#7831,.T.);
#12336 = ORIENTED_EDGE('',*,*,#3165,.T.);
#12337 = PLANE('',#12338);
#12338 = AXIS2_PLACEMENT_3D('',#12339,#12340,#12341);
#12339 = CARTESIAN_POINT('',(4.55E-15,0.,-163.));
#12340 = DIRECTION('',(0.,0.,1.));
#12341 = DIRECTION('',(1.,0.,-0.));
#12342 = ADVANCED_FACE('',(#12343,#12353),#12357,.T.);
#12343 = FACE_BOUND('',#12344,.T.);
#12344 = EDGE_LOOP('',(#12345,#12352));
#12345 = ORIENTED_EDGE('',*,*,#12346,.F.);
#12346 = EDGE_CURVE('',#1674,#1666,#12347,.T.);
#12347 = CIRCLE('',#12348,1.25);
#12348 = AXIS2_PLACEMENT_3D('',#12349,#12350,#12351);
#12349 = CARTESIAN_POINT('',(-31.12027054483,9.737386393433,
    -210.9012663447));
#12350 = DIRECTION('',(-0.342020143326,-1.79E-15,-0.939692620786));
#12351 = DIRECTION('',(-0.939692620786,0.,0.342020143326));
#12352 = ORIENTED_EDGE('',*,*,#1673,.F.);
#12353 = FACE_BOUND('',#12354,.T.);
#12354 = EDGE_LOOP('',(#12355,#12356));
#12355 = ORIENTED_EDGE('',*,*,#1765,.T.);
#12356 = ORIENTED_EDGE('',*,*,#4437,.T.);
#12357 = PLANE('',#12358);
#12358 = AXIS2_PLACEMENT_3D('',#12359,#12360,#12361);
#12359 = CARTESIAN_POINT('',(-31.12027054483,9.737386393433,
    -210.9012663447));
#12360 = DIRECTION('',(-0.342020143326,-1.79E-15,-0.939692620786));
#12361 = DIRECTION('',(-0.939692620786,0.,0.342020143326));
#12362 = ADVANCED_FACE('',(#12363),#12397,.T.);
#12363 = FACE_BOUND('',#12364,.T.);
#12364 = EDGE_LOOP('',(#12365,#12375,#12383,#12391));
#12365 = ORIENTED_EDGE('',*,*,#12366,.F.);
#12366 = EDGE_CURVE('',#12367,#12369,#12371,.T.);
#12367 = VERTEX_POINT('',#12368);
#12368 = CARTESIAN_POINT('',(-30.27274393972,18.152736596809,
    -231.0597617995));
#12369 = VERTEX_POINT('',#12370);
#12370 = CARTESIAN_POINT('',(-27.61881108509,14.026772945791,
    -232.0257143623));
#12371 = LINE('',#12372,#12373);
#12372 = CARTESIAN_POINT('',(-30.27274393972,18.152736596809,
    -231.0597617995));
#12373 = VECTOR('',#12374,1.);
#12374 = DIRECTION('',(0.530786570925,-0.825192730204,-0.193190512565));
#12375 = ORIENTED_EDGE('',*,*,#12376,.T.);
#12376 = EDGE_CURVE('',#12367,#12377,#12379,.T.);
#12377 = VERTEX_POINT('',#12378);
#12378 = CARTESIAN_POINT('',(-29.39887959936,18.152736596809,
    -228.6588392566));
#12379 = LINE('',#12380,#12381);
#12380 = CARTESIAN_POINT('',(-30.27274393972,18.152736596809,
    -231.0597617995));
#12381 = VECTOR('',#12382,1.);
#12382 = DIRECTION('',(0.342020143326,1.87E-15,0.939692620786));
#12383 = ORIENTED_EDGE('',*,*,#12384,.F.);
#12384 = EDGE_CURVE('',#12385,#12377,#12387,.T.);
#12385 = VERTEX_POINT('',#12386);
#12386 = CARTESIAN_POINT('',(-26.74494674473,14.026772945791,
    -229.6247918195));
#12387 = LINE('',#12388,#12389);
#12388 = CARTESIAN_POINT('',(-26.74494674473,14.026772945791,
    -229.6247918195));
#12389 = VECTOR('',#12390,1.);
#12390 = DIRECTION('',(-0.530786570925,0.825192730204,0.193190512565));
#12391 = ORIENTED_EDGE('',*,*,#12392,.F.);
#12392 = EDGE_CURVE('',#12369,#12385,#12393,.T.);
#12393 = LINE('',#12394,#12395);
#12394 = CARTESIAN_POINT('',(-27.61881108509,14.026772945791,
    -232.0257143623));
#12395 = VECTOR('',#12396,1.);
#12396 = DIRECTION('',(0.342020143326,1.87E-15,0.939692620786));
#12397 = PLANE('',#12398);
#12398 = AXIS2_PLACEMENT_3D('',#12399,#12400,#12401);
#12399 = CARTESIAN_POINT('',(-30.27274393972,18.152736596809,
    -231.0597617995));
#12400 = DIRECTION('',(0.775427519298,0.564851270707,-0.282232535856));
#12401 = DIRECTION('',(0.342020143326,1.859623566247E-15,0.939692620786)
  );
#12402 = ADVANCED_FACE('',(#12403),#12428,.T.);
#12403 = FACE_BOUND('',#12404,.T.);
#12404 = EDGE_LOOP('',(#12405,#12406,#12414,#12422));
#12405 = ORIENTED_EDGE('',*,*,#12366,.T.);
#12406 = ORIENTED_EDGE('',*,*,#12407,.F.);
#12407 = EDGE_CURVE('',#12408,#12369,#12410,.T.);
#12408 = VERTEX_POINT('',#12409);
#12409 = CARTESIAN_POINT('',(-30.52182212919,12.784100150236,
    -234.6937269561));
#12410 = LINE('',#12411,#12412);
#12411 = CARTESIAN_POINT('',(-30.52182212919,12.784100150236,
    -234.6937269561));
#12412 = VECTOR('',#12413,1.);
#12413 = DIRECTION('',(0.702227215056,0.300597773551,0.645381993064));
#12414 = ORIENTED_EDGE('',*,*,#12415,.F.);
#12415 = EDGE_CURVE('',#12416,#12408,#12418,.T.);
#12416 = VERTEX_POINT('',#12417);
#12417 = CARTESIAN_POINT('',(-33.17575498381,16.910063801254,
    -233.7277743933));
#12418 = LINE('',#12419,#12420);
#12419 = CARTESIAN_POINT('',(-33.17575498381,16.910063801254,
    -233.7277743933));
#12420 = VECTOR('',#12421,1.);
#12421 = DIRECTION('',(0.530786570925,-0.825192730204,-0.193190512565));
#12422 = ORIENTED_EDGE('',*,*,#12423,.T.);
#12423 = EDGE_CURVE('',#12416,#12367,#12424,.T.);
#12424 = LINE('',#12425,#12426);
#12425 = CARTESIAN_POINT('',(-33.17575498381,16.910063801254,
    -233.7277743933));
#12426 = VECTOR('',#12427,1.);
#12427 = DIRECTION('',(0.702227215056,0.300597773551,0.645381993064));
#12428 = PLANE('',#12429);
#12429 = AXIS2_PLACEMENT_3D('',#12430,#12431,#12432);
#12430 = CARTESIAN_POINT('',(-33.17575498381,16.910063801254,
    -233.7277743933));
#12431 = DIRECTION('',(0.474491890933,0.478223730649,-0.739026054266));
#12432 = DIRECTION('',(0.702227215056,0.300597773551,0.645381993064));
#12433 = ADVANCED_FACE('',(#12434),#12459,.T.);
#12434 = FACE_BOUND('',#12435,.T.);
#12435 = EDGE_LOOP('',(#12436,#12437,#12445,#12453));
#12436 = ORIENTED_EDGE('',*,*,#12415,.T.);
#12437 = ORIENTED_EDGE('',*,*,#12438,.F.);
#12438 = EDGE_CURVE('',#12439,#12408,#12441,.T.);
#12439 = VERTEX_POINT('',#12440);
#12440 = CARTESIAN_POINT('',(-26.25369686709,12.162307753717,
    -220.3112290759));
#12441 = LINE('',#12442,#12443);
#12442 = CARTESIAN_POINT('',(-26.25369686709,12.162307753717,
    -220.3112290759));
#12443 = VECTOR('',#12444,1.);
#12444 = DIRECTION('',(-0.284251413114,4.14105389417E-02,-0.957855052399
    ));
#12445 = ORIENTED_EDGE('',*,*,#12446,.F.);
#12446 = EDGE_CURVE('',#12447,#12439,#12449,.T.);
#12447 = VERTEX_POINT('',#12448);
#12448 = CARTESIAN_POINT('',(-28.90762972172,16.288271404735,
    -219.3452765131));
#12449 = LINE('',#12450,#12451);
#12450 = CARTESIAN_POINT('',(-28.90762972172,16.288271404735,
    -219.3452765131));
#12451 = VECTOR('',#12452,1.);
#12452 = DIRECTION('',(0.530786570925,-0.825192730204,-0.193190512565));
#12453 = ORIENTED_EDGE('',*,*,#12454,.T.);
#12454 = EDGE_CURVE('',#12447,#12416,#12455,.T.);
#12455 = LINE('',#12456,#12457);
#12456 = CARTESIAN_POINT('',(-28.90762972172,16.288271404735,
    -219.3452765131));
#12457 = VECTOR('',#12458,1.);
#12458 = DIRECTION('',(-0.284251413114,4.14105389417E-02,-0.957855052399
    ));
#12459 = PLANE('',#12460);
#12460 = AXIS2_PLACEMENT_3D('',#12461,#12462,#12463);
#12461 = CARTESIAN_POINT('',(-28.90762972172,16.288271404735,
    -219.3452765131));
#12462 = DIRECTION('',(-0.798415149072,-0.563331274903,0.212582041687));
#12463 = DIRECTION('',(-0.284251413114,4.14105389417E-02,-0.957855052399
    ));
#12464 = ADVANCED_FACE('',(#12465),#12501,.T.);
#12465 = FACE_BOUND('',#12466,.T.);
#12466 = EDGE_LOOP('',(#12467,#12477,#12486,#12494));
#12467 = ORIENTED_EDGE('',*,*,#12468,.T.);
#12468 = EDGE_CURVE('',#12469,#12471,#12473,.T.);
#12469 = VERTEX_POINT('',#12470);
#12470 = CARTESIAN_POINT('',(-27.68399688264,16.736639052649,
    -217.8985276459));
#12471 = VERTEX_POINT('',#12472);
#12472 = CARTESIAN_POINT('',(-25.03006402801,12.610675401632,
    -218.8644802087));
#12473 = LINE('',#12474,#12475);
#12474 = CARTESIAN_POINT('',(-27.68399688264,16.736639052649,
    -217.8985276459));
#12475 = VECTOR('',#12476,1.);
#12476 = DIRECTION('',(0.530786570925,-0.825192730204,-0.193190512565));
#12477 = ORIENTED_EDGE('',*,*,#12478,.F.);
#12478 = EDGE_CURVE('',#12479,#12471,#12481,.T.);
#12479 = VERTEX_POINT('',#12480);
#12480 = CARTESIAN_POINT('',(-24.89314552629,12.779674784103,
    -219.2101626074));
#12481 = CIRCLE('',#12482,0.3);
#12482 = AXIS2_PLACEMENT_3D('',#12483,#12484,#12485);
#12483 = CARTESIAN_POINT('',(-25.13267007101,12.610675401632,
    -219.1463879949));
#12484 = DIRECTION('',(0.530786570925,-0.825192730204,-0.193190512565));
#12485 = DIRECTION('',(0.798415149073,0.563331274903,-0.212582041687));
#12486 = ORIENTED_EDGE('',*,*,#12487,.F.);
#12487 = EDGE_CURVE('',#12488,#12479,#12490,.T.);
#12488 = VERTEX_POINT('',#12489);
#12489 = CARTESIAN_POINT('',(-27.54707838091,16.905638435121,
    -218.2442100446));
#12490 = LINE('',#12491,#12492);
#12491 = CARTESIAN_POINT('',(-27.54707838091,16.905638435121,
    -218.2442100446));
#12492 = VECTOR('',#12493,1.);
#12493 = DIRECTION('',(0.530786570925,-0.825192730204,-0.193190512565));
#12494 = ORIENTED_EDGE('',*,*,#12495,.T.);
#12495 = EDGE_CURVE('',#12488,#12469,#12496,.T.);
#12496 = CIRCLE('',#12497,0.3);
#12497 = AXIS2_PLACEMENT_3D('',#12498,#12499,#12500);
#12498 = CARTESIAN_POINT('',(-27.78660292563,16.73663905265,
    -218.1804354321));
#12499 = DIRECTION('',(0.530786570925,-0.825192730204,-0.193190512565));
#12500 = DIRECTION('',(0.798415149073,0.563331274903,-0.212582041687));
#12501 = CYLINDRICAL_SURFACE('',#12502,0.3);
#12502 = AXIS2_PLACEMENT_3D('',#12503,#12504,#12505);
#12503 = CARTESIAN_POINT('',(-27.78660292563,16.73663905265,
    -218.1804354321));
#12504 = DIRECTION('',(-0.530786570925,0.825192730204,0.193190512565));
#12505 = DIRECTION('',(0.342020143326,2.942091015257E-15,0.939692620786)
  );
#12506 = ADVANCED_FACE('',(#12507),#12532,.T.);
#12507 = FACE_BOUND('',#12508,.T.);
#12508 = EDGE_LOOP('',(#12509,#12517,#12518,#12526));
#12509 = ORIENTED_EDGE('',*,*,#12510,.T.);
#12510 = EDGE_CURVE('',#12511,#12488,#12513,.T.);
#12511 = VERTEX_POINT('',#12512);
#12512 = CARTESIAN_POINT('',(-30.3180253498,17.309317720663,
    -227.5815974124));
#12513 = LINE('',#12514,#12515);
#12514 = CARTESIAN_POINT('',(-30.3180253498,17.309317720663,
    -227.5815974124));
#12515 = VECTOR('',#12516,1.);
#12516 = DIRECTION('',(0.284251413114,-4.14105389417E-02,0.957855052399)
  );
#12517 = ORIENTED_EDGE('',*,*,#12487,.T.);
#12518 = ORIENTED_EDGE('',*,*,#12519,.F.);
#12519 = EDGE_CURVE('',#12520,#12479,#12522,.T.);
#12520 = VERTEX_POINT('',#12521);
#12521 = CARTESIAN_POINT('',(-27.66409249518,13.183354069646,
    -228.5475499752));
#12522 = LINE('',#12523,#12524);
#12523 = CARTESIAN_POINT('',(-27.66409249518,13.183354069646,
    -228.5475499752));
#12524 = VECTOR('',#12525,1.);
#12525 = DIRECTION('',(0.284251413114,-4.14105389417E-02,0.957855052399)
  );
#12526 = ORIENTED_EDGE('',*,*,#12527,.F.);
#12527 = EDGE_CURVE('',#12511,#12520,#12528,.T.);
#12528 = LINE('',#12529,#12530);
#12529 = CARTESIAN_POINT('',(-30.3180253498,17.309317720663,
    -227.5815974124));
#12530 = VECTOR('',#12531,1.);
#12531 = DIRECTION('',(0.530786570925,-0.825192730204,-0.193190512565));
#12532 = PLANE('',#12533);
#12533 = AXIS2_PLACEMENT_3D('',#12534,#12535,#12536);
#12534 = CARTESIAN_POINT('',(-30.3180253498,17.309317720663,
    -227.5815974124));
#12535 = DIRECTION('',(0.798415149072,0.563331274903,-0.212582041687));
#12536 = DIRECTION('',(0.284251413114,-4.14105389417E-02,0.957855052399)
  );
#12537 = ADVANCED_FACE('',(#12538),#12563,.T.);
#12538 = FACE_BOUND('',#12539,.T.);
#12539 = EDGE_LOOP('',(#12540,#12548,#12556,#12562));
#12540 = ORIENTED_EDGE('',*,*,#12541,.T.);
#12541 = EDGE_CURVE('',#12520,#12542,#12544,.T.);
#12542 = VERTEX_POINT('',#12543);
#12543 = CARTESIAN_POINT('',(-27.27637873553,13.465779705,
    -228.6886662431));
#12544 = LINE('',#12545,#12546);
#12545 = CARTESIAN_POINT('',(-27.66409249518,13.183354069646,
    -228.5475499752));
#12546 = VECTOR('',#12547,1.);
#12547 = DIRECTION('',(0.775427519298,0.564851270707,-0.282232535856));
#12548 = ORIENTED_EDGE('',*,*,#12549,.T.);
#12549 = EDGE_CURVE('',#12542,#12550,#12552,.T.);
#12550 = VERTEX_POINT('',#12551);
#12551 = CARTESIAN_POINT('',(-29.93031159015,17.591743356017,
    -227.7227136803));
#12552 = LINE('',#12553,#12554);
#12553 = CARTESIAN_POINT('',(-27.27637873553,13.465779705,
    -228.6886662431));
#12554 = VECTOR('',#12555,1.);
#12555 = DIRECTION('',(-0.530786570925,0.825192730204,0.193190512565));
#12556 = ORIENTED_EDGE('',*,*,#12557,.F.);
#12557 = EDGE_CURVE('',#12511,#12550,#12558,.T.);
#12558 = LINE('',#12559,#12560);
#12559 = CARTESIAN_POINT('',(-30.3180253498,17.309317720663,
    -227.5815974124));
#12560 = VECTOR('',#12561,1.);
#12561 = DIRECTION('',(0.775427519298,0.564851270707,-0.282232535856));
#12562 = ORIENTED_EDGE('',*,*,#12527,.T.);
#12563 = PLANE('',#12564);
#12564 = AXIS2_PLACEMENT_3D('',#12565,#12566,#12567);
#12565 = CARTESIAN_POINT('',(-27.66409249518,13.183354069646,
    -228.5475499752));
#12566 = DIRECTION('',(0.342020143326,1.75E-15,0.939692620786));
#12567 = DIRECTION('',(-0.775427519298,-0.564851270707,0.282232535856));
#12568 = ADVANCED_FACE('',(#12569),#12594,.T.);
#12569 = FACE_BOUND('',#12570,.T.);
#12570 = EDGE_LOOP('',(#12571,#12581,#12587,#12588));
#12571 = ORIENTED_EDGE('',*,*,#12572,.T.);
#12572 = EDGE_CURVE('',#12573,#12575,#12577,.T.);
#12573 = VERTEX_POINT('',#12574);
#12574 = CARTESIAN_POINT('',(-27.37214437566,13.465779705,
    -228.9517801769));
#12575 = VERTEX_POINT('',#12576);
#12576 = CARTESIAN_POINT('',(-30.02607723028,17.591743356017,
    -227.9858276141));
#12577 = LINE('',#12578,#12579);
#12578 = CARTESIAN_POINT('',(-27.37214437566,13.465779705,
    -228.9517801769));
#12579 = VECTOR('',#12580,1.);
#12580 = DIRECTION('',(-0.530786570925,0.825192730204,0.193190512565));
#12581 = ORIENTED_EDGE('',*,*,#12582,.F.);
#12582 = EDGE_CURVE('',#12550,#12575,#12583,.T.);
#12583 = LINE('',#12584,#12585);
#12584 = CARTESIAN_POINT('',(-29.93031159015,17.591743356017,
    -227.7227136803));
#12585 = VECTOR('',#12586,1.);
#12586 = DIRECTION('',(-0.342020143326,-1.87E-15,-0.939692620786));
#12587 = ORIENTED_EDGE('',*,*,#12549,.F.);
#12588 = ORIENTED_EDGE('',*,*,#12589,.T.);
#12589 = EDGE_CURVE('',#12542,#12573,#12590,.T.);
#12590 = LINE('',#12591,#12592);
#12591 = CARTESIAN_POINT('',(-27.27637873553,13.465779705,
    -228.6886662431));
#12592 = VECTOR('',#12593,1.);
#12593 = DIRECTION('',(-0.342020143326,-1.87E-15,-0.939692620786));
#12594 = PLANE('',#12595);
#12595 = AXIS2_PLACEMENT_3D('',#12596,#12597,#12598);
#12596 = CARTESIAN_POINT('',(-27.27637873553,13.465779705,
    -228.6886662431));
#12597 = DIRECTION('',(0.775427519298,0.564851270707,-0.282232535856));
#12598 = DIRECTION('',(0.342020143326,1.859623566247E-15,0.939692620786)
  );
#12599 = ADVANCED_FACE('',(#12600),#12625,.T.);
#12600 = FACE_BOUND('',#12601,.T.);
#12601 = EDGE_LOOP('',(#12602,#12612,#12618,#12619));
#12602 = ORIENTED_EDGE('',*,*,#12603,.T.);
#12603 = EDGE_CURVE('',#12604,#12606,#12608,.T.);
#12604 = VERTEX_POINT('',#12605);
#12605 = CARTESIAN_POINT('',(-27.12710927956,13.644272706543,
    -229.0409656583));
#12606 = VERTEX_POINT('',#12607);
#12607 = CARTESIAN_POINT('',(-29.78104213418,17.770236357561,
    -228.0750130954));
#12608 = LINE('',#12609,#12610);
#12609 = CARTESIAN_POINT('',(-27.12710927956,13.644272706543,
    -229.0409656583));
#12610 = VECTOR('',#12611,1.);
#12611 = DIRECTION('',(-0.530786570925,0.825192730204,0.193190512565));
#12612 = ORIENTED_EDGE('',*,*,#12613,.F.);
#12613 = EDGE_CURVE('',#12575,#12606,#12614,.T.);
#12614 = LINE('',#12615,#12616);
#12615 = CARTESIAN_POINT('',(-30.02607723028,17.591743356017,
    -227.9858276141));
#12616 = VECTOR('',#12617,1.);
#12617 = DIRECTION('',(0.775427519298,0.564851270707,-0.282232535856));
#12618 = ORIENTED_EDGE('',*,*,#12572,.F.);
#12619 = ORIENTED_EDGE('',*,*,#12620,.T.);
#12620 = EDGE_CURVE('',#12573,#12604,#12621,.T.);
#12621 = LINE('',#12622,#12623);
#12622 = CARTESIAN_POINT('',(-27.37214437566,13.465779705,
    -228.9517801769));
#12623 = VECTOR('',#12624,1.);
#12624 = DIRECTION('',(0.775427519298,0.564851270707,-0.282232535856));
#12625 = PLANE('',#12626);
#12626 = AXIS2_PLACEMENT_3D('',#12627,#12628,#12629);
#12627 = CARTESIAN_POINT('',(-27.37214437566,13.465779705,
    -228.9517801769));
#12628 = DIRECTION('',(0.342020143326,1.75E-15,0.939692620786));
#12629 = DIRECTION('',(-0.775427519298,-0.564851270707,0.282232535856));
#12630 = ADVANCED_FACE('',(#12631),#12656,.T.);
#12631 = FACE_BOUND('',#12632,.T.);
#12632 = EDGE_LOOP('',(#12633,#12643,#12649,#12650));
#12633 = ORIENTED_EDGE('',*,*,#12634,.T.);
#12634 = EDGE_CURVE('',#12635,#12637,#12639,.T.);
#12635 = VERTEX_POINT('',#12636);
#12636 = CARTESIAN_POINT('',(-27.23518764485,13.644272706543,
    -229.3379085264));
#12637 = VERTEX_POINT('',#12638);
#12638 = CARTESIAN_POINT('',(-29.88912049947,17.770236357561,
    -228.3719559636));
#12639 = LINE('',#12640,#12641);
#12640 = CARTESIAN_POINT('',(-27.23518764485,13.644272706543,
    -229.3379085264));
#12641 = VECTOR('',#12642,1.);
#12642 = DIRECTION('',(-0.530786570925,0.825192730204,0.193190512565));
#12643 = ORIENTED_EDGE('',*,*,#12644,.F.);
#12644 = EDGE_CURVE('',#12606,#12637,#12645,.T.);
#12645 = LINE('',#12646,#12647);
#12646 = CARTESIAN_POINT('',(-29.78104213418,17.770236357561,
    -228.0750130954));
#12647 = VECTOR('',#12648,1.);
#12648 = DIRECTION('',(-0.342020143326,-1.87E-15,-0.939692620786));
#12649 = ORIENTED_EDGE('',*,*,#12603,.F.);
#12650 = ORIENTED_EDGE('',*,*,#12651,.T.);
#12651 = EDGE_CURVE('',#12604,#12635,#12652,.T.);
#12652 = LINE('',#12653,#12654);
#12653 = CARTESIAN_POINT('',(-27.12710927956,13.644272706543,
    -229.0409656583));
#12654 = VECTOR('',#12655,1.);
#12655 = DIRECTION('',(-0.342020143326,-1.87E-15,-0.939692620786));
#12656 = PLANE('',#12657);
#12657 = AXIS2_PLACEMENT_3D('',#12658,#12659,#12660);
#12658 = CARTESIAN_POINT('',(-27.12710927956,13.644272706543,
    -229.0409656583));
#12659 = DIRECTION('',(0.775427519298,0.564851270707,-0.282232535856));
#12660 = DIRECTION('',(0.342020143326,1.859623566247E-15,0.939692620786)
  );
#12661 = ADVANCED_FACE('',(#12662),#12687,.T.);
#12662 = FACE_BOUND('',#12663,.T.);
#12663 = EDGE_LOOP('',(#12664,#12674,#12680,#12681));
#12664 = ORIENTED_EDGE('',*,*,#12665,.T.);
#12665 = EDGE_CURVE('',#12666,#12668,#12670,.T.);
#12666 = VERTEX_POINT('',#12667);
#12667 = CARTESIAN_POINT('',(-26.88624526116,13.898455778361,
    -229.4649131676));
#12668 = VERTEX_POINT('',#12669);
#12669 = CARTESIAN_POINT('',(-29.54017811579,18.024419429379,
    -228.4989606047));
#12670 = LINE('',#12671,#12672);
#12671 = CARTESIAN_POINT('',(-26.88624526116,13.898455778361,
    -229.4649131676));
#12672 = VECTOR('',#12673,1.);
#12673 = DIRECTION('',(-0.530786570925,0.825192730204,0.193190512565));
#12674 = ORIENTED_EDGE('',*,*,#12675,.F.);
#12675 = EDGE_CURVE('',#12637,#12668,#12676,.T.);
#12676 = LINE('',#12677,#12678);
#12677 = CARTESIAN_POINT('',(-29.88912049947,17.770236357561,
    -228.3719559636));
#12678 = VECTOR('',#12679,1.);
#12679 = DIRECTION('',(0.775427519298,0.564851270707,-0.282232535856));
#12680 = ORIENTED_EDGE('',*,*,#12634,.F.);
#12681 = ORIENTED_EDGE('',*,*,#12682,.T.);
#12682 = EDGE_CURVE('',#12635,#12666,#12683,.T.);
#12683 = LINE('',#12684,#12685);
#12684 = CARTESIAN_POINT('',(-27.23518764485,13.644272706543,
    -229.3379085264));
#12685 = VECTOR('',#12686,1.);
#12686 = DIRECTION('',(0.775427519298,0.564851270707,-0.282232535856));
#12687 = PLANE('',#12688);
#12688 = AXIS2_PLACEMENT_3D('',#12689,#12690,#12691);
#12689 = CARTESIAN_POINT('',(-27.23518764485,13.644272706543,
    -229.3379085264));
#12690 = DIRECTION('',(0.342020143326,1.75E-15,0.939692620786));
#12691 = DIRECTION('',(-0.775427519298,-0.564851270707,0.282232535856));
#12692 = ADVANCED_FACE('',(#12693),#12718,.T.);
#12693 = FACE_BOUND('',#12694,.T.);
#12694 = EDGE_LOOP('',(#12695,#12705,#12711,#12712));
#12695 = ORIENTED_EDGE('',*,*,#12696,.T.);
#12696 = EDGE_CURVE('',#12697,#12699,#12701,.T.);
#12697 = VERTEX_POINT('',#12698);
#12698 = CARTESIAN_POINT('',(-26.971750297,13.898455778361,
    -229.6998363228));
#12699 = VERTEX_POINT('',#12700);
#12700 = CARTESIAN_POINT('',(-29.62568315162,18.024419429379,
    -228.7338837599));
#12701 = LINE('',#12702,#12703);
#12702 = CARTESIAN_POINT('',(-26.971750297,13.898455778361,
    -229.6998363228));
#12703 = VECTOR('',#12704,1.);
#12704 = DIRECTION('',(-0.530786570925,0.825192730204,0.193190512565));
#12705 = ORIENTED_EDGE('',*,*,#12706,.F.);
#12706 = EDGE_CURVE('',#12668,#12699,#12707,.T.);
#12707 = LINE('',#12708,#12709);
#12708 = CARTESIAN_POINT('',(-29.54017811579,18.024419429379,
    -228.4989606047));
#12709 = VECTOR('',#12710,1.);
#12710 = DIRECTION('',(-0.342020143326,-1.87E-15,-0.939692620786));
#12711 = ORIENTED_EDGE('',*,*,#12665,.F.);
#12712 = ORIENTED_EDGE('',*,*,#12713,.T.);
#12713 = EDGE_CURVE('',#12666,#12697,#12714,.T.);
#12714 = LINE('',#12715,#12716);
#12715 = CARTESIAN_POINT('',(-26.88624526116,13.898455778361,
    -229.4649131676));
#12716 = VECTOR('',#12717,1.);
#12717 = DIRECTION('',(-0.342020143326,-1.87E-15,-0.939692620786));
#12718 = PLANE('',#12719);
#12719 = AXIS2_PLACEMENT_3D('',#12720,#12721,#12722);
#12720 = CARTESIAN_POINT('',(-26.88624526116,13.898455778361,
    -229.4649131676));
#12721 = DIRECTION('',(0.775427519298,0.564851270707,-0.282232535856));
#12722 = DIRECTION('',(0.342020143326,1.859623566247E-15,0.939692620786)
  );
#12723 = ADVANCED_FACE('',(#12724),#12740,.T.);
#12724 = FACE_BOUND('',#12725,.T.);
#12725 = EDGE_LOOP('',(#12726,#12727,#12733,#12734));
#12726 = ORIENTED_EDGE('',*,*,#12384,.T.);
#12727 = ORIENTED_EDGE('',*,*,#12728,.F.);
#12728 = EDGE_CURVE('',#12699,#12377,#12729,.T.);
#12729 = LINE('',#12730,#12731);
#12730 = CARTESIAN_POINT('',(-29.62568315162,18.024419429379,
    -228.7338837599));
#12731 = VECTOR('',#12732,1.);
#12732 = DIRECTION('',(0.836368017275,0.473186481578,0.276736505237));
#12733 = ORIENTED_EDGE('',*,*,#12696,.F.);
#12734 = ORIENTED_EDGE('',*,*,#12735,.T.);
#12735 = EDGE_CURVE('',#12697,#12385,#12736,.T.);
#12736 = LINE('',#12737,#12738);
#12737 = CARTESIAN_POINT('',(-26.971750297,13.898455778361,
    -229.6998363228));
#12738 = VECTOR('',#12739,1.);
#12739 = DIRECTION('',(0.836368017275,0.473186481578,0.276736505237));
#12740 = PLANE('',#12741);
#12741 = AXIS2_PLACEMENT_3D('',#12742,#12743,#12744);
#12742 = CARTESIAN_POINT('',(-26.971750297,13.898455778361,
    -229.6998363228));
#12743 = DIRECTION('',(-0.136945813388,-0.308466386615,0.941325837595));
#12744 = DIRECTION('',(-0.836368017275,-0.473186481578,-0.276736505237)
  );
#12745 = ADVANCED_FACE('',(#12746),#12773,.F.);
#12746 = FACE_BOUND('',#12747,.F.);
#12747 = EDGE_LOOP('',(#12748,#12757,#12765,#12772));
#12748 = ORIENTED_EDGE('',*,*,#12749,.F.);
#12749 = EDGE_CURVE('',#12750,#12447,#12752,.T.);
#12750 = VERTEX_POINT('',#12751);
#12751 = CARTESIAN_POINT('',(-29.04454822344,16.119272022264,
    -218.9995941143));
#12752 = CIRCLE('',#12753,0.3);
#12753 = AXIS2_PLACEMENT_3D('',#12754,#12755,#12756);
#12754 = CARTESIAN_POINT('',(-29.14715426644,16.119272022264,
    -219.2815019006));
#12755 = DIRECTION('',(-0.530786570925,0.825192730204,0.193190512565));
#12756 = DIRECTION('',(0.342020143326,2.942091015257E-15,0.939692620786)
  );
#12757 = ORIENTED_EDGE('',*,*,#12758,.T.);
#12758 = EDGE_CURVE('',#12750,#12759,#12761,.T.);
#12759 = VERTEX_POINT('',#12760);
#12760 = CARTESIAN_POINT('',(-26.39061536882,11.993308371246,
    -219.9655466771));
#12761 = LINE('',#12762,#12763);
#12762 = CARTESIAN_POINT('',(-29.04454822344,16.119272022264,
    -218.9995941143));
#12763 = VECTOR('',#12764,1.);
#12764 = DIRECTION('',(0.530786570925,-0.825192730204,-0.193190512565));
#12765 = ORIENTED_EDGE('',*,*,#12766,.T.);
#12766 = EDGE_CURVE('',#12759,#12439,#12767,.T.);
#12767 = CIRCLE('',#12768,0.3);
#12768 = AXIS2_PLACEMENT_3D('',#12769,#12770,#12771);
#12769 = CARTESIAN_POINT('',(-26.49322141181,11.993308371246,
    -220.2474544634));
#12770 = DIRECTION('',(-0.530786570925,0.825192730204,0.193190512565));
#12771 = DIRECTION('',(0.342020143326,2.942091015257E-15,0.939692620786)
  );
#12772 = ORIENTED_EDGE('',*,*,#12446,.F.);
#12773 = CYLINDRICAL_SURFACE('',#12774,0.3);
#12774 = AXIS2_PLACEMENT_3D('',#12775,#12776,#12777);
#12775 = CARTESIAN_POINT('',(-29.14715426644,16.119272022264,
    -219.2815019006));
#12776 = DIRECTION('',(-0.530786570925,0.825192730204,0.193190512565));
#12777 = DIRECTION('',(0.342020143326,2.942091015257E-15,0.939692620786)
  );
#12778 = ADVANCED_FACE('',(#12779),#12813,.T.);
#12779 = FACE_BOUND('',#12780,.T.);
#12780 = EDGE_LOOP('',(#12781,#12791,#12799,#12807));
#12781 = ORIENTED_EDGE('',*,*,#12782,.T.);
#12782 = EDGE_CURVE('',#12783,#12785,#12787,.T.);
#12783 = VERTEX_POINT('',#12784);
#12784 = CARTESIAN_POINT('',(-47.48723486814,5.613038387115,
    -224.7941995035));
#12785 = VERTEX_POINT('',#12786);
#12786 = CARTESIAN_POINT('',(-44.83330201352,1.487074736097,
    -225.7601520663));
#12787 = LINE('',#12788,#12789);
#12788 = CARTESIAN_POINT('',(-47.48723486814,5.613038387115,
    -224.7941995035));
#12789 = VECTOR('',#12790,1.);
#12790 = DIRECTION('',(0.530786570925,-0.825192730204,-0.193190512565));
#12791 = ORIENTED_EDGE('',*,*,#12792,.F.);
#12792 = EDGE_CURVE('',#12793,#12785,#12795,.T.);
#12793 = VERTEX_POINT('',#12794);
#12794 = CARTESIAN_POINT('',(-43.95943767316,1.487074736097,
    -223.3592295235));
#12795 = LINE('',#12796,#12797);
#12796 = CARTESIAN_POINT('',(-43.95943767316,1.487074736097,
    -223.3592295235));
#12797 = VECTOR('',#12798,1.);
#12798 = DIRECTION('',(-0.342020143326,-1.87E-15,-0.939692620786));
#12799 = ORIENTED_EDGE('',*,*,#12800,.T.);
#12800 = EDGE_CURVE('',#12793,#12801,#12803,.T.);
#12801 = VERTEX_POINT('',#12802);
#12802 = CARTESIAN_POINT('',(-46.61337052778,5.613038387115,
    -222.3932769606));
#12803 = LINE('',#12804,#12805);
#12804 = CARTESIAN_POINT('',(-43.95943767316,1.487074736097,
    -223.3592295235));
#12805 = VECTOR('',#12806,1.);
#12806 = DIRECTION('',(-0.530786570925,0.825192730204,0.193190512565));
#12807 = ORIENTED_EDGE('',*,*,#12808,.T.);
#12808 = EDGE_CURVE('',#12801,#12783,#12809,.T.);
#12809 = LINE('',#12810,#12811);
#12810 = CARTESIAN_POINT('',(-46.61337052778,5.613038387115,
    -222.3932769606));
#12811 = VECTOR('',#12812,1.);
#12812 = DIRECTION('',(-0.342020143326,-1.87E-15,-0.939692620786));
#12813 = PLANE('',#12814);
#12814 = AXIS2_PLACEMENT_3D('',#12815,#12816,#12817);
#12815 = CARTESIAN_POINT('',(-46.80319458149,5.613038387115,
    -222.9148142619));
#12816 = DIRECTION('',(-0.775427519298,-0.564851270707,0.282232535856));
#12817 = DIRECTION('',(-0.342020143326,-1.859623566247E-15,
    -0.939692620786));
#12818 = ADVANCED_FACE('',(#12819),#12844,.T.);
#12819 = FACE_BOUND('',#12820,.T.);
#12820 = EDGE_LOOP('',(#12821,#12831,#12837,#12838));
#12821 = ORIENTED_EDGE('',*,*,#12822,.T.);
#12822 = EDGE_CURVE('',#12823,#12825,#12827,.T.);
#12823 = VERTEX_POINT('',#12824);
#12824 = CARTESIAN_POINT('',(-43.83393374916,1.615391903527,
    -223.5625034614));
#12825 = VERTEX_POINT('',#12826);
#12826 = CARTESIAN_POINT('',(-46.48786660378,5.741355554544,
    -222.5965508986));
#12827 = LINE('',#12828,#12829);
#12828 = CARTESIAN_POINT('',(-43.83393374916,1.615391903527,
    -223.5625034614));
#12829 = VECTOR('',#12830,1.);
#12830 = DIRECTION('',(-0.530786570925,0.825192730204,0.193190512565));
#12831 = ORIENTED_EDGE('',*,*,#12832,.F.);
#12832 = EDGE_CURVE('',#12801,#12825,#12833,.T.);
#12833 = LINE('',#12834,#12835);
#12834 = CARTESIAN_POINT('',(-46.61337052778,5.613038387115,
    -222.3932769606));
#12835 = VECTOR('',#12836,1.);
#12836 = DIRECTION('',(0.462812275322,0.473186481578,-0.749599460687));
#12837 = ORIENTED_EDGE('',*,*,#12800,.F.);
#12838 = ORIENTED_EDGE('',*,*,#12839,.T.);
#12839 = EDGE_CURVE('',#12793,#12823,#12840,.T.);
#12840 = LINE('',#12841,#12842);
#12841 = CARTESIAN_POINT('',(-43.95943767316,1.487074736097,
    -223.3592295235));
#12842 = VECTOR('',#12843,1.);
#12843 = DIRECTION('',(0.462812275322,0.473186481578,-0.749599460687));
#12844 = PLANE('',#12845);
#12845 = AXIS2_PLACEMENT_3D('',#12846,#12847,#12848);
#12846 = CARTESIAN_POINT('',(-43.95943767316,1.487074736097,
    -223.3592295235));
#12847 = DIRECTION('',(0.709979164439,0.308466386615,0.63307035501));
#12848 = DIRECTION('',(-0.462812275322,-0.473186481578,0.749599460687));
#12849 = ADVANCED_FACE('',(#12850),#12875,.T.);
#12850 = FACE_BOUND('',#12851,.T.);
#12851 = EDGE_LOOP('',(#12852,#12862,#12868,#12869));
#12852 = ORIENTED_EDGE('',*,*,#12853,.T.);
#12853 = EDGE_CURVE('',#12854,#12856,#12858,.T.);
#12854 = VERTEX_POINT('',#12855);
#12855 = CARTESIAN_POINT('',(-43.74842871333,1.615391903527,
    -223.3275803062));
#12856 = VERTEX_POINT('',#12857);
#12857 = CARTESIAN_POINT('',(-46.40236156795,5.741355554544,
    -222.3616277434));
#12858 = LINE('',#12859,#12860);
#12859 = CARTESIAN_POINT('',(-43.74842871333,1.615391903527,
    -223.3275803062));
#12860 = VECTOR('',#12861,1.);
#12861 = DIRECTION('',(-0.530786570925,0.825192730204,0.193190512565));
#12862 = ORIENTED_EDGE('',*,*,#12863,.F.);
#12863 = EDGE_CURVE('',#12825,#12856,#12864,.T.);
#12864 = LINE('',#12865,#12866);
#12865 = CARTESIAN_POINT('',(-46.48786660378,5.741355554544,
    -222.5965508986));
#12866 = VECTOR('',#12867,1.);
#12867 = DIRECTION('',(0.342020143326,1.87E-15,0.939692620786));
#12868 = ORIENTED_EDGE('',*,*,#12822,.F.);
#12869 = ORIENTED_EDGE('',*,*,#12870,.T.);
#12870 = EDGE_CURVE('',#12823,#12854,#12871,.T.);
#12871 = LINE('',#12872,#12873);
#12872 = CARTESIAN_POINT('',(-43.83393374916,1.615391903527,
    -223.5625034614));
#12873 = VECTOR('',#12874,1.);
#12874 = DIRECTION('',(0.342020143326,1.87E-15,0.939692620786));
#12875 = PLANE('',#12876);
#12876 = AXIS2_PLACEMENT_3D('',#12877,#12878,#12879);
#12877 = CARTESIAN_POINT('',(-43.83393374916,1.615391903527,
    -223.5625034614));
#12878 = DIRECTION('',(-0.775427519298,-0.564851270707,0.282232535856));
#12879 = DIRECTION('',(-0.342020143326,-1.859623566247E-15,
    -0.939692620786));
#12880 = ADVANCED_FACE('',(#12881),#12906,.T.);
#12881 = FACE_BOUND('',#12882,.T.);
#12882 = EDGE_LOOP('',(#12883,#12893,#12899,#12900));
#12883 = ORIENTED_EDGE('',*,*,#12884,.T.);
#12884 = EDGE_CURVE('',#12885,#12887,#12889,.T.);
#12885 = VERTEX_POINT('',#12886);
#12886 = CARTESIAN_POINT('',(-43.39948632964,1.869574975345,
    -223.4545849474));
#12887 = VERTEX_POINT('',#12888);
#12888 = CARTESIAN_POINT('',(-46.05341918427,5.995538626363,
    -222.4886323846));
#12889 = LINE('',#12890,#12891);
#12890 = CARTESIAN_POINT('',(-43.39948632964,1.869574975345,
    -223.4545849474));
#12891 = VECTOR('',#12892,1.);
#12892 = DIRECTION('',(-0.530786570925,0.825192730204,0.193190512565));
#12893 = ORIENTED_EDGE('',*,*,#12894,.F.);
#12894 = EDGE_CURVE('',#12856,#12887,#12895,.T.);
#12895 = LINE('',#12896,#12897);
#12896 = CARTESIAN_POINT('',(-46.40236156795,5.741355554544,
    -222.3616277434));
#12897 = VECTOR('',#12898,1.);
#12898 = DIRECTION('',(0.775427519298,0.564851270707,-0.282232535856));
#12899 = ORIENTED_EDGE('',*,*,#12853,.F.);
#12900 = ORIENTED_EDGE('',*,*,#12901,.T.);
#12901 = EDGE_CURVE('',#12854,#12885,#12902,.T.);
#12902 = LINE('',#12903,#12904);
#12903 = CARTESIAN_POINT('',(-43.74842871333,1.615391903527,
    -223.3275803062));
#12904 = VECTOR('',#12905,1.);
#12905 = DIRECTION('',(0.775427519298,0.564851270707,-0.282232535856));
#12906 = PLANE('',#12907);
#12907 = AXIS2_PLACEMENT_3D('',#12908,#12909,#12910);
#12908 = CARTESIAN_POINT('',(-43.74842871333,1.615391903527,
    -223.3275803062));
#12909 = DIRECTION('',(0.342020143326,1.75E-15,0.939692620786));
#12910 = DIRECTION('',(-0.775427519298,-0.564851270707,0.282232535856));
#12911 = ADVANCED_FACE('',(#12912),#12937,.T.);
#12912 = FACE_BOUND('',#12913,.T.);
#12913 = EDGE_LOOP('',(#12914,#12924,#12930,#12931));
#12914 = ORIENTED_EDGE('',*,*,#12915,.T.);
#12915 = EDGE_CURVE('',#12916,#12918,#12920,.T.);
#12916 = VERTEX_POINT('',#12917);
#12917 = CARTESIAN_POINT('',(-43.29140796435,1.869574975345,
    -223.1576420792));
#12918 = VERTEX_POINT('',#12919);
#12919 = CARTESIAN_POINT('',(-45.94534081898,5.995538626363,
    -222.1916895164));
#12920 = LINE('',#12921,#12922);
#12921 = CARTESIAN_POINT('',(-43.29140796435,1.869574975345,
    -223.1576420792));
#12922 = VECTOR('',#12923,1.);
#12923 = DIRECTION('',(-0.530786570925,0.825192730204,0.193190512565));
#12924 = ORIENTED_EDGE('',*,*,#12925,.F.);
#12925 = EDGE_CURVE('',#12887,#12918,#12926,.T.);
#12926 = LINE('',#12927,#12928);
#12927 = CARTESIAN_POINT('',(-46.05341918427,5.995538626363,
    -222.4886323846));
#12928 = VECTOR('',#12929,1.);
#12929 = DIRECTION('',(0.342020143326,1.87E-15,0.939692620786));
#12930 = ORIENTED_EDGE('',*,*,#12884,.F.);
#12931 = ORIENTED_EDGE('',*,*,#12932,.T.);
#12932 = EDGE_CURVE('',#12885,#12916,#12933,.T.);
#12933 = LINE('',#12934,#12935);
#12934 = CARTESIAN_POINT('',(-43.39948632964,1.869574975345,
    -223.4545849474));
#12935 = VECTOR('',#12936,1.);
#12936 = DIRECTION('',(0.342020143326,1.87E-15,0.939692620786));
#12937 = PLANE('',#12938);
#12938 = AXIS2_PLACEMENT_3D('',#12939,#12940,#12941);
#12939 = CARTESIAN_POINT('',(-43.39948632964,1.869574975345,
    -223.4545849474));
#12940 = DIRECTION('',(-0.775427519298,-0.564851270707,0.282232535856));
#12941 = DIRECTION('',(-0.342020143326,-1.859623566247E-15,
    -0.939692620786));
#12942 = ADVANCED_FACE('',(#12943),#12968,.T.);
#12943 = FACE_BOUND('',#12944,.T.);
#12944 = EDGE_LOOP('',(#12945,#12955,#12961,#12962));
#12945 = ORIENTED_EDGE('',*,*,#12946,.T.);
#12946 = EDGE_CURVE('',#12947,#12949,#12951,.T.);
#12947 = VERTEX_POINT('',#12948);
#12948 = CARTESIAN_POINT('',(-43.04637286825,2.048067976888,
    -223.2468275605));
#12949 = VERTEX_POINT('',#12950);
#12950 = CARTESIAN_POINT('',(-45.70030572288,6.174031627906,
    -222.2808749977));
#12951 = LINE('',#12952,#12953);
#12952 = CARTESIAN_POINT('',(-43.04637286825,2.048067976888,
    -223.2468275605));
#12953 = VECTOR('',#12954,1.);
#12954 = DIRECTION('',(-0.530786570925,0.825192730204,0.193190512565));
#12955 = ORIENTED_EDGE('',*,*,#12956,.F.);
#12956 = EDGE_CURVE('',#12918,#12949,#12957,.T.);
#12957 = LINE('',#12958,#12959);
#12958 = CARTESIAN_POINT('',(-45.94534081898,5.995538626363,
    -222.1916895164));
#12959 = VECTOR('',#12960,1.);
#12960 = DIRECTION('',(0.775427519298,0.564851270707,-0.282232535856));
#12961 = ORIENTED_EDGE('',*,*,#12915,.F.);
#12962 = ORIENTED_EDGE('',*,*,#12963,.T.);
#12963 = EDGE_CURVE('',#12916,#12947,#12964,.T.);
#12964 = LINE('',#12965,#12966);
#12965 = CARTESIAN_POINT('',(-43.29140796435,1.869574975345,
    -223.1576420792));
#12966 = VECTOR('',#12967,1.);
#12967 = DIRECTION('',(0.775427519298,0.564851270707,-0.282232535856));
#12968 = PLANE('',#12969);
#12969 = AXIS2_PLACEMENT_3D('',#12970,#12971,#12972);
#12970 = CARTESIAN_POINT('',(-43.29140796435,1.869574975345,
    -223.1576420792));
#12971 = DIRECTION('',(0.342020143326,1.75E-15,0.939692620786));
#12972 = DIRECTION('',(-0.775427519298,-0.564851270707,0.282232535856));
#12973 = ADVANCED_FACE('',(#12974),#12999,.T.);
#12974 = FACE_BOUND('',#12975,.T.);
#12975 = EDGE_LOOP('',(#12976,#12986,#12992,#12993));
#12976 = ORIENTED_EDGE('',*,*,#12977,.T.);
#12977 = EDGE_CURVE('',#12978,#12980,#12982,.T.);
#12978 = VERTEX_POINT('',#12979);
#12979 = CARTESIAN_POINT('',(-42.95060722812,2.048067976888,
    -222.9837136267));
#12980 = VERTEX_POINT('',#12981);
#12981 = CARTESIAN_POINT('',(-45.60454008275,6.174031627906,
    -222.0177610639));
#12982 = LINE('',#12983,#12984);
#12983 = CARTESIAN_POINT('',(-42.95060722812,2.048067976888,
    -222.9837136267));
#12984 = VECTOR('',#12985,1.);
#12985 = DIRECTION('',(-0.530786570925,0.825192730204,0.193190512565));
#12986 = ORIENTED_EDGE('',*,*,#12987,.F.);
#12987 = EDGE_CURVE('',#12949,#12980,#12988,.T.);
#12988 = LINE('',#12989,#12990);
#12989 = CARTESIAN_POINT('',(-45.70030572288,6.174031627906,
    -222.2808749977));
#12990 = VECTOR('',#12991,1.);
#12991 = DIRECTION('',(0.342020143326,1.87E-15,0.939692620786));
#12992 = ORIENTED_EDGE('',*,*,#12946,.F.);
#12993 = ORIENTED_EDGE('',*,*,#12994,.T.);
#12994 = EDGE_CURVE('',#12947,#12978,#12995,.T.);
#12995 = LINE('',#12996,#12997);
#12996 = CARTESIAN_POINT('',(-43.04637286825,2.048067976888,
    -223.2468275605));
#12997 = VECTOR('',#12998,1.);
#12998 = DIRECTION('',(0.342020143326,1.87E-15,0.939692620786));
#12999 = PLANE('',#13000);
#13000 = AXIS2_PLACEMENT_3D('',#13001,#13002,#13003);
#13001 = CARTESIAN_POINT('',(-43.04637286825,2.048067976888,
    -223.2468275605));
#13002 = DIRECTION('',(-0.775427519298,-0.564851270707,0.282232535856));
#13003 = DIRECTION('',(-0.342020143326,-1.859623566247E-15,
    -0.939692620786));
#13004 = ADVANCED_FACE('',(#13005),#13030,.T.);
#13005 = FACE_BOUND('',#13006,.T.);
#13006 = EDGE_LOOP('',(#13007,#13015,#13016,#13024));
#13007 = ORIENTED_EDGE('',*,*,#13008,.F.);
#13008 = EDGE_CURVE('',#12980,#13009,#13011,.T.);
#13009 = VERTEX_POINT('',#13010);
#13010 = CARTESIAN_POINT('',(-45.2168263231,6.45645726326,
    -222.1588773318));
#13011 = LINE('',#13012,#13013);
#13012 = CARTESIAN_POINT('',(-45.60454008275,6.174031627906,
    -222.0177610639));
#13013 = VECTOR('',#13014,1.);
#13014 = DIRECTION('',(0.775427519298,0.564851270707,-0.282232535856));
#13015 = ORIENTED_EDGE('',*,*,#12977,.F.);
#13016 = ORIENTED_EDGE('',*,*,#13017,.T.);
#13017 = EDGE_CURVE('',#12978,#13018,#13020,.T.);
#13018 = VERTEX_POINT('',#13019);
#13019 = CARTESIAN_POINT('',(-42.56289346847,2.330493612242,
    -223.1248298946));
#13020 = LINE('',#13021,#13022);
#13021 = CARTESIAN_POINT('',(-42.95060722812,2.048067976888,
    -222.9837136267));
#13022 = VECTOR('',#13023,1.);
#13023 = DIRECTION('',(0.775427519298,0.564851270707,-0.282232535856));
#13024 = ORIENTED_EDGE('',*,*,#13025,.F.);
#13025 = EDGE_CURVE('',#13009,#13018,#13026,.T.);
#13026 = LINE('',#13027,#13028);
#13027 = CARTESIAN_POINT('',(-45.2168263231,6.45645726326,
    -222.1588773318));
#13028 = VECTOR('',#13029,1.);
#13029 = DIRECTION('',(0.530786570925,-0.825192730204,-0.193190512565));
#13030 = PLANE('',#13031);
#13031 = AXIS2_PLACEMENT_3D('',#13032,#13033,#13034);
#13032 = CARTESIAN_POINT('',(-42.95060722812,2.048067976888,
    -222.9837136267));
#13033 = DIRECTION('',(0.342020143326,1.75E-15,0.939692620786));
#13034 = DIRECTION('',(-0.775427519298,-0.564851270707,0.282232535856));
#13035 = ADVANCED_FACE('',(#13036),#13061,.T.);
#13036 = FACE_BOUND('',#13037,.T.);
#13037 = EDGE_LOOP('',(#13038,#13046,#13054,#13060));
#13038 = ORIENTED_EDGE('',*,*,#13039,.F.);
#13039 = EDGE_CURVE('',#13040,#13018,#13042,.T.);
#13040 = VERTEX_POINT('',#13041);
#13041 = CARTESIAN_POINT('',(-38.68360508933,2.734172897785,
    -214.1908458096));
#13042 = LINE('',#13043,#13044);
#13043 = CARTESIAN_POINT('',(-38.68360508933,2.734172897785,
    -214.1908458096));
#13044 = VECTOR('',#13045,1.);
#13045 = DIRECTION('',(-0.397948144093,-4.14105389417E-02,-0.91647282659
    ));
#13046 = ORIENTED_EDGE('',*,*,#13047,.F.);
#13047 = EDGE_CURVE('',#13048,#13040,#13050,.T.);
#13048 = VERTEX_POINT('',#13049);
#13049 = CARTESIAN_POINT('',(-41.33753794395,6.860136548803,
    -213.2248932468));
#13050 = LINE('',#13051,#13052);
#13051 = CARTESIAN_POINT('',(-41.33753794395,6.860136548803,
    -213.2248932468));
#13052 = VECTOR('',#13053,1.);
#13053 = DIRECTION('',(0.530786570925,-0.825192730204,-0.193190512565));
#13054 = ORIENTED_EDGE('',*,*,#13055,.T.);
#13055 = EDGE_CURVE('',#13048,#13009,#13056,.T.);
#13056 = LINE('',#13057,#13058);
#13057 = CARTESIAN_POINT('',(-41.33753794395,6.860136548803,
    -213.2248932468));
#13058 = VECTOR('',#13059,1.);
#13059 = DIRECTION('',(-0.397948144093,-4.14105389417E-02,-0.91647282659
    ));
#13060 = ORIENTED_EDGE('',*,*,#13025,.T.);
#13061 = PLANE('',#13062);
#13062 = AXIS2_PLACEMENT_3D('',#13063,#13064,#13065);
#13063 = CARTESIAN_POINT('',(-41.33753794395,6.860136548803,
    -213.2248932468));
#13064 = DIRECTION('',(-0.748266590687,-0.563331274903,0.350364073469));
#13065 = DIRECTION('',(-0.397948144093,-4.14105389417E-02,-0.91647282659
    ));
#13066 = ADVANCED_FACE('',(#13067),#13103,.F.);
#13067 = FACE_BOUND('',#13068,.F.);
#13068 = EDGE_LOOP('',(#13069,#13080,#13088,#13097));
#13069 = ORIENTED_EDGE('',*,*,#13070,.F.);
#13070 = EDGE_CURVE('',#13071,#13073,#13075,.T.);
#13071 = VERTEX_POINT('',#13072);
#13072 = CARTESIAN_POINT('',(-41.00304703312,7.477503579189,
    -214.9429046407));
#13073 = VERTEX_POINT('',#13074);
#13074 = CARTESIAN_POINT('',(-40.67596101292,7.64650296166,
    -214.7661060765));
#13075 = CIRCLE('',#13076,0.3);
#13076 = AXIS2_PLACEMENT_3D('',#13077,#13078,#13079);
#13077 = CARTESIAN_POINT('',(-40.77856705592,7.64650296166,
    -215.0480138627));
#13078 = DIRECTION('',(-0.530786570925,0.825192730204,0.193190512565));
#13079 = DIRECTION('',(-0.748266590687,-0.563331274903,0.350364073469));
#13080 = ORIENTED_EDGE('',*,*,#13081,.T.);
#13081 = EDGE_CURVE('',#13071,#13082,#13084,.T.);
#13082 = VERTEX_POINT('',#13083);
#13083 = CARTESIAN_POINT('',(-38.3491141785,3.351539928171,
    -215.9088572035));
#13084 = LINE('',#13085,#13086);
#13085 = CARTESIAN_POINT('',(-41.00304703312,7.477503579189,
    -214.9429046407));
#13086 = VECTOR('',#13087,1.);
#13087 = DIRECTION('',(0.530786570925,-0.825192730204,-0.193190512565));
#13088 = ORIENTED_EDGE('',*,*,#13089,.T.);
#13089 = EDGE_CURVE('',#13082,#13090,#13092,.T.);
#13090 = VERTEX_POINT('',#13091);
#13091 = CARTESIAN_POINT('',(-38.02202815829,3.520539310642,
    -215.7320586393));
#13092 = CIRCLE('',#13093,0.3);
#13093 = AXIS2_PLACEMENT_3D('',#13094,#13095,#13096);
#13094 = CARTESIAN_POINT('',(-38.12463420129,3.520539310642,
    -216.0139664256));
#13095 = DIRECTION('',(-0.530786570925,0.825192730204,0.193190512565));
#13096 = DIRECTION('',(-0.748266590687,-0.563331274903,0.350364073469));
#13097 = ORIENTED_EDGE('',*,*,#13098,.F.);
#13098 = EDGE_CURVE('',#13073,#13090,#13099,.T.);
#13099 = LINE('',#13100,#13101);
#13100 = CARTESIAN_POINT('',(-40.67596101292,7.64650296166,
    -214.7661060765));
#13101 = VECTOR('',#13102,1.);
#13102 = DIRECTION('',(0.530786570925,-0.825192730204,-0.193190512565));
#13103 = CYLINDRICAL_SURFACE('',#13104,0.3);
#13104 = AXIS2_PLACEMENT_3D('',#13105,#13106,#13107);
#13105 = CARTESIAN_POINT('',(-40.77856705592,7.64650296166,
    -215.0480138627));
#13106 = DIRECTION('',(-0.530786570925,0.825192730204,0.193190512565));
#13107 = DIRECTION('',(0.342020143326,3.941291737419E-15,0.939692620786)
  );
#13108 = ADVANCED_FACE('',(#13109),#13134,.T.);
#13109 = FACE_BOUND('',#13110,.T.);
#13110 = EDGE_LOOP('',(#13111,#13112,#13120,#13128));
#13111 = ORIENTED_EDGE('',*,*,#13081,.T.);
#13112 = ORIENTED_EDGE('',*,*,#13113,.F.);
#13113 = EDGE_CURVE('',#13114,#13082,#13116,.T.);
#13114 = VERTEX_POINT('',#13115);
#13115 = CARTESIAN_POINT('',(-44.3244319727,2.729747531652,
    -229.6699878179));
#13116 = LINE('',#13117,#13118);
#13117 = CARTESIAN_POINT('',(-44.3244319727,2.729747531652,
    -229.6699878179));
#13118 = VECTOR('',#13119,1.);
#13119 = DIRECTION('',(0.397948144093,4.14105389417E-02,0.91647282659));
#13120 = ORIENTED_EDGE('',*,*,#13121,.F.);
#13121 = EDGE_CURVE('',#13122,#13114,#13124,.T.);
#13122 = VERTEX_POINT('',#13123);
#13123 = CARTESIAN_POINT('',(-46.97836482733,6.85571118267,
    -228.7040352551));
#13124 = LINE('',#13125,#13126);
#13125 = CARTESIAN_POINT('',(-46.97836482733,6.85571118267,
    -228.7040352551));
#13126 = VECTOR('',#13127,1.);
#13127 = DIRECTION('',(0.530786570925,-0.825192730204,-0.193190512565));
#13128 = ORIENTED_EDGE('',*,*,#13129,.T.);
#13129 = EDGE_CURVE('',#13122,#13071,#13130,.T.);
#13130 = LINE('',#13131,#13132);
#13131 = CARTESIAN_POINT('',(-46.97836482733,6.85571118267,
    -228.7040352551));
#13132 = VECTOR('',#13133,1.);
#13133 = DIRECTION('',(0.397948144093,4.14105389417E-02,0.91647282659));
#13134 = PLANE('',#13135);
#13135 = AXIS2_PLACEMENT_3D('',#13136,#13137,#13138);
#13136 = CARTESIAN_POINT('',(-46.97836482733,6.85571118267,
    -228.7040352551));
#13137 = DIRECTION('',(0.748266590687,0.563331274903,-0.350364073469));
#13138 = DIRECTION('',(0.397948144093,4.14105389417E-02,0.91647282659));
#13139 = ADVANCED_FACE('',(#13140),#13156,.T.);
#13140 = FACE_BOUND('',#13141,.T.);
#13141 = EDGE_LOOP('',(#13142,#13143,#13149,#13150));
#13142 = ORIENTED_EDGE('',*,*,#13121,.T.);
#13143 = ORIENTED_EDGE('',*,*,#13144,.F.);
#13144 = EDGE_CURVE('',#12785,#13114,#13145,.T.);
#13145 = LINE('',#13146,#13147);
#13146 = CARTESIAN_POINT('',(-44.83330201352,1.487074736097,
    -225.7601520663));
#13147 = VECTOR('',#13148,1.);
#13148 = DIRECTION('',(0.123093707244,0.300597773551,-0.945774242498));
#13149 = ORIENTED_EDGE('',*,*,#12782,.F.);
#13150 = ORIENTED_EDGE('',*,*,#13151,.T.);
#13151 = EDGE_CURVE('',#12783,#13122,#13152,.T.);
#13152 = LINE('',#13153,#13154);
#13153 = CARTESIAN_POINT('',(-47.48723486814,5.613038387115,
    -224.7941995035));
#13154 = VECTOR('',#13155,1.);
#13155 = DIRECTION('',(0.123093707244,0.300597773551,-0.945774242498));
#13156 = PLANE('',#13157);
#13157 = AXIS2_PLACEMENT_3D('',#13158,#13159,#13160);
#13158 = CARTESIAN_POINT('',(-47.48723486814,5.613038387115,
    -224.7941995035));
#13159 = DIRECTION('',(-0.838518667271,-0.478223730649,-0.261129293802)
  );
#13160 = DIRECTION('',(0.123093707244,0.300597773551,-0.945774242498));
#13161 = ADVANCED_FACE('',(#13162),#13189,.T.);
#13162 = FACE_BOUND('',#13163,.T.);
#13163 = EDGE_LOOP('',(#13164,#13165,#13174,#13182));
#13164 = ORIENTED_EDGE('',*,*,#13047,.T.);
#13165 = ORIENTED_EDGE('',*,*,#13166,.F.);
#13166 = EDGE_CURVE('',#13167,#13040,#13169,.T.);
#13167 = VERTEX_POINT('',#13168);
#13168 = CARTESIAN_POINT('',(-38.35651906912,2.903172280256,
    -214.0140472454));
#13169 = CIRCLE('',#13170,0.3);
#13170 = AXIS2_PLACEMENT_3D('',#13171,#13172,#13173);
#13171 = CARTESIAN_POINT('',(-38.45912511212,2.903172280256,
    -214.2959550317));
#13172 = DIRECTION('',(0.530786570925,-0.825192730204,-0.193190512565));
#13173 = DIRECTION('',(0.342020143326,3.524958103185E-15,0.939692620786)
  );
#13174 = ORIENTED_EDGE('',*,*,#13175,.F.);
#13175 = EDGE_CURVE('',#13176,#13167,#13178,.T.);
#13176 = VERTEX_POINT('',#13177);
#13177 = CARTESIAN_POINT('',(-41.01045192375,7.029135931274,
    -213.0480946826));
#13178 = LINE('',#13179,#13180);
#13179 = CARTESIAN_POINT('',(-41.01045192375,7.029135931274,
    -213.0480946826));
#13180 = VECTOR('',#13181,1.);
#13181 = DIRECTION('',(0.530786570925,-0.825192730204,-0.193190512565));
#13182 = ORIENTED_EDGE('',*,*,#13183,.T.);
#13183 = EDGE_CURVE('',#13176,#13048,#13184,.T.);
#13184 = CIRCLE('',#13185,0.3);
#13185 = AXIS2_PLACEMENT_3D('',#13186,#13187,#13188);
#13186 = CARTESIAN_POINT('',(-41.11305796674,7.029135931274,
    -213.3300024688));
#13187 = DIRECTION('',(0.530786570925,-0.825192730204,-0.193190512565));
#13188 = DIRECTION('',(0.342020143326,3.941291737419E-15,0.939692620786)
  );
#13189 = CYLINDRICAL_SURFACE('',#13190,0.3);
#13190 = AXIS2_PLACEMENT_3D('',#13191,#13192,#13193);
#13191 = CARTESIAN_POINT('',(-41.11305796674,7.029135931274,
    -213.3300024688));
#13192 = DIRECTION('',(-0.530786570925,0.825192730204,0.193190512565));
#13193 = DIRECTION('',(0.342020143326,3.941291737419E-15,0.939692620786)
  );
#13194 = ADVANCED_FACE('',(#13195),#13229,.T.);
#13195 = FACE_BOUND('',#13196,.T.);
#13196 = EDGE_LOOP('',(#13197,#13207,#13215,#13223));
#13197 = ORIENTED_EDGE('',*,*,#13198,.T.);
#13198 = EDGE_CURVE('',#13199,#13201,#13203,.T.);
#13199 = VERTEX_POINT('',#13200);
#13200 = CARTESIAN_POINT('',(-37.51178872781,3.743463578989,
    -234.4344638454));
#13201 = VERTEX_POINT('',#13202);
#13202 = CARTESIAN_POINT('',(-34.87533516219,5.663957899393,
    -235.3940544674));
#13203 = LINE('',#13204,#13205);
#13204 = CARTESIAN_POINT('',(-37.51178872781,3.743463578989,
    -234.4344638454));
#13205 = VECTOR('',#13206,1.);
#13206 = DIRECTION('',(0.775427519298,0.564851270707,-0.282232535856));
#13207 = ORIENTED_EDGE('',*,*,#13208,.F.);
#13208 = EDGE_CURVE('',#13209,#13201,#13211,.T.);
#13209 = VERTEX_POINT('',#13210);
#13210 = CARTESIAN_POINT('',(-34.53331501887,5.663957899393,
    -234.4543618466));
#13211 = LINE('',#13212,#13213);
#13212 = CARTESIAN_POINT('',(-34.53331501887,5.663957899393,
    -234.4543618466));
#13213 = VECTOR('',#13214,1.);
#13214 = DIRECTION('',(-0.342020143326,-1.87E-15,-0.939692620786));
#13215 = ORIENTED_EDGE('',*,*,#13216,.F.);
#13216 = EDGE_CURVE('',#13217,#13209,#13219,.T.);
#13217 = VERTEX_POINT('',#13218);
#13218 = CARTESIAN_POINT('',(-37.16976858448,3.743463578989,
    -233.4947712247));
#13219 = LINE('',#13220,#13221);
#13220 = CARTESIAN_POINT('',(-37.16976858448,3.743463578989,
    -233.4947712247));
#13221 = VECTOR('',#13222,1.);
#13222 = DIRECTION('',(0.775427519298,0.564851270707,-0.282232535856));
#13223 = ORIENTED_EDGE('',*,*,#13224,.T.);
#13224 = EDGE_CURVE('',#13217,#13199,#13225,.T.);
#13225 = LINE('',#13226,#13227);
#13226 = CARTESIAN_POINT('',(-37.16976858448,3.743463578989,
    -233.4947712247));
#13227 = VECTOR('',#13228,1.);
#13228 = DIRECTION('',(-0.342020143326,-1.87E-15,-0.939692620786));
#13229 = PLANE('',#13230);
#13230 = AXIS2_PLACEMENT_3D('',#13231,#13232,#13233);
#13231 = CARTESIAN_POINT('',(-37.16976858448,3.743463578989,
    -233.4947712247));
#13232 = DIRECTION('',(0.530786570925,-0.825192730204,-0.193190512565));
#13233 = DIRECTION('',(-0.342020143326,-1.7763568394E-15,-0.939692620786
    ));
#13234 = ADVANCED_FACE('',(#13235),#13254,.T.);
#13235 = FACE_BOUND('',#13236,.T.);
#13236 = EDGE_LOOP('',(#13237,#13248));
#13237 = ORIENTED_EDGE('',*,*,#13238,.T.);
#13238 = EDGE_CURVE('',#13239,#13241,#13243,.T.);
#13239 = VERTEX_POINT('',#13240);
#13240 = CARTESIAN_POINT('',(-35.66538821858,15.927265600116,
    -224.4647209466));
#13241 = VERTEX_POINT('',#13242);
#13242 = CARTESIAN_POINT('',(-35.04504620314,16.379146616682,
    -224.6905069753));
#13243 = CIRCLE('',#13244,0.4);
#13244 = AXIS2_PLACEMENT_3D('',#13245,#13246,#13247);
#13245 = CARTESIAN_POINT('',(-35.35521721086,16.153206108399,
    -224.5776139609));
#13246 = DIRECTION('',(-0.342020143326,-1.887379141863E-15,
    -0.939692620786));
#13247 = DIRECTION('',(-0.775427519298,-0.564851270707,0.282232535856));
#13248 = ORIENTED_EDGE('',*,*,#13249,.F.);
#13249 = EDGE_CURVE('',#13239,#13241,#13250,.T.);
#13250 = LINE('',#13251,#13252);
#13251 = CARTESIAN_POINT('',(-35.66538821858,15.927265600116,
    -224.4647209466));
#13252 = VECTOR('',#13253,1.);
#13253 = DIRECTION('',(0.775427519298,0.564851270707,-0.282232535856));
#13254 = PLANE('',#13255);
#13255 = AXIS2_PLACEMENT_3D('',#13256,#13257,#13258);
#13256 = CARTESIAN_POINT('',(-43.18703515578,10.448208274259,
    -221.7270653488));
#13257 = DIRECTION('',(-0.342020143326,-1.75E-15,-0.939692620786));
#13258 = DIRECTION('',(0.775427519298,0.564851270707,-0.282232535856));
#13259 = ADVANCED_FACE('',(#13260),#13286,.T.);
#13260 = FACE_BOUND('',#13261,.T.);
#13261 = EDGE_LOOP('',(#13262,#13273,#13279,#13280));
#13262 = ORIENTED_EDGE('',*,*,#13263,.T.);
#13263 = EDGE_CURVE('',#13264,#13266,#13268,.T.);
#13264 = VERTEX_POINT('',#13265);
#13265 = CARTESIAN_POINT('',(-31.93736865633,15.927265600116,
    -214.22207138));
#13266 = VERTEX_POINT('',#13267);
#13267 = CARTESIAN_POINT('',(-31.31702664089,16.379146616682,
    -214.4478574087));
#13268 = CIRCLE('',#13269,0.4);
#13269 = AXIS2_PLACEMENT_3D('',#13270,#13271,#13272);
#13270 = CARTESIAN_POINT('',(-31.62719764861,16.153206108399,
    -214.3349643944));
#13271 = DIRECTION('',(-0.342020143326,-1.887379141863E-15,
    -0.939692620786));
#13272 = DIRECTION('',(-0.775427519298,-0.564851270707,0.282232535856));
#13273 = ORIENTED_EDGE('',*,*,#13274,.T.);
#13274 = EDGE_CURVE('',#13266,#13241,#13275,.T.);
#13275 = LINE('',#13276,#13277);
#13276 = CARTESIAN_POINT('',(-31.31702664089,16.379146616682,
    -214.4478574087));
#13277 = VECTOR('',#13278,1.);
#13278 = DIRECTION('',(-0.342020143326,-1.87E-15,-0.939692620786));
#13279 = ORIENTED_EDGE('',*,*,#13238,.F.);
#13280 = ORIENTED_EDGE('',*,*,#13281,.F.);
#13281 = EDGE_CURVE('',#13264,#13239,#13282,.T.);
#13282 = LINE('',#13283,#13284);
#13283 = CARTESIAN_POINT('',(-31.93736865633,15.927265600116,
    -214.22207138));
#13284 = VECTOR('',#13285,1.);
#13285 = DIRECTION('',(-0.342020143326,-1.87E-15,-0.939692620786));
#13286 = CYLINDRICAL_SURFACE('',#13287,0.4);
#13287 = AXIS2_PLACEMENT_3D('',#13288,#13289,#13290);
#13288 = CARTESIAN_POINT('',(-31.62719764861,16.153206108399,
    -214.3349643944));
#13289 = DIRECTION('',(0.342020143326,1.87E-15,0.939692620786));
#13290 = DIRECTION('',(-0.775427519298,-0.564851270707,0.282232535856));
#13291 = ADVANCED_FACE('',(#13292),#13311,.T.);
#13292 = FACE_BOUND('',#13293,.T.);
#13293 = EDGE_LOOP('',(#13294,#13305));
#13294 = ORIENTED_EDGE('',*,*,#13295,.F.);
#13295 = EDGE_CURVE('',#13296,#13298,#13300,.T.);
#13296 = VERTEX_POINT('',#13297);
#13297 = CARTESIAN_POINT('',(-37.95289940051,14.260954351531,
    -223.6321349658));
#13298 = VERTEX_POINT('',#13299);
#13299 = CARTESIAN_POINT('',(-38.57324141595,13.809073334965,
    -223.4063489371));
#13300 = CIRCLE('',#13301,0.4);
#13301 = AXIS2_PLACEMENT_3D('',#13302,#13303,#13304);
#13302 = CARTESIAN_POINT('',(-38.26307040823,14.035013843248,
    -223.5192419515));
#13303 = DIRECTION('',(0.342020143326,1.887379141863E-15,0.939692620786)
  );
#13304 = DIRECTION('',(0.775427519298,0.564851270707,-0.282232535856));
#13305 = ORIENTED_EDGE('',*,*,#13306,.T.);
#13306 = EDGE_CURVE('',#13296,#13298,#13307,.T.);
#13307 = LINE('',#13308,#13309);
#13308 = CARTESIAN_POINT('',(-37.95289940051,14.260954351531,
    -223.6321349658));
#13309 = VECTOR('',#13310,1.);
#13310 = DIRECTION('',(-0.775427519298,-0.564851270707,0.282232535856));
#13311 = PLANE('',#13312);
#13312 = AXIS2_PLACEMENT_3D('',#13313,#13314,#13315);
#13313 = CARTESIAN_POINT('',(-43.18703515578,10.448208274259,
    -221.7270653488));
#13314 = DIRECTION('',(-0.342020143326,-1.75E-15,-0.939692620786));
#13315 = DIRECTION('',(0.775427519298,0.564851270707,-0.282232535856));
#13316 = ADVANCED_FACE('',(#13317),#13343,.T.);
#13317 = FACE_BOUND('',#13318,.T.);
#13318 = EDGE_LOOP('',(#13319,#13330,#13336,#13337));
#13319 = ORIENTED_EDGE('',*,*,#13320,.T.);
#13320 = EDGE_CURVE('',#13321,#13323,#13325,.T.);
#13321 = VERTEX_POINT('',#13322);
#13322 = CARTESIAN_POINT('',(-34.8452218537,13.809073334965,
    -213.1636993706));
#13323 = VERTEX_POINT('',#13324);
#13324 = CARTESIAN_POINT('',(-34.22487983826,14.260954351531,
    -213.3894853992));
#13325 = CIRCLE('',#13326,0.4);
#13326 = AXIS2_PLACEMENT_3D('',#13327,#13328,#13329);
#13327 = CARTESIAN_POINT('',(-34.53505084598,14.035013843248,
    -213.2765923849));
#13328 = DIRECTION('',(-0.342020143326,-1.887379141863E-15,
    -0.939692620786));
#13329 = DIRECTION('',(-0.775427519298,-0.564851270707,0.282232535856));
#13330 = ORIENTED_EDGE('',*,*,#13331,.T.);
#13331 = EDGE_CURVE('',#13323,#13296,#13332,.T.);
#13332 = LINE('',#13333,#13334);
#13333 = CARTESIAN_POINT('',(-34.22487983826,14.260954351531,
    -213.3894853992));
#13334 = VECTOR('',#13335,1.);
#13335 = DIRECTION('',(-0.342020143326,-1.87E-15,-0.939692620786));
#13336 = ORIENTED_EDGE('',*,*,#13295,.T.);
#13337 = ORIENTED_EDGE('',*,*,#13338,.F.);
#13338 = EDGE_CURVE('',#13321,#13298,#13339,.T.);
#13339 = LINE('',#13340,#13341);
#13340 = CARTESIAN_POINT('',(-34.8452218537,13.809073334965,
    -213.1636993706));
#13341 = VECTOR('',#13342,1.);
#13342 = DIRECTION('',(-0.342020143326,-1.87E-15,-0.939692620786));
#13343 = CYLINDRICAL_SURFACE('',#13344,0.4);
#13344 = AXIS2_PLACEMENT_3D('',#13345,#13346,#13347);
#13345 = CARTESIAN_POINT('',(-34.53505084598,14.035013843248,
    -213.2765923849));
#13346 = DIRECTION('',(0.342020143326,1.87E-15,0.939692620786));
#13347 = DIRECTION('',(-0.775427519298,-0.564851270707,0.282232535856));
#13348 = ADVANCED_FACE('',(#13349),#13368,.T.);
#13349 = FACE_BOUND('',#13350,.T.);
#13350 = EDGE_LOOP('',(#13351,#13362));
#13351 = ORIENTED_EDGE('',*,*,#13352,.F.);
#13352 = EDGE_CURVE('',#13353,#13355,#13357,.T.);
#13353 = VERTEX_POINT('',#13354);
#13354 = CARTESIAN_POINT('',(-38.65078416788,13.752588207895,
    -223.3781256835));
#13355 = VERTEX_POINT('',#13356);
#13356 = CARTESIAN_POINT('',(-39.27112618332,13.300707191329,
    -223.1523396548));
#13357 = CIRCLE('',#13358,0.4);
#13358 = AXIS2_PLACEMENT_3D('',#13359,#13360,#13361);
#13359 = CARTESIAN_POINT('',(-38.9609551756,13.526647699612,
    -223.2652326692));
#13360 = DIRECTION('',(0.342020143326,1.887379141863E-15,0.939692620786)
  );
#13361 = DIRECTION('',(0.775427519298,0.564851270707,-0.282232535856));
#13362 = ORIENTED_EDGE('',*,*,#13363,.T.);
#13363 = EDGE_CURVE('',#13353,#13355,#13364,.T.);
#13364 = LINE('',#13365,#13366);
#13365 = CARTESIAN_POINT('',(-38.65078416788,13.752588207895,
    -223.3781256835));
#13366 = VECTOR('',#13367,1.);
#13367 = DIRECTION('',(-0.775427519298,-0.564851270707,0.282232535856));
#13368 = PLANE('',#13369);
#13369 = AXIS2_PLACEMENT_3D('',#13370,#13371,#13372);
#13370 = CARTESIAN_POINT('',(-43.18703515578,10.448208274259,
    -221.7270653488));
#13371 = DIRECTION('',(-0.342020143326,-1.75E-15,-0.939692620786));
#13372 = DIRECTION('',(0.775427519298,0.564851270707,-0.282232535856));
#13373 = ADVANCED_FACE('',(#13374),#13400,.T.);
#13374 = FACE_BOUND('',#13375,.T.);
#13375 = EDGE_LOOP('',(#13376,#13387,#13393,#13394));
#13376 = ORIENTED_EDGE('',*,*,#13377,.T.);
#13377 = EDGE_CURVE('',#13378,#13380,#13382,.T.);
#13378 = VERTEX_POINT('',#13379);
#13379 = CARTESIAN_POINT('',(-35.54310662107,13.300707191329,
    -212.9096900883));
#13380 = VERTEX_POINT('',#13381);
#13381 = CARTESIAN_POINT('',(-34.92276460563,13.752588207895,
    -213.135476117));
#13382 = CIRCLE('',#13383,0.4);
#13383 = AXIS2_PLACEMENT_3D('',#13384,#13385,#13386);
#13384 = CARTESIAN_POINT('',(-35.23293561335,13.526647699612,
    -213.0225831026));
#13385 = DIRECTION('',(-0.342020143326,-1.887379141863E-15,
    -0.939692620786));
#13386 = DIRECTION('',(-0.775427519298,-0.564851270707,0.282232535856));
#13387 = ORIENTED_EDGE('',*,*,#13388,.T.);
#13388 = EDGE_CURVE('',#13380,#13353,#13389,.T.);
#13389 = LINE('',#13390,#13391);
#13390 = CARTESIAN_POINT('',(-34.92276460563,13.752588207895,
    -213.135476117));
#13391 = VECTOR('',#13392,1.);
#13392 = DIRECTION('',(-0.342020143326,-1.87E-15,-0.939692620786));
#13393 = ORIENTED_EDGE('',*,*,#13352,.T.);
#13394 = ORIENTED_EDGE('',*,*,#13395,.F.);
#13395 = EDGE_CURVE('',#13378,#13355,#13396,.T.);
#13396 = LINE('',#13397,#13398);
#13397 = CARTESIAN_POINT('',(-35.54310662107,13.300707191329,
    -212.9096900883));
#13398 = VECTOR('',#13399,1.);
#13399 = DIRECTION('',(-0.342020143326,-1.87E-15,-0.939692620786));
#13400 = CYLINDRICAL_SURFACE('',#13401,0.4);
#13401 = AXIS2_PLACEMENT_3D('',#13402,#13403,#13404);
#13402 = CARTESIAN_POINT('',(-35.23293561335,13.526647699612,
    -213.0225831026));
#13403 = DIRECTION('',(0.342020143326,1.87E-15,0.939692620786));
#13404 = DIRECTION('',(-0.775427519298,-0.564851270707,0.282232535856));
#13405 = ADVANCED_FACE('',(#13406),#13425,.T.);
#13406 = FACE_BOUND('',#13407,.T.);
#13407 = EDGE_LOOP('',(#13408,#13419));
#13408 = ORIENTED_EDGE('',*,*,#13409,.F.);
#13409 = EDGE_CURVE('',#13410,#13412,#13414,.T.);
#13410 = VERTEX_POINT('',#13411);
#13411 = CARTESIAN_POINT('',(-40.86075259788,12.14276208638,
    -222.5737629563));
#13412 = VERTEX_POINT('',#13413);
#13413 = CARTESIAN_POINT('',(-41.48109461332,11.690881069814,
    -222.3479769277));
#13414 = CIRCLE('',#13415,0.4);
#13415 = AXIS2_PLACEMENT_3D('',#13416,#13417,#13418);
#13416 = CARTESIAN_POINT('',(-41.1709236056,11.916821578097,
    -222.460869942));
#13417 = DIRECTION('',(0.342020143326,1.887379141863E-15,0.939692620786)
  );
#13418 = DIRECTION('',(0.775427519298,0.564851270707,-0.282232535856));
#13419 = ORIENTED_EDGE('',*,*,#13420,.T.);
#13420 = EDGE_CURVE('',#13410,#13412,#13421,.T.);
#13421 = LINE('',#13422,#13423);
#13422 = CARTESIAN_POINT('',(-40.86075259788,12.14276208638,
    -222.5737629563));
#13423 = VECTOR('',#13424,1.);
#13424 = DIRECTION('',(-0.775427519298,-0.564851270707,0.282232535856));
#13425 = PLANE('',#13426);
#13426 = AXIS2_PLACEMENT_3D('',#13427,#13428,#13429);
#13427 = CARTESIAN_POINT('',(-43.18703515578,10.448208274259,
    -221.7270653488));
#13428 = DIRECTION('',(-0.342020143326,-1.75E-15,-0.939692620786));
#13429 = DIRECTION('',(0.775427519298,0.564851270707,-0.282232535856));
#13430 = ADVANCED_FACE('',(#13431),#13457,.T.);
#13431 = FACE_BOUND('',#13432,.T.);
#13432 = EDGE_LOOP('',(#13433,#13444,#13450,#13451));
#13433 = ORIENTED_EDGE('',*,*,#13434,.T.);
#13434 = EDGE_CURVE('',#13435,#13437,#13439,.T.);
#13435 = VERTEX_POINT('',#13436);
#13436 = CARTESIAN_POINT('',(-37.75307505107,11.690881069814,
    -212.1053273611));
#13437 = VERTEX_POINT('',#13438);
#13438 = CARTESIAN_POINT('',(-37.13273303563,12.14276208638,
    -212.3311133898));
#13439 = CIRCLE('',#13440,0.4);
#13440 = AXIS2_PLACEMENT_3D('',#13441,#13442,#13443);
#13441 = CARTESIAN_POINT('',(-37.44290404335,11.916821578097,
    -212.2182203754));
#13442 = DIRECTION('',(-0.342020143326,-1.887379141863E-15,
    -0.939692620786));
#13443 = DIRECTION('',(-0.775427519298,-0.564851270707,0.282232535856));
#13444 = ORIENTED_EDGE('',*,*,#13445,.T.);
#13445 = EDGE_CURVE('',#13437,#13410,#13446,.T.);
#13446 = LINE('',#13447,#13448);
#13447 = CARTESIAN_POINT('',(-37.13273303563,12.14276208638,
    -212.3311133898));
#13448 = VECTOR('',#13449,1.);
#13449 = DIRECTION('',(-0.342020143326,-1.87E-15,-0.939692620786));
#13450 = ORIENTED_EDGE('',*,*,#13409,.T.);
#13451 = ORIENTED_EDGE('',*,*,#13452,.F.);
#13452 = EDGE_CURVE('',#13435,#13412,#13453,.T.);
#13453 = LINE('',#13454,#13455);
#13454 = CARTESIAN_POINT('',(-37.75307505107,11.690881069814,
    -212.1053273611));
#13455 = VECTOR('',#13456,1.);
#13456 = DIRECTION('',(-0.342020143326,-1.87E-15,-0.939692620786));
#13457 = CYLINDRICAL_SURFACE('',#13458,0.4);
#13458 = AXIS2_PLACEMENT_3D('',#13459,#13460,#13461);
#13459 = CARTESIAN_POINT('',(-37.44290404335,11.916821578097,
    -212.2182203754));
#13460 = DIRECTION('',(0.342020143326,1.87E-15,0.939692620786));
#13461 = DIRECTION('',(-0.775427519298,-0.564851270707,0.282232535856));
#13462 = ADVANCED_FACE('',(#13463),#13482,.T.);
#13463 = FACE_BOUND('',#13464,.T.);
#13464 = EDGE_LOOP('',(#13465,#13476));
#13465 = ORIENTED_EDGE('',*,*,#13466,.F.);
#13466 = EDGE_CURVE('',#13467,#13469,#13471,.T.);
#13467 = VERTEX_POINT('',#13468);
#13468 = CARTESIAN_POINT('',(-41.55863736525,11.634395942743,
    -222.3197536741));
#13469 = VERTEX_POINT('',#13470);
#13470 = CARTESIAN_POINT('',(-42.17897938069,11.182514926178,
    -222.0939676454));
#13471 = CIRCLE('',#13472,0.4);
#13472 = AXIS2_PLACEMENT_3D('',#13473,#13474,#13475);
#13473 = CARTESIAN_POINT('',(-41.86880837297,11.408455434461,
    -222.2068606597));
#13474 = DIRECTION('',(0.342020143326,1.887379141863E-15,0.939692620786)
  );
#13475 = DIRECTION('',(0.775427519298,0.564851270707,-0.282232535856));
#13476 = ORIENTED_EDGE('',*,*,#13477,.T.);
#13477 = EDGE_CURVE('',#13467,#13469,#13478,.T.);
#13478 = LINE('',#13479,#13480);
#13479 = CARTESIAN_POINT('',(-41.55863736525,11.634395942743,
    -222.3197536741));
#13480 = VECTOR('',#13481,1.);
#13481 = DIRECTION('',(-0.775427519298,-0.564851270707,0.282232535856));
#13482 = PLANE('',#13483);
#13483 = AXIS2_PLACEMENT_3D('',#13484,#13485,#13486);
#13484 = CARTESIAN_POINT('',(-43.18703515578,10.448208274259,
    -221.7270653488));
#13485 = DIRECTION('',(-0.342020143326,-1.75E-15,-0.939692620786));
#13486 = DIRECTION('',(0.775427519298,0.564851270707,-0.282232535856));
#13487 = ADVANCED_FACE('',(#13488),#13514,.T.);
#13488 = FACE_BOUND('',#13489,.T.);
#13489 = EDGE_LOOP('',(#13490,#13501,#13507,#13508));
#13490 = ORIENTED_EDGE('',*,*,#13491,.T.);
#13491 = EDGE_CURVE('',#13492,#13494,#13496,.T.);
#13492 = VERTEX_POINT('',#13493);
#13493 = CARTESIAN_POINT('',(-38.45095981844,11.182514926178,
    -211.8513180788));
#13494 = VERTEX_POINT('',#13495);
#13495 = CARTESIAN_POINT('',(-37.830617803,11.634395942743,
    -212.0771041075));
#13496 = CIRCLE('',#13497,0.4);
#13497 = AXIS2_PLACEMENT_3D('',#13498,#13499,#13500);
#13498 = CARTESIAN_POINT('',(-38.14078881072,11.408455434461,
    -211.9642110932));
#13499 = DIRECTION('',(-0.342020143326,-1.887379141863E-15,
    -0.939692620786));
#13500 = DIRECTION('',(-0.775427519298,-0.564851270707,0.282232535856));
#13501 = ORIENTED_EDGE('',*,*,#13502,.T.);
#13502 = EDGE_CURVE('',#13494,#13467,#13503,.T.);
#13503 = LINE('',#13504,#13505);
#13504 = CARTESIAN_POINT('',(-37.830617803,11.634395942743,
    -212.0771041075));
#13505 = VECTOR('',#13506,1.);
#13506 = DIRECTION('',(-0.342020143326,-1.87E-15,-0.939692620786));
#13507 = ORIENTED_EDGE('',*,*,#13466,.T.);
#13508 = ORIENTED_EDGE('',*,*,#13509,.F.);
#13509 = EDGE_CURVE('',#13492,#13469,#13510,.T.);
#13510 = LINE('',#13511,#13512);
#13511 = CARTESIAN_POINT('',(-38.45095981844,11.182514926178,
    -211.8513180788));
#13512 = VECTOR('',#13513,1.);
#13513 = DIRECTION('',(-0.342020143326,-1.87E-15,-0.939692620786));
#13514 = CYLINDRICAL_SURFACE('',#13515,0.4);
#13515 = AXIS2_PLACEMENT_3D('',#13516,#13517,#13518);
#13516 = CARTESIAN_POINT('',(-38.14078881072,11.408455434461,
    -211.9642110932));
#13517 = DIRECTION('',(0.342020143326,1.87E-15,0.939692620786));
#13518 = DIRECTION('',(-0.775427519298,-0.564851270707,0.282232535856));
#13519 = ADVANCED_FACE('',(#13520),#13539,.T.);
#13520 = FACE_BOUND('',#13521,.T.);
#13521 = EDGE_LOOP('',(#13522,#13533));
#13522 = ORIENTED_EDGE('',*,*,#13523,.F.);
#13523 = EDGE_CURVE('',#13524,#13526,#13528,.T.);
#13524 = VERTEX_POINT('',#13525);
#13525 = CARTESIAN_POINT('',(-42.25652213262,11.126029799107,
    -222.0657443918));
#13526 = VERTEX_POINT('',#13527);
#13527 = CARTESIAN_POINT('',(-42.87686414806,10.674148782542,
    -221.8399583631));
#13528 = CIRCLE('',#13529,0.4);
#13529 = AXIS2_PLACEMENT_3D('',#13530,#13531,#13532);
#13530 = CARTESIAN_POINT('',(-42.56669314034,10.900089290824,
    -221.9528513775));
#13531 = DIRECTION('',(0.342020143326,1.887379141863E-15,0.939692620786)
  );
#13532 = DIRECTION('',(0.775427519298,0.564851270707,-0.282232535856));
#13533 = ORIENTED_EDGE('',*,*,#13534,.T.);
#13534 = EDGE_CURVE('',#13524,#13526,#13535,.T.);
#13535 = LINE('',#13536,#13537);
#13536 = CARTESIAN_POINT('',(-42.25652213262,11.126029799107,
    -222.0657443918));
#13537 = VECTOR('',#13538,1.);
#13538 = DIRECTION('',(-0.775427519298,-0.564851270707,0.282232535856));
#13539 = PLANE('',#13540);
#13540 = AXIS2_PLACEMENT_3D('',#13541,#13542,#13543);
#13541 = CARTESIAN_POINT('',(-43.18703515578,10.448208274259,
    -221.7270653488));
#13542 = DIRECTION('',(-0.342020143326,-1.75E-15,-0.939692620786));
#13543 = DIRECTION('',(0.775427519298,0.564851270707,-0.282232535856));
#13544 = ADVANCED_FACE('',(#13545),#13571,.T.);
#13545 = FACE_BOUND('',#13546,.T.);
#13546 = EDGE_LOOP('',(#13547,#13558,#13564,#13565));
#13547 = ORIENTED_EDGE('',*,*,#13548,.T.);
#13548 = EDGE_CURVE('',#13549,#13551,#13553,.T.);
#13549 = VERTEX_POINT('',#13550);
#13550 = CARTESIAN_POINT('',(-39.14884458581,10.674148782542,
    -211.5973087966));
#13551 = VERTEX_POINT('',#13552);
#13552 = CARTESIAN_POINT('',(-38.52850257037,11.126029799107,
    -211.8230948252));
#13553 = CIRCLE('',#13554,0.4);
#13554 = AXIS2_PLACEMENT_3D('',#13555,#13556,#13557);
#13555 = CARTESIAN_POINT('',(-38.83867357809,10.900089290824,
    -211.7102018109));
#13556 = DIRECTION('',(-0.342020143326,-1.887379141863E-15,
    -0.939692620786));
#13557 = DIRECTION('',(-0.775427519298,-0.564851270707,0.282232535856));
#13558 = ORIENTED_EDGE('',*,*,#13559,.T.);
#13559 = EDGE_CURVE('',#13551,#13524,#13560,.T.);
#13560 = LINE('',#13561,#13562);
#13561 = CARTESIAN_POINT('',(-38.52850257037,11.126029799107,
    -211.8230948252));
#13562 = VECTOR('',#13563,1.);
#13563 = DIRECTION('',(-0.342020143326,-1.87E-15,-0.939692620786));
#13564 = ORIENTED_EDGE('',*,*,#13523,.T.);
#13565 = ORIENTED_EDGE('',*,*,#13566,.F.);
#13566 = EDGE_CURVE('',#13549,#13526,#13567,.T.);
#13567 = LINE('',#13568,#13569);
#13568 = CARTESIAN_POINT('',(-39.14884458581,10.674148782542,
    -211.5973087966));
#13569 = VECTOR('',#13570,1.);
#13570 = DIRECTION('',(-0.342020143326,-1.87E-15,-0.939692620786));
#13571 = CYLINDRICAL_SURFACE('',#13572,0.4);
#13572 = AXIS2_PLACEMENT_3D('',#13573,#13574,#13575);
#13573 = CARTESIAN_POINT('',(-38.83867357809,10.900089290824,
    -211.7102018109));
#13574 = DIRECTION('',(0.342020143326,1.87E-15,0.939692620786));
#13575 = DIRECTION('',(-0.775427519298,-0.564851270707,0.282232535856));
#13576 = ADVANCED_FACE('',(#13577),#13653,.T.);
#13577 = FACE_BOUND('',#13578,.T.);
#13578 = EDGE_LOOP('',(#13579,#13585,#13586,#13594,#13602,#13610,#13618,
    #13624,#13625,#13631,#13632,#13638,#13639,#13645,#13646,#13652));
#13579 = ORIENTED_EDGE('',*,*,#13580,.F.);
#13580 = EDGE_CURVE('',#13551,#13492,#13581,.T.);
#13581 = LINE('',#13582,#13583);
#13582 = CARTESIAN_POINT('',(-38.52850257037,11.126029799107,
    -211.8230948252));
#13583 = VECTOR('',#13584,1.);
#13584 = DIRECTION('',(0.775427519298,0.564851270707,-0.282232535856));
#13585 = ORIENTED_EDGE('',*,*,#13548,.F.);
#13586 = ORIENTED_EDGE('',*,*,#13587,.F.);
#13587 = EDGE_CURVE('',#13588,#13549,#13590,.T.);
#13588 = VERTEX_POINT('',#13589);
#13589 = CARTESIAN_POINT('',(-39.45901559353,10.448208274259,
    -211.4844157822));
#13590 = LINE('',#13591,#13592);
#13591 = CARTESIAN_POINT('',(-39.45901559353,10.448208274259,
    -211.4844157822));
#13592 = VECTOR('',#13593,1.);
#13593 = DIRECTION('',(0.775427519298,0.564851270707,-0.282232535856));
#13594 = ORIENTED_EDGE('',*,*,#13595,.T.);
#13595 = EDGE_CURVE('',#13588,#13596,#13598,.T.);
#13596 = VERTEX_POINT('',#13597);
#13597 = CARTESIAN_POINT('',(-39.98980216445,11.273401004462,
    -211.2912252696));
#13598 = LINE('',#13599,#13600);
#13599 = CARTESIAN_POINT('',(-39.45901559353,10.448208274259,
    -211.4844157822));
#13600 = VECTOR('',#13601,1.);
#13601 = DIRECTION('',(-0.530786570925,0.825192730204,0.193190512565));
#13602 = ORIENTED_EDGE('',*,*,#13603,.T.);
#13603 = EDGE_CURVE('',#13596,#13604,#13606,.T.);
#13604 = VERTEX_POINT('',#13605);
#13605 = CARTESIAN_POINT('',(-30.83975743673,17.938645998804,
    -214.6215691927));
#13606 = LINE('',#13607,#13608);
#13607 = CARTESIAN_POINT('',(-39.98980216445,11.273401004462,
    -211.2912252696));
#13608 = VECTOR('',#13609,1.);
#13609 = DIRECTION('',(0.775427519298,0.564851270707,-0.282232535856));
#13610 = ORIENTED_EDGE('',*,*,#13611,.T.);
#13611 = EDGE_CURVE('',#13604,#13612,#13614,.T.);
#13612 = VERTEX_POINT('',#13613);
#13613 = CARTESIAN_POINT('',(-30.30897086581,17.113453268601,
    -214.8147597053));
#13614 = LINE('',#13615,#13616);
#13615 = CARTESIAN_POINT('',(-30.83975743673,17.938645998804,
    -214.6215691927));
#13616 = VECTOR('',#13617,1.);
#13617 = DIRECTION('',(0.530786570925,-0.825192730204,-0.193190512565));
#13618 = ORIENTED_EDGE('',*,*,#13619,.F.);
#13619 = EDGE_CURVE('',#13266,#13612,#13620,.T.);
#13620 = LINE('',#13621,#13622);
#13621 = CARTESIAN_POINT('',(-31.31702664089,16.379146616682,
    -214.4478574087));
#13622 = VECTOR('',#13623,1.);
#13623 = DIRECTION('',(0.775427519298,0.564851270707,-0.282232535856));
#13624 = ORIENTED_EDGE('',*,*,#13263,.F.);
#13625 = ORIENTED_EDGE('',*,*,#13626,.F.);
#13626 = EDGE_CURVE('',#13323,#13264,#13627,.T.);
#13627 = LINE('',#13628,#13629);
#13628 = CARTESIAN_POINT('',(-34.22487983826,14.260954351531,
    -213.3894853992));
#13629 = VECTOR('',#13630,1.);
#13630 = DIRECTION('',(0.775427519298,0.564851270707,-0.282232535856));
#13631 = ORIENTED_EDGE('',*,*,#13320,.F.);
#13632 = ORIENTED_EDGE('',*,*,#13633,.F.);
#13633 = EDGE_CURVE('',#13380,#13321,#13634,.T.);
#13634 = LINE('',#13635,#13636);
#13635 = CARTESIAN_POINT('',(-34.92276460563,13.752588207895,
    -213.135476117));
#13636 = VECTOR('',#13637,1.);
#13637 = DIRECTION('',(0.775427519298,0.564851270707,-0.282232535856));
#13638 = ORIENTED_EDGE('',*,*,#13377,.F.);
#13639 = ORIENTED_EDGE('',*,*,#13640,.F.);
#13640 = EDGE_CURVE('',#13437,#13378,#13641,.T.);
#13641 = LINE('',#13642,#13643);
#13642 = CARTESIAN_POINT('',(-37.13273303563,12.14276208638,
    -212.3311133898));
#13643 = VECTOR('',#13644,1.);
#13644 = DIRECTION('',(0.775427519298,0.564851270707,-0.282232535856));
#13645 = ORIENTED_EDGE('',*,*,#13434,.F.);
#13646 = ORIENTED_EDGE('',*,*,#13647,.F.);
#13647 = EDGE_CURVE('',#13494,#13435,#13648,.T.);
#13648 = LINE('',#13649,#13650);
#13649 = CARTESIAN_POINT('',(-37.830617803,11.634395942743,
    -212.0771041075));
#13650 = VECTOR('',#13651,1.);
#13651 = DIRECTION('',(0.775427519298,0.564851270707,-0.282232535856));
#13652 = ORIENTED_EDGE('',*,*,#13491,.F.);
#13653 = PLANE('',#13654);
#13654 = AXIS2_PLACEMENT_3D('',#13655,#13656,#13657);
#13655 = CARTESIAN_POINT('',(-39.45901559353,10.448208274259,
    -211.4844157822));
#13656 = DIRECTION('',(-0.342020143326,-1.75E-15,-0.939692620786));
#13657 = DIRECTION('',(0.775427519298,0.564851270707,-0.282232535856));
#13658 = ADVANCED_FACE('',(#13659),#13684,.T.);
#13659 = FACE_BOUND('',#13660,.T.);
#13660 = EDGE_LOOP('',(#13661,#13669,#13677,#13683));
#13661 = ORIENTED_EDGE('',*,*,#13662,.F.);
#13662 = EDGE_CURVE('',#13663,#13604,#13665,.T.);
#13663 = VERTEX_POINT('',#13664);
#13664 = CARTESIAN_POINT('',(-34.56777699898,17.938645998804,
    -224.8642187593));
#13665 = LINE('',#13666,#13667);
#13666 = CARTESIAN_POINT('',(-34.56777699898,17.938645998804,
    -224.8642187593));
#13667 = VECTOR('',#13668,1.);
#13668 = DIRECTION('',(0.342020143326,1.87E-15,0.939692620786));
#13669 = ORIENTED_EDGE('',*,*,#13670,.F.);
#13670 = EDGE_CURVE('',#13671,#13663,#13673,.T.);
#13671 = VERTEX_POINT('',#13672);
#13672 = CARTESIAN_POINT('',(-34.03699042806,17.113453268601,
    -225.0574092719));
#13673 = LINE('',#13674,#13675);
#13674 = CARTESIAN_POINT('',(-34.03699042806,17.113453268601,
    -225.0574092719));
#13675 = VECTOR('',#13676,1.);
#13676 = DIRECTION('',(-0.530786570925,0.825192730204,0.193190512565));
#13677 = ORIENTED_EDGE('',*,*,#13678,.T.);
#13678 = EDGE_CURVE('',#13671,#13612,#13679,.T.);
#13679 = LINE('',#13680,#13681);
#13680 = CARTESIAN_POINT('',(-34.03699042806,17.113453268601,
    -225.0574092719));
#13681 = VECTOR('',#13682,1.);
#13682 = DIRECTION('',(0.342020143326,1.87E-15,0.939692620786));
#13683 = ORIENTED_EDGE('',*,*,#13611,.F.);
#13684 = PLANE('',#13685);
#13685 = AXIS2_PLACEMENT_3D('',#13686,#13687,#13688);
#13686 = CARTESIAN_POINT('',(-30.49773729341,17.938645998804,
    -213.681876572));
#13687 = DIRECTION('',(-0.775427519298,-0.564851270707,0.282232535856));
#13688 = DIRECTION('',(-0.342020143326,-1.859623566247E-15,
    -0.939692620786));
#13689 = ADVANCED_FACE('',(#13690),#13715,.T.);
#13690 = FACE_BOUND('',#13691,.T.);
#13691 = EDGE_LOOP('',(#13692,#13700,#13708,#13714));
#13692 = ORIENTED_EDGE('',*,*,#13693,.T.);
#13693 = EDGE_CURVE('',#13588,#13694,#13696,.T.);
#13694 = VERTEX_POINT('',#13695);
#13695 = CARTESIAN_POINT('',(-43.18703515578,10.448208274259,
    -221.7270653488));
#13696 = LINE('',#13697,#13698);
#13697 = CARTESIAN_POINT('',(-39.45901559353,10.448208274259,
    -211.4844157822));
#13698 = VECTOR('',#13699,1.);
#13699 = DIRECTION('',(-0.342020143326,-1.87E-15,-0.939692620786));
#13700 = ORIENTED_EDGE('',*,*,#13701,.F.);
#13701 = EDGE_CURVE('',#13702,#13694,#13704,.T.);
#13702 = VERTEX_POINT('',#13703);
#13703 = CARTESIAN_POINT('',(-43.7178217267,11.273401004462,
    -221.5338748362));
#13704 = LINE('',#13705,#13706);
#13705 = CARTESIAN_POINT('',(-43.7178217267,11.273401004462,
    -221.5338748362));
#13706 = VECTOR('',#13707,1.);
#13707 = DIRECTION('',(0.530786570925,-0.825192730204,-0.193190512565));
#13708 = ORIENTED_EDGE('',*,*,#13709,.T.);
#13709 = EDGE_CURVE('',#13702,#13596,#13710,.T.);
#13710 = LINE('',#13711,#13712);
#13711 = CARTESIAN_POINT('',(-43.7178217267,11.273401004462,
    -221.5338748362));
#13712 = VECTOR('',#13713,1.);
#13713 = DIRECTION('',(0.342020143326,1.87E-15,0.939692620786));
#13714 = ORIENTED_EDGE('',*,*,#13595,.F.);
#13715 = PLANE('',#13716);
#13716 = AXIS2_PLACEMENT_3D('',#13717,#13718,#13719);
#13717 = CARTESIAN_POINT('',(-39.1169954502,10.448208274259,
    -210.5447231614));
#13718 = DIRECTION('',(0.775427519298,0.564851270707,-0.282232535856));
#13719 = DIRECTION('',(0.342020143326,1.859623566247E-15,0.939692620786)
  );
#13720 = ADVANCED_FACE('',(#13721),#13762,.T.);
#13721 = FACE_BOUND('',#13722,.T.);
#13722 = EDGE_LOOP('',(#13723,#13724,#13732,#13740,#13748,#13756));
#13723 = ORIENTED_EDGE('',*,*,#13670,.T.);
#13724 = ORIENTED_EDGE('',*,*,#13725,.T.);
#13725 = EDGE_CURVE('',#13663,#13726,#13728,.T.);
#13726 = VERTEX_POINT('',#13727);
#13727 = CARTESIAN_POINT('',(-33.01692196038,19.068348540218,
    -225.428683831));
#13728 = LINE('',#13729,#13730);
#13729 = CARTESIAN_POINT('',(-34.56777699898,17.938645998804,
    -224.8642187593));
#13730 = VECTOR('',#13731,1.);
#13731 = DIRECTION('',(0.775427519298,0.564851270707,-0.282232535856));
#13732 = ORIENTED_EDGE('',*,*,#13733,.T.);
#13733 = EDGE_CURVE('',#13726,#13734,#13736,.T.);
#13734 = VERTEX_POINT('',#13735);
#13735 = CARTESIAN_POINT('',(-31.95534881853,17.417963079811,
    -225.8150648561));
#13736 = LINE('',#13737,#13738);
#13737 = CARTESIAN_POINT('',(-33.01692196038,19.068348540218,
    -225.428683831));
#13738 = VECTOR('',#13739,1.);
#13739 = DIRECTION('',(0.530786570925,-0.825192730204,-0.193190512565));
#13740 = ORIENTED_EDGE('',*,*,#13741,.T.);
#13741 = EDGE_CURVE('',#13734,#13742,#13744,.T.);
#13742 = VERTEX_POINT('',#13743);
#13743 = CARTESIAN_POINT('',(-32.73077633783,16.853111809104,
    -225.5328323203));
#13744 = LINE('',#13745,#13746);
#13745 = CARTESIAN_POINT('',(-31.95534881853,17.417963079811,
    -225.8150648561));
#13746 = VECTOR('',#13747,1.);
#13747 = DIRECTION('',(-0.775427519298,-0.564851270707,0.282232535856));
#13748 = ORIENTED_EDGE('',*,*,#13749,.F.);
#13749 = EDGE_CURVE('',#13750,#13742,#13752,.T.);
#13750 = VERTEX_POINT('',#13751);
#13751 = CARTESIAN_POINT('',(-33.26156290876,17.678304539308,
    -225.3396418077));
#13752 = LINE('',#13753,#13754);
#13753 = CARTESIAN_POINT('',(-33.26156290876,17.678304539308,
    -225.3396418077));
#13754 = VECTOR('',#13755,1.);
#13755 = DIRECTION('',(0.530786570925,-0.825192730204,-0.193190512565));
#13756 = ORIENTED_EDGE('',*,*,#13757,.F.);
#13757 = EDGE_CURVE('',#13671,#13750,#13758,.T.);
#13758 = LINE('',#13759,#13760);
#13759 = CARTESIAN_POINT('',(-34.03699042806,17.113453268601,
    -225.0574092719));
#13760 = VECTOR('',#13761,1.);
#13761 = DIRECTION('',(0.775427519298,0.564851270707,-0.282232535856));
#13762 = PLANE('',#13763);
#13763 = AXIS2_PLACEMENT_3D('',#13764,#13765,#13766);
#13764 = CARTESIAN_POINT('',(-39.14279936284,14.606023501633,
    -223.1990467978));
#13765 = DIRECTION('',(-0.342020143326,-1.75E-15,-0.939692620786));
#13766 = DIRECTION('',(0.775427519298,0.564851270707,-0.282232535856));
#13767 = ADVANCED_FACE('',(#13768),#13805,.T.);
#13768 = FACE_BOUND('',#13769,.T.);
#13769 = EDGE_LOOP('',(#13770,#13771,#13772,#13773,#13774,#13775,#13776,
    #13777,#13778,#13779,#13780,#13788,#13796,#13802,#13803,#13804));
#13770 = ORIENTED_EDGE('',*,*,#12582,.T.);
#13771 = ORIENTED_EDGE('',*,*,#12613,.T.);
#13772 = ORIENTED_EDGE('',*,*,#12644,.T.);
#13773 = ORIENTED_EDGE('',*,*,#12675,.T.);
#13774 = ORIENTED_EDGE('',*,*,#12706,.T.);
#13775 = ORIENTED_EDGE('',*,*,#12728,.T.);
#13776 = ORIENTED_EDGE('',*,*,#12376,.F.);
#13777 = ORIENTED_EDGE('',*,*,#12423,.F.);
#13778 = ORIENTED_EDGE('',*,*,#12454,.F.);
#13779 = ORIENTED_EDGE('',*,*,#12749,.F.);
#13780 = ORIENTED_EDGE('',*,*,#13781,.F.);
#13781 = EDGE_CURVE('',#13782,#12750,#13784,.T.);
#13782 = VERTEX_POINT('',#13783);
#13783 = CARTESIAN_POINT('',(-29.50980473502,15.78036125984,
    -218.8302545928));
#13784 = LINE('',#13785,#13786);
#13785 = CARTESIAN_POINT('',(-29.50980473502,15.78036125984,
    -218.8302545928));
#13786 = VECTOR('',#13787,1.);
#13787 = DIRECTION('',(0.775427519298,0.564851270707,-0.282232535856));
#13788 = ORIENTED_EDGE('',*,*,#13789,.F.);
#13789 = EDGE_CURVE('',#13790,#13782,#13792,.T.);
#13790 = VERTEX_POINT('',#13791);
#13791 = CARTESIAN_POINT('',(-28.99677452003,15.78036125984,
    -217.4207156616));
#13792 = LINE('',#13793,#13794);
#13793 = CARTESIAN_POINT('',(-28.99677452003,15.78036125984,
    -217.4207156616));
#13794 = VECTOR('',#13795,1.);
#13795 = DIRECTION('',(-0.342020143326,-1.87E-15,-0.939692620786));
#13796 = ORIENTED_EDGE('',*,*,#13797,.F.);
#13797 = EDGE_CURVE('',#12469,#13790,#13798,.T.);
#13798 = LINE('',#13799,#13800);
#13799 = CARTESIAN_POINT('',(-27.68399688264,16.736639052649,
    -217.8985276459));
#13800 = VECTOR('',#13801,1.);
#13801 = DIRECTION('',(-0.775427519298,-0.564851270707,0.282232535856));
#13802 = ORIENTED_EDGE('',*,*,#12495,.F.);
#13803 = ORIENTED_EDGE('',*,*,#12510,.F.);
#13804 = ORIENTED_EDGE('',*,*,#12557,.T.);
#13805 = PLANE('',#13806);
#13806 = AXIS2_PLACEMENT_3D('',#13807,#13808,#13809);
#13807 = CARTESIAN_POINT('',(-41.4954453987,11.882887491962,
    -235.1128869387));
#13808 = DIRECTION('',(-0.530786570925,0.825192730204,0.193190512565));
#13809 = DIRECTION('',(0.342020143326,1.7763568394E-15,0.939692620786));
#13810 = ADVANCED_FACE('',(#13811),#13829,.T.);
#13811 = FACE_BOUND('',#13812,.T.);
#13812 = EDGE_LOOP('',(#13813,#13821,#13822,#13823));
#13813 = ORIENTED_EDGE('',*,*,#13814,.F.);
#13814 = EDGE_CURVE('',#12471,#13815,#13817,.T.);
#13815 = VERTEX_POINT('',#13816);
#13816 = CARTESIAN_POINT('',(-26.34284166541,11.654397608822,
    -218.3866682245));
#13817 = LINE('',#13818,#13819);
#13818 = CARTESIAN_POINT('',(-25.03006402801,12.610675401632,
    -218.8644802087));
#13819 = VECTOR('',#13820,1.);
#13820 = DIRECTION('',(-0.775427519298,-0.564851270707,0.282232535856));
#13821 = ORIENTED_EDGE('',*,*,#12468,.F.);
#13822 = ORIENTED_EDGE('',*,*,#13797,.T.);
#13823 = ORIENTED_EDGE('',*,*,#13824,.T.);
#13824 = EDGE_CURVE('',#13790,#13815,#13825,.T.);
#13825 = LINE('',#13826,#13827);
#13826 = CARTESIAN_POINT('',(-28.99677452003,15.78036125984,
    -217.4207156616));
#13827 = VECTOR('',#13828,1.);
#13828 = DIRECTION('',(0.530786570925,-0.825192730204,-0.193190512565));
#13829 = PLANE('',#13830);
#13830 = AXIS2_PLACEMENT_3D('',#13831,#13832,#13833);
#13831 = CARTESIAN_POINT('',(-27.68399688264,16.736639052649,
    -217.8985276459));
#13832 = DIRECTION('',(0.342020143326,1.75E-15,0.939692620786));
#13833 = DIRECTION('',(-0.775427519298,-0.564851270707,0.282232535856));
#13834 = ADVANCED_FACE('',(#13835),#13865,.T.);
#13835 = FACE_BOUND('',#13836,.T.);
#13836 = EDGE_LOOP('',(#13837,#13838,#13839,#13840,#13841,#13842,#13843,
    #13844,#13845,#13846,#13847,#13855,#13861,#13862,#13863,#13864));
#13837 = ORIENTED_EDGE('',*,*,#12735,.F.);
#13838 = ORIENTED_EDGE('',*,*,#12713,.F.);
#13839 = ORIENTED_EDGE('',*,*,#12682,.F.);
#13840 = ORIENTED_EDGE('',*,*,#12651,.F.);
#13841 = ORIENTED_EDGE('',*,*,#12620,.F.);
#13842 = ORIENTED_EDGE('',*,*,#12589,.F.);
#13843 = ORIENTED_EDGE('',*,*,#12541,.F.);
#13844 = ORIENTED_EDGE('',*,*,#12519,.T.);
#13845 = ORIENTED_EDGE('',*,*,#12478,.T.);
#13846 = ORIENTED_EDGE('',*,*,#13814,.T.);
#13847 = ORIENTED_EDGE('',*,*,#13848,.T.);
#13848 = EDGE_CURVE('',#13815,#13849,#13851,.T.);
#13849 = VERTEX_POINT('',#13850);
#13850 = CARTESIAN_POINT('',(-26.8558718804,11.654397608822,
    -219.7962071556));
#13851 = LINE('',#13852,#13853);
#13852 = CARTESIAN_POINT('',(-26.34284166541,11.654397608822,
    -218.3866682245));
#13853 = VECTOR('',#13854,1.);
#13854 = DIRECTION('',(-0.342020143326,-1.87E-15,-0.939692620786));
#13855 = ORIENTED_EDGE('',*,*,#13856,.T.);
#13856 = EDGE_CURVE('',#13849,#12759,#13857,.T.);
#13857 = LINE('',#13858,#13859);
#13858 = CARTESIAN_POINT('',(-26.8558718804,11.654397608822,
    -219.7962071556));
#13859 = VECTOR('',#13860,1.);
#13860 = DIRECTION('',(0.775427519298,0.564851270707,-0.282232535856));
#13861 = ORIENTED_EDGE('',*,*,#12766,.T.);
#13862 = ORIENTED_EDGE('',*,*,#12438,.T.);
#13863 = ORIENTED_EDGE('',*,*,#12407,.T.);
#13864 = ORIENTED_EDGE('',*,*,#12392,.T.);
#13865 = PLANE('',#13866);
#13866 = AXIS2_PLACEMENT_3D('',#13867,#13868,#13869);
#13867 = CARTESIAN_POINT('',(-38.84151254407,7.756923840944,
    -236.0788395015));
#13868 = DIRECTION('',(0.530786570925,-0.825192730204,-0.193190512565));
#13869 = DIRECTION('',(-0.342020143326,-1.7763568394E-15,-0.939692620786
    ));
#13870 = ADVANCED_FACE('',(#13871),#13882,.T.);
#13871 = FACE_BOUND('',#13872,.T.);
#13872 = EDGE_LOOP('',(#13873,#13874,#13875,#13876));
#13873 = ORIENTED_EDGE('',*,*,#13781,.T.);
#13874 = ORIENTED_EDGE('',*,*,#12758,.T.);
#13875 = ORIENTED_EDGE('',*,*,#13856,.F.);
#13876 = ORIENTED_EDGE('',*,*,#13877,.F.);
#13877 = EDGE_CURVE('',#13782,#13849,#13878,.T.);
#13878 = LINE('',#13879,#13880);
#13879 = CARTESIAN_POINT('',(-29.50980473502,15.78036125984,
    -218.8302545928));
#13880 = VECTOR('',#13881,1.);
#13881 = DIRECTION('',(0.530786570925,-0.825192730204,-0.193190512565));
#13882 = PLANE('',#13883);
#13883 = AXIS2_PLACEMENT_3D('',#13884,#13885,#13886);
#13884 = CARTESIAN_POINT('',(-29.50980473502,15.78036125984,
    -218.8302545928));
#13885 = DIRECTION('',(-0.342020143326,-1.75E-15,-0.939692620786));
#13886 = DIRECTION('',(0.775427519298,0.564851270707,-0.282232535856));
#13887 = ADVANCED_FACE('',(#13888),#13913,.T.);
#13888 = FACE_BOUND('',#13889,.T.);
#13889 = EDGE_LOOP('',(#13890,#13898,#13899,#13907));
#13890 = ORIENTED_EDGE('',*,*,#13891,.F.);
#13891 = EDGE_CURVE('',#13199,#13892,#13894,.T.);
#13892 = VERTEX_POINT('',#13893);
#13893 = CARTESIAN_POINT('',(-38.93893021375,4.898733401274,
    -236.0433823694));
#13894 = LINE('',#13895,#13896);
#13895 = CARTESIAN_POINT('',(-37.51178872781,3.743463578989,
    -234.4344638454));
#13896 = VECTOR('',#13897,1.);
#13897 = DIRECTION('',(-0.584579930192,0.473216957614,-0.65903870618));
#13898 = ORIENTED_EDGE('',*,*,#13224,.F.);
#13899 = ORIENTED_EDGE('',*,*,#13900,.F.);
#13900 = EDGE_CURVE('',#13901,#13217,#13903,.T.);
#13901 = VERTEX_POINT('',#13902);
#13902 = CARTESIAN_POINT('',(-37.91286978378,4.898733401274,
    -233.2243045071));
#13903 = LINE('',#13904,#13905);
#13904 = CARTESIAN_POINT('',(-37.91286978378,4.898733401274,
    -233.2243045071));
#13905 = VECTOR('',#13906,1.);
#13906 = DIRECTION('',(0.530786570925,-0.825192730204,-0.193190512565));
#13907 = ORIENTED_EDGE('',*,*,#13908,.F.);
#13908 = EDGE_CURVE('',#13892,#13901,#13909,.T.);
#13909 = LINE('',#13910,#13911);
#13910 = CARTESIAN_POINT('',(-38.93893021375,4.898733401274,
    -236.0433823694));
#13911 = VECTOR('',#13912,1.);
#13912 = DIRECTION('',(0.342020143326,1.87E-15,0.939692620786));
#13913 = PLANE('',#13914);
#13914 = AXIS2_PLACEMENT_3D('',#13915,#13916,#13917);
#13915 = CARTESIAN_POINT('',(-44.56526786556,13.645776341431,
    -233.9955629362));
#13916 = DIRECTION('',(-0.775427519298,-0.564851270707,0.282232535856));
#13917 = DIRECTION('',(-0.342020143326,-1.859623566247E-15,
    -0.939692620786));
#13918 = ADVANCED_FACE('',(#13919),#13953,.T.);
#13919 = FACE_BOUND('',#13920,.T.);
#13920 = EDGE_LOOP('',(#13921,#13931,#13939,#13947));
#13921 = ORIENTED_EDGE('',*,*,#13922,.T.);
#13922 = EDGE_CURVE('',#13923,#13925,#13927,.T.);
#13923 = VERTEX_POINT('',#13924);
#13924 = CARTESIAN_POINT('',(-28.0049588544,7.158138484102,
    -215.6533514968));
#13925 = VERTEX_POINT('',#13926);
#13926 = CARTESIAN_POINT('',(-25.21341978493,9.191603058647,
    -216.6693886259));
#13927 = LINE('',#13928,#13929);
#13928 = CARTESIAN_POINT('',(-28.0049588544,7.158138484102,
    -215.6533514968));
#13929 = VECTOR('',#13930,1.);
#13930 = DIRECTION('',(0.775427519298,0.564851270707,-0.282232535856));
#13931 = ORIENTED_EDGE('',*,*,#13932,.T.);
#13932 = EDGE_CURVE('',#13925,#13933,#13935,.T.);
#13933 = VERTEX_POINT('',#13934);
#13934 = CARTESIAN_POINT('',(-24.682633214,8.366410328444,
    -216.8625791385));
#13935 = LINE('',#13936,#13937);
#13936 = CARTESIAN_POINT('',(-25.21341978493,9.191603058647,
    -216.6693886259));
#13937 = VECTOR('',#13938,1.);
#13938 = DIRECTION('',(0.530786570925,-0.825192730204,-0.193190512565));
#13939 = ORIENTED_EDGE('',*,*,#13940,.F.);
#13940 = EDGE_CURVE('',#13941,#13933,#13943,.T.);
#13941 = VERTEX_POINT('',#13942);
#13942 = CARTESIAN_POINT('',(-27.47417228348,6.332945753898,
    -215.8465420094));
#13943 = LINE('',#13944,#13945);
#13944 = CARTESIAN_POINT('',(-27.47417228348,6.332945753898,
    -215.8465420094));
#13945 = VECTOR('',#13946,1.);
#13946 = DIRECTION('',(0.775427519298,0.564851270707,-0.282232535856));
#13947 = ORIENTED_EDGE('',*,*,#13948,.T.);
#13948 = EDGE_CURVE('',#13941,#13923,#13949,.T.);
#13949 = LINE('',#13950,#13951);
#13950 = CARTESIAN_POINT('',(-27.47417228348,6.332945753898,
    -215.8465420094));
#13951 = VECTOR('',#13952,1.);
#13952 = DIRECTION('',(-0.530786570925,0.825192730204,0.193190512565));
#13953 = PLANE('',#13954);
#13954 = AXIS2_PLACEMENT_3D('',#13955,#13956,#13957);
#13955 = CARTESIAN_POINT('',(-33.83267794172,1.701165334101,
    -213.5322352154));
#13956 = DIRECTION('',(-0.342020143326,-1.75E-15,-0.939692620786));
#13957 = DIRECTION('',(0.775427519298,0.564851270707,-0.282232535856));
#13958 = ADVANCED_FACE('',(#13959),#13984,.T.);
#13959 = FACE_BOUND('',#13960,.T.);
#13960 = EDGE_LOOP('',(#13961,#13969,#13977,#13983));
#13961 = ORIENTED_EDGE('',*,*,#13962,.F.);
#13962 = EDGE_CURVE('',#13963,#13925,#13965,.T.);
#13963 = VERTEX_POINT('',#13964);
#13964 = CARTESIAN_POINT('',(-28.94143934718,9.191603058647,
    -226.9120381925));
#13965 = LINE('',#13966,#13967);
#13966 = CARTESIAN_POINT('',(-28.94143934718,9.191603058647,
    -226.9120381925));
#13967 = VECTOR('',#13968,1.);
#13968 = DIRECTION('',(0.342020143326,1.87E-15,0.939692620786));
#13969 = ORIENTED_EDGE('',*,*,#13970,.F.);
#13970 = EDGE_CURVE('',#13971,#13963,#13973,.T.);
#13971 = VERTEX_POINT('',#13972);
#13972 = CARTESIAN_POINT('',(-28.41065277625,8.366410328443,
    -227.1052287051));
#13973 = LINE('',#13974,#13975);
#13974 = CARTESIAN_POINT('',(-28.41065277625,8.366410328443,
    -227.1052287051));
#13975 = VECTOR('',#13976,1.);
#13976 = DIRECTION('',(-0.530786570925,0.825192730204,0.193190512565));
#13977 = ORIENTED_EDGE('',*,*,#13978,.T.);
#13978 = EDGE_CURVE('',#13971,#13933,#13979,.T.);
#13979 = LINE('',#13980,#13981);
#13980 = CARTESIAN_POINT('',(-28.41065277625,8.366410328443,
    -227.1052287051));
#13981 = VECTOR('',#13982,1.);
#13982 = DIRECTION('',(0.342020143326,1.87E-15,0.939692620786));
#13983 = ORIENTED_EDGE('',*,*,#13932,.F.);
#13984 = PLANE('',#13985);
#13985 = AXIS2_PLACEMENT_3D('',#13986,#13987,#13988);
#13986 = CARTESIAN_POINT('',(-24.8713996416,9.191603058647,
    -215.7296960051));
#13987 = DIRECTION('',(-0.775427519298,-0.564851270707,0.282232535856));
#13988 = DIRECTION('',(-0.342020143326,-1.859623566247E-15,
    -0.939692620786));
#13989 = ADVANCED_FACE('',(#13990),#14031,.T.);
#13990 = FACE_BOUND('',#13991,.T.);
#13991 = EDGE_LOOP('',(#13992,#14002,#14010,#14016,#14017,#14025));
#13992 = ORIENTED_EDGE('',*,*,#13993,.T.);
#13993 = EDGE_CURVE('',#13994,#13996,#13998,.T.);
#13994 = VERTEX_POINT('',#13995);
#13995 = CARTESIAN_POINT('',(-28.6967983988,10.581647059557,
    -227.0010802158));
#13996 = VERTEX_POINT('',#13997);
#13997 = CARTESIAN_POINT('',(-27.92137087951,11.146498330264,
    -227.2833127516));
#13998 = LINE('',#13999,#14000);
#13999 = CARTESIAN_POINT('',(-28.6967983988,10.581647059557,
    -227.0010802158));
#14000 = VECTOR('',#14001,1.);
#14001 = DIRECTION('',(0.775427519298,0.564851270707,-0.282232535856));
#14002 = ORIENTED_EDGE('',*,*,#14003,.T.);
#14003 = EDGE_CURVE('',#13996,#14004,#14006,.T.);
#14004 = VERTEX_POINT('',#14005);
#14005 = CARTESIAN_POINT('',(-26.85979773766,9.496112869857,
    -227.6696937768));
#14006 = LINE('',#14007,#14008);
#14007 = CARTESIAN_POINT('',(-27.92137087951,11.146498330264,
    -227.2833127516));
#14008 = VECTOR('',#14009,1.);
#14009 = DIRECTION('',(0.530786570925,-0.825192730204,-0.193190512565));
#14010 = ORIENTED_EDGE('',*,*,#14011,.T.);
#14011 = EDGE_CURVE('',#14004,#13971,#14012,.T.);
#14012 = LINE('',#14013,#14014);
#14013 = CARTESIAN_POINT('',(-26.85979773766,9.496112869857,
    -227.6696937768));
#14014 = VECTOR('',#14015,1.);
#14015 = DIRECTION('',(-0.775427519298,-0.564851270707,0.282232535856));
#14016 = ORIENTED_EDGE('',*,*,#13970,.T.);
#14017 = ORIENTED_EDGE('',*,*,#14018,.F.);
#14018 = EDGE_CURVE('',#14019,#13963,#14021,.T.);
#14019 = VERTEX_POINT('',#14020);
#14020 = CARTESIAN_POINT('',(-28.16601182788,9.756454329354,
    -227.1942707284));
#14021 = LINE('',#14022,#14023);
#14022 = CARTESIAN_POINT('',(-28.16601182788,9.756454329354,
    -227.1942707284));
#14023 = VECTOR('',#14024,1.);
#14024 = DIRECTION('',(-0.775427519298,-0.564851270707,0.282232535856));
#14025 = ORIENTED_EDGE('',*,*,#14026,.T.);
#14026 = EDGE_CURVE('',#14019,#13994,#14027,.T.);
#14027 = LINE('',#14028,#14029);
#14028 = CARTESIAN_POINT('',(-28.16601182788,9.756454329354,
    -227.1942707284));
#14029 = VECTOR('',#14030,1.);
#14030 = DIRECTION('',(-0.530786570925,0.825192730204,0.193190512565));
#14031 = PLANE('',#14032);
#14032 = AXIS2_PLACEMENT_3D('',#14033,#14034,#14035);
#14033 = CARTESIAN_POINT('',(-39.14279936284,14.606023501633,
    -223.1990467978));
#14034 = DIRECTION('',(-0.342020143326,-1.75E-15,-0.939692620786));
#14035 = DIRECTION('',(0.775427519298,0.564851270707,-0.282232535856));
#14036 = ADVANCED_FACE('',(#14037),#14062,.T.);
#14037 = FACE_BOUND('',#14038,.T.);
#14038 = EDGE_LOOP('',(#14039,#14047,#14048,#14056));
#14039 = ORIENTED_EDGE('',*,*,#14040,.T.);
#14040 = EDGE_CURVE('',#14041,#13209,#14043,.T.);
#14041 = VERTEX_POINT('',#14042);
#14042 = CARTESIAN_POINT('',(-35.27641621816,6.819227721678,
    -234.183895129));
#14043 = LINE('',#14044,#14045);
#14044 = CARTESIAN_POINT('',(-35.27641621816,6.819227721678,
    -234.183895129));
#14045 = VECTOR('',#14046,1.);
#14046 = DIRECTION('',(0.530786570925,-0.825192730204,-0.193190512565));
#14047 = ORIENTED_EDGE('',*,*,#13208,.T.);
#14048 = ORIENTED_EDGE('',*,*,#14049,.T.);
#14049 = EDGE_CURVE('',#13201,#14050,#14052,.T.);
#14050 = VERTEX_POINT('',#14051);
#14051 = CARTESIAN_POINT('',(-36.30247664814,6.819227721678,
    -237.0029729913));
#14052 = LINE('',#14053,#14054);
#14053 = CARTESIAN_POINT('',(-34.87533516219,5.663957899393,
    -235.3940544674));
#14054 = VECTOR('',#14055,1.);
#14055 = DIRECTION('',(-0.584579930192,0.473216957614,-0.65903870618));
#14056 = ORIENTED_EDGE('',*,*,#14057,.T.);
#14057 = EDGE_CURVE('',#14050,#14041,#14058,.T.);
#14058 = LINE('',#14059,#14060);
#14059 = CARTESIAN_POINT('',(-36.30247664814,6.819227721678,
    -237.0029729913));
#14060 = VECTOR('',#14061,1.);
#14061 = DIRECTION('',(0.342020143326,1.87E-15,0.939692620786));
#14062 = PLANE('',#14063);
#14063 = AXIS2_PLACEMENT_3D('',#14064,#14065,#14066);
#14064 = CARTESIAN_POINT('',(-41.92881429994,15.566270661835,
    -234.9551535581));
#14065 = DIRECTION('',(0.775427519298,0.564851270707,-0.282232535856));
#14066 = DIRECTION('',(0.342020143326,1.859623566247E-15,0.939692620786)
  );
#14067 = ADVANCED_FACE('',(#14068),#14079,.T.);
#14068 = FACE_BOUND('',#14069,.T.);
#14069 = EDGE_LOOP('',(#14070,#14071,#14072,#14073));
#14070 = ORIENTED_EDGE('',*,*,#13900,.T.);
#14071 = ORIENTED_EDGE('',*,*,#13216,.T.);
#14072 = ORIENTED_EDGE('',*,*,#14040,.F.);
#14073 = ORIENTED_EDGE('',*,*,#14074,.F.);
#14074 = EDGE_CURVE('',#13901,#14041,#14075,.T.);
#14075 = LINE('',#14076,#14077);
#14076 = CARTESIAN_POINT('',(-37.91286978378,4.898733401274,
    -233.2243045071));
#14077 = VECTOR('',#14078,1.);
#14078 = DIRECTION('',(0.775427519298,0.564851270707,-0.282232535856));
#14079 = PLANE('',#14080);
#14080 = AXIS2_PLACEMENT_3D('',#14081,#14082,#14083);
#14081 = CARTESIAN_POINT('',(-37.91286978378,4.898733401274,
    -233.2243045071));
#14082 = DIRECTION('',(0.342020143326,1.75E-15,0.939692620786));
#14083 = DIRECTION('',(-0.775427519298,-0.564851270707,0.282232535856));
#14084 = ADVANCED_FACE('',(#14085),#14119,.T.);
#14085 = FACE_BOUND('',#14086,.T.);
#14086 = EDGE_LOOP('',(#14087,#14097,#14105,#14113));
#14087 = ORIENTED_EDGE('',*,*,#14088,.F.);
#14088 = EDGE_CURVE('',#14089,#14091,#14093,.T.);
#14089 = VERTEX_POINT('',#14090);
#14090 = CARTESIAN_POINT('',(-33.83267794172,1.701165334101,
    -213.5322352154));
#14091 = VERTEX_POINT('',#14092);
#14092 = CARTESIAN_POINT('',(-31.04113887225,3.734629908646,
    -214.5482723445));
#14093 = LINE('',#14094,#14095);
#14094 = CARTESIAN_POINT('',(-33.83267794172,1.701165334101,
    -213.5322352154));
#14095 = VECTOR('',#14096,1.);
#14096 = DIRECTION('',(0.775427519298,0.564851270707,-0.282232535856));
#14097 = ORIENTED_EDGE('',*,*,#14098,.T.);
#14098 = EDGE_CURVE('',#14089,#14099,#14101,.T.);
#14099 = VERTEX_POINT('',#14100);
#14100 = CARTESIAN_POINT('',(-34.36346451265,2.526358064305,
    -213.3390447028));
#14101 = LINE('',#14102,#14103);
#14102 = CARTESIAN_POINT('',(-33.83267794172,1.701165334101,
    -213.5322352154));
#14103 = VECTOR('',#14104,1.);
#14104 = DIRECTION('',(-0.530786570925,0.825192730204,0.193190512565));
#14105 = ORIENTED_EDGE('',*,*,#14106,.T.);
#14106 = EDGE_CURVE('',#14099,#14107,#14109,.T.);
#14107 = VERTEX_POINT('',#14108);
#14108 = CARTESIAN_POINT('',(-31.57192544317,4.55982263885,
    -214.3550818319));
#14109 = LINE('',#14110,#14111);
#14110 = CARTESIAN_POINT('',(-34.36346451265,2.526358064305,
    -213.3390447028));
#14111 = VECTOR('',#14112,1.);
#14112 = DIRECTION('',(0.775427519298,0.564851270707,-0.282232535856));
#14113 = ORIENTED_EDGE('',*,*,#14114,.F.);
#14114 = EDGE_CURVE('',#14091,#14107,#14115,.T.);
#14115 = LINE('',#14116,#14117);
#14116 = CARTESIAN_POINT('',(-31.04113887225,3.734629908646,
    -214.5482723445));
#14117 = VECTOR('',#14118,1.);
#14118 = DIRECTION('',(-0.530786570925,0.825192730204,0.193190512565));
#14119 = PLANE('',#14120);
#14120 = AXIS2_PLACEMENT_3D('',#14121,#14122,#14123);
#14121 = CARTESIAN_POINT('',(-33.83267794172,1.701165334101,
    -213.5322352154));
#14122 = DIRECTION('',(-0.342020143326,-1.75E-15,-0.939692620786));
#14123 = DIRECTION('',(0.775427519298,0.564851270707,-0.282232535856));
#14124 = ADVANCED_FACE('',(#14125),#14150,.T.);
#14125 = FACE_BOUND('',#14126,.T.);
#14126 = EDGE_LOOP('',(#14127,#14135,#14143,#14149));
#14127 = ORIENTED_EDGE('',*,*,#14128,.F.);
#14128 = EDGE_CURVE('',#14129,#14089,#14131,.T.);
#14129 = VERTEX_POINT('',#14130);
#14130 = CARTESIAN_POINT('',(-37.56069750397,1.701165334102,
    -223.774884782));
#14131 = LINE('',#14132,#14133);
#14132 = CARTESIAN_POINT('',(-37.56069750397,1.701165334102,
    -223.774884782));
#14133 = VECTOR('',#14134,1.);
#14134 = DIRECTION('',(0.342020143326,1.87E-15,0.939692620786));
#14135 = ORIENTED_EDGE('',*,*,#14136,.F.);
#14136 = EDGE_CURVE('',#14137,#14129,#14139,.T.);
#14137 = VERTEX_POINT('',#14138);
#14138 = CARTESIAN_POINT('',(-38.0914840749,2.526358064305,
    -223.5816942694));
#14139 = LINE('',#14140,#14141);
#14140 = CARTESIAN_POINT('',(-38.0914840749,2.526358064305,
    -223.5816942694));
#14141 = VECTOR('',#14142,1.);
#14142 = DIRECTION('',(0.530786570925,-0.825192730204,-0.193190512565));
#14143 = ORIENTED_EDGE('',*,*,#14144,.T.);
#14144 = EDGE_CURVE('',#14137,#14099,#14145,.T.);
#14145 = LINE('',#14146,#14147);
#14146 = CARTESIAN_POINT('',(-38.0914840749,2.526358064305,
    -223.5816942694));
#14147 = VECTOR('',#14148,1.);
#14148 = DIRECTION('',(0.342020143326,1.87E-15,0.939692620786));
#14149 = ORIENTED_EDGE('',*,*,#14098,.F.);
#14150 = PLANE('',#14151);
#14151 = AXIS2_PLACEMENT_3D('',#14152,#14153,#14154);
#14152 = CARTESIAN_POINT('',(-33.4906577984,1.701165334101,
    -212.5925425946));
#14153 = DIRECTION('',(0.775427519298,0.564851270707,-0.282232535856));
#14154 = DIRECTION('',(0.342020143326,1.859623566247E-15,0.939692620786)
  );
#14155 = ADVANCED_FACE('',(#14156),#14197,.T.);
#14156 = FACE_BOUND('',#14157,.T.);
#14157 = EDGE_LOOP('',(#14158,#14166,#14167,#14175,#14183,#14191));
#14158 = ORIENTED_EDGE('',*,*,#14159,.F.);
#14159 = EDGE_CURVE('',#14137,#14160,#14162,.T.);
#14160 = VERTEX_POINT('',#14161);
#14161 = CARTESIAN_POINT('',(-38.8669115942,1.961506793598,
    -223.2994617335));
#14162 = LINE('',#14163,#14164);
#14163 = CARTESIAN_POINT('',(-38.0914840749,2.526358064305,
    -223.5816942694));
#14164 = VECTOR('',#14165,1.);
#14165 = DIRECTION('',(-0.775427519298,-0.564851270707,0.282232535856));
#14166 = ORIENTED_EDGE('',*,*,#14136,.T.);
#14167 = ORIENTED_EDGE('',*,*,#14168,.T.);
#14168 = EDGE_CURVE('',#14129,#14169,#14171,.T.);
#14169 = VERTEX_POINT('',#14170);
#14170 = CARTESIAN_POINT('',(-39.11155254257,0.571462792688,
    -223.2104197103));
#14171 = LINE('',#14172,#14173);
#14172 = CARTESIAN_POINT('',(-37.56069750397,1.701165334102,
    -223.774884782));
#14173 = VECTOR('',#14174,1.);
#14174 = DIRECTION('',(-0.775427519298,-0.564851270707,0.282232535856));
#14175 = ORIENTED_EDGE('',*,*,#14176,.T.);
#14176 = EDGE_CURVE('',#14169,#14177,#14179,.T.);
#14177 = VERTEX_POINT('',#14178);
#14178 = CARTESIAN_POINT('',(-40.17312568442,2.221848253095,
    -222.8240386851));
#14179 = LINE('',#14180,#14181);
#14180 = CARTESIAN_POINT('',(-39.11155254257,0.571462792688,
    -223.2104197103));
#14181 = VECTOR('',#14182,1.);
#14182 = DIRECTION('',(-0.530786570925,0.825192730204,0.193190512565));
#14183 = ORIENTED_EDGE('',*,*,#14184,.T.);
#14184 = EDGE_CURVE('',#14177,#14185,#14187,.T.);
#14185 = VERTEX_POINT('',#14186);
#14186 = CARTESIAN_POINT('',(-39.39769816512,2.786699523802,
    -223.106271221));
#14187 = LINE('',#14188,#14189);
#14188 = CARTESIAN_POINT('',(-40.17312568442,2.221848253095,
    -222.8240386851));
#14189 = VECTOR('',#14190,1.);
#14190 = DIRECTION('',(0.775427519298,0.564851270707,-0.282232535856));
#14191 = ORIENTED_EDGE('',*,*,#14192,.F.);
#14192 = EDGE_CURVE('',#14160,#14185,#14193,.T.);
#14193 = LINE('',#14194,#14195);
#14194 = CARTESIAN_POINT('',(-38.8669115942,1.961506793598,
    -223.2994617335));
#14195 = VECTOR('',#14196,1.);
#14196 = DIRECTION('',(-0.530786570925,0.825192730204,0.193190512565));
#14197 = PLANE('',#14198);
#14198 = AXIS2_PLACEMENT_3D('',#14199,#14200,#14201);
#14199 = CARTESIAN_POINT('',(-39.14279936284,14.606023501633,
    -223.1990467978));
#14200 = DIRECTION('',(-0.342020143326,-1.75E-15,-0.939692620786));
#14201 = DIRECTION('',(0.775427519298,0.564851270707,-0.282232535856));
#14202 = ADVANCED_FACE('',(#14203),#14240,.T.);
#14203 = FACE_BOUND('',#14204,.T.);
#14204 = EDGE_LOOP('',(#14205,#14206,#14214,#14222,#14228,#14229,#14230,
    #14231,#14232,#14233,#14234,#14235,#14236,#14237,#14238,#14239));
#14205 = ORIENTED_EDGE('',*,*,#13183,.F.);
#14206 = ORIENTED_EDGE('',*,*,#14207,.F.);
#14207 = EDGE_CURVE('',#14208,#13176,#14210,.T.);
#14208 = VERTEX_POINT('',#14209);
#14209 = CARTESIAN_POINT('',(-39.69767428635,7.985413724084,
    -213.5259066668));
#14210 = LINE('',#14211,#14212);
#14211 = CARTESIAN_POINT('',(-39.69767428635,7.985413724084,
    -213.5259066668));
#14212 = VECTOR('',#14213,1.);
#14213 = DIRECTION('',(-0.775427519298,-0.564851270707,0.282232535856));
#14214 = ORIENTED_EDGE('',*,*,#14215,.T.);
#14215 = EDGE_CURVE('',#14208,#14216,#14218,.T.);
#14216 = VERTEX_POINT('',#14217);
#14217 = CARTESIAN_POINT('',(-40.21070450134,7.985413724084,
    -214.935445598));
#14218 = LINE('',#14219,#14220);
#14219 = CARTESIAN_POINT('',(-39.69767428635,7.985413724084,
    -213.5259066668));
#14220 = VECTOR('',#14221,1.);
#14221 = DIRECTION('',(-0.342020143326,-1.87E-15,-0.939692620786));
#14222 = ORIENTED_EDGE('',*,*,#14223,.F.);
#14223 = EDGE_CURVE('',#13073,#14216,#14224,.T.);
#14224 = LINE('',#14225,#14226);
#14225 = CARTESIAN_POINT('',(-40.67596101292,7.64650296166,
    -214.7661060765));
#14226 = VECTOR('',#14227,1.);
#14227 = DIRECTION('',(0.775427519298,0.564851270707,-0.282232535856));
#14228 = ORIENTED_EDGE('',*,*,#13070,.F.);
#14229 = ORIENTED_EDGE('',*,*,#13129,.F.);
#14230 = ORIENTED_EDGE('',*,*,#13151,.F.);
#14231 = ORIENTED_EDGE('',*,*,#12808,.F.);
#14232 = ORIENTED_EDGE('',*,*,#12832,.T.);
#14233 = ORIENTED_EDGE('',*,*,#12863,.T.);
#14234 = ORIENTED_EDGE('',*,*,#12894,.T.);
#14235 = ORIENTED_EDGE('',*,*,#12925,.T.);
#14236 = ORIENTED_EDGE('',*,*,#12956,.T.);
#14237 = ORIENTED_EDGE('',*,*,#12987,.T.);
#14238 = ORIENTED_EDGE('',*,*,#13008,.T.);
#14239 = ORIENTED_EDGE('',*,*,#13055,.F.);
#14240 = PLANE('',#14241);
#14241 = AXIS2_PLACEMENT_3D('',#14242,#14243,#14244);
#14242 = CARTESIAN_POINT('',(-41.4954453987,11.882887491962,
    -235.1128869387));
#14243 = DIRECTION('',(-0.530786570925,0.825192730204,0.193190512565));
#14244 = DIRECTION('',(0.342020143326,1.7763568394E-15,0.939692620786));
#14245 = ADVANCED_FACE('',(#14246),#14264,.T.);
#14246 = FACE_BOUND('',#14247,.T.);
#14247 = EDGE_LOOP('',(#14248,#14256,#14257,#14258));
#14248 = ORIENTED_EDGE('',*,*,#14249,.F.);
#14249 = EDGE_CURVE('',#13090,#14250,#14252,.T.);
#14250 = VERTEX_POINT('',#14251);
#14251 = CARTESIAN_POINT('',(-37.55677164671,3.859450073066,
    -215.9013981608));
#14252 = LINE('',#14253,#14254);
#14253 = CARTESIAN_POINT('',(-38.02202815829,3.520539310642,
    -215.7320586393));
#14254 = VECTOR('',#14255,1.);
#14255 = DIRECTION('',(0.775427519298,0.564851270707,-0.282232535856));
#14256 = ORIENTED_EDGE('',*,*,#13098,.F.);
#14257 = ORIENTED_EDGE('',*,*,#14223,.T.);
#14258 = ORIENTED_EDGE('',*,*,#14259,.T.);
#14259 = EDGE_CURVE('',#14216,#14250,#14260,.T.);
#14260 = LINE('',#14261,#14262);
#14261 = CARTESIAN_POINT('',(-40.21070450134,7.985413724084,
    -214.935445598));
#14262 = VECTOR('',#14263,1.);
#14263 = DIRECTION('',(0.530786570925,-0.825192730204,-0.193190512565));
#14264 = PLANE('',#14265);
#14265 = AXIS2_PLACEMENT_3D('',#14266,#14267,#14268);
#14266 = CARTESIAN_POINT('',(-40.67596101292,7.64650296166,
    -214.7661060765));
#14267 = DIRECTION('',(-0.342020143326,-1.75E-15,-0.939692620786));
#14268 = DIRECTION('',(0.775427519298,0.564851270707,-0.282232535856));
#14269 = ADVANCED_FACE('',(#14270),#14300,.T.);
#14270 = FACE_BOUND('',#14271,.T.);
#14271 = EDGE_LOOP('',(#14272,#14273,#14274,#14275,#14276,#14284,#14290,
    #14291,#14292,#14293,#14294,#14295,#14296,#14297,#14298,#14299));
#14272 = ORIENTED_EDGE('',*,*,#13144,.T.);
#14273 = ORIENTED_EDGE('',*,*,#13113,.T.);
#14274 = ORIENTED_EDGE('',*,*,#13089,.T.);
#14275 = ORIENTED_EDGE('',*,*,#14249,.T.);
#14276 = ORIENTED_EDGE('',*,*,#14277,.F.);
#14277 = EDGE_CURVE('',#14278,#14250,#14280,.T.);
#14278 = VERTEX_POINT('',#14279);
#14279 = CARTESIAN_POINT('',(-37.04374143173,3.859450073066,
    -214.4918592297));
#14280 = LINE('',#14281,#14282);
#14281 = CARTESIAN_POINT('',(-37.04374143173,3.859450073066,
    -214.4918592297));
#14282 = VECTOR('',#14283,1.);
#14283 = DIRECTION('',(-0.342020143326,-1.87E-15,-0.939692620786));
#14284 = ORIENTED_EDGE('',*,*,#14285,.T.);
#14285 = EDGE_CURVE('',#14278,#13167,#14286,.T.);
#14286 = LINE('',#14287,#14288);
#14287 = CARTESIAN_POINT('',(-37.04374143173,3.859450073066,
    -214.4918592297));
#14288 = VECTOR('',#14289,1.);
#14289 = DIRECTION('',(-0.775427519298,-0.564851270707,0.282232535856));
#14290 = ORIENTED_EDGE('',*,*,#13166,.T.);
#14291 = ORIENTED_EDGE('',*,*,#13039,.T.);
#14292 = ORIENTED_EDGE('',*,*,#13017,.F.);
#14293 = ORIENTED_EDGE('',*,*,#12994,.F.);
#14294 = ORIENTED_EDGE('',*,*,#12963,.F.);
#14295 = ORIENTED_EDGE('',*,*,#12932,.F.);
#14296 = ORIENTED_EDGE('',*,*,#12901,.F.);
#14297 = ORIENTED_EDGE('',*,*,#12870,.F.);
#14298 = ORIENTED_EDGE('',*,*,#12839,.F.);
#14299 = ORIENTED_EDGE('',*,*,#12792,.T.);
#14300 = PLANE('',#14301);
#14301 = AXIS2_PLACEMENT_3D('',#14302,#14303,#14304);
#14302 = CARTESIAN_POINT('',(-38.84151254407,7.756923840944,
    -236.0788395015));
#14303 = DIRECTION('',(0.530786570925,-0.825192730204,-0.193190512565));
#14304 = DIRECTION('',(-0.342020143326,-1.7763568394E-15,-0.939692620786
    ));
#14305 = ADVANCED_FACE('',(#14306),#14317,.T.);
#14306 = FACE_BOUND('',#14307,.T.);
#14307 = EDGE_LOOP('',(#14308,#14309,#14310,#14311));
#14308 = ORIENTED_EDGE('',*,*,#14207,.T.);
#14309 = ORIENTED_EDGE('',*,*,#13175,.T.);
#14310 = ORIENTED_EDGE('',*,*,#14285,.F.);
#14311 = ORIENTED_EDGE('',*,*,#14312,.F.);
#14312 = EDGE_CURVE('',#14208,#14278,#14313,.T.);
#14313 = LINE('',#14314,#14315);
#14314 = CARTESIAN_POINT('',(-39.69767428635,7.985413724084,
    -213.5259066668));
#14315 = VECTOR('',#14316,1.);
#14316 = DIRECTION('',(0.530786570925,-0.825192730204,-0.193190512565));
#14317 = PLANE('',#14318);
#14318 = AXIS2_PLACEMENT_3D('',#14319,#14320,#14321);
#14319 = CARTESIAN_POINT('',(-39.69767428635,7.985413724084,
    -213.5259066668));
#14320 = DIRECTION('',(0.342020143326,1.75E-15,0.939692620786));
#14321 = DIRECTION('',(-0.775427519298,-0.564851270707,0.282232535856));
#14322 = ADVANCED_FACE('',(#14323),#14372,.T.);
#14323 = FACE_BOUND('',#14324,.T.);
#14324 = EDGE_LOOP('',(#14325,#14335,#14343,#14349,#14350,#14358,#14366)
  );
#14325 = ORIENTED_EDGE('',*,*,#14326,.T.);
#14326 = EDGE_CURVE('',#14327,#14329,#14331,.T.);
#14327 = VERTEX_POINT('',#14328);
#14328 = CARTESIAN_POINT('',(-43.43167610415,9.058164273348,
    -221.6380233255));
#14329 = VERTEX_POINT('',#14330);
#14330 = CARTESIAN_POINT('',(-44.20710362345,8.493313002641,
    -221.3557907896));
#14331 = LINE('',#14332,#14333);
#14332 = CARTESIAN_POINT('',(-43.43167610415,9.058164273348,
    -221.6380233255));
#14333 = VECTOR('',#14334,1.);
#14334 = DIRECTION('',(-0.775427519298,-0.564851270707,0.282232535856));
#14335 = ORIENTED_EDGE('',*,*,#14336,.T.);
#14336 = EDGE_CURVE('',#14329,#14337,#14339,.T.);
#14337 = VERTEX_POINT('',#14338);
#14338 = CARTESIAN_POINT('',(-45.2686767653,10.143698463048,
    -220.9694097645));
#14339 = LINE('',#14340,#14341);
#14340 = CARTESIAN_POINT('',(-44.20710362345,8.493313002641,
    -221.3557907896));
#14341 = VECTOR('',#14342,1.);
#14342 = DIRECTION('',(-0.530786570925,0.825192730204,0.193190512565));
#14343 = ORIENTED_EDGE('',*,*,#14344,.T.);
#14344 = EDGE_CURVE('',#14337,#13702,#14345,.T.);
#14345 = LINE('',#14346,#14347);
#14346 = CARTESIAN_POINT('',(-45.2686767653,10.143698463048,
    -220.9694097645));
#14347 = VECTOR('',#14348,1.);
#14348 = DIRECTION('',(0.775427519298,0.564851270707,-0.282232535856));
#14349 = ORIENTED_EDGE('',*,*,#13701,.T.);
#14350 = ORIENTED_EDGE('',*,*,#14351,.F.);
#14351 = EDGE_CURVE('',#14352,#13694,#14354,.T.);
#14352 = VERTEX_POINT('',#14353);
#14353 = CARTESIAN_POINT('',(-43.26457790771,10.391723147188,
    -221.6988420952));
#14354 = LINE('',#14355,#14356);
#14355 = CARTESIAN_POINT('',(-43.26457790771,10.391723147188,
    -221.6988420952));
#14356 = VECTOR('',#14357,1.);
#14357 = DIRECTION('',(0.775427519298,0.564851270707,-0.282232535856));
#14358 = ORIENTED_EDGE('',*,*,#14359,.T.);
#14359 = EDGE_CURVE('',#14352,#14360,#14362,.T.);
#14360 = VERTEX_POINT('',#14361);
#14361 = CARTESIAN_POINT('',(-43.48475476124,9.140683546369,
    -221.6187042742));
#14362 = LINE('',#14363,#14364);
#14363 = CARTESIAN_POINT('',(-43.26457790771,10.391723147188,
    -221.6988420952));
#14364 = VECTOR('',#14365,1.);
#14365 = DIRECTION('',(-0.172987273551,-0.982909539191,
    6.296221847938E-02));
#14366 = ORIENTED_EDGE('',*,*,#14367,.F.);
#14367 = EDGE_CURVE('',#14327,#14360,#14368,.T.);
#14368 = LINE('',#14369,#14370);
#14369 = CARTESIAN_POINT('',(-43.43167610415,9.058164273348,
    -221.6380233255));
#14370 = VECTOR('',#14371,1.);
#14371 = DIRECTION('',(-0.530786570925,0.825192730204,0.193190512565));
#14372 = PLANE('',#14373);
#14373 = AXIS2_PLACEMENT_3D('',#14374,#14375,#14376);
#14374 = CARTESIAN_POINT('',(-39.14279936284,14.606023501633,
    -223.1990467978));
#14375 = DIRECTION('',(-0.342020143326,-1.75E-15,-0.939692620786));
#14376 = DIRECTION('',(0.775427519298,0.564851270707,-0.282232535856));
#14377 = ADVANCED_FACE('',(#14378),#14403,.T.);
#14378 = FACE_BOUND('',#14379,.T.);
#14379 = EDGE_LOOP('',(#14380,#14388,#14389,#14397));
#14380 = ORIENTED_EDGE('',*,*,#14381,.T.);
#14381 = EDGE_CURVE('',#14382,#14360,#14384,.T.);
#14382 = VERTEX_POINT('',#14383);
#14383 = CARTESIAN_POINT('',(-47.58899648115,9.140683546369,
    -232.8950157237));
#14384 = LINE('',#14385,#14386);
#14385 = CARTESIAN_POINT('',(-47.58899648115,9.140683546369,
    -232.8950157237));
#14386 = VECTOR('',#14387,1.);
#14387 = DIRECTION('',(0.342020143326,1.87E-15,0.939692620786));
#14388 = ORIENTED_EDGE('',*,*,#14359,.F.);
#14389 = ORIENTED_EDGE('',*,*,#14390,.F.);
#14390 = EDGE_CURVE('',#14391,#14352,#14393,.T.);
#14391 = VERTEX_POINT('',#14392);
#14392 = CARTESIAN_POINT('',(-47.36881962762,10.391723147188,
    -232.9751535446));
#14393 = LINE('',#14394,#14395);
#14394 = CARTESIAN_POINT('',(-47.36881962762,10.391723147188,
    -232.9751535446));
#14395 = VECTOR('',#14396,1.);
#14396 = DIRECTION('',(0.342020143326,1.87E-15,0.939692620786));
#14397 = ORIENTED_EDGE('',*,*,#14398,.T.);
#14398 = EDGE_CURVE('',#14391,#14382,#14399,.T.);
#14399 = LINE('',#14400,#14401);
#14400 = CARTESIAN_POINT('',(-47.36881962762,10.391723147188,
    -232.9751535446));
#14401 = VECTOR('',#14402,1.);
#14402 = DIRECTION('',(-0.172987273551,-0.982909539191,
    6.296221847938E-02));
#14403 = PLANE('',#14404);
#14404 = AXIS2_PLACEMENT_3D('',#14405,#14406,#14407);
#14405 = CARTESIAN_POINT('',(-47.36881962762,10.391723147188,
    -232.9751535446));
#14406 = DIRECTION('',(-0.923632840878,0.184089211434,0.33617486147));
#14407 = DIRECTION('',(0.172987273551,0.982909539191,-6.296221847938E-02
    ));
#14408 = ADVANCED_FACE('',(#14409),#14420,.T.);
#14409 = FACE_BOUND('',#14410,.T.);
#14410 = EDGE_LOOP('',(#14411,#14412,#14413,#14414));
#14411 = ORIENTED_EDGE('',*,*,#14049,.F.);
#14412 = ORIENTED_EDGE('',*,*,#13198,.F.);
#14413 = ORIENTED_EDGE('',*,*,#13891,.T.);
#14414 = ORIENTED_EDGE('',*,*,#14415,.T.);
#14415 = EDGE_CURVE('',#13892,#14050,#14416,.T.);
#14416 = LINE('',#14417,#14418);
#14417 = CARTESIAN_POINT('',(-38.93893021375,4.898733401274,
    -236.0433823694));
#14418 = VECTOR('',#14419,1.);
#14419 = DIRECTION('',(0.775427519298,0.564851270707,-0.282232535856));
#14420 = PLANE('',#14421);
#14421 = AXIS2_PLACEMENT_3D('',#14422,#14423,#14424);
#14422 = CARTESIAN_POINT('',(-37.51178872781,3.743463578989,
    -234.4344638454));
#14423 = DIRECTION('',(0.238701628673,-0.676024225163,-0.697146167931));
#14424 = DIRECTION('',(-0.584579930192,0.473216957614,-0.65903870618));
#14425 = ADVANCED_FACE('',(#14426),#14472,.T.);
#14426 = FACE_BOUND('',#14427,.T.);
#14427 = EDGE_LOOP('',(#14428,#14429,#14430,#14431,#14432,#14433,#14434,
    #14435,#14436,#14437,#14438,#14439,#14440,#14441,#14442,#14443,
    #14444,#14445,#14446,#14447,#14448,#14449,#14450,#14451,#14452,
    #14453,#14454,#14455,#14456,#14457,#14465,#14471));
#14428 = ORIENTED_EDGE('',*,*,#14351,.T.);
#14429 = ORIENTED_EDGE('',*,*,#13693,.F.);
#14430 = ORIENTED_EDGE('',*,*,#13587,.T.);
#14431 = ORIENTED_EDGE('',*,*,#13566,.T.);
#14432 = ORIENTED_EDGE('',*,*,#13534,.F.);
#14433 = ORIENTED_EDGE('',*,*,#13559,.F.);
#14434 = ORIENTED_EDGE('',*,*,#13580,.T.);
#14435 = ORIENTED_EDGE('',*,*,#13509,.T.);
#14436 = ORIENTED_EDGE('',*,*,#13477,.F.);
#14437 = ORIENTED_EDGE('',*,*,#13502,.F.);
#14438 = ORIENTED_EDGE('',*,*,#13647,.T.);
#14439 = ORIENTED_EDGE('',*,*,#13452,.T.);
#14440 = ORIENTED_EDGE('',*,*,#13420,.F.);
#14441 = ORIENTED_EDGE('',*,*,#13445,.F.);
#14442 = ORIENTED_EDGE('',*,*,#13640,.T.);
#14443 = ORIENTED_EDGE('',*,*,#13395,.T.);
#14444 = ORIENTED_EDGE('',*,*,#13363,.F.);
#14445 = ORIENTED_EDGE('',*,*,#13388,.F.);
#14446 = ORIENTED_EDGE('',*,*,#13633,.T.);
#14447 = ORIENTED_EDGE('',*,*,#13338,.T.);
#14448 = ORIENTED_EDGE('',*,*,#13306,.F.);
#14449 = ORIENTED_EDGE('',*,*,#13331,.F.);
#14450 = ORIENTED_EDGE('',*,*,#13626,.T.);
#14451 = ORIENTED_EDGE('',*,*,#13281,.T.);
#14452 = ORIENTED_EDGE('',*,*,#13249,.T.);
#14453 = ORIENTED_EDGE('',*,*,#13274,.F.);
#14454 = ORIENTED_EDGE('',*,*,#13619,.T.);
#14455 = ORIENTED_EDGE('',*,*,#13678,.F.);
#14456 = ORIENTED_EDGE('',*,*,#13757,.T.);
#14457 = ORIENTED_EDGE('',*,*,#14458,.F.);
#14458 = EDGE_CURVE('',#14459,#13750,#14461,.T.);
#14459 = VERTEX_POINT('',#14460);
#14460 = CARTESIAN_POINT('',(-37.36580462867,17.678304539308,
    -236.6159532572));
#14461 = LINE('',#14462,#14463);
#14462 = CARTESIAN_POINT('',(-37.36580462867,17.678304539308,
    -236.6159532572));
#14463 = VECTOR('',#14464,1.);
#14464 = DIRECTION('',(0.342020143326,1.87E-15,0.939692620786));
#14465 = ORIENTED_EDGE('',*,*,#14466,.T.);
#14466 = EDGE_CURVE('',#14459,#14391,#14467,.T.);
#14467 = LINE('',#14468,#14469);
#14468 = CARTESIAN_POINT('',(-37.36580462867,17.678304539308,
    -236.6159532572));
#14469 = VECTOR('',#14470,1.);
#14470 = DIRECTION('',(-0.775427519298,-0.564851270707,0.282232535856));
#14471 = ORIENTED_EDGE('',*,*,#14390,.T.);
#14472 = PLANE('',#14473);
#14473 = AXIS2_PLACEMENT_3D('',#14474,#14475,#14476);
#14474 = CARTESIAN_POINT('',(-37.36580462867,17.678304539308,
    -236.6159532572));
#14475 = DIRECTION('',(-0.530786570925,0.825192730204,0.193190512565));
#14476 = DIRECTION('',(0.342020143326,1.7763568394E-15,0.939692620786));
#14477 = ADVANCED_FACE('',(#14478),#14520,.T.);
#14478 = FACE_BOUND('',#14479,.T.);
#14479 = EDGE_LOOP('',(#14480,#14490,#14498,#14506,#14514));
#14480 = ORIENTED_EDGE('',*,*,#14481,.F.);
#14481 = EDGE_CURVE('',#14482,#14484,#14486,.T.);
#14482 = VERTEX_POINT('',#14483);
#14483 = CARTESIAN_POINT('',(-38.384995677,11.119063589079,
    -236.2449980525));
#14484 = VERTEX_POINT('',#14485);
#14485 = CARTESIAN_POINT('',(-30.27911828018,11.119063589079,
    -213.9742829399));
#14486 = LINE('',#14487,#14488);
#14487 = CARTESIAN_POINT('',(-38.384995677,11.119063589079,
    -236.2449980525));
#14488 = VECTOR('',#14489,1.);
#14489 = DIRECTION('',(0.342020143326,1.87E-15,0.939692620786));
#14490 = ORIENTED_EDGE('',*,*,#14491,.T.);
#14491 = EDGE_CURVE('',#14482,#14492,#14494,.T.);
#14492 = VERTEX_POINT('',#14493);
#14493 = CARTESIAN_POINT('',(-40.45506330361,14.337315236873,
    -235.4915550535));
#14494 = LINE('',#14495,#14496);
#14495 = CARTESIAN_POINT('',(-38.384995677,11.119063589079,
    -236.2449980525));
#14496 = VECTOR('',#14497,1.);
#14497 = DIRECTION('',(-0.530786570925,0.825192730204,0.193190512565));
#14498 = ORIENTED_EDGE('',*,*,#14499,.T.);
#14499 = EDGE_CURVE('',#14492,#14500,#14502,.T.);
#14500 = VERTEX_POINT('',#14501);
#14501 = CARTESIAN_POINT('',(-32.28078187812,14.337315236873,
    -213.0329014167));
#14502 = LINE('',#14503,#14504);
#14503 = CARTESIAN_POINT('',(-40.45506330361,14.337315236873,
    -235.4915550535));
#14504 = VECTOR('',#14505,1.);
#14505 = DIRECTION('',(0.342020143326,1.91E-15,0.939692620786));
#14506 = ORIENTED_EDGE('',*,*,#14507,.F.);
#14507 = EDGE_CURVE('',#14508,#14500,#14510,.T.);
#14508 = VERTEX_POINT('',#14509);
#14509 = CARTESIAN_POINT('',(-32.29610724969,14.254795963852,
    -213.2401589922));
#14510 = LINE('',#14511,#14512);
#14511 = CARTESIAN_POINT('',(-32.29610724969,14.254795963852,
    -213.2401589922));
#14512 = VECTOR('',#14513,1.);
#14513 = DIRECTION('',(6.853714523374E-02,0.369037407855,0.926884054953)
  );
#14514 = ORIENTED_EDGE('',*,*,#14515,.F.);
#14515 = EDGE_CURVE('',#14484,#14508,#14516,.T.);
#14516 = LINE('',#14517,#14518);
#14517 = CARTESIAN_POINT('',(-30.27911828018,11.119063589079,
    -213.9742829399));
#14518 = VECTOR('',#14519,1.);
#14519 = DIRECTION('',(-0.530786570925,0.825192730204,0.193190512565));
#14520 = PLANE('',#14521);
#14521 = AXIS2_PLACEMENT_3D('',#14522,#14523,#14524);
#14522 = CARTESIAN_POINT('',(-38.384995677,11.119063589079,
    -236.2449980525));
#14523 = DIRECTION('',(0.775427519298,0.564851270707,-0.282232535856));
#14524 = DIRECTION('',(0.342020143326,1.859623566247E-15,0.939692620786)
  );
#14525 = ADVANCED_FACE('',(#14526),#14568,.T.);
#14526 = FACE_BOUND('',#14527,.T.);
#14527 = EDGE_LOOP('',(#14528,#14538,#14546,#14554,#14562));
#14528 = ORIENTED_EDGE('',*,*,#14529,.T.);
#14529 = EDGE_CURVE('',#14530,#14532,#14534,.T.);
#14530 = VERTEX_POINT('',#14531);
#14531 = CARTESIAN_POINT('',(-29.34948267636,16.401230792539,
    -214.3126426284));
#14532 = VERTEX_POINT('',#14533);
#14533 = CARTESIAN_POINT('',(-29.33415730479,16.483750065559,
    -214.105385053));
#14534 = LINE('',#14535,#14536);
#14535 = CARTESIAN_POINT('',(-29.34948267636,16.401230792539,
    -214.3126426284));
#14536 = VECTOR('',#14537,1.);
#14537 = DIRECTION('',(6.853714523379E-02,0.369037407855,0.926884054954)
  );
#14538 = ORIENTED_EDGE('',*,*,#14539,.F.);
#14539 = EDGE_CURVE('',#14540,#14532,#14542,.T.);
#14540 = VERTEX_POINT('',#14541);
#14541 = CARTESIAN_POINT('',(-37.50843873027,16.483750065559,
    -236.5640386898));
#14542 = LINE('',#14543,#14544);
#14543 = CARTESIAN_POINT('',(-37.50843873027,16.483750065559,
    -236.5640386898));
#14544 = VECTOR('',#14545,1.);
#14545 = DIRECTION('',(0.342020143326,1.91E-15,0.939692620786));
#14546 = ORIENTED_EDGE('',*,*,#14547,.T.);
#14547 = EDGE_CURVE('',#14540,#14548,#14550,.T.);
#14548 = VERTEX_POINT('',#14549);
#14549 = CARTESIAN_POINT('',(-35.43837110366,13.265498417765,
    -237.3174816888));
#14550 = LINE('',#14551,#14552);
#14551 = CARTESIAN_POINT('',(-37.50843873027,16.483750065559,
    -236.5640386898));
#14552 = VECTOR('',#14553,1.);
#14553 = DIRECTION('',(0.530786570925,-0.825192730204,-0.193190512565));
#14554 = ORIENTED_EDGE('',*,*,#14555,.T.);
#14555 = EDGE_CURVE('',#14548,#14556,#14558,.T.);
#14556 = VERTEX_POINT('',#14557);
#14557 = CARTESIAN_POINT('',(-27.33249370685,13.265498417765,
    -215.0467665762));
#14558 = LINE('',#14559,#14560);
#14559 = CARTESIAN_POINT('',(-35.43837110366,13.265498417765,
    -237.3174816888));
#14560 = VECTOR('',#14561,1.);
#14561 = DIRECTION('',(0.342020143326,1.87E-15,0.939692620786));
#14562 = ORIENTED_EDGE('',*,*,#14563,.F.);
#14563 = EDGE_CURVE('',#14530,#14556,#14564,.T.);
#14564 = LINE('',#14565,#14566);
#14565 = CARTESIAN_POINT('',(-29.34948267636,16.401230792539,
    -214.3126426284));
#14566 = VECTOR('',#14567,1.);
#14567 = DIRECTION('',(0.530786570925,-0.825192730204,-0.193190512565));
#14568 = PLANE('',#14569);
#14569 = AXIS2_PLACEMENT_3D('',#14570,#14571,#14572);
#14570 = CARTESIAN_POINT('',(-37.50843873027,16.483750065559,
    -236.5640386898));
#14571 = DIRECTION('',(-0.775427519298,-0.564851270707,0.282232535856));
#14572 = DIRECTION('',(-0.342020143326,-1.859623566247E-15,
    -0.939692620786));
#14573 = ADVANCED_FACE('',(#14574),#14590,.T.);
#14574 = FACE_BOUND('',#14575,.T.);
#14575 = EDGE_LOOP('',(#14576,#14577,#14583,#14584));
#14576 = ORIENTED_EDGE('',*,*,#14555,.F.);
#14577 = ORIENTED_EDGE('',*,*,#14578,.T.);
#14578 = EDGE_CURVE('',#14548,#14482,#14579,.T.);
#14579 = LINE('',#14580,#14581);
#14580 = CARTESIAN_POINT('',(-35.43837110366,13.265498417765,
    -237.3174816888));
#14581 = VECTOR('',#14582,1.);
#14582 = DIRECTION('',(-0.775427519298,-0.564851270707,0.282232535856));
#14583 = ORIENTED_EDGE('',*,*,#14481,.T.);
#14584 = ORIENTED_EDGE('',*,*,#14585,.F.);
#14585 = EDGE_CURVE('',#14556,#14484,#14586,.T.);
#14586 = LINE('',#14587,#14588);
#14587 = CARTESIAN_POINT('',(-27.33249370685,13.265498417765,
    -215.0467665762));
#14588 = VECTOR('',#14589,1.);
#14589 = DIRECTION('',(-0.775427519298,-0.564851270707,0.282232535856));
#14590 = PLANE('',#14591);
#14591 = AXIS2_PLACEMENT_3D('',#14592,#14593,#14594);
#14592 = CARTESIAN_POINT('',(-35.43837110366,13.265498417765,
    -237.3174816888));
#14593 = DIRECTION('',(-0.530786570925,0.825192730204,0.193190512565));
#14594 = DIRECTION('',(0.342020143326,1.7763568394E-15,0.939692620786));
#14595 = ADVANCED_FACE('',(#14596),#14630,.T.);
#14596 = FACE_BOUND('',#14597,.T.);
#14597 = EDGE_LOOP('',(#14598,#14608,#14616,#14624));
#14598 = ORIENTED_EDGE('',*,*,#14599,.F.);
#14599 = EDGE_CURVE('',#14600,#14602,#14604,.T.);
#14600 = VERTEX_POINT('',#14601);
#14601 = CARTESIAN_POINT('',(-36.15569207911,7.653254122224,
    -237.0563982053));
#14602 = VERTEX_POINT('',#14603);
#14603 = CARTESIAN_POINT('',(-28.02245307083,7.653254122224,
    -214.710507683));
#14604 = LINE('',#14605,#14606);
#14605 = CARTESIAN_POINT('',(-36.15569207911,7.653254122224,
    -237.0563982053));
#14606 = VECTOR('',#14607,1.);
#14607 = DIRECTION('',(0.342020143326,1.87E-15,0.939692620786));
#14608 = ORIENTED_EDGE('',*,*,#14609,.T.);
#14609 = EDGE_CURVE('',#14600,#14610,#14612,.T.);
#14610 = VERTEX_POINT('',#14611);
#14611 = CARTESIAN_POINT('',(-37.80113044898,10.211351585855,
    -236.4575076164));
#14612 = LINE('',#14613,#14614);
#14613 = CARTESIAN_POINT('',(-36.15569207911,7.653254122224,
    -237.0563982053));
#14614 = VECTOR('',#14615,1.);
#14615 = DIRECTION('',(-0.530786570925,0.825192730204,0.193190512565));
#14616 = ORIENTED_EDGE('',*,*,#14617,.T.);
#14617 = EDGE_CURVE('',#14610,#14618,#14620,.T.);
#14618 = VERTEX_POINT('',#14619);
#14619 = CARTESIAN_POINT('',(-29.6678914407,10.211351585855,
    -214.1116170941));
#14620 = LINE('',#14621,#14622);
#14621 = CARTESIAN_POINT('',(-37.80113044898,10.211351585855,
    -236.4575076164));
#14622 = VECTOR('',#14623,1.);
#14623 = DIRECTION('',(0.342020143326,1.87E-15,0.939692620786));
#14624 = ORIENTED_EDGE('',*,*,#14625,.F.);
#14625 = EDGE_CURVE('',#14602,#14618,#14626,.T.);
#14626 = LINE('',#14627,#14628);
#14627 = CARTESIAN_POINT('',(-28.02245307083,7.653254122224,
    -214.710507683));
#14628 = VECTOR('',#14629,1.);
#14629 = DIRECTION('',(-0.530786570925,0.825192730204,0.193190512565));
#14630 = PLANE('',#14631);
#14631 = AXIS2_PLACEMENT_3D('',#14632,#14633,#14634);
#14632 = CARTESIAN_POINT('',(-36.15569207911,7.653254122224,
    -237.0563982053));
#14633 = DIRECTION('',(0.775427519298,0.564851270707,-0.282232535856));
#14634 = DIRECTION('',(0.342020143326,1.859623566247E-15,0.939692620786)
  );
#14635 = ADVANCED_FACE('',(#14636),#14669,.T.);
#14636 = FACE_BOUND('',#14637,.T.);
#14637 = EDGE_LOOP('',(#14638,#14646,#14654,#14662,#14668));
#14638 = ORIENTED_EDGE('',*,*,#14639,.T.);
#14639 = EDGE_CURVE('',#14610,#14640,#14642,.T.);
#14640 = VERTEX_POINT('',#14641);
#14641 = CARTESIAN_POINT('',(-37.60541769028,11.323386786583,
    -236.528741235));
#14642 = LINE('',#14643,#14644);
#14643 = CARTESIAN_POINT('',(-37.80113044898,10.211351585855,
    -236.4575076164));
#14644 = VECTOR('',#14645,1.);
#14645 = DIRECTION('',(0.172987273551,0.982909539191,-6.296221847938E-02
    ));
#14646 = ORIENTED_EDGE('',*,*,#14647,.T.);
#14647 = EDGE_CURVE('',#14640,#14648,#14650,.T.);
#14648 = VERTEX_POINT('',#14649);
#14649 = CARTESIAN_POINT('',(-29.4311362648,11.323386786583,
    -214.0700875982));
#14650 = LINE('',#14651,#14652);
#14651 = CARTESIAN_POINT('',(-37.60541769028,11.323386786583,
    -236.528741235));
#14652 = VECTOR('',#14653,1.);
#14653 = DIRECTION('',(0.342020143326,1.91E-15,0.939692620786));
#14654 = ORIENTED_EDGE('',*,*,#14655,.T.);
#14655 = EDGE_CURVE('',#14648,#14656,#14658,.T.);
#14656 = VERTEX_POINT('',#14657);
#14657 = CARTESIAN_POINT('',(-29.72591556896,10.697866986174,
    -214.5374527029));
#14658 = LINE('',#14659,#14660);
#14659 = CARTESIAN_POINT('',(-29.4311362648,11.323386786583,
    -214.0700875982));
#14660 = VECTOR('',#14661,1.);
#14661 = DIRECTION('',(-0.353187442789,-0.749461497465,-0.559969726034)
  );
#14662 = ORIENTED_EDGE('',*,*,#14663,.T.);
#14663 = EDGE_CURVE('',#14656,#14618,#14664,.T.);
#14664 = LINE('',#14665,#14666);
#14665 = CARTESIAN_POINT('',(-29.72591556896,10.697866986174,
    -214.5374527029));
#14666 = VECTOR('',#14667,1.);
#14667 = DIRECTION('',(8.938432376625E-02,-0.749461497465,0.655986209064
    ));
#14668 = ORIENTED_EDGE('',*,*,#14617,.F.);
#14669 = PLANE('',#14670);
#14670 = AXIS2_PLACEMENT_3D('',#14671,#14672,#14673);
#14671 = CARTESIAN_POINT('',(-37.80113044898,10.211351585855,
    -236.4575076164));
#14672 = DIRECTION('',(0.923632840878,-0.184089211434,-0.33617486147));
#14673 = DIRECTION('',(-0.172987273551,-0.982909539191,
    6.296221847938E-02));
#14674 = ADVANCED_FACE('',(#14675),#14717,.T.);
#14675 = FACE_BOUND('',#14676,.T.);
#14676 = EDGE_LOOP('',(#14677,#14687,#14695,#14703,#14711));
#14677 = ORIENTED_EDGE('',*,*,#14678,.T.);
#14678 = EDGE_CURVE('',#14679,#14681,#14683,.T.);
#14679 = VERTEX_POINT('',#14680);
#14680 = CARTESIAN_POINT('',(-35.89947714783,12.566059582139,
    -237.1496528139));
#14681 = VERTEX_POINT('',#14682);
#14682 = CARTESIAN_POINT('',(-34.85450587565,12.357786414541,
    -237.5299912526));
#14683 = LINE('',#14684,#14685);
#14684 = CARTESIAN_POINT('',(-35.89947714783,12.566059582139,
    -237.1496528139));
#14685 = VECTOR('',#14686,1.);
#14686 = DIRECTION('',(0.923632840878,-0.184089211434,-0.33617486147));
#14687 = ORIENTED_EDGE('',*,*,#14688,.T.);
#14688 = EDGE_CURVE('',#14681,#14689,#14691,.T.);
#14689 = VERTEX_POINT('',#14690);
#14690 = CARTESIAN_POINT('',(-26.72126686736,12.357786414541,
    -215.1841007303));
#14691 = LINE('',#14692,#14693);
#14692 = CARTESIAN_POINT('',(-34.85450587565,12.357786414541,
    -237.5299912526));
#14693 = VECTOR('',#14694,1.);
#14694 = DIRECTION('',(0.342020143326,1.87E-15,0.939692620786));
#14695 = ORIENTED_EDGE('',*,*,#14696,.F.);
#14696 = EDGE_CURVE('',#14697,#14689,#14699,.T.);
#14697 = VERTEX_POINT('',#14698);
#14698 = CARTESIAN_POINT('',(-27.32209025914,12.448905925365,
    -215.4123735641));
#14699 = LINE('',#14700,#14701);
#14700 = CARTESIAN_POINT('',(-27.32209025914,12.448905925365,
    -215.4123735641));
#14701 = VECTOR('',#14702,1.);
#14702 = DIRECTION('',(0.925549322008,-0.140366707787,0.351647038769));
#14703 = ORIENTED_EDGE('',*,*,#14704,.F.);
#14704 = EDGE_CURVE('',#14705,#14697,#14707,.T.);
#14705 = VERTEX_POINT('',#14706);
#14706 = CARTESIAN_POINT('',(-27.72519572234,12.566059582139,
    -214.6909991771));
#14707 = LINE('',#14708,#14709);
#14708 = CARTESIAN_POINT('',(-27.72519572234,12.566059582139,
    -214.6909991771));
#14709 = VECTOR('',#14710,1.);
#14710 = DIRECTION('',(0.482977555453,-0.140366707787,-0.864308896329));
#14711 = ORIENTED_EDGE('',*,*,#14712,.F.);
#14712 = EDGE_CURVE('',#14679,#14705,#14713,.T.);
#14713 = LINE('',#14714,#14715);
#14714 = CARTESIAN_POINT('',(-35.89947714783,12.566059582139,
    -237.1496528139));
#14715 = VECTOR('',#14716,1.);
#14716 = DIRECTION('',(0.342020143326,1.91E-15,0.939692620786));
#14717 = PLANE('',#14718);
#14718 = AXIS2_PLACEMENT_3D('',#14719,#14720,#14721);
#14719 = CARTESIAN_POINT('',(-35.89947714783,12.566059582139,
    -237.1496528139));
#14720 = DIRECTION('',(-0.172987273551,-0.982909539191,
    6.296221847938E-02));
#14721 = DIRECTION('',(-0.923632840878,0.184089211434,0.33617486147));
#14722 = ADVANCED_FACE('',(#14723),#14748,.T.);
#14723 = FACE_BOUND('',#14724,.T.);
#14724 = EDGE_LOOP('',(#14725,#14726,#14734,#14742));
#14725 = ORIENTED_EDGE('',*,*,#14688,.F.);
#14726 = ORIENTED_EDGE('',*,*,#14727,.T.);
#14727 = EDGE_CURVE('',#14681,#14728,#14730,.T.);
#14728 = VERTEX_POINT('',#14729);
#14729 = CARTESIAN_POINT('',(-33.20906750578,9.79968895091,
    -238.1288818416));
#14730 = LINE('',#14731,#14732);
#14731 = CARTESIAN_POINT('',(-34.85450587565,12.357786414541,
    -237.5299912526));
#14732 = VECTOR('',#14733,1.);
#14733 = DIRECTION('',(0.530786570925,-0.825192730204,-0.193190512565));
#14734 = ORIENTED_EDGE('',*,*,#14735,.T.);
#14735 = EDGE_CURVE('',#14728,#14736,#14738,.T.);
#14736 = VERTEX_POINT('',#14737);
#14737 = CARTESIAN_POINT('',(-25.0758284975,9.799688950911,
    -215.7829913193));
#14738 = LINE('',#14739,#14740);
#14739 = CARTESIAN_POINT('',(-33.20906750578,9.79968895091,
    -238.1288818416));
#14740 = VECTOR('',#14741,1.);
#14741 = DIRECTION('',(0.342020143326,1.87E-15,0.939692620786));
#14742 = ORIENTED_EDGE('',*,*,#14743,.F.);
#14743 = EDGE_CURVE('',#14689,#14736,#14744,.T.);
#14744 = LINE('',#14745,#14746);
#14745 = CARTESIAN_POINT('',(-26.72126686736,12.357786414541,
    -215.1841007303));
#14746 = VECTOR('',#14747,1.);
#14747 = DIRECTION('',(0.530786570925,-0.825192730204,-0.193190512565));
#14748 = PLANE('',#14749);
#14749 = AXIS2_PLACEMENT_3D('',#14750,#14751,#14752);
#14750 = CARTESIAN_POINT('',(-34.85450587565,12.357786414541,
    -237.5299912526));
#14751 = DIRECTION('',(-0.775427519298,-0.564851270707,0.282232535856));
#14752 = DIRECTION('',(-0.342020143326,-1.859623566247E-15,
    -0.939692620786));
#14753 = ADVANCED_FACE('',(#14754),#14770,.T.);
#14754 = FACE_BOUND('',#14755,.T.);
#14755 = EDGE_LOOP('',(#14756,#14757,#14763,#14764));
#14756 = ORIENTED_EDGE('',*,*,#14735,.F.);
#14757 = ORIENTED_EDGE('',*,*,#14758,.T.);
#14758 = EDGE_CURVE('',#14728,#14600,#14759,.T.);
#14759 = LINE('',#14760,#14761);
#14760 = CARTESIAN_POINT('',(-33.20906750578,9.79968895091,
    -238.1288818416));
#14761 = VECTOR('',#14762,1.);
#14762 = DIRECTION('',(-0.775427519298,-0.564851270707,0.282232535856));
#14763 = ORIENTED_EDGE('',*,*,#14599,.T.);
#14764 = ORIENTED_EDGE('',*,*,#14765,.F.);
#14765 = EDGE_CURVE('',#14736,#14602,#14766,.T.);
#14766 = LINE('',#14767,#14768);
#14767 = CARTESIAN_POINT('',(-25.0758284975,9.799688950911,
    -215.7829913193));
#14768 = VECTOR('',#14769,1.);
#14769 = DIRECTION('',(-0.775427519298,-0.564851270707,0.282232535856));
#14770 = PLANE('',#14771);
#14771 = AXIS2_PLACEMENT_3D('',#14772,#14773,#14774);
#14772 = CARTESIAN_POINT('',(-33.20906750578,9.79968895091,
    -238.1288818416));
#14773 = DIRECTION('',(-0.530786570925,0.825192730204,0.193190512565));
#14774 = DIRECTION('',(0.342020143326,1.7763568394E-15,0.939692620786));
#14775 = ADVANCED_FACE('',(#14776),#14810,.T.);
#14776 = FACE_BOUND('',#14777,.T.);
#14777 = EDGE_LOOP('',(#14778,#14788,#14796,#14804));
#14778 = ORIENTED_EDGE('',*,*,#14779,.T.);
#14779 = EDGE_CURVE('',#14780,#14782,#14784,.T.);
#14780 = VERTEX_POINT('',#14781);
#14781 = CARTESIAN_POINT('',(-46.54402520897,8.932410378771,
    -233.2753541624));
#14782 = VERTEX_POINT('',#14783);
#14783 = CARTESIAN_POINT('',(-38.43814781215,8.932410378771,
    -211.0046390498));
#14784 = LINE('',#14785,#14786);
#14785 = CARTESIAN_POINT('',(-46.54402520897,8.932410378771,
    -233.2753541624));
#14786 = VECTOR('',#14787,1.);
#14787 = DIRECTION('',(0.342020143326,1.87E-15,0.939692620786));
#14788 = ORIENTED_EDGE('',*,*,#14789,.F.);
#14789 = EDGE_CURVE('',#14790,#14782,#14792,.T.);
#14790 = VERTEX_POINT('',#14791);
#14791 = CARTESIAN_POINT('',(-36.79270944229,6.374312915141,
    -211.6035296387));
#14792 = LINE('',#14793,#14794);
#14793 = CARTESIAN_POINT('',(-36.79270944229,6.374312915141,
    -211.6035296387));
#14794 = VECTOR('',#14795,1.);
#14795 = DIRECTION('',(-0.530786570925,0.825192730204,0.193190512565));
#14796 = ORIENTED_EDGE('',*,*,#14797,.F.);
#14797 = EDGE_CURVE('',#14798,#14790,#14800,.T.);
#14798 = VERTEX_POINT('',#14799);
#14799 = CARTESIAN_POINT('',(-44.89858683911,6.37431291514,
    -233.8742447513));
#14800 = LINE('',#14801,#14802);
#14801 = CARTESIAN_POINT('',(-44.89858683911,6.37431291514,
    -233.8742447513));
#14802 = VECTOR('',#14803,1.);
#14803 = DIRECTION('',(0.342020143326,1.87E-15,0.939692620786));
#14804 = ORIENTED_EDGE('',*,*,#14805,.T.);
#14805 = EDGE_CURVE('',#14798,#14780,#14806,.T.);
#14806 = LINE('',#14807,#14808);
#14807 = CARTESIAN_POINT('',(-44.89858683911,6.37431291514,
    -233.8742447513));
#14808 = VECTOR('',#14809,1.);
#14809 = DIRECTION('',(-0.530786570925,0.825192730204,0.193190512565));
#14810 = PLANE('',#14811);
#14811 = AXIS2_PLACEMENT_3D('',#14812,#14813,#14814);
#14812 = CARTESIAN_POINT('',(-44.89858683911,6.37431291514,
    -233.8742447513));
#14813 = DIRECTION('',(0.775427519298,0.564851270707,-0.282232535856));
#14814 = DIRECTION('',(0.342020143326,1.859623566247E-15,0.939692620786)
  );
#14815 = ADVANCED_FACE('',(#14816),#14849,.T.);
#14816 = FACE_BOUND('',#14817,.T.);
#14817 = EDGE_LOOP('',(#14818,#14828,#14836,#14842,#14843));
#14818 = ORIENTED_EDGE('',*,*,#14819,.T.);
#14819 = EDGE_CURVE('',#14820,#14822,#14824,.T.);
#14820 = VERTEX_POINT('',#14821);
#14821 = CARTESIAN_POINT('',(-46.34831245027,10.0444455795,
    -233.346587781));
#14822 = VERTEX_POINT('',#14823);
#14823 = CARTESIAN_POINT('',(-38.17403102479,10.0444455795,
    -210.8879341442));
#14824 = LINE('',#14825,#14826);
#14825 = CARTESIAN_POINT('',(-46.34831245027,10.0444455795,
    -233.346587781));
#14826 = VECTOR('',#14827,1.);
#14827 = DIRECTION('',(0.342020143326,1.91E-15,0.939692620786));
#14828 = ORIENTED_EDGE('',*,*,#14829,.F.);
#14829 = EDGE_CURVE('',#14830,#14822,#14832,.T.);
#14830 = VERTEX_POINT('',#14831);
#14831 = CARTESIAN_POINT('',(-38.59193758055,9.41892577909,
    -211.6935885925));
#14832 = LINE('',#14833,#14834);
#14833 = CARTESIAN_POINT('',(-38.59193758055,9.41892577909,
    -211.6935885925));
#14834 = VECTOR('',#14835,1.);
#14835 = DIRECTION('',(0.379132526585,0.567483087041,0.730904558207));
#14836 = ORIENTED_EDGE('',*,*,#14837,.T.);
#14837 = EDGE_CURVE('',#14830,#14782,#14838,.T.);
#14838 = LINE('',#14839,#14840);
#14839 = CARTESIAN_POINT('',(-38.59193758055,9.41892577909,
    -211.6935885925));
#14840 = VECTOR('',#14841,1.);
#14841 = DIRECTION('',(0.179384028683,-0.567483087041,0.803607065783));
#14842 = ORIENTED_EDGE('',*,*,#14779,.F.);
#14843 = ORIENTED_EDGE('',*,*,#14844,.T.);
#14844 = EDGE_CURVE('',#14780,#14820,#14845,.T.);
#14845 = LINE('',#14846,#14847);
#14846 = CARTESIAN_POINT('',(-46.54402520897,8.932410378771,
    -233.2753541624));
#14847 = VECTOR('',#14848,1.);
#14848 = DIRECTION('',(0.172987273551,0.982909539191,-6.296221847938E-02
    ));
#14849 = PLANE('',#14850);
#14850 = AXIS2_PLACEMENT_3D('',#14851,#14852,#14853);
#14851 = CARTESIAN_POINT('',(-46.54402520897,8.932410378771,
    -233.2753541624));
#14852 = DIRECTION('',(0.923632840878,-0.184089211434,-0.33617486147));
#14853 = DIRECTION('',(-0.172987273551,-0.982909539191,
    6.296221847938E-02));
#14854 = ADVANCED_FACE('',(#14855),#14897,.T.);
#14855 = FACE_BOUND('',#14856,.T.);
#14856 = EDGE_LOOP('',(#14857,#14867,#14875,#14883,#14891));
#14857 = ORIENTED_EDGE('',*,*,#14858,.T.);
#14858 = EDGE_CURVE('',#14859,#14861,#14863,.T.);
#14859 = VERTEX_POINT('',#14860);
#14860 = CARTESIAN_POINT('',(-43.59740063564,11.078845207458,
    -234.3478377986));
#14861 = VERTEX_POINT('',#14862);
#14862 = CARTESIAN_POINT('',(-35.49152323882,11.078845207458,
    -212.077122686));
#14863 = LINE('',#14864,#14865);
#14864 = CARTESIAN_POINT('',(-43.59740063564,11.078845207458,
    -234.3478377986));
#14865 = VECTOR('',#14866,1.);
#14866 = DIRECTION('',(0.342020143326,1.87E-15,0.939692620786));
#14867 = ORIENTED_EDGE('',*,*,#14868,.F.);
#14868 = EDGE_CURVE('',#14869,#14861,#14871,.T.);
#14869 = VERTEX_POINT('',#14870);
#14870 = CARTESIAN_POINT('',(-36.18811227073,11.169964718282,
    -212.5685094536));
#14871 = LINE('',#14872,#14873);
#14872 = CARTESIAN_POINT('',(-36.18811227073,11.169964718282,
    -212.5685094536));
#14873 = VECTOR('',#14874,1.);
#14874 = DIRECTION('',(0.812517946947,-0.106283955776,0.57316516523));
#14875 = ORIENTED_EDGE('',*,*,#14876,.T.);
#14876 = EDGE_CURVE('',#14869,#14877,#14879,.T.);
#14877 = VERTEX_POINT('',#14878);
#14878 = CARTESIAN_POINT('',(-36.46809048233,11.287118375055,
    -211.5088457231));
#14879 = LINE('',#14880,#14881);
#14880 = CARTESIAN_POINT('',(-36.18811227073,11.169964718282,
    -212.5685094536));
#14881 = VECTOR('',#14882,1.);
#14882 = DIRECTION('',(-0.25400139168,0.106283955776,0.961346458759));
#14883 = ORIENTED_EDGE('',*,*,#14884,.F.);
#14884 = EDGE_CURVE('',#14885,#14877,#14887,.T.);
#14885 = VERTEX_POINT('',#14886);
#14886 = CARTESIAN_POINT('',(-44.64237190782,11.287118375055,
    -233.9674993599));
#14887 = LINE('',#14888,#14889);
#14888 = CARTESIAN_POINT('',(-44.64237190782,11.287118375055,
    -233.9674993599));
#14889 = VECTOR('',#14890,1.);
#14890 = DIRECTION('',(0.342020143326,1.91E-15,0.939692620786));
#14891 = ORIENTED_EDGE('',*,*,#14892,.T.);
#14892 = EDGE_CURVE('',#14885,#14859,#14893,.T.);
#14893 = LINE('',#14894,#14895);
#14894 = CARTESIAN_POINT('',(-44.64237190782,11.287118375055,
    -233.9674993599));
#14895 = VECTOR('',#14896,1.);
#14896 = DIRECTION('',(0.923632840878,-0.184089211434,-0.33617486147));
#14897 = PLANE('',#14898);
#14898 = AXIS2_PLACEMENT_3D('',#14899,#14900,#14901);
#14899 = CARTESIAN_POINT('',(-44.64237190782,11.287118375055,
    -233.9674993599));
#14900 = DIRECTION('',(-0.172987273551,-0.982909539191,
    6.296221847938E-02));
#14901 = DIRECTION('',(-0.923632840878,0.184089211434,0.33617486147));
#14902 = ADVANCED_FACE('',(#14903),#14928,.T.);
#14903 = FACE_BOUND('',#14904,.T.);
#14904 = EDGE_LOOP('',(#14905,#14915,#14921,#14922));
#14905 = ORIENTED_EDGE('',*,*,#14906,.T.);
#14906 = EDGE_CURVE('',#14907,#14909,#14911,.T.);
#14907 = VERTEX_POINT('',#14908);
#14908 = CARTESIAN_POINT('',(-41.95196226577,8.520747743827,
    -234.9467283876));
#14909 = VERTEX_POINT('',#14910);
#14910 = CARTESIAN_POINT('',(-33.84608486895,8.520747743827,
    -212.676013275));
#14911 = LINE('',#14912,#14913);
#14912 = CARTESIAN_POINT('',(-41.95196226577,8.520747743827,
    -234.9467283876));
#14913 = VECTOR('',#14914,1.);
#14914 = DIRECTION('',(0.342020143326,1.87E-15,0.939692620786));
#14915 = ORIENTED_EDGE('',*,*,#14916,.F.);
#14916 = EDGE_CURVE('',#14861,#14909,#14917,.T.);
#14917 = LINE('',#14918,#14919);
#14918 = CARTESIAN_POINT('',(-35.49152323882,11.078845207458,
    -212.077122686));
#14919 = VECTOR('',#14920,1.);
#14920 = DIRECTION('',(0.530786570925,-0.825192730204,-0.193190512565));
#14921 = ORIENTED_EDGE('',*,*,#14858,.F.);
#14922 = ORIENTED_EDGE('',*,*,#14923,.T.);
#14923 = EDGE_CURVE('',#14859,#14907,#14924,.T.);
#14924 = LINE('',#14925,#14926);
#14925 = CARTESIAN_POINT('',(-43.59740063564,11.078845207458,
    -234.3478377986));
#14926 = VECTOR('',#14927,1.);
#14927 = DIRECTION('',(0.530786570925,-0.825192730204,-0.193190512565));
#14928 = PLANE('',#14929);
#14929 = AXIS2_PLACEMENT_3D('',#14930,#14931,#14932);
#14930 = CARTESIAN_POINT('',(-43.59740063564,11.078845207458,
    -234.3478377986));
#14931 = DIRECTION('',(-0.775427519298,-0.564851270707,0.282232535856));
#14932 = DIRECTION('',(-0.342020143326,-1.859623566247E-15,
    -0.939692620786));
#14933 = ADVANCED_FACE('',(#14934),#14950,.T.);
#14934 = FACE_BOUND('',#14935,.T.);
#14935 = EDGE_LOOP('',(#14936,#14937,#14943,#14944));
#14936 = ORIENTED_EDGE('',*,*,#14797,.T.);
#14937 = ORIENTED_EDGE('',*,*,#14938,.F.);
#14938 = EDGE_CURVE('',#14909,#14790,#14939,.T.);
#14939 = LINE('',#14940,#14941);
#14940 = CARTESIAN_POINT('',(-33.84608486895,8.520747743827,
    -212.676013275));
#14941 = VECTOR('',#14942,1.);
#14942 = DIRECTION('',(-0.775427519298,-0.564851270707,0.282232535856));
#14943 = ORIENTED_EDGE('',*,*,#14906,.F.);
#14944 = ORIENTED_EDGE('',*,*,#14945,.T.);
#14945 = EDGE_CURVE('',#14907,#14798,#14946,.T.);
#14946 = LINE('',#14947,#14948);
#14947 = CARTESIAN_POINT('',(-41.95196226577,8.520747743827,
    -234.9467283876));
#14948 = VECTOR('',#14949,1.);
#14949 = DIRECTION('',(-0.775427519298,-0.564851270707,0.282232535856));
#14950 = PLANE('',#14951);
#14951 = AXIS2_PLACEMENT_3D('',#14952,#14953,#14954);
#14952 = CARTESIAN_POINT('',(-41.95196226577,8.520747743827,
    -234.9467283876));
#14953 = DIRECTION('',(-0.530786570925,0.825192730204,0.193190512565));
#14954 = DIRECTION('',(0.342020143326,1.7763568394E-15,0.939692620786));
#14955 = ADVANCED_FACE('',(#14956),#14998,.T.);
#14956 = FACE_BOUND('',#14957,.T.);
#14957 = EDGE_LOOP('',(#14958,#14968,#14976,#14984,#14992));
#14958 = ORIENTED_EDGE('',*,*,#14959,.T.);
#14959 = EDGE_CURVE('',#14960,#14962,#14964,.T.);
#14960 = VERTEX_POINT('',#14961);
#14961 = CARTESIAN_POINT('',(-44.73935086783,6.126755096079,
    -233.9322019051));
#14962 = VERTEX_POINT('',#14963);
#14963 = CARTESIAN_POINT('',(-36.56506944234,6.12675509608,
    -211.4735482683));
#14964 = LINE('',#14965,#14966);
#14965 = CARTESIAN_POINT('',(-44.73935086783,6.126755096079,
    -233.9322019051));
#14966 = VECTOR('',#14967,1.);
#14967 = DIRECTION('',(0.342020143326,1.91E-15,0.939692620786));
#14968 = ORIENTED_EDGE('',*,*,#14969,.F.);
#14969 = EDGE_CURVE('',#14970,#14962,#14972,.T.);
#14970 = VERTEX_POINT('',#14971);
#14971 = CARTESIAN_POINT('',(-36.55303320245,6.044235823059,
    -211.6056304341));
#14972 = LINE('',#14973,#14974);
#14973 = CARTESIAN_POINT('',(-36.55303320245,6.044235823059,
    -211.6056304341));
#14974 = VECTOR('',#14975,1.);
#14975 = DIRECTION('',(-7.705413010378E-02,0.528275512593,0.845569419876
    ));
#14976 = ORIENTED_EDGE('',*,*,#14977,.F.);
#14977 = EDGE_CURVE('',#14978,#14970,#14980,.T.);
#14978 = VERTEX_POINT('',#14979);
#14979 = CARTESIAN_POINT('',(-34.53604423294,2.908503448286,
    -212.3397543818));
#14980 = LINE('',#14981,#14982);
#14981 = CARTESIAN_POINT('',(-34.53604423294,2.908503448286,
    -212.3397543818));
#14982 = VECTOR('',#14983,1.);
#14983 = DIRECTION('',(-0.530786570925,0.825192730204,0.193190512565));
#14984 = ORIENTED_EDGE('',*,*,#14985,.F.);
#14985 = EDGE_CURVE('',#14986,#14978,#14988,.T.);
#14986 = VERTEX_POINT('',#14987);
#14987 = CARTESIAN_POINT('',(-42.66928324122,2.908503448286,
    -234.6856449041));
#14988 = LINE('',#14989,#14990);
#14989 = CARTESIAN_POINT('',(-42.66928324122,2.908503448286,
    -234.6856449041));
#14990 = VECTOR('',#14991,1.);
#14991 = DIRECTION('',(0.342020143326,1.87E-15,0.939692620786));
#14992 = ORIENTED_EDGE('',*,*,#14993,.T.);
#14993 = EDGE_CURVE('',#14986,#14960,#14994,.T.);
#14994 = LINE('',#14995,#14996);
#14995 = CARTESIAN_POINT('',(-42.66928324122,2.908503448286,
    -234.6856449041));
#14996 = VECTOR('',#14997,1.);
#14997 = DIRECTION('',(-0.530786570925,0.825192730204,0.193190512565));
#14998 = PLANE('',#14999);
#14999 = AXIS2_PLACEMENT_3D('',#15000,#15001,#15002);
#15000 = CARTESIAN_POINT('',(-42.66928324122,2.908503448286,
    -234.6856449041));
#15001 = DIRECTION('',(0.775427519298,0.564851270707,-0.282232535856));
#15002 = DIRECTION('',(0.342020143326,1.859623566247E-15,0.939692620786)
  );
#15003 = ADVANCED_FACE('',(#15004),#15046,.T.);
#15004 = FACE_BOUND('',#15005,.T.);
#15005 = EDGE_LOOP('',(#15006,#15016,#15024,#15032,#15040));
#15006 = ORIENTED_EDGE('',*,*,#15007,.T.);
#15007 = EDGE_CURVE('',#15008,#15010,#15012,.T.);
#15008 = VERTEX_POINT('',#15009);
#15009 = CARTESIAN_POINT('',(-39.72265866789,5.054938276972,
    -235.7581285404));
#15010 = VERTEX_POINT('',#15011);
#15011 = CARTESIAN_POINT('',(-31.5894196596,5.054938276972,
    -213.4122380181));
#15012 = LINE('',#15013,#15014);
#15013 = CARTESIAN_POINT('',(-39.72265866789,5.054938276972,
    -235.7581285404));
#15014 = VECTOR('',#15015,1.);
#15015 = DIRECTION('',(0.342020143326,1.87E-15,0.939692620786));
#15016 = ORIENTED_EDGE('',*,*,#15017,.F.);
#15017 = EDGE_CURVE('',#15018,#15010,#15020,.T.);
#15018 = VERTEX_POINT('',#15019);
#15019 = CARTESIAN_POINT('',(-33.60640862912,8.190670651746,
    -212.6781140703));
#15020 = LINE('',#15021,#15022);
#15021 = CARTESIAN_POINT('',(-33.60640862912,8.190670651746,
    -212.6781140703));
#15022 = VECTOR('',#15023,1.);
#15023 = DIRECTION('',(0.530786570925,-0.825192730204,-0.193190512565));
#15024 = ORIENTED_EDGE('',*,*,#15025,.T.);
#15025 = EDGE_CURVE('',#15018,#15026,#15028,.T.);
#15026 = VERTEX_POINT('',#15027);
#15027 = CARTESIAN_POINT('',(-33.61844486901,8.273189924766,
    -212.5460319046));
#15028 = LINE('',#15029,#15030);
#15029 = CARTESIAN_POINT('',(-33.60640862912,8.190670651746,
    -212.6781140703));
#15030 = VECTOR('',#15031,1.);
#15031 = DIRECTION('',(-7.705413010378E-02,0.528275512593,0.845569419876
    ));
#15032 = ORIENTED_EDGE('',*,*,#15033,.F.);
#15033 = EDGE_CURVE('',#15034,#15026,#15036,.T.);
#15034 = VERTEX_POINT('',#15035);
#15035 = CARTESIAN_POINT('',(-41.79272629449,8.273189924766,
    -235.0046855414));
#15036 = LINE('',#15037,#15038);
#15037 = CARTESIAN_POINT('',(-41.79272629449,8.273189924766,
    -235.0046855414));
#15038 = VECTOR('',#15039,1.);
#15039 = DIRECTION('',(0.342020143326,1.91E-15,0.939692620786));
#15040 = ORIENTED_EDGE('',*,*,#15041,.T.);
#15041 = EDGE_CURVE('',#15034,#15008,#15042,.T.);
#15042 = LINE('',#15043,#15044);
#15043 = CARTESIAN_POINT('',(-41.79272629449,8.273189924766,
    -235.0046855414));
#15044 = VECTOR('',#15045,1.);
#15045 = DIRECTION('',(0.530786570925,-0.825192730204,-0.193190512565));
#15046 = PLANE('',#15047);
#15047 = AXIS2_PLACEMENT_3D('',#15048,#15049,#15050);
#15048 = CARTESIAN_POINT('',(-41.79272629449,8.273189924766,
    -235.0046855414));
#15049 = DIRECTION('',(-0.775427519298,-0.564851270707,0.282232535856));
#15050 = DIRECTION('',(-0.342020143326,-1.859623566247E-15,
    -0.939692620786));
#15051 = ADVANCED_FACE('',(#15052),#15068,.T.);
#15052 = FACE_BOUND('',#15053,.T.);
#15053 = EDGE_LOOP('',(#15054,#15055,#15061,#15062));
#15054 = ORIENTED_EDGE('',*,*,#14985,.T.);
#15055 = ORIENTED_EDGE('',*,*,#15056,.F.);
#15056 = EDGE_CURVE('',#15010,#14978,#15057,.T.);
#15057 = LINE('',#15058,#15059);
#15058 = CARTESIAN_POINT('',(-31.5894196596,5.054938276972,
    -213.4122380181));
#15059 = VECTOR('',#15060,1.);
#15060 = DIRECTION('',(-0.775427519298,-0.564851270707,0.282232535856));
#15061 = ORIENTED_EDGE('',*,*,#15007,.F.);
#15062 = ORIENTED_EDGE('',*,*,#15063,.T.);
#15063 = EDGE_CURVE('',#15008,#14986,#15064,.T.);
#15064 = LINE('',#15065,#15066);
#15065 = CARTESIAN_POINT('',(-39.72265866789,5.054938276972,
    -235.7581285404));
#15066 = VECTOR('',#15067,1.);
#15067 = DIRECTION('',(-0.775427519298,-0.564851270707,0.282232535856));
#15068 = PLANE('',#15069);
#15069 = AXIS2_PLACEMENT_3D('',#15070,#15071,#15072);
#15070 = CARTESIAN_POINT('',(-39.72265866789,5.054938276972,
    -235.7581285404));
#15071 = DIRECTION('',(-0.530786570925,0.825192730204,0.193190512565));
#15072 = DIRECTION('',(0.342020143326,1.7763568394E-15,0.939692620786));
#15073 = ADVANCED_FACE('',(#15074),#15116,.T.);
#15074 = FACE_BOUND('',#15075,.T.);
#15075 = EDGE_LOOP('',(#15076,#15086,#15094,#15102,#15110));
#15076 = ORIENTED_EDGE('',*,*,#15077,.T.);
#15077 = EDGE_CURVE('',#15078,#15080,#15082,.T.);
#15078 = VERTEX_POINT('',#15079);
#15079 = CARTESIAN_POINT('',(-43.09151686922,12.416820916469,
    -234.5319644316));
#15080 = VERTEX_POINT('',#15081);
#15081 = CARTESIAN_POINT('',(-34.91723544374,12.416820916469,
    -212.0733107948));
#15082 = LINE('',#15083,#15084);
#15083 = CARTESIAN_POINT('',(-43.09151686922,12.416820916469,
    -234.5319644316));
#15084 = VECTOR('',#15085,1.);
#15085 = DIRECTION('',(0.342020143326,1.91E-15,0.939692620786));
#15086 = ORIENTED_EDGE('',*,*,#15087,.F.);
#15087 = EDGE_CURVE('',#15088,#15080,#15090,.T.);
#15088 = VERTEX_POINT('',#15089);
#15089 = CARTESIAN_POINT('',(-35.3351419995,11.791301116059,
    -212.8789652431));
#15090 = LINE('',#15091,#15092);
#15091 = CARTESIAN_POINT('',(-35.3351419995,11.791301116059,
    -212.8789652431));
#15092 = VECTOR('',#15093,1.);
#15093 = DIRECTION('',(0.379132526585,0.567483087041,0.730904558207));
#15094 = ORIENTED_EDGE('',*,*,#15095,.T.);
#15095 = EDGE_CURVE('',#15088,#15096,#15098,.T.);
#15096 = VERTEX_POINT('',#15097);
#15097 = CARTESIAN_POINT('',(-35.1813522311,11.304785715741,
    -212.1900157004));
#15098 = LINE('',#15099,#15100);
#15099 = CARTESIAN_POINT('',(-35.3351419995,11.791301116059,
    -212.8789652431));
#15100 = VECTOR('',#15101,1.);
#15101 = DIRECTION('',(0.179384028683,-0.567483087041,0.803607065783));
#15102 = ORIENTED_EDGE('',*,*,#15103,.F.);
#15103 = EDGE_CURVE('',#15104,#15096,#15106,.T.);
#15104 = VERTEX_POINT('',#15105);
#15105 = CARTESIAN_POINT('',(-43.28722962792,11.304785715741,
    -234.460730813));
#15106 = LINE('',#15107,#15108);
#15107 = CARTESIAN_POINT('',(-43.28722962792,11.304785715741,
    -234.460730813));
#15108 = VECTOR('',#15109,1.);
#15109 = DIRECTION('',(0.342020143326,1.87E-15,0.939692620786));
#15110 = ORIENTED_EDGE('',*,*,#15111,.T.);
#15111 = EDGE_CURVE('',#15104,#15078,#15112,.T.);
#15112 = LINE('',#15113,#15114);
#15113 = CARTESIAN_POINT('',(-43.28722962792,11.304785715741,
    -234.460730813));
#15114 = VECTOR('',#15115,1.);
#15115 = DIRECTION('',(0.172987273551,0.982909539191,-6.296221847938E-02
    ));
#15116 = PLANE('',#15117);
#15117 = AXIS2_PLACEMENT_3D('',#15118,#15119,#15120);
#15118 = CARTESIAN_POINT('',(-43.28722962792,11.304785715741,
    -234.460730813));
#15119 = DIRECTION('',(0.923632840878,-0.184089211434,-0.33617486147));
#15120 = DIRECTION('',(-0.172987273551,-0.982909539191,
    6.296221847938E-02));
#15121 = ADVANCED_FACE('',(#15122),#15164,.T.);
#15122 = FACE_BOUND('',#15123,.T.);
#15123 = EDGE_LOOP('',(#15124,#15134,#15142,#15150,#15158));
#15124 = ORIENTED_EDGE('',*,*,#15125,.T.);
#15125 = EDGE_CURVE('',#15126,#15128,#15130,.T.);
#15126 = VERTEX_POINT('',#15127);
#15127 = CARTESIAN_POINT('',(-40.34060505459,13.451220544427,
    -235.5332144492));
#15128 = VERTEX_POINT('',#15129);
#15129 = CARTESIAN_POINT('',(-32.23472765777,13.451220544427,
    -213.2624993366));
#15130 = LINE('',#15131,#15132);
#15131 = CARTESIAN_POINT('',(-40.34060505459,13.451220544427,
    -235.5332144492));
#15132 = VECTOR('',#15133,1.);
#15133 = DIRECTION('',(0.342020143326,1.87E-15,0.939692620786));
#15134 = ORIENTED_EDGE('',*,*,#15135,.F.);
#15135 = EDGE_CURVE('',#15136,#15128,#15138,.T.);
#15136 = VERTEX_POINT('',#15137);
#15137 = CARTESIAN_POINT('',(-32.93131668967,13.542340055251,
    -213.7538861042));
#15138 = LINE('',#15139,#15140);
#15139 = CARTESIAN_POINT('',(-32.93131668967,13.542340055251,
    -213.7538861042));
#15140 = VECTOR('',#15141,1.);
#15141 = DIRECTION('',(0.812517946947,-0.106283955776,0.57316516523));
#15142 = ORIENTED_EDGE('',*,*,#15143,.T.);
#15143 = EDGE_CURVE('',#15136,#15144,#15146,.T.);
#15144 = VERTEX_POINT('',#15145);
#15145 = CARTESIAN_POINT('',(-33.21129490128,13.659493712024,
    -212.6942223737));
#15146 = LINE('',#15147,#15148);
#15147 = CARTESIAN_POINT('',(-32.93131668967,13.542340055251,
    -213.7538861042));
#15148 = VECTOR('',#15149,1.);
#15149 = DIRECTION('',(-0.25400139168,0.106283955776,0.961346458759));
#15150 = ORIENTED_EDGE('',*,*,#15151,.F.);
#15151 = EDGE_CURVE('',#15152,#15144,#15154,.T.);
#15152 = VERTEX_POINT('',#15153);
#15153 = CARTESIAN_POINT('',(-41.38557632676,13.659493712024,
    -235.1528760105));
#15154 = LINE('',#15155,#15156);
#15155 = CARTESIAN_POINT('',(-41.38557632676,13.659493712024,
    -235.1528760105));
#15156 = VECTOR('',#15157,1.);
#15157 = DIRECTION('',(0.342020143326,1.91E-15,0.939692620786));
#15158 = ORIENTED_EDGE('',*,*,#15159,.T.);
#15159 = EDGE_CURVE('',#15152,#15126,#15160,.T.);
#15160 = LINE('',#15161,#15162);
#15161 = CARTESIAN_POINT('',(-41.38557632676,13.659493712024,
    -235.1528760105));
#15162 = VECTOR('',#15163,1.);
#15163 = DIRECTION('',(0.923632840878,-0.184089211434,-0.33617486147));
#15164 = PLANE('',#15165);
#15165 = AXIS2_PLACEMENT_3D('',#15166,#15167,#15168);
#15166 = CARTESIAN_POINT('',(-41.38557632676,13.659493712024,
    -235.1528760105));
#15167 = DIRECTION('',(-0.172987273551,-0.982909539191,
    6.296221847938E-02));
#15168 = DIRECTION('',(-0.923632840878,0.184089211434,0.33617486147));
#15169 = ADVANCED_FACE('',(#15170),#15204,.T.);
#15170 = FACE_BOUND('',#15171,.T.);
#15171 = EDGE_LOOP('',(#15172,#15182,#15190,#15198));
#15172 = ORIENTED_EDGE('',*,*,#15173,.T.);
#15173 = EDGE_CURVE('',#15174,#15176,#15178,.T.);
#15174 = VERTEX_POINT('',#15175);
#15175 = CARTESIAN_POINT('',(-39.41248766017,5.280878785255,
    -235.8710215547));
#15176 = VERTEX_POINT('',#15177);
#15177 = CARTESIAN_POINT('',(-31.27924865188,5.280878785255,
    -213.5251310324));
#15178 = LINE('',#15179,#15180);
#15179 = CARTESIAN_POINT('',(-39.41248766017,5.280878785255,
    -235.8710215547));
#15180 = VECTOR('',#15181,1.);
#15181 = DIRECTION('',(0.342020143326,1.87E-15,0.939692620786));
#15182 = ORIENTED_EDGE('',*,*,#15183,.F.);
#15183 = EDGE_CURVE('',#15184,#15176,#15186,.T.);
#15184 = VERTEX_POINT('',#15185);
#15185 = CARTESIAN_POINT('',(-28.33262407855,7.427313613941,
    -214.5976146687));
#15186 = LINE('',#15187,#15188);
#15187 = CARTESIAN_POINT('',(-28.33262407855,7.427313613941,
    -214.5976146687));
#15188 = VECTOR('',#15189,1.);
#15189 = DIRECTION('',(-0.775427519298,-0.564851270707,0.282232535856));
#15190 = ORIENTED_EDGE('',*,*,#15191,.F.);
#15191 = EDGE_CURVE('',#15192,#15184,#15194,.T.);
#15192 = VERTEX_POINT('',#15193);
#15193 = CARTESIAN_POINT('',(-36.46586308683,7.427313613941,
    -236.943505191));
#15194 = LINE('',#15195,#15196);
#15195 = CARTESIAN_POINT('',(-36.46586308683,7.427313613941,
    -236.943505191));
#15196 = VECTOR('',#15197,1.);
#15197 = DIRECTION('',(0.342020143326,1.87E-15,0.939692620786));
#15198 = ORIENTED_EDGE('',*,*,#15199,.T.);
#15199 = EDGE_CURVE('',#15192,#15174,#15200,.T.);
#15200 = LINE('',#15201,#15202);
#15201 = CARTESIAN_POINT('',(-36.46586308683,7.427313613941,
    -236.943505191));
#15202 = VECTOR('',#15203,1.);
#15203 = DIRECTION('',(-0.775427519298,-0.564851270707,0.282232535856));
#15204 = PLANE('',#15205);
#15205 = AXIS2_PLACEMENT_3D('',#15206,#15207,#15208);
#15206 = CARTESIAN_POINT('',(-36.46586308683,7.427313613941,
    -236.943505191));
#15207 = DIRECTION('',(-0.530786570925,0.825192730204,0.193190512565));
#15208 = DIRECTION('',(0.342020143326,1.7763568394E-15,0.939692620786));
#15209 = ADVANCED_FACE('',(#15210),#15235,.T.);
#15210 = FACE_BOUND('',#15211,.T.);
#15211 = EDGE_LOOP('',(#15212,#15213,#15221,#15229));
#15212 = ORIENTED_EDGE('',*,*,#15103,.T.);
#15213 = ORIENTED_EDGE('',*,*,#15214,.F.);
#15214 = EDGE_CURVE('',#15215,#15096,#15217,.T.);
#15215 = VERTEX_POINT('',#15216);
#15216 = CARTESIAN_POINT('',(-33.53591386123,8.74668825211,
    -212.7889062893));
#15217 = LINE('',#15218,#15219);
#15218 = CARTESIAN_POINT('',(-33.53591386123,8.74668825211,
    -212.7889062893));
#15219 = VECTOR('',#15220,1.);
#15220 = DIRECTION('',(-0.530786570925,0.825192730204,0.193190512565));
#15221 = ORIENTED_EDGE('',*,*,#15222,.F.);
#15222 = EDGE_CURVE('',#15223,#15215,#15225,.T.);
#15223 = VERTEX_POINT('',#15224);
#15224 = CARTESIAN_POINT('',(-41.64179125805,8.74668825211,
    -235.0596214019));
#15225 = LINE('',#15226,#15227);
#15226 = CARTESIAN_POINT('',(-41.64179125805,8.74668825211,
    -235.0596214019));
#15227 = VECTOR('',#15228,1.);
#15228 = DIRECTION('',(0.342020143326,1.87E-15,0.939692620786));
#15229 = ORIENTED_EDGE('',*,*,#15230,.T.);
#15230 = EDGE_CURVE('',#15223,#15104,#15231,.T.);
#15231 = LINE('',#15232,#15233);
#15232 = CARTESIAN_POINT('',(-41.64179125805,8.74668825211,
    -235.0596214019));
#15233 = VECTOR('',#15234,1.);
#15234 = DIRECTION('',(-0.530786570925,0.825192730204,0.193190512565));
#15235 = PLANE('',#15236);
#15236 = AXIS2_PLACEMENT_3D('',#15237,#15238,#15239);
#15237 = CARTESIAN_POINT('',(-41.64179125805,8.74668825211,
    -235.0596214019));
#15238 = DIRECTION('',(0.775427519298,0.564851270707,-0.282232535856));
#15239 = DIRECTION('',(0.342020143326,1.859623566247E-15,0.939692620786)
  );
#15240 = ADVANCED_FACE('',(#15241),#15266,.T.);
#15241 = FACE_BOUND('',#15242,.T.);
#15242 = EDGE_LOOP('',(#15243,#15253,#15259,#15260));
#15243 = ORIENTED_EDGE('',*,*,#15244,.T.);
#15244 = EDGE_CURVE('',#15245,#15247,#15249,.T.);
#15245 = VERTEX_POINT('',#15246);
#15246 = CARTESIAN_POINT('',(-38.69516668472,10.893123080796,
    -236.1321050382));
#15247 = VERTEX_POINT('',#15248);
#15248 = CARTESIAN_POINT('',(-30.5892892879,10.893123080796,
    -213.8613899256));
#15249 = LINE('',#15250,#15251);
#15250 = CARTESIAN_POINT('',(-38.69516668472,10.893123080796,
    -236.1321050382));
#15251 = VECTOR('',#15252,1.);
#15252 = DIRECTION('',(0.342020143326,1.87E-15,0.939692620786));
#15253 = ORIENTED_EDGE('',*,*,#15254,.F.);
#15254 = EDGE_CURVE('',#15128,#15247,#15255,.T.);
#15255 = LINE('',#15256,#15257);
#15256 = CARTESIAN_POINT('',(-32.23472765777,13.451220544427,
    -213.2624993366));
#15257 = VECTOR('',#15258,1.);
#15258 = DIRECTION('',(0.530786570925,-0.825192730204,-0.193190512565));
#15259 = ORIENTED_EDGE('',*,*,#15125,.F.);
#15260 = ORIENTED_EDGE('',*,*,#15261,.T.);
#15261 = EDGE_CURVE('',#15126,#15245,#15262,.T.);
#15262 = LINE('',#15263,#15264);
#15263 = CARTESIAN_POINT('',(-40.34060505459,13.451220544427,
    -235.5332144492));
#15264 = VECTOR('',#15265,1.);
#15265 = DIRECTION('',(0.530786570925,-0.825192730204,-0.193190512565));
#15266 = PLANE('',#15267);
#15267 = AXIS2_PLACEMENT_3D('',#15268,#15269,#15270);
#15268 = CARTESIAN_POINT('',(-40.34060505459,13.451220544427,
    -235.5332144492));
#15269 = DIRECTION('',(-0.775427519298,-0.564851270707,0.282232535856));
#15270 = DIRECTION('',(-0.342020143326,-1.859623566247E-15,
    -0.939692620786));
#15271 = ADVANCED_FACE('',(#15272),#15298,.T.);
#15272 = FACE_BOUND('',#15273,.T.);
#15273 = EDGE_LOOP('',(#15274,#15284,#15292));
#15274 = ORIENTED_EDGE('',*,*,#15275,.T.);
#15275 = EDGE_CURVE('',#15276,#15278,#15280,.T.);
#15276 = VERTEX_POINT('',#15277);
#15277 = CARTESIAN_POINT('',(-33.2962376214,8.416611160028,
    -212.7910070847));
#15278 = VERTEX_POINT('',#15279);
#15279 = CARTESIAN_POINT('',(-33.30827386129,8.499130433049,
    -212.6589249189));
#15280 = LINE('',#15281,#15282);
#15281 = CARTESIAN_POINT('',(-33.2962376214,8.416611160028,
    -212.7910070847));
#15282 = VECTOR('',#15283,1.);
#15283 = DIRECTION('',(-7.705413010373E-02,0.528275512593,0.845569419876
    ));
#15284 = ORIENTED_EDGE('',*,*,#15285,.T.);
#15285 = EDGE_CURVE('',#15278,#15286,#15288,.T.);
#15286 = VERTEX_POINT('',#15287);
#15287 = CARTESIAN_POINT('',(-33.38581661322,8.442645305978,
    -212.6307016653));
#15288 = LINE('',#15289,#15290);
#15289 = CARTESIAN_POINT('',(-33.30827386129,8.499130433049,
    -212.6589249189));
#15290 = VECTOR('',#15291,1.);
#15291 = DIRECTION('',(-0.775427519298,-0.564851270707,0.282232535855));
#15292 = ORIENTED_EDGE('',*,*,#15293,.F.);
#15293 = EDGE_CURVE('',#15276,#15286,#15294,.T.);
#15294 = LINE('',#15295,#15296);
#15295 = CARTESIAN_POINT('',(-33.2962376214,8.416611160028,
    -212.7910070847));
#15296 = VECTOR('',#15297,1.);
#15297 = DIRECTION('',(-0.482977555453,0.140366707787,0.864308896329));
#15298 = PLANE('',#15299);
#15299 = AXIS2_PLACEMENT_3D('',#15300,#15301,#15302);
#15300 = CARTESIAN_POINT('',(-31.80487097489,9.366049664841,
    -213.5253721514));
#15301 = DIRECTION('',(0.626717498837,-0.633930615111,0.453163493538));
#15302 = DIRECTION('',(7.705413010378E-02,-0.528275512593,
    -0.845569419876));
#15303 = ADVANCED_FACE('',(#15304),#15327,.T.);
#15304 = FACE_BOUND('',#15305,.T.);
#15305 = EDGE_LOOP('',(#15306,#15314,#15320,#15326));
#15306 = ORIENTED_EDGE('',*,*,#15307,.T.);
#15307 = EDGE_CURVE('',#15286,#15308,#15310,.T.);
#15308 = VERTEX_POINT('',#15309);
#15309 = CARTESIAN_POINT('',(-31.26267032952,5.141874385164,
    -213.4034637156));
#15310 = LINE('',#15311,#15312);
#15311 = CARTESIAN_POINT('',(-33.38581661322,8.442645305978,
    -212.6307016653));
#15312 = VECTOR('',#15313,1.);
#15313 = DIRECTION('',(0.530786570925,-0.825192730204,-0.193190512565));
#15314 = ORIENTED_EDGE('',*,*,#15315,.F.);
#15315 = EDGE_CURVE('',#15176,#15308,#15316,.T.);
#15316 = LINE('',#15317,#15318);
#15317 = CARTESIAN_POINT('',(-31.27924865188,5.280878785255,
    -213.5251310324));
#15318 = VECTOR('',#15319,1.);
#15319 = DIRECTION('',(8.938432376625E-02,-0.749461497465,0.655986209064
    ));
#15320 = ORIENTED_EDGE('',*,*,#15321,.F.);
#15321 = EDGE_CURVE('',#15276,#15176,#15322,.T.);
#15322 = LINE('',#15323,#15324);
#15323 = CARTESIAN_POINT('',(-33.2962376214,8.416611160028,
    -212.7910070847));
#15324 = VECTOR('',#15325,1.);
#15325 = DIRECTION('',(0.530786570925,-0.825192730204,-0.193190512565));
#15326 = ORIENTED_EDGE('',*,*,#15293,.T.);
#15327 = PLANE('',#15328);
#15328 = AXIS2_PLACEMENT_3D('',#15329,#15330,#15331);
#15329 = CARTESIAN_POINT('',(-32.23299263454,6.933472663248,
    -213.3695486107));
#15330 = DIRECTION('',(0.814655881239,0.433930765965,0.384759516468));
#15331 = DIRECTION('',(-0.233669448772,-0.361608971637,0.902572734101));
#15332 = ADVANCED_FACE('',(#15333),#15351,.T.);
#15333 = FACE_BOUND('',#15334,.T.);
#15334 = EDGE_LOOP('',(#15335,#15336,#15337,#15345));
#15335 = ORIENTED_EDGE('',*,*,#15183,.T.);
#15336 = ORIENTED_EDGE('',*,*,#15315,.T.);
#15337 = ORIENTED_EDGE('',*,*,#15338,.T.);
#15338 = EDGE_CURVE('',#15308,#15339,#15341,.T.);
#15339 = VERTEX_POINT('',#15340);
#15340 = CARTESIAN_POINT('',(-28.16096025233,7.401279467992,
    -214.532393859));
#15341 = LINE('',#15342,#15343);
#15342 = CARTESIAN_POINT('',(-31.26267032952,5.141874385164,
    -213.4034637156));
#15343 = VECTOR('',#15344,1.);
#15344 = DIRECTION('',(0.775427519298,0.564851270707,-0.282232535856));
#15345 = ORIENTED_EDGE('',*,*,#15346,.F.);
#15346 = EDGE_CURVE('',#15184,#15339,#15347,.T.);
#15347 = LINE('',#15348,#15349);
#15348 = CARTESIAN_POINT('',(-28.33262407855,7.427313613941,
    -214.5976146687));
#15349 = VECTOR('',#15350,1.);
#15350 = DIRECTION('',(0.925549322008,-0.140366707787,0.351647038769));
#15351 = PLANE('',#15352);
#15352 = AXIS2_PLACEMENT_3D('',#15353,#15354,#15355);
#15353 = CARTESIAN_POINT('',(-29.94711797665,6.477875109129,
    -214.2015389454));
#15354 = DIRECTION('',(-0.188805578581,0.633930615111,0.749989619076));
#15355 = DIRECTION('',(0.602548434411,-0.528275512593,0.598214315261));
#15356 = ADVANCED_FACE('',(#15357),#15382,.T.);
#15357 = FACE_BOUND('',#15358,.T.);
#15358 = EDGE_LOOP('',(#15359,#15367,#15375,#15381));
#15359 = ORIENTED_EDGE('',*,*,#15360,.T.);
#15360 = EDGE_CURVE('',#15339,#15361,#15363,.T.);
#15361 = VERTEX_POINT('',#15362);
#15362 = CARTESIAN_POINT('',(-30.28410653603,10.702050388806,
    -213.7596318088));
#15363 = LINE('',#15364,#15365);
#15364 = CARTESIAN_POINT('',(-28.16096025233,7.401279467992,
    -214.532393859));
#15365 = VECTOR('',#15366,1.);
#15366 = DIRECTION('',(-0.530786570925,0.825192730204,0.193190512565));
#15367 = ORIENTED_EDGE('',*,*,#15368,.F.);
#15368 = EDGE_CURVE('',#15369,#15361,#15371,.T.);
#15369 = VERTEX_POINT('',#15370);
#15370 = CARTESIAN_POINT('',(-30.34961304806,10.563045988715,
    -213.8634907209));
#15371 = LINE('',#15372,#15373);
#15372 = CARTESIAN_POINT('',(-30.34961304806,10.563045988715,
    -213.8634907209));
#15373 = VECTOR('',#15374,1.);
#15374 = DIRECTION('',(0.353187442789,0.749461497465,0.559969726034));
#15375 = ORIENTED_EDGE('',*,*,#15376,.T.);
#15376 = EDGE_CURVE('',#15369,#15184,#15377,.T.);
#15377 = LINE('',#15378,#15379);
#15378 = CARTESIAN_POINT('',(-30.34961304806,10.563045988715,
    -213.8634907209));
#15379 = VECTOR('',#15380,1.);
#15380 = DIRECTION('',(0.530786570925,-0.825192730204,-0.193190512565));
#15381 = ORIENTED_EDGE('',*,*,#15346,.T.);
#15382 = PLANE('',#15383);
#15383 = AXIS2_PLACEMENT_3D('',#15384,#15385,#15386);
#15384 = CARTESIAN_POINT('',(-29.518996317,8.910452110722,
    -214.3573624862));
#15385 = DIRECTION('',(-0.376743960982,-0.433930765965,0.818393596146));
#15386 = DIRECTION('',(-0.759163753079,-0.361608971637,-0.541211001036)
  );
#15387 = ADVANCED_FACE('',(#15388),#15405,.T.);
#15388 = FACE_BOUND('',#15389,.T.);
#15389 = EDGE_LOOP('',(#15390,#15398,#15404));
#15390 = ORIENTED_EDGE('',*,*,#15391,.T.);
#15391 = EDGE_CURVE('',#15361,#15392,#15394,.T.);
#15392 = VERTEX_POINT('',#15393);
#15393 = CARTESIAN_POINT('',(-30.36164928796,10.645565261735,
    -213.7314085552));
#15394 = LINE('',#15395,#15396);
#15395 = CARTESIAN_POINT('',(-30.28410653603,10.702050388806,
    -213.7596318088));
#15396 = VECTOR('',#15397,1.);
#15397 = DIRECTION('',(-0.775427519298,-0.564851270707,0.282232535856));
#15398 = ORIENTED_EDGE('',*,*,#15399,.F.);
#15399 = EDGE_CURVE('',#15369,#15392,#15400,.T.);
#15400 = LINE('',#15401,#15402);
#15401 = CARTESIAN_POINT('',(-30.34961304806,10.563045988715,
    -213.8634907209));
#15402 = VECTOR('',#15403,1.);
#15403 = DIRECTION('',(-7.705413010378E-02,0.528275512593,0.845569419876
    ));
#15404 = ORIENTED_EDGE('',*,*,#15368,.T.);
#15405 = PLANE('',#15406);
#15406 = AXIS2_PLACEMENT_3D('',#15407,#15408,#15409);
#15407 = CARTESIAN_POINT('',(-31.80487097489,9.366049664841,
    -213.5253721514));
#15408 = DIRECTION('',(0.626717498837,-0.633930615111,0.453163493538));
#15409 = DIRECTION('',(7.705413010378E-02,-0.528275512593,
    -0.845569419876));
#15410 = ADVANCED_FACE('',(#15411),#15437,.T.);
#15411 = FACE_BOUND('',#15412,.T.);
#15412 = EDGE_LOOP('',(#15413,#15423,#15429,#15430,#15431));
#15413 = ORIENTED_EDGE('',*,*,#15414,.T.);
#15414 = EDGE_CURVE('',#15415,#15417,#15419,.T.);
#15415 = VERTEX_POINT('',#15416);
#15416 = CARTESIAN_POINT('',(-30.39026385021,10.867088934847,
    -213.7209937063));
#15417 = VERTEX_POINT('',#15418);
#15418 = CARTESIAN_POINT('',(-32.51341013391,14.16785985566,
    -212.948231656));
#15419 = LINE('',#15420,#15421);
#15420 = CARTESIAN_POINT('',(-30.39026385021,10.867088934847,
    -213.7209937063));
#15421 = VECTOR('',#15422,1.);
#15422 = DIRECTION('',(-0.530786570925,0.825192730204,0.193190512565));
#15423 = ORIENTED_EDGE('',*,*,#15424,.F.);
#15424 = EDGE_CURVE('',#15136,#15417,#15425,.T.);
#15425 = LINE('',#15426,#15427);
#15426 = CARTESIAN_POINT('',(-32.93131668967,13.542340055251,
    -213.7538861042));
#15427 = VECTOR('',#15428,1.);
#15428 = DIRECTION('',(0.379132526585,0.567483087041,0.730904558207));
#15429 = ORIENTED_EDGE('',*,*,#15135,.T.);
#15430 = ORIENTED_EDGE('',*,*,#15254,.T.);
#15431 = ORIENTED_EDGE('',*,*,#15432,.T.);
#15432 = EDGE_CURVE('',#15247,#15415,#15433,.T.);
#15433 = LINE('',#15434,#15435);
#15434 = CARTESIAN_POINT('',(-30.5892892879,10.893123080796,
    -213.8613899256));
#15435 = VECTOR('',#15436,1.);
#15436 = DIRECTION('',(0.812517946947,-0.106283955776,0.57316516523));
#15437 = PLANE('',#15438);
#15438 = AXIS2_PLACEMENT_3D('',#15439,#15440,#15441);
#15439 = CARTESIAN_POINT('',(-31.81670394355,12.376261577577,
    -213.7339008576));
#15440 = DIRECTION('',(-0.54060739988,-0.505218335391,0.672679769861));
#15441 = DIRECTION('',(-0.652693845015,-0.252609167696,-0.714268404086)
  );
#15442 = ADVANCED_FACE('',(#15443),#15453,.T.);
#15443 = FACE_BOUND('',#15444,.T.);
#15444 = EDGE_LOOP('',(#15445,#15446,#15452));
#15445 = ORIENTED_EDGE('',*,*,#15424,.T.);
#15446 = ORIENTED_EDGE('',*,*,#15447,.T.);
#15447 = EDGE_CURVE('',#15417,#15144,#15448,.T.);
#15448 = LINE('',#15449,#15450);
#15449 = CARTESIAN_POINT('',(-32.51341013391,14.16785985566,
    -212.948231656));
#15450 = VECTOR('',#15451,1.);
#15451 = DIRECTION('',(-0.775427519298,-0.564851270707,0.282232535856));
#15452 = ORIENTED_EDGE('',*,*,#15143,.F.);
#15453 = PLANE('',#15454);
#15454 = AXIS2_PLACEMENT_3D('',#15455,#15456,#15457);
#15455 = CARTESIAN_POINT('',(-34.10257860144,12.831859131696,
    -212.9019105228));
#15456 = DIRECTION('',(0.627705999683,-0.738074815709,0.247448468125));
#15457 = DIRECTION('',(-6.853714523374E-02,-0.369037407855,
    -0.926884054953));
#15458 = ADVANCED_FACE('',(#15459),#15475,.T.);
#15459 = FACE_BOUND('',#15460,.T.);
#15460 = EDGE_LOOP('',(#15461,#15462,#15468,#15469));
#15461 = ORIENTED_EDGE('',*,*,#15151,.T.);
#15462 = ORIENTED_EDGE('',*,*,#15463,.F.);
#15463 = EDGE_CURVE('',#15080,#15144,#15464,.T.);
#15464 = LINE('',#15465,#15466);
#15465 = CARTESIAN_POINT('',(-34.91723544374,12.416820916469,
    -212.0733107948));
#15466 = VECTOR('',#15467,1.);
#15467 = DIRECTION('',(0.775427519298,0.564851270707,-0.282232535856));
#15468 = ORIENTED_EDGE('',*,*,#15077,.F.);
#15469 = ORIENTED_EDGE('',*,*,#15470,.T.);
#15470 = EDGE_CURVE('',#15078,#15152,#15471,.T.);
#15471 = LINE('',#15472,#15473);
#15472 = CARTESIAN_POINT('',(-43.09151686922,12.416820916469,
    -234.5319644316));
#15473 = VECTOR('',#15474,1.);
#15474 = DIRECTION('',(0.775427519298,0.564851270707,-0.282232535856));
#15475 = PLANE('',#15476);
#15476 = AXIS2_PLACEMENT_3D('',#15477,#15478,#15479);
#15477 = CARTESIAN_POINT('',(-43.09151686922,12.416820916469,
    -234.5319644316));
#15478 = DIRECTION('',(0.530786570925,-0.825192730204,-0.193190512565));
#15479 = DIRECTION('',(-0.342020143326,-1.7763568394E-15,-0.939692620786
    ));
#15480 = ADVANCED_FACE('',(#15481),#15498,.T.);
#15481 = FACE_BOUND('',#15482,.T.);
#15482 = EDGE_LOOP('',(#15483,#15491,#15497));
#15483 = ORIENTED_EDGE('',*,*,#15484,.T.);
#15484 = EDGE_CURVE('',#15080,#15485,#15487,.T.);
#15485 = VERTEX_POINT('',#15486);
#15486 = CARTESIAN_POINT('',(-35.61512021111,11.908454772833,
    -211.8193015126));
#15487 = LINE('',#15488,#15489);
#15488 = CARTESIAN_POINT('',(-34.91723544374,12.416820916469,
    -212.0733107948));
#15489 = VECTOR('',#15490,1.);
#15490 = DIRECTION('',(-0.775427519298,-0.564851270707,0.282232535856));
#15491 = ORIENTED_EDGE('',*,*,#15492,.F.);
#15492 = EDGE_CURVE('',#15088,#15485,#15493,.T.);
#15493 = LINE('',#15494,#15495);
#15494 = CARTESIAN_POINT('',(-35.3351419995,11.791301116059,
    -212.8789652431));
#15495 = VECTOR('',#15496,1.);
#15496 = DIRECTION('',(-0.25400139168,0.106283955776,0.961346458759));
#15497 = ORIENTED_EDGE('',*,*,#15087,.T.);
#15498 = PLANE('',#15499);
#15499 = AXIS2_PLACEMENT_3D('',#15500,#15501,#15502);
#15500 = CARTESIAN_POINT('',(-34.10257860144,12.831859131696,
    -212.9019105228));
#15501 = DIRECTION('',(0.627705999683,-0.738074815709,0.247448468125));
#15502 = DIRECTION('',(-6.853714523374E-02,-0.369037407855,
    -0.926884054953));
#15503 = ADVANCED_FACE('',(#15504),#15523,.T.);
#15504 = FACE_BOUND('',#15505,.T.);
#15505 = EDGE_LOOP('',(#15506,#15507,#15508,#15509,#15517));
#15506 = ORIENTED_EDGE('',*,*,#15214,.T.);
#15507 = ORIENTED_EDGE('',*,*,#15095,.F.);
#15508 = ORIENTED_EDGE('',*,*,#15492,.T.);
#15509 = ORIENTED_EDGE('',*,*,#15510,.T.);
#15510 = EDGE_CURVE('',#15485,#15511,#15513,.T.);
#15511 = VERTEX_POINT('',#15512);
#15512 = CARTESIAN_POINT('',(-33.49197392741,8.607683852019,
    -212.5920635628));
#15513 = LINE('',#15514,#15515);
#15514 = CARTESIAN_POINT('',(-35.61512021111,11.908454772833,
    -211.8193015126));
#15515 = VECTOR('',#15516,1.);
#15516 = DIRECTION('',(0.530786570925,-0.825192730204,-0.193190512565));
#15517 = ORIENTED_EDGE('',*,*,#15518,.F.);
#15518 = EDGE_CURVE('',#15215,#15511,#15519,.T.);
#15519 = LINE('',#15520,#15521);
#15520 = CARTESIAN_POINT('',(-33.53591386123,8.74668825211,
    -212.7889062893));
#15521 = VECTOR('',#15522,1.);
#15522 = DIRECTION('',(0.179384028683,-0.567483087041,0.803607065783));
#15523 = PLANE('',#15524);
#15524 = AXIS2_PLACEMENT_3D('',#15525,#15526,#15527);
#15525 = CARTESIAN_POINT('',(-34.53070026109,10.399282130102,
    -212.7460869821));
#15526 = DIRECTION('',(0.84651951594,0.505218335391,0.167806861352));
#15527 = DIRECTION('',(-4.086961289493E-02,-0.252609167696,0.96670485834
    ));
#15528 = ADVANCED_FACE('',(#15529),#15558,.T.);
#15529 = FACE_BOUND('',#15530,.T.);
#15530 = EDGE_LOOP('',(#15531,#15532,#15533,#15541,#15549,#15555,#15556,
    #15557));
#15531 = ORIENTED_EDGE('',*,*,#13709,.F.);
#15532 = ORIENTED_EDGE('',*,*,#14344,.F.);
#15533 = ORIENTED_EDGE('',*,*,#15534,.T.);
#15534 = EDGE_CURVE('',#14337,#15535,#15537,.T.);
#15535 = VERTEX_POINT('',#15536);
#15536 = CARTESIAN_POINT('',(-41.19863705972,10.143698463048,
    -209.7870675771));
#15537 = LINE('',#15538,#15539);
#15538 = CARTESIAN_POINT('',(-45.2686767653,10.143698463048,
    -220.9694097645));
#15539 = VECTOR('',#15540,1.);
#15540 = DIRECTION('',(0.342020143326,1.87E-15,0.939692620786));
#15541 = ORIENTED_EDGE('',*,*,#15542,.T.);
#15542 = EDGE_CURVE('',#15535,#15543,#15545,.T.);
#15543 = VERTEX_POINT('',#15544);
#15544 = CARTESIAN_POINT('',(-28.94688225481,19.068348540218,
    -214.2463416437));
#15545 = LINE('',#15546,#15547);
#15546 = CARTESIAN_POINT('',(-41.19863705972,10.143698463048,
    -209.7870675771));
#15547 = VECTOR('',#15548,1.);
#15548 = DIRECTION('',(0.775427519298,0.564851270707,-0.282232535856));
#15549 = ORIENTED_EDGE('',*,*,#15550,.F.);
#15550 = EDGE_CURVE('',#13726,#15543,#15551,.T.);
#15551 = LINE('',#15552,#15553);
#15552 = CARTESIAN_POINT('',(-33.01692196038,19.068348540218,
    -225.428683831));
#15553 = VECTOR('',#15554,1.);
#15554 = DIRECTION('',(0.342020143326,1.87E-15,0.939692620786));
#15555 = ORIENTED_EDGE('',*,*,#13725,.F.);
#15556 = ORIENTED_EDGE('',*,*,#13662,.T.);
#15557 = ORIENTED_EDGE('',*,*,#13603,.F.);
#15558 = PLANE('',#15559);
#15559 = AXIS2_PLACEMENT_3D('',#15560,#15561,#15562);
#15560 = CARTESIAN_POINT('',(-39.64778202113,11.273401004462,
    -210.3515326489));
#15561 = DIRECTION('',(-0.530786570925,0.825192730204,0.193190512565));
#15562 = DIRECTION('',(0.342020143326,1.7763568394E-15,0.939692620786));
#15563 = ADVANCED_FACE('',(#15564),#15582,.T.);
#15564 = FACE_BOUND('',#15565,.T.);
#15565 = EDGE_LOOP('',(#15566,#15574,#15575,#15576));
#15566 = ORIENTED_EDGE('',*,*,#15567,.F.);
#15567 = EDGE_CURVE('',#13734,#15568,#15570,.T.);
#15568 = VERTEX_POINT('',#15569);
#15569 = CARTESIAN_POINT('',(-27.88530911296,17.417963079811,
    -214.6327226688));
#15570 = LINE('',#15571,#15572);
#15571 = CARTESIAN_POINT('',(-31.95534881853,17.417963079811,
    -225.8150648561));
#15572 = VECTOR('',#15573,1.);
#15573 = DIRECTION('',(0.342020143326,1.87E-15,0.939692620786));
#15574 = ORIENTED_EDGE('',*,*,#13733,.F.);
#15575 = ORIENTED_EDGE('',*,*,#15550,.T.);
#15576 = ORIENTED_EDGE('',*,*,#15577,.F.);
#15577 = EDGE_CURVE('',#15568,#15543,#15578,.T.);
#15578 = LINE('',#15579,#15580);
#15579 = CARTESIAN_POINT('',(-27.88530911296,17.417963079811,
    -214.6327226688));
#15580 = VECTOR('',#15581,1.);
#15581 = DIRECTION('',(-0.530786570925,0.825192730204,0.193190512565));
#15582 = PLANE('',#15583);
#15583 = AXIS2_PLACEMENT_3D('',#15584,#15585,#15586);
#15584 = CARTESIAN_POINT('',(-27.88530911296,17.417963079811,
    -214.6327226688));
#15585 = DIRECTION('',(0.775427519298,0.564851270707,-0.282232535856));
#15586 = DIRECTION('',(0.342020143326,1.859623566247E-15,0.939692620786)
  );
#15587 = ADVANCED_FACE('',(#15588),#15606,.T.);
#15588 = FACE_BOUND('',#15589,.T.);
#15589 = EDGE_LOOP('',(#15590,#15591,#15592,#15600));
#15590 = ORIENTED_EDGE('',*,*,#13741,.F.);
#15591 = ORIENTED_EDGE('',*,*,#15567,.T.);
#15592 = ORIENTED_EDGE('',*,*,#15593,.F.);
#15593 = EDGE_CURVE('',#15594,#15568,#15596,.T.);
#15594 = VERTEX_POINT('',#15595);
#15595 = CARTESIAN_POINT('',(-28.66073663226,16.853111809104,
    -214.3504901329));
#15596 = LINE('',#15597,#15598);
#15597 = CARTESIAN_POINT('',(-28.66073663226,16.853111809104,
    -214.3504901329));
#15598 = VECTOR('',#15599,1.);
#15599 = DIRECTION('',(0.775427519298,0.564851270707,-0.282232535856));
#15600 = ORIENTED_EDGE('',*,*,#15601,.F.);
#15601 = EDGE_CURVE('',#13742,#15594,#15602,.T.);
#15602 = LINE('',#15603,#15604);
#15603 = CARTESIAN_POINT('',(-32.73077633783,16.853111809104,
    -225.5328323203));
#15604 = VECTOR('',#15605,1.);
#15605 = DIRECTION('',(0.342020143326,1.87E-15,0.939692620786));
#15606 = PLANE('',#15607);
#15607 = AXIS2_PLACEMENT_3D('',#15608,#15609,#15610);
#15608 = CARTESIAN_POINT('',(-28.66073663226,16.853111809104,
    -214.3504901329));
#15609 = DIRECTION('',(0.530786570925,-0.825192730204,-0.193190512565));
#15610 = DIRECTION('',(-0.342020143326,-1.7763568394E-15,-0.939692620786
    ));
#15611 = ADVANCED_FACE('',(#15612,#15618),#15652,.T.);
#15612 = FACE_BOUND('',#15613,.T.);
#15613 = EDGE_LOOP('',(#15614,#15615,#15616,#15617));
#15614 = ORIENTED_EDGE('',*,*,#13877,.T.);
#15615 = ORIENTED_EDGE('',*,*,#13848,.F.);
#15616 = ORIENTED_EDGE('',*,*,#13824,.F.);
#15617 = ORIENTED_EDGE('',*,*,#13789,.T.);
#15618 = FACE_BOUND('',#15619,.T.);
#15619 = EDGE_LOOP('',(#15620,#15628,#15634,#15635,#15643,#15649,#15650,
    #15651));
#15620 = ORIENTED_EDGE('',*,*,#15621,.F.);
#15621 = EDGE_CURVE('',#15622,#15594,#15624,.T.);
#15622 = VERTEX_POINT('',#15623);
#15623 = CARTESIAN_POINT('',(-24.62675869323,10.581647059558,
    -215.8187380284));
#15624 = LINE('',#15625,#15626);
#15625 = CARTESIAN_POINT('',(-24.62675869323,10.581647059558,
    -215.8187380284));
#15626 = VECTOR('',#15627,1.);
#15627 = DIRECTION('',(-0.530786570925,0.825192730204,0.193190512565));
#15628 = ORIENTED_EDGE('',*,*,#15629,.F.);
#15629 = EDGE_CURVE('',#13994,#15622,#15630,.T.);
#15630 = LINE('',#15631,#15632);
#15631 = CARTESIAN_POINT('',(-28.6967983988,10.581647059557,
    -227.0010802158));
#15632 = VECTOR('',#15633,1.);
#15633 = DIRECTION('',(0.342020143326,1.87E-15,0.939692620786));
#15634 = ORIENTED_EDGE('',*,*,#14026,.F.);
#15635 = ORIENTED_EDGE('',*,*,#15636,.F.);
#15636 = EDGE_CURVE('',#15637,#14019,#15639,.T.);
#15637 = VERTEX_POINT('',#15638);
#15638 = CARTESIAN_POINT('',(-32.27025354779,9.756454329354,
    -238.4705821778));
#15639 = LINE('',#15640,#15641);
#15640 = CARTESIAN_POINT('',(-32.27025354779,9.756454329354,
    -238.4705821778));
#15641 = VECTOR('',#15642,1.);
#15642 = DIRECTION('',(0.342020143326,1.87E-15,0.939692620786));
#15643 = ORIENTED_EDGE('',*,*,#15644,.T.);
#15644 = EDGE_CURVE('',#15637,#14459,#15645,.T.);
#15645 = LINE('',#15646,#15647);
#15646 = CARTESIAN_POINT('',(-32.27025354779,9.756454329354,
    -238.4705821778));
#15647 = VECTOR('',#15648,1.);
#15648 = DIRECTION('',(-0.530786570925,0.825192730204,0.193190512565));
#15649 = ORIENTED_EDGE('',*,*,#14458,.T.);
#15650 = ORIENTED_EDGE('',*,*,#13749,.T.);
#15651 = ORIENTED_EDGE('',*,*,#15601,.T.);
#15652 = PLANE('',#15653);
#15653 = AXIS2_PLACEMENT_3D('',#15654,#15655,#15656);
#15654 = CARTESIAN_POINT('',(-32.27025354779,9.756454329354,
    -238.4705821778));
#15655 = DIRECTION('',(0.775427519298,0.564851270707,-0.282232535856));
#15656 = DIRECTION('',(0.342020143326,1.859623566247E-15,0.939692620786)
  );
#15657 = ADVANCED_FACE('',(#15658),#15676,.T.);
#15658 = FACE_BOUND('',#15659,.T.);
#15659 = EDGE_LOOP('',(#15660,#15668,#15674,#15675));
#15660 = ORIENTED_EDGE('',*,*,#15661,.F.);
#15661 = EDGE_CURVE('',#15662,#15622,#15664,.T.);
#15662 = VERTEX_POINT('',#15663);
#15663 = CARTESIAN_POINT('',(-23.85133117393,11.146498330264,
    -216.1009705643));
#15664 = LINE('',#15665,#15666);
#15665 = CARTESIAN_POINT('',(-23.85133117393,11.146498330264,
    -216.1009705643));
#15666 = VECTOR('',#15667,1.);
#15667 = DIRECTION('',(-0.775427519298,-0.564851270707,0.282232535856));
#15668 = ORIENTED_EDGE('',*,*,#15669,.F.);
#15669 = EDGE_CURVE('',#13996,#15662,#15670,.T.);
#15670 = LINE('',#15671,#15672);
#15671 = CARTESIAN_POINT('',(-27.92137087951,11.146498330264,
    -227.2833127516));
#15672 = VECTOR('',#15673,1.);
#15673 = DIRECTION('',(0.342020143326,1.87E-15,0.939692620786));
#15674 = ORIENTED_EDGE('',*,*,#13993,.F.);
#15675 = ORIENTED_EDGE('',*,*,#15629,.T.);
#15676 = PLANE('',#15677);
#15677 = AXIS2_PLACEMENT_3D('',#15678,#15679,#15680);
#15678 = CARTESIAN_POINT('',(-23.85133117393,11.146498330264,
    -216.1009705643));
#15679 = DIRECTION('',(-0.530786570925,0.825192730204,0.193190512565));
#15680 = DIRECTION('',(0.342020143326,1.7763568394E-15,0.939692620786));
#15681 = ADVANCED_FACE('',(#15682),#15700,.T.);
#15682 = FACE_BOUND('',#15683,.T.);
#15683 = EDGE_LOOP('',(#15684,#15692,#15693,#15694));
#15684 = ORIENTED_EDGE('',*,*,#15685,.F.);
#15685 = EDGE_CURVE('',#14004,#15686,#15688,.T.);
#15686 = VERTEX_POINT('',#15687);
#15687 = CARTESIAN_POINT('',(-22.78975803208,9.496112869857,
    -216.4873515894));
#15688 = LINE('',#15689,#15690);
#15689 = CARTESIAN_POINT('',(-26.85979773766,9.496112869857,
    -227.6696937768));
#15690 = VECTOR('',#15691,1.);
#15691 = DIRECTION('',(0.342020143326,1.87E-15,0.939692620786));
#15692 = ORIENTED_EDGE('',*,*,#14003,.F.);
#15693 = ORIENTED_EDGE('',*,*,#15669,.T.);
#15694 = ORIENTED_EDGE('',*,*,#15695,.F.);
#15695 = EDGE_CURVE('',#15686,#15662,#15696,.T.);
#15696 = LINE('',#15697,#15698);
#15697 = CARTESIAN_POINT('',(-22.78975803208,9.496112869857,
    -216.4873515894));
#15698 = VECTOR('',#15699,1.);
#15699 = DIRECTION('',(-0.530786570925,0.825192730204,0.193190512565));
#15700 = PLANE('',#15701);
#15701 = AXIS2_PLACEMENT_3D('',#15702,#15703,#15704);
#15702 = CARTESIAN_POINT('',(-22.78975803208,9.496112869857,
    -216.4873515894));
#15703 = DIRECTION('',(0.775427519298,0.564851270707,-0.282232535856));
#15704 = DIRECTION('',(0.342020143326,1.859623566247E-15,0.939692620786)
  );
#15705 = ADVANCED_FACE('',(#15706),#15726,.T.);
#15706 = FACE_BOUND('',#15707,.T.);
#15707 = EDGE_LOOP('',(#15708,#15709,#15710,#15711,#15712,#15720));
#15708 = ORIENTED_EDGE('',*,*,#13940,.T.);
#15709 = ORIENTED_EDGE('',*,*,#13978,.F.);
#15710 = ORIENTED_EDGE('',*,*,#14011,.F.);
#15711 = ORIENTED_EDGE('',*,*,#15685,.T.);
#15712 = ORIENTED_EDGE('',*,*,#15713,.F.);
#15713 = EDGE_CURVE('',#15714,#15686,#15716,.T.);
#15714 = VERTEX_POINT('',#15715);
#15715 = CARTESIAN_POINT('',(-27.13215214015,6.332945753898,
    -214.9068493886));
#15716 = LINE('',#15717,#15718);
#15717 = CARTESIAN_POINT('',(-27.13215214015,6.332945753898,
    -214.9068493886));
#15718 = VECTOR('',#15719,1.);
#15719 = DIRECTION('',(0.775427519298,0.564851270707,-0.282232535856));
#15720 = ORIENTED_EDGE('',*,*,#15721,.T.);
#15721 = EDGE_CURVE('',#15714,#13941,#15722,.T.);
#15722 = LINE('',#15723,#15724);
#15723 = CARTESIAN_POINT('',(-27.13215214015,6.332945753898,
    -214.9068493886));
#15724 = VECTOR('',#15725,1.);
#15725 = DIRECTION('',(-0.342020143326,-1.87E-15,-0.939692620786));
#15726 = PLANE('',#15727);
#15727 = AXIS2_PLACEMENT_3D('',#15728,#15729,#15730);
#15728 = CARTESIAN_POINT('',(-35.041512837,0.571462792688,
    -212.0280775229));
#15729 = DIRECTION('',(0.530786570925,-0.825192730204,-0.193190512565));
#15730 = DIRECTION('',(-0.342020143326,-1.7763568394E-15,-0.939692620786
    ));
#15731 = ADVANCED_FACE('',(#15732),#15750,.T.);
#15732 = FACE_BOUND('',#15733,.T.);
#15733 = EDGE_LOOP('',(#15734,#15742,#15743,#15744));
#15734 = ORIENTED_EDGE('',*,*,#15735,.F.);
#15735 = EDGE_CURVE('',#13923,#15736,#15738,.T.);
#15736 = VERTEX_POINT('',#15737);
#15737 = CARTESIAN_POINT('',(-27.66293871108,7.158138484102,
    -214.7136588761));
#15738 = LINE('',#15739,#15740);
#15739 = CARTESIAN_POINT('',(-28.0049588544,7.158138484102,
    -215.6533514968));
#15740 = VECTOR('',#15741,1.);
#15741 = DIRECTION('',(0.342020143326,1.87E-15,0.939692620786));
#15742 = ORIENTED_EDGE('',*,*,#13948,.F.);
#15743 = ORIENTED_EDGE('',*,*,#15721,.F.);
#15744 = ORIENTED_EDGE('',*,*,#15745,.T.);
#15745 = EDGE_CURVE('',#15714,#15736,#15746,.T.);
#15746 = LINE('',#15747,#15748);
#15747 = CARTESIAN_POINT('',(-27.13215214015,6.332945753898,
    -214.9068493886));
#15748 = VECTOR('',#15749,1.);
#15749 = DIRECTION('',(-0.530786570925,0.825192730204,0.193190512565));
#15750 = PLANE('',#15751);
#15751 = AXIS2_PLACEMENT_3D('',#15752,#15753,#15754);
#15752 = CARTESIAN_POINT('',(-28.0049588544,7.158138484102,
    -215.6533514968));
#15753 = DIRECTION('',(-0.775427519298,-0.564851270707,0.282232535856));
#15754 = DIRECTION('',(-0.342020143326,-1.859623566247E-15,
    -0.939692620786));
#15755 = ADVANCED_FACE('',(#15756),#15803,.T.);
#15756 = FACE_BOUND('',#15757,.T.);
#15757 = EDGE_LOOP('',(#15758,#15759,#15760,#15766,#15767,#15768,#15769,
    #15770,#15771,#15779,#15785,#15786,#15787,#15788,#15796,#15802));
#15758 = ORIENTED_EDGE('',*,*,#14074,.T.);
#15759 = ORIENTED_EDGE('',*,*,#14057,.F.);
#15760 = ORIENTED_EDGE('',*,*,#15761,.T.);
#15761 = EDGE_CURVE('',#14050,#15637,#15762,.T.);
#15762 = LINE('',#15763,#15764);
#15763 = CARTESIAN_POINT('',(-36.30247664814,6.819227721678,
    -237.0029729913));
#15764 = VECTOR('',#15765,1.);
#15765 = DIRECTION('',(0.775427519298,0.564851270707,-0.282232535856));
#15766 = ORIENTED_EDGE('',*,*,#15636,.T.);
#15767 = ORIENTED_EDGE('',*,*,#14018,.T.);
#15768 = ORIENTED_EDGE('',*,*,#13962,.T.);
#15769 = ORIENTED_EDGE('',*,*,#13922,.F.);
#15770 = ORIENTED_EDGE('',*,*,#15735,.T.);
#15771 = ORIENTED_EDGE('',*,*,#15772,.F.);
#15772 = EDGE_CURVE('',#15773,#15736,#15775,.T.);
#15773 = VERTEX_POINT('',#15774);
#15774 = CARTESIAN_POINT('',(-31.22990529985,4.55982263885,
    -213.4153892111));
#15775 = LINE('',#15776,#15777);
#15776 = CARTESIAN_POINT('',(-31.22990529985,4.55982263885,
    -213.4153892111));
#15777 = VECTOR('',#15778,1.);
#15778 = DIRECTION('',(0.775427519298,0.564851270707,-0.282232535856));
#15779 = ORIENTED_EDGE('',*,*,#15780,.F.);
#15780 = EDGE_CURVE('',#14107,#15773,#15781,.T.);
#15781 = LINE('',#15782,#15783);
#15782 = CARTESIAN_POINT('',(-31.57192544317,4.55982263885,
    -214.3550818319));
#15783 = VECTOR('',#15784,1.);
#15784 = DIRECTION('',(0.342020143326,1.87E-15,0.939692620786));
#15785 = ORIENTED_EDGE('',*,*,#14106,.F.);
#15786 = ORIENTED_EDGE('',*,*,#14144,.F.);
#15787 = ORIENTED_EDGE('',*,*,#14159,.T.);
#15788 = ORIENTED_EDGE('',*,*,#15789,.F.);
#15789 = EDGE_CURVE('',#15790,#14160,#15792,.T.);
#15790 = VERTEX_POINT('',#15791);
#15791 = CARTESIAN_POINT('',(-42.97115331411,1.961506793598,
    -234.575773183));
#15792 = LINE('',#15793,#15794);
#15793 = CARTESIAN_POINT('',(-42.97115331411,1.961506793598,
    -234.575773183));
#15794 = VECTOR('',#15795,1.);
#15795 = DIRECTION('',(0.342020143326,1.87E-15,0.939692620786));
#15796 = ORIENTED_EDGE('',*,*,#15797,.T.);
#15797 = EDGE_CURVE('',#15790,#13892,#15798,.T.);
#15798 = LINE('',#15799,#15800);
#15799 = CARTESIAN_POINT('',(-42.97115331411,1.961506793598,
    -234.575773183));
#15800 = VECTOR('',#15801,1.);
#15801 = DIRECTION('',(0.775427519298,0.564851270707,-0.282232535856));
#15802 = ORIENTED_EDGE('',*,*,#13908,.T.);
#15803 = PLANE('',#15804);
#15804 = AXIS2_PLACEMENT_3D('',#15805,#15806,#15807);
#15805 = CARTESIAN_POINT('',(-42.97115331411,1.961506793598,
    -234.575773183));
#15806 = DIRECTION('',(0.530786570925,-0.825192730204,-0.193190512565));
#15807 = DIRECTION('',(-0.342020143326,-1.7763568394E-15,-0.939692620786
    ));
#15808 = ADVANCED_FACE('',(#15809),#15827,.T.);
#15809 = FACE_BOUND('',#15810,.T.);
#15810 = EDGE_LOOP('',(#15811,#15819,#15820,#15821));
#15811 = ORIENTED_EDGE('',*,*,#15812,.T.);
#15812 = EDGE_CURVE('',#15813,#14091,#15815,.T.);
#15813 = VERTEX_POINT('',#15814);
#15814 = CARTESIAN_POINT('',(-30.69911872892,3.734629908646,
    -213.6085797237));
#15815 = LINE('',#15816,#15817);
#15816 = CARTESIAN_POINT('',(-30.69911872892,3.734629908646,
    -213.6085797237));
#15817 = VECTOR('',#15818,1.);
#15818 = DIRECTION('',(-0.342020143326,-1.87E-15,-0.939692620786));
#15819 = ORIENTED_EDGE('',*,*,#14114,.T.);
#15820 = ORIENTED_EDGE('',*,*,#15780,.T.);
#15821 = ORIENTED_EDGE('',*,*,#15822,.F.);
#15822 = EDGE_CURVE('',#15813,#15773,#15823,.T.);
#15823 = LINE('',#15824,#15825);
#15824 = CARTESIAN_POINT('',(-30.69911872892,3.734629908646,
    -213.6085797237));
#15825 = VECTOR('',#15826,1.);
#15826 = DIRECTION('',(-0.530786570925,0.825192730204,0.193190512565));
#15827 = PLANE('',#15828);
#15828 = AXIS2_PLACEMENT_3D('',#15829,#15830,#15831);
#15829 = CARTESIAN_POINT('',(-31.04113887225,3.734629908646,
    -214.5482723445));
#15830 = DIRECTION('',(0.775427519298,0.564851270707,-0.282232535856));
#15831 = DIRECTION('',(0.342020143326,1.859623566247E-15,0.939692620786)
  );
#15832 = ADVANCED_FACE('',(#15833),#15853,.T.);
#15833 = FACE_BOUND('',#15834,.T.);
#15834 = EDGE_LOOP('',(#15835,#15843,#15849,#15850,#15851,#15852));
#15835 = ORIENTED_EDGE('',*,*,#15836,.F.);
#15836 = EDGE_CURVE('',#15837,#15813,#15839,.T.);
#15837 = VERTEX_POINT('',#15838);
#15838 = CARTESIAN_POINT('',(-35.041512837,0.571462792688,
    -212.0280775229));
#15839 = LINE('',#15840,#15841);
#15840 = CARTESIAN_POINT('',(-35.041512837,0.571462792688,
    -212.0280775229));
#15841 = VECTOR('',#15842,1.);
#15842 = DIRECTION('',(0.775427519298,0.564851270707,-0.282232535856));
#15843 = ORIENTED_EDGE('',*,*,#15844,.F.);
#15844 = EDGE_CURVE('',#14169,#15837,#15845,.T.);
#15845 = LINE('',#15846,#15847);
#15846 = CARTESIAN_POINT('',(-39.11155254257,0.571462792688,
    -223.2104197103));
#15847 = VECTOR('',#15848,1.);
#15848 = DIRECTION('',(0.342020143326,1.87E-15,0.939692620786));
#15849 = ORIENTED_EDGE('',*,*,#14168,.F.);
#15850 = ORIENTED_EDGE('',*,*,#14128,.T.);
#15851 = ORIENTED_EDGE('',*,*,#14088,.T.);
#15852 = ORIENTED_EDGE('',*,*,#15812,.F.);
#15853 = PLANE('',#15854);
#15854 = AXIS2_PLACEMENT_3D('',#15855,#15856,#15857);
#15855 = CARTESIAN_POINT('',(-35.041512837,0.571462792688,
    -212.0280775229));
#15856 = DIRECTION('',(0.530786570925,-0.825192730204,-0.193190512565));
#15857 = DIRECTION('',(-0.342020143326,-1.7763568394E-15,-0.939692620786
    ));
#15858 = ADVANCED_FACE('',(#15859),#15877,.T.);
#15859 = FACE_BOUND('',#15860,.T.);
#15860 = EDGE_LOOP('',(#15861,#15869,#15870,#15871));
#15861 = ORIENTED_EDGE('',*,*,#15862,.F.);
#15862 = EDGE_CURVE('',#14177,#15863,#15865,.T.);
#15863 = VERTEX_POINT('',#15864);
#15864 = CARTESIAN_POINT('',(-36.10308597884,2.221848253095,
    -211.6416964978));
#15865 = LINE('',#15866,#15867);
#15866 = CARTESIAN_POINT('',(-40.17312568442,2.221848253095,
    -222.8240386851));
#15867 = VECTOR('',#15868,1.);
#15868 = DIRECTION('',(0.342020143326,1.87E-15,0.939692620786));
#15869 = ORIENTED_EDGE('',*,*,#14176,.F.);
#15870 = ORIENTED_EDGE('',*,*,#15844,.T.);
#15871 = ORIENTED_EDGE('',*,*,#15872,.F.);
#15872 = EDGE_CURVE('',#15863,#15837,#15873,.T.);
#15873 = LINE('',#15874,#15875);
#15874 = CARTESIAN_POINT('',(-36.10308597884,2.221848253095,
    -211.6416964978));
#15875 = VECTOR('',#15876,1.);
#15876 = DIRECTION('',(0.530786570925,-0.825192730204,-0.193190512565));
#15877 = PLANE('',#15878);
#15878 = AXIS2_PLACEMENT_3D('',#15879,#15880,#15881);
#15879 = CARTESIAN_POINT('',(-36.10308597884,2.221848253095,
    -211.6416964978));
#15880 = DIRECTION('',(-0.775427519298,-0.564851270707,0.282232535856));
#15881 = DIRECTION('',(-0.342020143326,-1.859623566247E-15,
    -0.939692620786));
#15882 = ADVANCED_FACE('',(#15883),#15901,.T.);
#15883 = FACE_BOUND('',#15884,.T.);
#15884 = EDGE_LOOP('',(#15885,#15886,#15887,#15895));
#15885 = ORIENTED_EDGE('',*,*,#14184,.F.);
#15886 = ORIENTED_EDGE('',*,*,#15862,.T.);
#15887 = ORIENTED_EDGE('',*,*,#15888,.F.);
#15888 = EDGE_CURVE('',#15889,#15863,#15891,.T.);
#15889 = VERTEX_POINT('',#15890);
#15890 = CARTESIAN_POINT('',(-35.32765845955,2.786699523802,
    -211.9239290336));
#15891 = LINE('',#15892,#15893);
#15892 = CARTESIAN_POINT('',(-35.32765845955,2.786699523802,
    -211.9239290336));
#15893 = VECTOR('',#15894,1.);
#15894 = DIRECTION('',(-0.775427519298,-0.564851270707,0.282232535856));
#15895 = ORIENTED_EDGE('',*,*,#15896,.F.);
#15896 = EDGE_CURVE('',#14185,#15889,#15897,.T.);
#15897 = LINE('',#15898,#15899);
#15898 = CARTESIAN_POINT('',(-39.39769816512,2.786699523802,
    -223.106271221));
#15899 = VECTOR('',#15900,1.);
#15900 = DIRECTION('',(0.342020143326,1.87E-15,0.939692620786));
#15901 = PLANE('',#15902);
#15902 = AXIS2_PLACEMENT_3D('',#15903,#15904,#15905);
#15903 = CARTESIAN_POINT('',(-35.32765845955,2.786699523802,
    -211.9239290336));
#15904 = DIRECTION('',(-0.530786570925,0.825192730204,0.193190512565));
#15905 = DIRECTION('',(0.342020143326,1.7763568394E-15,0.939692620786));
#15906 = ADVANCED_FACE('',(#15907,#15913),#15940,.T.);
#15907 = FACE_BOUND('',#15908,.T.);
#15908 = EDGE_LOOP('',(#15909,#15910,#15911,#15912));
#15909 = ORIENTED_EDGE('',*,*,#14312,.T.);
#15910 = ORIENTED_EDGE('',*,*,#14277,.T.);
#15911 = ORIENTED_EDGE('',*,*,#14259,.F.);
#15912 = ORIENTED_EDGE('',*,*,#14215,.F.);
#15913 = FACE_BOUND('',#15914,.T.);
#15914 = EDGE_LOOP('',(#15915,#15921,#15922,#15923,#15924,#15932,#15938,
    #15939));
#15915 = ORIENTED_EDGE('',*,*,#15916,.T.);
#15916 = EDGE_CURVE('',#14382,#15790,#15917,.T.);
#15917 = LINE('',#15918,#15919);
#15918 = CARTESIAN_POINT('',(-47.58899648115,9.140683546369,
    -232.8950157237));
#15919 = VECTOR('',#15920,1.);
#15920 = DIRECTION('',(0.530786570925,-0.825192730204,-0.193190512565));
#15921 = ORIENTED_EDGE('',*,*,#15789,.T.);
#15922 = ORIENTED_EDGE('',*,*,#14192,.T.);
#15923 = ORIENTED_EDGE('',*,*,#15896,.T.);
#15924 = ORIENTED_EDGE('',*,*,#15925,.F.);
#15925 = EDGE_CURVE('',#15926,#15889,#15928,.T.);
#15926 = VERTEX_POINT('',#15927);
#15927 = CARTESIAN_POINT('',(-39.36163639858,9.058164273348,
    -210.4556811381));
#15928 = LINE('',#15929,#15930);
#15929 = CARTESIAN_POINT('',(-39.36163639858,9.058164273348,
    -210.4556811381));
#15930 = VECTOR('',#15931,1.);
#15931 = DIRECTION('',(0.530786570925,-0.825192730204,-0.193190512565));
#15932 = ORIENTED_EDGE('',*,*,#15933,.F.);
#15933 = EDGE_CURVE('',#14327,#15926,#15934,.T.);
#15934 = LINE('',#15935,#15936);
#15935 = CARTESIAN_POINT('',(-43.43167610415,9.058164273348,
    -221.6380233255));
#15936 = VECTOR('',#15937,1.);
#15937 = DIRECTION('',(0.342020143326,1.87E-15,0.939692620786));
#15938 = ORIENTED_EDGE('',*,*,#14367,.T.);
#15939 = ORIENTED_EDGE('',*,*,#14381,.F.);
#15940 = PLANE('',#15941);
#15941 = AXIS2_PLACEMENT_3D('',#15942,#15943,#15944);
#15942 = CARTESIAN_POINT('',(-48.06670439498,9.883357003552,
    -232.7211442624));
#15943 = DIRECTION('',(-0.775427519298,-0.564851270707,0.282232535856));
#15944 = DIRECTION('',(-0.342020143326,-1.859623566247E-15,
    -0.939692620786));
#15945 = ADVANCED_FACE('',(#15946),#15964,.T.);
#15946 = FACE_BOUND('',#15947,.T.);
#15947 = EDGE_LOOP('',(#15948,#15956,#15962,#15963));
#15948 = ORIENTED_EDGE('',*,*,#15949,.F.);
#15949 = EDGE_CURVE('',#15950,#15926,#15952,.T.);
#15950 = VERTEX_POINT('',#15951);
#15951 = CARTESIAN_POINT('',(-40.13706391787,8.493313002641,
    -210.1734486023));
#15952 = LINE('',#15953,#15954);
#15953 = CARTESIAN_POINT('',(-40.13706391787,8.493313002641,
    -210.1734486023));
#15954 = VECTOR('',#15955,1.);
#15955 = DIRECTION('',(0.775427519298,0.564851270707,-0.282232535856));
#15956 = ORIENTED_EDGE('',*,*,#15957,.F.);
#15957 = EDGE_CURVE('',#14329,#15950,#15958,.T.);
#15958 = LINE('',#15959,#15960);
#15959 = CARTESIAN_POINT('',(-44.20710362345,8.493313002641,
    -221.3557907896));
#15960 = VECTOR('',#15961,1.);
#15961 = DIRECTION('',(0.342020143326,1.87E-15,0.939692620786));
#15962 = ORIENTED_EDGE('',*,*,#14326,.F.);
#15963 = ORIENTED_EDGE('',*,*,#15933,.T.);
#15964 = PLANE('',#15965);
#15965 = AXIS2_PLACEMENT_3D('',#15966,#15967,#15968);
#15966 = CARTESIAN_POINT('',(-40.13706391787,8.493313002641,
    -210.1734486023));
#15967 = DIRECTION('',(0.530786570925,-0.825192730204,-0.193190512565));
#15968 = DIRECTION('',(-0.342020143326,-1.7763568394E-15,-0.939692620786
    ));
#15969 = ADVANCED_FACE('',(#15970),#15981,.T.);
#15970 = FACE_BOUND('',#15971,.T.);
#15971 = EDGE_LOOP('',(#15972,#15973,#15974,#15975));
#15972 = ORIENTED_EDGE('',*,*,#15534,.F.);
#15973 = ORIENTED_EDGE('',*,*,#14336,.F.);
#15974 = ORIENTED_EDGE('',*,*,#15957,.T.);
#15975 = ORIENTED_EDGE('',*,*,#15976,.F.);
#15976 = EDGE_CURVE('',#15535,#15950,#15977,.T.);
#15977 = LINE('',#15978,#15979);
#15978 = CARTESIAN_POINT('',(-41.19863705972,10.143698463048,
    -209.7870675771));
#15979 = VECTOR('',#15980,1.);
#15980 = DIRECTION('',(0.530786570925,-0.825192730204,-0.193190512565));
#15981 = PLANE('',#15982);
#15982 = AXIS2_PLACEMENT_3D('',#15983,#15984,#15985);
#15983 = CARTESIAN_POINT('',(-41.19863705972,10.143698463048,
    -209.7870675771));
#15984 = DIRECTION('',(-0.775427519298,-0.564851270707,0.282232535856));
#15985 = DIRECTION('',(-0.342020143326,-1.859623566247E-15,
    -0.939692620786));
#15986 = ADVANCED_FACE('',(#15987),#16012,.T.);
#15987 = FACE_BOUND('',#15988,.T.);
#15988 = EDGE_LOOP('',(#15989,#15997,#15998,#16006));
#15989 = ORIENTED_EDGE('',*,*,#15990,.F.);
#15990 = EDGE_CURVE('',#14530,#15991,#15993,.T.);
#15991 = VERTEX_POINT('',#15992);
#15992 = CARTESIAN_POINT('',(-29.25661455286,16.54023519263,
    -214.1336083066));
#15993 = LINE('',#15994,#15995);
#15994 = CARTESIAN_POINT('',(-29.34948267636,16.401230792539,
    -214.3126426284));
#15995 = VECTOR('',#15996,1.);
#15996 = DIRECTION('',(0.379132526585,0.567483087041,0.730904558207));
#15997 = ORIENTED_EDGE('',*,*,#14563,.T.);
#15998 = ORIENTED_EDGE('',*,*,#15999,.T.);
#15999 = EDGE_CURVE('',#14556,#16000,#16002,.T.);
#16000 = VERTEX_POINT('',#16001);
#16001 = CARTESIAN_POINT('',(-27.13346826916,13.239464271816,
    -214.9063703568));
#16002 = LINE('',#16003,#16004);
#16003 = CARTESIAN_POINT('',(-27.33249370685,13.265498417765,
    -215.0467665762));
#16004 = VECTOR('',#16005,1.);
#16005 = DIRECTION('',(0.812517946947,-0.106283955776,0.57316516523));
#16006 = ORIENTED_EDGE('',*,*,#16007,.T.);
#16007 = EDGE_CURVE('',#16000,#15991,#16008,.T.);
#16008 = LINE('',#16009,#16010);
#16009 = CARTESIAN_POINT('',(-27.13346826916,13.239464271816,
    -214.9063703568));
#16010 = VECTOR('',#16011,1.);
#16011 = DIRECTION('',(-0.530786570925,0.825192730204,0.193190512565));
#16012 = PLANE('',#16013);
#16013 = AXIS2_PLACEMENT_3D('',#16014,#16015,#16016);
#16014 = CARTESIAN_POINT('',(-28.5599083625,14.748636914546,
    -214.9192775081));
#16015 = DIRECTION('',(-0.54060739988,-0.505218335391,0.672679769861));
#16016 = DIRECTION('',(-0.652693845015,-0.252609167696,-0.714268404086)
  );
#16017 = ADVANCED_FACE('',(#16018),#16028,.T.);
#16018 = FACE_BOUND('',#16019,.T.);
#16019 = EDGE_LOOP('',(#16020,#16021,#16022));
#16020 = ORIENTED_EDGE('',*,*,#14529,.F.);
#16021 = ORIENTED_EDGE('',*,*,#15990,.T.);
#16022 = ORIENTED_EDGE('',*,*,#16023,.T.);
#16023 = EDGE_CURVE('',#15991,#14532,#16024,.T.);
#16024 = LINE('',#16025,#16026);
#16025 = CARTESIAN_POINT('',(-29.25661455286,16.54023519263,
    -214.1336083066));
#16026 = VECTOR('',#16027,1.);
#16027 = DIRECTION('',(-0.775427519298,-0.564851270707,0.282232535856));
#16028 = PLANE('',#16029);
#16029 = AXIS2_PLACEMENT_3D('',#16030,#16031,#16032);
#16030 = CARTESIAN_POINT('',(-30.84578302039,15.204234468665,
    -214.0872871734));
#16031 = DIRECTION('',(0.627705999683,-0.738074815709,0.247448468125));
#16032 = DIRECTION('',(-6.853714523374E-02,-0.369037407855,
    -0.926884054953));
#16033 = ADVANCED_FACE('',(#16034),#16050,.T.);
#16034 = FACE_BOUND('',#16035,.T.);
#16035 = EDGE_LOOP('',(#16036,#16042,#16043,#16049));
#16036 = ORIENTED_EDGE('',*,*,#16037,.T.);
#16037 = EDGE_CURVE('',#14492,#14540,#16038,.T.);
#16038 = LINE('',#16039,#16040);
#16039 = CARTESIAN_POINT('',(-40.45506330361,14.337315236873,
    -235.4915550535));
#16040 = VECTOR('',#16041,1.);
#16041 = DIRECTION('',(0.775427519298,0.564851270707,-0.282232535856));
#16042 = ORIENTED_EDGE('',*,*,#14539,.T.);
#16043 = ORIENTED_EDGE('',*,*,#16044,.F.);
#16044 = EDGE_CURVE('',#14500,#14532,#16045,.T.);
#16045 = LINE('',#16046,#16047);
#16046 = CARTESIAN_POINT('',(-32.28078187812,14.337315236873,
    -213.0329014167));
#16047 = VECTOR('',#16048,1.);
#16048 = DIRECTION('',(0.775427519298,0.564851270707,-0.282232535856));
#16049 = ORIENTED_EDGE('',*,*,#14499,.F.);
#16050 = PLANE('',#16051);
#16051 = AXIS2_PLACEMENT_3D('',#16052,#16053,#16054);
#16052 = CARTESIAN_POINT('',(-40.45506330361,14.337315236873,
    -235.4915550535));
#16053 = DIRECTION('',(0.530786570925,-0.825192730204,-0.193190512565));
#16054 = DIRECTION('',(-0.342020143326,-1.7763568394E-15,-0.939692620786
    ));
#16055 = ADVANCED_FACE('',(#16056),#16073,.T.);
#16056 = FACE_BOUND('',#16057,.T.);
#16057 = EDGE_LOOP('',(#16058,#16059,#16067));
#16058 = ORIENTED_EDGE('',*,*,#14507,.T.);
#16059 = ORIENTED_EDGE('',*,*,#16060,.T.);
#16060 = EDGE_CURVE('',#14500,#16061,#16063,.T.);
#16061 = VERTEX_POINT('',#16062);
#16062 = CARTESIAN_POINT('',(-32.35832463005,14.280830109802,
    -213.0046781632));
#16063 = LINE('',#16064,#16065);
#16064 = CARTESIAN_POINT('',(-32.28078187812,14.337315236873,
    -213.0329014167));
#16065 = VECTOR('',#16066,1.);
#16066 = DIRECTION('',(-0.775427519298,-0.564851270707,0.282232535855));
#16067 = ORIENTED_EDGE('',*,*,#16068,.F.);
#16068 = EDGE_CURVE('',#14508,#16061,#16069,.T.);
#16069 = LINE('',#16070,#16071);
#16070 = CARTESIAN_POINT('',(-32.29610724969,14.254795963852,
    -213.2401589922));
#16071 = VECTOR('',#16072,1.);
#16072 = DIRECTION('',(-0.25400139168,0.106283955776,0.961346458759));
#16073 = PLANE('',#16074);
#16074 = AXIS2_PLACEMENT_3D('',#16075,#16076,#16077);
#16075 = CARTESIAN_POINT('',(-30.84578302039,15.204234468665,
    -214.0872871734));
#16076 = DIRECTION('',(0.627705999683,-0.738074815709,0.247448468125));
#16077 = DIRECTION('',(-6.853714523374E-02,-0.369037407855,
    -0.926884054953));
#16078 = ADVANCED_FACE('',(#16079),#16097,.T.);
#16079 = FACE_BOUND('',#16080,.T.);
#16080 = EDGE_LOOP('',(#16081,#16089,#16090,#16091));
#16081 = ORIENTED_EDGE('',*,*,#16082,.F.);
#16082 = EDGE_CURVE('',#14484,#16083,#16085,.T.);
#16083 = VERTEX_POINT('',#16084);
#16084 = CARTESIAN_POINT('',(-30.23517834635,10.980059188988,
    -213.7774402134));
#16085 = LINE('',#16086,#16087);
#16086 = CARTESIAN_POINT('',(-30.27911828018,11.119063589079,
    -213.9742829399));
#16087 = VECTOR('',#16088,1.);
#16088 = DIRECTION('',(0.179384028683,-0.567483087041,0.803607065783));
#16089 = ORIENTED_EDGE('',*,*,#14515,.T.);
#16090 = ORIENTED_EDGE('',*,*,#16068,.T.);
#16091 = ORIENTED_EDGE('',*,*,#16092,.T.);
#16092 = EDGE_CURVE('',#16061,#16083,#16093,.T.);
#16093 = LINE('',#16094,#16095);
#16094 = CARTESIAN_POINT('',(-32.35832463005,14.280830109802,
    -213.0046781632));
#16095 = VECTOR('',#16096,1.);
#16096 = DIRECTION('',(0.530786570925,-0.825192730204,-0.193190512565));
#16097 = PLANE('',#16098);
#16098 = AXIS2_PLACEMENT_3D('',#16099,#16100,#16101);
#16099 = CARTESIAN_POINT('',(-31.27390468004,12.771657467072,
    -213.9314636326));
#16100 = DIRECTION('',(0.84651951594,0.505218335391,0.167806861352));
#16101 = DIRECTION('',(-4.086961289493E-02,-0.252609167696,0.96670485834
    ));
#16102 = ADVANCED_FACE('',(#16103),#16114,.T.);
#16103 = FACE_BOUND('',#16104,.T.);
#16104 = EDGE_LOOP('',(#16105,#16106,#16107,#16108));
#16105 = ORIENTED_EDGE('',*,*,#15999,.F.);
#16106 = ORIENTED_EDGE('',*,*,#14585,.T.);
#16107 = ORIENTED_EDGE('',*,*,#16082,.T.);
#16108 = ORIENTED_EDGE('',*,*,#16109,.T.);
#16109 = EDGE_CURVE('',#16083,#16000,#16110,.T.);
#16110 = LINE('',#16111,#16112);
#16111 = CARTESIAN_POINT('',(-30.23517834635,10.980059188988,
    -213.7774402134));
#16112 = VECTOR('',#16113,1.);
#16113 = DIRECTION('',(0.775427519298,0.564851270707,-0.282232535856));
#16114 = PLANE('',#16115);
#16115 = AXIS2_PLACEMENT_3D('',#16116,#16117,#16118);
#16116 = CARTESIAN_POINT('',(-28.98803002215,12.316059912953,
    -214.7634539674));
#16117 = DIRECTION('',(-0.321793883623,0.738074815709,0.593038163088));
#16118 = DIRECTION('',(0.543287086887,-0.369037407855,0.754089207472));
#16119 = ADVANCED_FACE('',(#16120),#16146,.T.);
#16120 = FACE_BOUND('',#16121,.T.);
#16121 = EDGE_LOOP('',(#16122,#16130,#16131,#16132,#16140));
#16122 = ORIENTED_EDGE('',*,*,#16123,.F.);
#16123 = EDGE_CURVE('',#14697,#16124,#16126,.T.);
#16124 = VERTEX_POINT('',#16125);
#16125 = CARTESIAN_POINT('',(-27.02731095497,13.074425725775,
    -214.9450084594));
#16126 = LINE('',#16127,#16128);
#16127 = CARTESIAN_POINT('',(-27.32209025914,12.448905925365,
    -215.4123735641));
#16128 = VECTOR('',#16129,1.);
#16129 = DIRECTION('',(0.353187442789,0.749461497465,0.559969726034));
#16130 = ORIENTED_EDGE('',*,*,#14696,.T.);
#16131 = ORIENTED_EDGE('',*,*,#14743,.T.);
#16132 = ORIENTED_EDGE('',*,*,#16133,.T.);
#16133 = EDGE_CURVE('',#14736,#16134,#16136,.T.);
#16134 = VERTEX_POINT('',#16135);
#16135 = CARTESIAN_POINT('',(-24.90416467127,9.773654804961,
    -215.7177705096));
#16136 = LINE('',#16137,#16138);
#16137 = CARTESIAN_POINT('',(-25.0758284975,9.799688950911,
    -215.7829913193));
#16138 = VECTOR('',#16139,1.);
#16139 = DIRECTION('',(0.925549322008,-0.140366707787,0.351647038769));
#16140 = ORIENTED_EDGE('',*,*,#16141,.T.);
#16141 = EDGE_CURVE('',#16134,#16124,#16142,.T.);
#16142 = LINE('',#16143,#16144);
#16143 = CARTESIAN_POINT('',(-24.90416467127,9.773654804961,
    -215.7177705096));
#16144 = VECTOR('',#16145,1.);
#16145 = DIRECTION('',(-0.530786570925,0.825192730204,0.193190512565));
#16146 = PLANE('',#16147);
#16147 = AXIS2_PLACEMENT_3D('',#16148,#16149,#16150);
#16148 = CARTESIAN_POINT('',(-26.26220073595,11.282827447691,
    -215.5427391368));
#16149 = DIRECTION('',(-0.376743960982,-0.433930765965,0.818393596146));
#16150 = DIRECTION('',(-0.759163753079,-0.361608971637,-0.541211001036)
  );
#16151 = ADVANCED_FACE('',(#16152),#16162,.T.);
#16152 = FACE_BOUND('',#16153,.T.);
#16153 = EDGE_LOOP('',(#16154,#16155,#16156));
#16154 = ORIENTED_EDGE('',*,*,#14704,.T.);
#16155 = ORIENTED_EDGE('',*,*,#16123,.T.);
#16156 = ORIENTED_EDGE('',*,*,#16157,.T.);
#16157 = EDGE_CURVE('',#16124,#14705,#16158,.T.);
#16158 = LINE('',#16159,#16160);
#16159 = CARTESIAN_POINT('',(-27.02731095497,13.074425725775,
    -214.9450084594));
#16160 = VECTOR('',#16161,1.);
#16161 = DIRECTION('',(-0.775427519298,-0.564851270707,0.282232535856));
#16162 = PLANE('',#16163);
#16163 = AXIS2_PLACEMENT_3D('',#16164,#16165,#16166);
#16164 = CARTESIAN_POINT('',(-28.54807539384,11.73842500181,
    -214.710748802));
#16165 = DIRECTION('',(0.626717498837,-0.633930615111,0.453163493538));
#16166 = DIRECTION('',(7.705413010378E-02,-0.528275512593,
    -0.845569419876));
#16167 = ADVANCED_FACE('',(#16168),#16184,.T.);
#16168 = FACE_BOUND('',#16169,.T.);
#16169 = EDGE_LOOP('',(#16170,#16176,#16177,#16183));
#16170 = ORIENTED_EDGE('',*,*,#16171,.T.);
#16171 = EDGE_CURVE('',#14640,#14679,#16172,.T.);
#16172 = LINE('',#16173,#16174);
#16173 = CARTESIAN_POINT('',(-37.60541769028,11.323386786583,
    -236.528741235));
#16174 = VECTOR('',#16175,1.);
#16175 = DIRECTION('',(0.775427519298,0.564851270707,-0.282232535856));
#16176 = ORIENTED_EDGE('',*,*,#14712,.T.);
#16177 = ORIENTED_EDGE('',*,*,#16178,.F.);
#16178 = EDGE_CURVE('',#14648,#14705,#16179,.T.);
#16179 = LINE('',#16180,#16181);
#16180 = CARTESIAN_POINT('',(-29.4311362648,11.323386786583,
    -214.0700875982));
#16181 = VECTOR('',#16182,1.);
#16182 = DIRECTION('',(0.775427519298,0.564851270707,-0.282232535856));
#16183 = ORIENTED_EDGE('',*,*,#14647,.F.);
#16184 = PLANE('',#16185);
#16185 = AXIS2_PLACEMENT_3D('',#16186,#16187,#16188);
#16186 = CARTESIAN_POINT('',(-37.60541769028,11.323386786583,
    -236.528741235));
#16187 = DIRECTION('',(0.530786570925,-0.825192730204,-0.193190512565));
#16188 = DIRECTION('',(-0.342020143326,-1.7763568394E-15,-0.939692620786
    ));
#16189 = ADVANCED_FACE('',(#16190),#16207,.T.);
#16190 = FACE_BOUND('',#16191,.T.);
#16191 = EDGE_LOOP('',(#16192,#16193,#16201));
#16192 = ORIENTED_EDGE('',*,*,#14655,.F.);
#16193 = ORIENTED_EDGE('',*,*,#16194,.T.);
#16194 = EDGE_CURVE('',#14648,#16195,#16197,.T.);
#16195 = VERTEX_POINT('',#16196);
#16196 = CARTESIAN_POINT('',(-30.12902103217,10.815020642947,
    -213.8160783159));
#16197 = LINE('',#16198,#16199);
#16198 = CARTESIAN_POINT('',(-29.4311362648,11.323386786583,
    -214.0700875982));
#16199 = VECTOR('',#16200,1.);
#16200 = DIRECTION('',(-0.775427519298,-0.564851270707,0.282232535856));
#16201 = ORIENTED_EDGE('',*,*,#16202,.F.);
#16202 = EDGE_CURVE('',#14656,#16195,#16203,.T.);
#16203 = LINE('',#16204,#16205);
#16204 = CARTESIAN_POINT('',(-29.72591556896,10.697866986174,
    -214.5374527029));
#16205 = VECTOR('',#16206,1.);
#16206 = DIRECTION('',(-0.482977555453,0.140366707787,0.864308896329));
#16207 = PLANE('',#16208);
#16208 = AXIS2_PLACEMENT_3D('',#16209,#16210,#16211);
#16209 = CARTESIAN_POINT('',(-28.54807539384,11.73842500181,
    -214.710748802));
#16210 = DIRECTION('',(0.626717498837,-0.633930615111,0.453163493538));
#16211 = DIRECTION('',(7.705413010378E-02,-0.528275512593,
    -0.845569419876));
#16212 = ADVANCED_FACE('',(#16213),#16232,.T.);
#16213 = FACE_BOUND('',#16214,.T.);
#16214 = EDGE_LOOP('',(#16215,#16223,#16224,#16225,#16226));
#16215 = ORIENTED_EDGE('',*,*,#16216,.F.);
#16216 = EDGE_CURVE('',#14602,#16217,#16219,.T.);
#16217 = VERTEX_POINT('',#16218);
#16218 = CARTESIAN_POINT('',(-28.00587474847,7.514249722133,
    -214.5888403662));
#16219 = LINE('',#16220,#16221);
#16220 = CARTESIAN_POINT('',(-28.02245307083,7.653254122224,
    -214.710507683));
#16221 = VECTOR('',#16222,1.);
#16222 = DIRECTION('',(8.938432376625E-02,-0.749461497465,0.655986209064
    ));
#16223 = ORIENTED_EDGE('',*,*,#14625,.T.);
#16224 = ORIENTED_EDGE('',*,*,#14663,.F.);
#16225 = ORIENTED_EDGE('',*,*,#16202,.T.);
#16226 = ORIENTED_EDGE('',*,*,#16227,.T.);
#16227 = EDGE_CURVE('',#16195,#16217,#16228,.T.);
#16228 = LINE('',#16229,#16230);
#16229 = CARTESIAN_POINT('',(-30.12902103217,10.815020642947,
    -213.8160783159));
#16230 = VECTOR('',#16231,1.);
#16231 = DIRECTION('',(0.530786570925,-0.825192730204,-0.193190512565));
#16232 = PLANE('',#16233);
#16233 = AXIS2_PLACEMENT_3D('',#16234,#16235,#16236);
#16234 = CARTESIAN_POINT('',(-28.97619705349,9.305848000217,
    -214.5549252613));
#16235 = DIRECTION('',(0.814655881239,0.433930765965,0.384759516468));
#16236 = DIRECTION('',(-0.233669448772,-0.361608971637,0.902572734101));
#16237 = ADVANCED_FACE('',(#16238),#16249,.T.);
#16238 = FACE_BOUND('',#16239,.T.);
#16239 = EDGE_LOOP('',(#16240,#16241,#16242,#16243));
#16240 = ORIENTED_EDGE('',*,*,#16133,.F.);
#16241 = ORIENTED_EDGE('',*,*,#14765,.T.);
#16242 = ORIENTED_EDGE('',*,*,#16216,.T.);
#16243 = ORIENTED_EDGE('',*,*,#16244,.T.);
#16244 = EDGE_CURVE('',#16217,#16134,#16245,.T.);
#16245 = LINE('',#16246,#16247);
#16246 = CARTESIAN_POINT('',(-28.00587474847,7.514249722133,
    -214.5888403662));
#16247 = VECTOR('',#16248,1.);
#16248 = DIRECTION('',(0.775427519298,0.564851270707,-0.282232535856));
#16249 = PLANE('',#16250);
#16250 = AXIS2_PLACEMENT_3D('',#16251,#16252,#16253);
#16251 = CARTESIAN_POINT('',(-26.6903223956,8.850250446098,
    -215.386915596));
#16252 = DIRECTION('',(-0.188805578581,0.633930615111,0.749989619076));
#16253 = DIRECTION('',(0.602548434411,-0.528275512593,0.598214315261));
#16254 = ADVANCED_FACE('',(#16255),#16272,.T.);
#16255 = FACE_BOUND('',#16256,.T.);
#16256 = EDGE_LOOP('',(#16257,#16265,#16271));
#16257 = ORIENTED_EDGE('',*,*,#16258,.T.);
#16258 = EDGE_CURVE('',#14822,#16259,#16261,.T.);
#16259 = VERTEX_POINT('',#16260);
#16260 = CARTESIAN_POINT('',(-38.87191579216,9.536079435863,
    -210.633924862));
#16261 = LINE('',#16262,#16263);
#16262 = CARTESIAN_POINT('',(-38.17403102479,10.0444455795,
    -210.8879341442));
#16263 = VECTOR('',#16264,1.);
#16264 = DIRECTION('',(-0.775427519298,-0.564851270707,0.282232535856));
#16265 = ORIENTED_EDGE('',*,*,#16266,.F.);
#16266 = EDGE_CURVE('',#14830,#16259,#16267,.T.);
#16267 = LINE('',#16268,#16269);
#16268 = CARTESIAN_POINT('',(-38.59193758055,9.41892577909,
    -211.6935885925));
#16269 = VECTOR('',#16270,1.);
#16270 = DIRECTION('',(-0.25400139168,0.106283955776,0.961346458759));
#16271 = ORIENTED_EDGE('',*,*,#14829,.T.);
#16272 = PLANE('',#16273);
#16273 = AXIS2_PLACEMENT_3D('',#16274,#16275,#16276);
#16274 = CARTESIAN_POINT('',(-37.35937418249,10.459483794727,
    -211.7165338722));
#16275 = DIRECTION('',(0.627705999683,-0.738074815709,0.247448468125));
#16276 = DIRECTION('',(-6.853714523374E-02,-0.369037407855,
    -0.926884054953));
#16277 = ADVANCED_FACE('',(#16278),#16297,.T.);
#16278 = FACE_BOUND('',#16279,.T.);
#16279 = EDGE_LOOP('',(#16280,#16281,#16282,#16283,#16291));
#16280 = ORIENTED_EDGE('',*,*,#14789,.T.);
#16281 = ORIENTED_EDGE('',*,*,#14837,.F.);
#16282 = ORIENTED_EDGE('',*,*,#16266,.T.);
#16283 = ORIENTED_EDGE('',*,*,#16284,.T.);
#16284 = EDGE_CURVE('',#16259,#16285,#16287,.T.);
#16285 = VERTEX_POINT('',#16286);
#16286 = CARTESIAN_POINT('',(-36.74876950846,6.235308515049,
    -211.4066869122));
#16287 = LINE('',#16288,#16289);
#16288 = CARTESIAN_POINT('',(-38.87191579216,9.536079435863,
    -210.633924862));
#16289 = VECTOR('',#16290,1.);
#16290 = DIRECTION('',(0.530786570925,-0.825192730204,-0.193190512565));
#16291 = ORIENTED_EDGE('',*,*,#16292,.F.);
#16292 = EDGE_CURVE('',#14790,#16285,#16293,.T.);
#16293 = LINE('',#16294,#16295);
#16294 = CARTESIAN_POINT('',(-36.79270944229,6.374312915141,
    -211.6035296387));
#16295 = VECTOR('',#16296,1.);
#16296 = DIRECTION('',(0.179384028683,-0.567483087041,0.803607065783));
#16297 = PLANE('',#16298);
#16298 = AXIS2_PLACEMENT_3D('',#16299,#16300,#16301);
#16299 = CARTESIAN_POINT('',(-37.78749584215,8.026906793133,
    -211.5607103315));
#16300 = DIRECTION('',(0.84651951594,0.505218335391,0.167806861352));
#16301 = DIRECTION('',(-4.086961289493E-02,-0.252609167696,0.96670485834
    ));
#16302 = ADVANCED_FACE('',(#16303),#16321,.T.);
#16303 = FACE_BOUND('',#16304,.T.);
#16304 = EDGE_LOOP('',(#16305,#16306,#16307,#16315));
#16305 = ORIENTED_EDGE('',*,*,#14938,.T.);
#16306 = ORIENTED_EDGE('',*,*,#16292,.T.);
#16307 = ORIENTED_EDGE('',*,*,#16308,.T.);
#16308 = EDGE_CURVE('',#16285,#16309,#16311,.T.);
#16309 = VERTEX_POINT('',#16310);
#16310 = CARTESIAN_POINT('',(-33.64705943127,8.494713597877,
    -212.5356170557));
#16311 = LINE('',#16312,#16313);
#16312 = CARTESIAN_POINT('',(-36.74876950846,6.235308515049,
    -211.4066869122));
#16313 = VECTOR('',#16314,1.);
#16314 = DIRECTION('',(0.775427519298,0.564851270707,-0.282232535856));
#16315 = ORIENTED_EDGE('',*,*,#16316,.F.);
#16316 = EDGE_CURVE('',#14909,#16309,#16317,.T.);
#16317 = LINE('',#16318,#16319);
#16318 = CARTESIAN_POINT('',(-33.84608486895,8.520747743827,
    -212.676013275));
#16319 = VECTOR('',#16320,1.);
#16320 = DIRECTION('',(0.812517946947,-0.106283955776,0.57316516523));
#16321 = PLANE('',#16322);
#16322 = AXIS2_PLACEMENT_3D('',#16323,#16324,#16325);
#16323 = CARTESIAN_POINT('',(-35.50162118426,7.571309239014,
    -212.3927006662));
#16324 = DIRECTION('',(-0.321793883623,0.738074815709,0.593038163088));
#16325 = DIRECTION('',(0.543287086887,-0.369037407855,0.754089207472));
#16326 = ADVANCED_FACE('',(#16327),#16346,.T.);
#16327 = FACE_BOUND('',#16328,.T.);
#16328 = EDGE_LOOP('',(#16329,#16337,#16343,#16344,#16345));
#16329 = ORIENTED_EDGE('',*,*,#16330,.T.);
#16330 = EDGE_CURVE('',#16309,#16331,#16333,.T.);
#16331 = VERTEX_POINT('',#16332);
#16332 = CARTESIAN_POINT('',(-35.77020571497,11.795484518691,
    -211.7628550054));
#16333 = LINE('',#16334,#16335);
#16334 = CARTESIAN_POINT('',(-33.64705943127,8.494713597877,
    -212.5356170557));
#16335 = VECTOR('',#16336,1.);
#16336 = DIRECTION('',(-0.530786570925,0.825192730204,0.193190512565));
#16337 = ORIENTED_EDGE('',*,*,#16338,.F.);
#16338 = EDGE_CURVE('',#14869,#16331,#16339,.T.);
#16339 = LINE('',#16340,#16341);
#16340 = CARTESIAN_POINT('',(-36.18811227073,11.169964718282,
    -212.5685094536));
#16341 = VECTOR('',#16342,1.);
#16342 = DIRECTION('',(0.379132526585,0.567483087041,0.730904558207));
#16343 = ORIENTED_EDGE('',*,*,#14868,.T.);
#16344 = ORIENTED_EDGE('',*,*,#14916,.T.);
#16345 = ORIENTED_EDGE('',*,*,#16316,.T.);
#16346 = PLANE('',#16347);
#16347 = AXIS2_PLACEMENT_3D('',#16348,#16349,#16350);
#16348 = CARTESIAN_POINT('',(-35.0734995246,10.003886240608,
    -212.548524207));
#16349 = DIRECTION('',(-0.54060739988,-0.505218335391,0.672679769861));
#16350 = DIRECTION('',(-0.652693845015,-0.252609167696,-0.714268404086)
  );
#16351 = ADVANCED_FACE('',(#16352),#16362,.T.);
#16352 = FACE_BOUND('',#16353,.T.);
#16353 = EDGE_LOOP('',(#16354,#16355,#16361));
#16354 = ORIENTED_EDGE('',*,*,#16338,.T.);
#16355 = ORIENTED_EDGE('',*,*,#16356,.T.);
#16356 = EDGE_CURVE('',#16331,#14877,#16357,.T.);
#16357 = LINE('',#16358,#16359);
#16358 = CARTESIAN_POINT('',(-35.77020571497,11.795484518691,
    -211.7628550054));
#16359 = VECTOR('',#16360,1.);
#16360 = DIRECTION('',(-0.775427519298,-0.564851270707,0.282232535856));
#16361 = ORIENTED_EDGE('',*,*,#14876,.F.);
#16362 = PLANE('',#16363);
#16363 = AXIS2_PLACEMENT_3D('',#16364,#16365,#16366);
#16364 = CARTESIAN_POINT('',(-37.35937418249,10.459483794727,
    -211.7165338722));
#16365 = DIRECTION('',(0.627705999683,-0.738074815709,0.247448468125));
#16366 = DIRECTION('',(-6.853714523374E-02,-0.369037407855,
    -0.926884054953));
#16367 = ADVANCED_FACE('',(#16368),#16384,.T.);
#16368 = FACE_BOUND('',#16369,.T.);
#16369 = EDGE_LOOP('',(#16370,#16371,#16377,#16378));
#16370 = ORIENTED_EDGE('',*,*,#14884,.T.);
#16371 = ORIENTED_EDGE('',*,*,#16372,.F.);
#16372 = EDGE_CURVE('',#14822,#14877,#16373,.T.);
#16373 = LINE('',#16374,#16375);
#16374 = CARTESIAN_POINT('',(-38.17403102479,10.0444455795,
    -210.8879341442));
#16375 = VECTOR('',#16376,1.);
#16376 = DIRECTION('',(0.775427519298,0.564851270707,-0.282232535856));
#16377 = ORIENTED_EDGE('',*,*,#14819,.F.);
#16378 = ORIENTED_EDGE('',*,*,#16379,.T.);
#16379 = EDGE_CURVE('',#14820,#14885,#16380,.T.);
#16380 = LINE('',#16381,#16382);
#16381 = CARTESIAN_POINT('',(-46.34831245027,10.0444455795,
    -233.346587781));
#16382 = VECTOR('',#16383,1.);
#16383 = DIRECTION('',(0.775427519298,0.564851270707,-0.282232535856));
#16384 = PLANE('',#16385);
#16385 = AXIS2_PLACEMENT_3D('',#16386,#16387,#16388);
#16386 = CARTESIAN_POINT('',(-46.34831245027,10.0444455795,
    -233.346587781));
#16387 = DIRECTION('',(0.530786570925,-0.825192730204,-0.193190512565));
#16388 = DIRECTION('',(-0.342020143326,-1.7763568394E-15,-0.939692620786
    ));
#16389 = ADVANCED_FACE('',(#16390),#16407,.T.);
#16390 = FACE_BOUND('',#16391,.T.);
#16391 = EDGE_LOOP('',(#16392,#16393,#16401));
#16392 = ORIENTED_EDGE('',*,*,#14969,.T.);
#16393 = ORIENTED_EDGE('',*,*,#16394,.T.);
#16394 = EDGE_CURVE('',#14962,#16395,#16397,.T.);
#16395 = VERTEX_POINT('',#16396);
#16396 = CARTESIAN_POINT('',(-36.64261219427,6.070269969009,
    -211.4453250147));
#16397 = LINE('',#16398,#16399);
#16398 = CARTESIAN_POINT('',(-36.56506944234,6.12675509608,
    -211.4735482683));
#16399 = VECTOR('',#16400,1.);
#16400 = DIRECTION('',(-0.775427519298,-0.564851270707,0.282232535855));
#16401 = ORIENTED_EDGE('',*,*,#16402,.F.);
#16402 = EDGE_CURVE('',#14970,#16395,#16403,.T.);
#16403 = LINE('',#16404,#16405);
#16404 = CARTESIAN_POINT('',(-36.55303320245,6.044235823059,
    -211.6056304341));
#16405 = VECTOR('',#16406,1.);
#16406 = DIRECTION('',(-0.482977555453,0.140366707787,0.864308896329));
#16407 = PLANE('',#16408);
#16408 = AXIS2_PLACEMENT_3D('',#16409,#16410,#16411);
#16409 = CARTESIAN_POINT('',(-35.06166655594,6.993674327872,
    -212.3399955008));
#16410 = DIRECTION('',(0.626717498837,-0.633930615111,0.453163493538));
#16411 = DIRECTION('',(7.705413010378E-02,-0.528275512593,
    -0.845569419876));
#16412 = ADVANCED_FACE('',(#16413),#16431,.T.);
#16413 = FACE_BOUND('',#16414,.T.);
#16414 = EDGE_LOOP('',(#16415,#16423,#16429,#16430));
#16415 = ORIENTED_EDGE('',*,*,#16416,.T.);
#16416 = EDGE_CURVE('',#16395,#16417,#16419,.T.);
#16417 = VERTEX_POINT('',#16418);
#16418 = CARTESIAN_POINT('',(-34.51946591058,2.769499048195,
    -212.218087065));
#16419 = LINE('',#16420,#16421);
#16420 = CARTESIAN_POINT('',(-36.64261219427,6.070269969009,
    -211.4453250147));
#16421 = VECTOR('',#16422,1.);
#16422 = DIRECTION('',(0.530786570925,-0.825192730204,-0.193190512565));
#16423 = ORIENTED_EDGE('',*,*,#16424,.F.);
#16424 = EDGE_CURVE('',#14978,#16417,#16425,.T.);
#16425 = LINE('',#16426,#16427);
#16426 = CARTESIAN_POINT('',(-34.53604423294,2.908503448286,
    -212.3397543818));
#16427 = VECTOR('',#16428,1.);
#16428 = DIRECTION('',(8.938432376625E-02,-0.749461497465,0.655986209064
    ));
#16429 = ORIENTED_EDGE('',*,*,#14977,.T.);
#16430 = ORIENTED_EDGE('',*,*,#16402,.T.);
#16431 = PLANE('',#16432);
#16432 = AXIS2_PLACEMENT_3D('',#16433,#16434,#16435);
#16433 = CARTESIAN_POINT('',(-35.4897882156,4.561097326278,
    -212.1841719601));
#16434 = DIRECTION('',(0.814655881239,0.433930765965,0.384759516468));
#16435 = DIRECTION('',(-0.233669448772,-0.361608971637,0.902572734101));
#16436 = ADVANCED_FACE('',(#16437),#16455,.T.);
#16437 = FACE_BOUND('',#16438,.T.);
#16438 = EDGE_LOOP('',(#16439,#16440,#16441,#16449));
#16439 = ORIENTED_EDGE('',*,*,#15056,.T.);
#16440 = ORIENTED_EDGE('',*,*,#16424,.T.);
#16441 = ORIENTED_EDGE('',*,*,#16442,.T.);
#16442 = EDGE_CURVE('',#16417,#16443,#16445,.T.);
#16443 = VERTEX_POINT('',#16444);
#16444 = CARTESIAN_POINT('',(-31.41775583338,5.028904131023,
    -213.3470172084));
#16445 = LINE('',#16446,#16447);
#16446 = CARTESIAN_POINT('',(-34.51946591058,2.769499048195,
    -212.218087065));
#16447 = VECTOR('',#16448,1.);
#16448 = DIRECTION('',(0.775427519298,0.564851270707,-0.282232535856));
#16449 = ORIENTED_EDGE('',*,*,#16450,.F.);
#16450 = EDGE_CURVE('',#15010,#16443,#16451,.T.);
#16451 = LINE('',#16452,#16453);
#16452 = CARTESIAN_POINT('',(-31.5894196596,5.054938276972,
    -213.4122380181));
#16453 = VECTOR('',#16454,1.);
#16454 = DIRECTION('',(0.925549322008,-0.140366707787,0.351647038769));
#16455 = PLANE('',#16456);
#16456 = AXIS2_PLACEMENT_3D('',#16457,#16458,#16459);
#16457 = CARTESIAN_POINT('',(-33.20391355771,4.10549977216,
    -213.0161622948));
#16458 = DIRECTION('',(-0.188805578581,0.633930615111,0.749989619076));
#16459 = DIRECTION('',(0.602548434411,-0.528275512593,0.598214315261));
#16460 = ADVANCED_FACE('',(#16461),#16479,.T.);
#16461 = FACE_BOUND('',#16462,.T.);
#16462 = EDGE_LOOP('',(#16463,#16471,#16477,#16478));
#16463 = ORIENTED_EDGE('',*,*,#16464,.T.);
#16464 = EDGE_CURVE('',#16443,#16465,#16467,.T.);
#16465 = VERTEX_POINT('',#16466);
#16466 = CARTESIAN_POINT('',(-33.54090211708,8.329675051837,
    -212.5742551582));
#16467 = LINE('',#16468,#16469);
#16468 = CARTESIAN_POINT('',(-31.41775583338,5.028904131023,
    -213.3470172084));
#16469 = VECTOR('',#16470,1.);
#16470 = DIRECTION('',(-0.530786570925,0.825192730204,0.193190512565));
#16471 = ORIENTED_EDGE('',*,*,#16472,.F.);
#16472 = EDGE_CURVE('',#15018,#16465,#16473,.T.);
#16473 = LINE('',#16474,#16475);
#16474 = CARTESIAN_POINT('',(-33.60640862912,8.190670651746,
    -212.6781140703));
#16475 = VECTOR('',#16476,1.);
#16476 = DIRECTION('',(0.353187442789,0.749461497465,0.559969726034));
#16477 = ORIENTED_EDGE('',*,*,#15017,.T.);
#16478 = ORIENTED_EDGE('',*,*,#16450,.T.);
#16479 = PLANE('',#16480);
#16480 = AXIS2_PLACEMENT_3D('',#16481,#16482,#16483);
#16481 = CARTESIAN_POINT('',(-32.77579189805,6.538076773753,
    -213.1719858356));
#16482 = DIRECTION('',(-0.376743960982,-0.433930765965,0.818393596146));
#16483 = DIRECTION('',(-0.759163753079,-0.361608971637,-0.541211001036)
  );
#16484 = ADVANCED_FACE('',(#16485),#16495,.T.);
#16485 = FACE_BOUND('',#16486,.T.);
#16486 = EDGE_LOOP('',(#16487,#16493,#16494));
#16487 = ORIENTED_EDGE('',*,*,#16488,.T.);
#16488 = EDGE_CURVE('',#16465,#15026,#16489,.T.);
#16489 = LINE('',#16490,#16491);
#16490 = CARTESIAN_POINT('',(-33.54090211708,8.329675051837,
    -212.5742551582));
#16491 = VECTOR('',#16492,1.);
#16492 = DIRECTION('',(-0.775427519298,-0.564851270707,0.282232535856));
#16493 = ORIENTED_EDGE('',*,*,#15025,.F.);
#16494 = ORIENTED_EDGE('',*,*,#16472,.T.);
#16495 = PLANE('',#16496);
#16496 = AXIS2_PLACEMENT_3D('',#16497,#16498,#16499);
#16497 = CARTESIAN_POINT('',(-35.06166655594,6.993674327872,
    -212.3399955008));
#16498 = DIRECTION('',(0.626717498837,-0.633930615111,0.453163493538));
#16499 = DIRECTION('',(7.705413010378E-02,-0.528275512593,
    -0.845569419876));
#16500 = ADVANCED_FACE('',(#16501),#16517,.T.);
#16501 = FACE_BOUND('',#16502,.T.);
#16502 = EDGE_LOOP('',(#16503,#16504,#16510,#16511));
#16503 = ORIENTED_EDGE('',*,*,#15033,.T.);
#16504 = ORIENTED_EDGE('',*,*,#16505,.F.);
#16505 = EDGE_CURVE('',#14962,#15026,#16506,.T.);
#16506 = LINE('',#16507,#16508);
#16507 = CARTESIAN_POINT('',(-36.56506944234,6.12675509608,
    -211.4735482683));
#16508 = VECTOR('',#16509,1.);
#16509 = DIRECTION('',(0.775427519298,0.564851270707,-0.282232535856));
#16510 = ORIENTED_EDGE('',*,*,#14959,.F.);
#16511 = ORIENTED_EDGE('',*,*,#16512,.T.);
#16512 = EDGE_CURVE('',#14960,#15034,#16513,.T.);
#16513 = LINE('',#16514,#16515);
#16514 = CARTESIAN_POINT('',(-44.73935086783,6.126755096079,
    -233.9322019051));
#16515 = VECTOR('',#16516,1.);
#16516 = DIRECTION('',(0.775427519298,0.564851270707,-0.282232535856));
#16517 = PLANE('',#16518);
#16518 = AXIS2_PLACEMENT_3D('',#16519,#16520,#16521);
#16519 = CARTESIAN_POINT('',(-44.73935086783,6.126755096079,
    -233.9322019051));
#16520 = DIRECTION('',(0.530786570925,-0.825192730204,-0.193190512565));
#16521 = DIRECTION('',(-0.342020143326,-1.7763568394E-15,-0.939692620786
    ));
#16522 = ADVANCED_FACE('',(#16523),#16542,.T.);
#16523 = FACE_BOUND('',#16524,.T.);
#16524 = EDGE_LOOP('',(#16525,#16526,#16527,#16528,#16536));
#16525 = ORIENTED_EDGE('',*,*,#15191,.T.);
#16526 = ORIENTED_EDGE('',*,*,#15376,.F.);
#16527 = ORIENTED_EDGE('',*,*,#15399,.T.);
#16528 = ORIENTED_EDGE('',*,*,#16529,.F.);
#16529 = EDGE_CURVE('',#16530,#15392,#16532,.T.);
#16530 = VERTEX_POINT('',#16531);
#16531 = CARTESIAN_POINT('',(-38.53593071344,10.645565261735,
    -236.190062192));
#16532 = LINE('',#16533,#16534);
#16533 = CARTESIAN_POINT('',(-38.53593071344,10.645565261735,
    -236.190062192));
#16534 = VECTOR('',#16535,1.);
#16535 = DIRECTION('',(0.342020143326,1.91E-15,0.939692620786));
#16536 = ORIENTED_EDGE('',*,*,#16537,.T.);
#16537 = EDGE_CURVE('',#16530,#15192,#16538,.T.);
#16538 = LINE('',#16539,#16540);
#16539 = CARTESIAN_POINT('',(-38.53593071344,10.645565261735,
    -236.190062192));
#16540 = VECTOR('',#16541,1.);
#16541 = DIRECTION('',(0.530786570925,-0.825192730204,-0.193190512565));
#16542 = PLANE('',#16543);
#16543 = AXIS2_PLACEMENT_3D('',#16544,#16545,#16546);
#16544 = CARTESIAN_POINT('',(-38.53593071344,10.645565261735,
    -236.190062192));
#16545 = DIRECTION('',(-0.775427519298,-0.564851270707,0.282232535856));
#16546 = DIRECTION('',(-0.342020143326,-1.859623566247E-15,
    -0.939692620786));
#16547 = ADVANCED_FACE('',(#16548,#16566,#16579,#16585,#16593,#16601,
    #16607),#16616,.T.);
#16548 = FACE_BOUND('',#16549,.T.);
#16549 = EDGE_LOOP('',(#16550,#16551,#16552,#16560));
#16550 = ORIENTED_EDGE('',*,*,#15199,.F.);
#16551 = ORIENTED_EDGE('',*,*,#16537,.F.);
#16552 = ORIENTED_EDGE('',*,*,#16553,.F.);
#16553 = EDGE_CURVE('',#16554,#16530,#16556,.T.);
#16554 = VERTEX_POINT('',#16555);
#16555 = CARTESIAN_POINT('',(-41.48255528677,8.499130433049,
    -235.1175785557));
#16556 = LINE('',#16557,#16558);
#16557 = CARTESIAN_POINT('',(-41.48255528677,8.499130433049,
    -235.1175785557));
#16558 = VECTOR('',#16559,1.);
#16559 = DIRECTION('',(0.775427519298,0.564851270707,-0.282232535856));
#16560 = ORIENTED_EDGE('',*,*,#16561,.F.);
#16561 = EDGE_CURVE('',#15174,#16554,#16562,.T.);
#16562 = LINE('',#16563,#16564);
#16563 = CARTESIAN_POINT('',(-39.41248766017,5.280878785255,
    -235.8710215547));
#16564 = VECTOR('',#16565,1.);
#16565 = DIRECTION('',(-0.530786570925,0.825192730204,0.193190512565));
#16566 = FACE_BOUND('',#16567,.T.);
#16567 = EDGE_LOOP('',(#16568,#16574,#16575,#16576,#16577,#16578));
#16568 = ORIENTED_EDGE('',*,*,#16569,.F.);
#16569 = EDGE_CURVE('',#15245,#15223,#16570,.T.);
#16570 = LINE('',#16571,#16572);
#16571 = CARTESIAN_POINT('',(-38.69516668472,10.893123080796,
    -236.1321050382));
#16572 = VECTOR('',#16573,1.);
#16573 = DIRECTION('',(-0.775427519298,-0.564851270707,0.282232535856));
#16574 = ORIENTED_EDGE('',*,*,#15261,.F.);
#16575 = ORIENTED_EDGE('',*,*,#15159,.F.);
#16576 = ORIENTED_EDGE('',*,*,#15470,.F.);
#16577 = ORIENTED_EDGE('',*,*,#15111,.F.);
#16578 = ORIENTED_EDGE('',*,*,#15230,.F.);
#16579 = FACE_BOUND('',#16580,.T.);
#16580 = EDGE_LOOP('',(#16581,#16582,#16583,#16584));
#16581 = ORIENTED_EDGE('',*,*,#15063,.F.);
#16582 = ORIENTED_EDGE('',*,*,#15041,.F.);
#16583 = ORIENTED_EDGE('',*,*,#16512,.F.);
#16584 = ORIENTED_EDGE('',*,*,#14993,.F.);
#16585 = FACE_BOUND('',#16586,.T.);
#16586 = EDGE_LOOP('',(#16587,#16588,#16589,#16590,#16591,#16592));
#16587 = ORIENTED_EDGE('',*,*,#14945,.F.);
#16588 = ORIENTED_EDGE('',*,*,#14923,.F.);
#16589 = ORIENTED_EDGE('',*,*,#14892,.F.);
#16590 = ORIENTED_EDGE('',*,*,#16379,.F.);
#16591 = ORIENTED_EDGE('',*,*,#14844,.F.);
#16592 = ORIENTED_EDGE('',*,*,#14805,.F.);
#16593 = FACE_BOUND('',#16594,.T.);
#16594 = EDGE_LOOP('',(#16595,#16596,#16597,#16598,#16599,#16600));
#16595 = ORIENTED_EDGE('',*,*,#14758,.F.);
#16596 = ORIENTED_EDGE('',*,*,#14727,.F.);
#16597 = ORIENTED_EDGE('',*,*,#14678,.F.);
#16598 = ORIENTED_EDGE('',*,*,#16171,.F.);
#16599 = ORIENTED_EDGE('',*,*,#14639,.F.);
#16600 = ORIENTED_EDGE('',*,*,#14609,.F.);
#16601 = FACE_BOUND('',#16602,.T.);
#16602 = EDGE_LOOP('',(#16603,#16604,#16605,#16606));
#16603 = ORIENTED_EDGE('',*,*,#14578,.F.);
#16604 = ORIENTED_EDGE('',*,*,#14547,.F.);
#16605 = ORIENTED_EDGE('',*,*,#16037,.F.);
#16606 = ORIENTED_EDGE('',*,*,#14491,.F.);
#16607 = FACE_BOUND('',#16608,.T.);
#16608 = EDGE_LOOP('',(#16609,#16610,#16611,#16612,#16613,#16614,#16615)
  );
#16609 = ORIENTED_EDGE('',*,*,#14466,.F.);
#16610 = ORIENTED_EDGE('',*,*,#15644,.F.);
#16611 = ORIENTED_EDGE('',*,*,#15761,.F.);
#16612 = ORIENTED_EDGE('',*,*,#14415,.F.);
#16613 = ORIENTED_EDGE('',*,*,#15797,.F.);
#16614 = ORIENTED_EDGE('',*,*,#15916,.F.);
#16615 = ORIENTED_EDGE('',*,*,#14398,.F.);
#16616 = PLANE('',#16617);
#16617 = AXIS2_PLACEMENT_3D('',#16618,#16619,#16620);
#16618 = CARTESIAN_POINT('',(-43.24704108275,14.606023501633,
    -234.4753582472));
#16619 = DIRECTION('',(-0.342020143326,-1.75E-15,-0.939692620786));
#16620 = DIRECTION('',(0.775427519298,0.564851270707,-0.282232535856));
#16621 = ADVANCED_FACE('',(#16622),#16634,.T.);
#16622 = FACE_BOUND('',#16623,.T.);
#16623 = EDGE_LOOP('',(#16624,#16630,#16631,#16632,#16633));
#16624 = ORIENTED_EDGE('',*,*,#16625,.T.);
#16625 = EDGE_CURVE('',#16554,#15278,#16626,.T.);
#16626 = LINE('',#16627,#16628);
#16627 = CARTESIAN_POINT('',(-41.48255528677,8.499130433049,
    -235.1175785557));
#16628 = VECTOR('',#16629,1.);
#16629 = DIRECTION('',(0.342020143326,1.91E-15,0.939692620786));
#16630 = ORIENTED_EDGE('',*,*,#15275,.F.);
#16631 = ORIENTED_EDGE('',*,*,#15321,.T.);
#16632 = ORIENTED_EDGE('',*,*,#15173,.F.);
#16633 = ORIENTED_EDGE('',*,*,#16561,.T.);
#16634 = PLANE('',#16635);
#16635 = AXIS2_PLACEMENT_3D('',#16636,#16637,#16638);
#16636 = CARTESIAN_POINT('',(-39.41248766017,5.280878785255,
    -235.8710215547));
#16637 = DIRECTION('',(0.775427519298,0.564851270707,-0.282232535856));
#16638 = DIRECTION('',(0.342020143326,1.859623566247E-15,0.939692620786)
  );
#16639 = ADVANCED_FACE('',(#16640),#16658,.T.);
#16640 = FACE_BOUND('',#16641,.T.);
#16641 = EDGE_LOOP('',(#16642,#16643,#16652));
#16642 = ORIENTED_EDGE('',*,*,#1690,.T.);
#16643 = ORIENTED_EDGE('',*,*,#16644,.T.);
#16644 = EDGE_CURVE('',#1683,#16645,#16647,.T.);
#16645 = VERTEX_POINT('',#16646);
#16646 = CARTESIAN_POINT('',(-33.13377884006,8.875379972534,
    -213.7866136852));
#16647 = CIRCLE('',#16648,1.25);
#16648 = AXIS2_PLACEMENT_3D('',#16649,#16650,#16651);
#16649 = CARTESIAN_POINT('',(-32.28313903213,9.737386393433,
    -214.0962212553));
#16650 = DIRECTION('',(-0.342020143326,-1.8E-15,-0.939692620786));
#16651 = DIRECTION('',(-0.939692620786,0.,0.342020143326));
#16652 = ORIENTED_EDGE('',*,*,#16653,.T.);
#16653 = EDGE_CURVE('',#16645,#1691,#16654,.T.);
#16654 = LINE('',#16655,#16656);
#16655 = CARTESIAN_POINT('',(-33.65029400462,8.499130433049,
    -213.5986175397));
#16656 = VECTOR('',#16657,1.);
#16657 = DIRECTION('',(0.775427519298,0.564851270707,-0.282232535856));
#16658 = PLANE('',#16659);
#16659 = AXIS2_PLACEMENT_3D('',#16660,#16661,#16662);
#16660 = CARTESIAN_POINT('',(-32.28313903213,9.737386393433,
    -214.0962212553));
#16661 = DIRECTION('',(-0.342020143326,-1.8E-15,-0.939692620786));
#16662 = DIRECTION('',(-0.939692620786,0.,0.342020143326));
#16663 = ADVANCED_FACE('',(#16664),#16690,.T.);
#16664 = FACE_BOUND('',#16665,.T.);
#16665 = EDGE_LOOP('',(#16666,#16674,#16683,#16689));
#16666 = ORIENTED_EDGE('',*,*,#16667,.T.);
#16667 = EDGE_CURVE('',#15511,#16668,#16670,.T.);
#16668 = VERTEX_POINT('',#16669);
#16669 = CARTESIAN_POINT('',(-32.91040328793,9.031322305049,
    -212.8037379647));
#16670 = LINE('',#16671,#16672);
#16671 = CARTESIAN_POINT('',(-33.49197392741,8.607683852019,
    -212.5920635628));
#16672 = VECTOR('',#16673,1.);
#16673 = DIRECTION('',(0.775427519298,0.564851270707,-0.282232535856));
#16674 = ORIENTED_EDGE('',*,*,#16675,.T.);
#16675 = EDGE_CURVE('',#16668,#16676,#16678,.T.);
#16676 = VERTEX_POINT('',#16677);
#16677 = CARTESIAN_POINT('',(-33.02877928493,9.116104609815,
    -212.9734881799));
#16678 = ( BOUNDED_CURVE() B_SPLINE_CURVE(3,(#16679,#16680,#16681,#16682
),.UNSPECIFIED.,.F.,.F.) B_SPLINE_CURVE_WITH_KNOTS((4,4),(1.570796326795
,1.650881906829),.PIECEWISE_BEZIER_KNOTS.) CURVE() 
GEOMETRIC_REPRESENTATION_ITEM() RATIONAL_B_SPLINE_CURVE((1.,
0.999465596401,0.999465596401,1.)) REPRESENTATION_ITEM('') );
#16679 = CARTESIAN_POINT('',(-32.91040328793,9.031322305049,
    -212.8037379647));
#16680 = CARTESIAN_POINT('',(-32.95095167215,9.058865515567,
    -212.8600196244));
#16681 = CARTESIAN_POINT('',(-32.99043143595,9.087141394554,
    -212.916633284));
#16682 = CARTESIAN_POINT('',(-33.02877928493,9.116104609815,
    -212.9734881799));
#16683 = ORIENTED_EDGE('',*,*,#16684,.T.);
#16684 = EDGE_CURVE('',#16676,#15215,#16685,.T.);
#16685 = LINE('',#16686,#16687);
#16686 = CARTESIAN_POINT('',(-30.5892892879,10.893123080796,
    -213.8613899256));
#16687 = VECTOR('',#16688,1.);
#16688 = DIRECTION('',(-0.775427519298,-0.564851270707,0.282232535856));
#16689 = ORIENTED_EDGE('',*,*,#15518,.T.);
#16690 = PLANE('',#16691);
#16691 = AXIS2_PLACEMENT_3D('',#16692,#16693,#16694);
#16692 = CARTESIAN_POINT('',(-32.2448256032,9.943684575983,
    -213.5780773168));
#16693 = DIRECTION('',(-0.321793883623,0.738074815709,0.593038163088));
#16694 = DIRECTION('',(0.543287086887,-0.369037407855,0.754089207472));
#16695 = ADVANCED_FACE('',(#16696),#16714,.T.);
#16696 = FACE_BOUND('',#16697,.T.);
#16697 = EDGE_LOOP('',(#16698,#16707,#16708));
#16698 = ORIENTED_EDGE('',*,*,#16699,.T.);
#16699 = EDGE_CURVE('',#16700,#1655,#16702,.T.);
#16700 = VERTEX_POINT('',#16701);
#16701 = CARTESIAN_POINT('',(-33.30239539959,9.116104609815,
    -213.7252422765));
#16702 = CIRCLE('',#16703,1.25);
#16703 = AXIS2_PLACEMENT_3D('',#16704,#16705,#16706);
#16704 = CARTESIAN_POINT('',(-32.28313903213,9.737386393433,
    -214.0962212553));
#16705 = DIRECTION('',(-0.342020143326,-1.8E-15,-0.939692620786));
#16706 = DIRECTION('',(-0.939692620786,0.,0.342020143326));
#16707 = ORIENTED_EDGE('',*,*,#1654,.T.);
#16708 = ORIENTED_EDGE('',*,*,#16709,.T.);
#16709 = EDGE_CURVE('',#1657,#16700,#16710,.T.);
#16710 = LINE('',#16711,#16712);
#16711 = CARTESIAN_POINT('',(-30.86290540256,10.893123080796,
    -214.6131440222));
#16712 = VECTOR('',#16713,1.);
#16713 = DIRECTION('',(-0.775427519298,-0.564851270707,0.282232535856));
#16714 = PLANE('',#16715);
#16715 = AXIS2_PLACEMENT_3D('',#16716,#16717,#16718);
#16716 = CARTESIAN_POINT('',(-32.28313903213,9.737386393433,
    -214.0962212553));
#16717 = DIRECTION('',(-0.342020143326,-1.8E-15,-0.939692620786));
#16718 = DIRECTION('',(-0.939692620786,0.,0.342020143326));
#16719 = ADVANCED_FACE('',(#16720),#16740,.T.);
#16720 = FACE_BOUND('',#16721,.T.);
#16721 = EDGE_LOOP('',(#16722,#16723,#16729,#16730,#16731,#16737,#16738,
    #16739));
#16722 = ORIENTED_EDGE('',*,*,#16684,.F.);
#16723 = ORIENTED_EDGE('',*,*,#16724,.T.);
#16724 = EDGE_CURVE('',#16676,#16700,#16725,.T.);
#16725 = LINE('',#16726,#16727);
#16726 = CARTESIAN_POINT('',(-33.30239539959,9.116104609815,
    -213.7252422765));
#16727 = VECTOR('',#16728,1.);
#16728 = DIRECTION('',(-0.342020143326,-1.8E-15,-0.939692620786));
#16729 = ORIENTED_EDGE('',*,*,#16709,.F.);
#16730 = ORIENTED_EDGE('',*,*,#1725,.T.);
#16731 = ORIENTED_EDGE('',*,*,#16732,.F.);
#16732 = EDGE_CURVE('',#15247,#1717,#16733,.T.);
#16733 = LINE('',#16734,#16735);
#16734 = CARTESIAN_POINT('',(-30.5892892879,10.893123080796,
    -213.8613899256));
#16735 = VECTOR('',#16736,1.);
#16736 = DIRECTION('',(-0.775427519298,-0.564851270707,0.282232535856));
#16737 = ORIENTED_EDGE('',*,*,#15244,.F.);
#16738 = ORIENTED_EDGE('',*,*,#16569,.T.);
#16739 = ORIENTED_EDGE('',*,*,#15222,.T.);
#16740 = PLANE('',#16741);
#16741 = AXIS2_PLACEMENT_3D('',#16742,#16743,#16744);
#16742 = CARTESIAN_POINT('',(-38.69516668472,10.893123080796,
    -236.1321050382));
#16743 = DIRECTION('',(-0.530786570925,0.825192730204,0.193190512565));
#16744 = DIRECTION('',(0.342020143326,1.7763568394E-15,0.939692620786));
#16745 = ADVANCED_FACE('',(#16746),#16757,.T.);
#16746 = FACE_BOUND('',#16747,.T.);
#16747 = EDGE_LOOP('',(#16748,#16749,#16750,#16756));
#16748 = ORIENTED_EDGE('',*,*,#16732,.T.);
#16749 = ORIENTED_EDGE('',*,*,#1716,.T.);
#16750 = ORIENTED_EDGE('',*,*,#16751,.T.);
#16751 = EDGE_CURVE('',#1708,#15415,#16752,.T.);
#16752 = LINE('',#16753,#16754);
#16753 = CARTESIAN_POINT('',(-33.49197392741,8.607683852019,
    -212.5920635628));
#16754 = VECTOR('',#16755,1.);
#16755 = DIRECTION('',(0.775427519298,0.564851270707,-0.282232535856));
#16756 = ORIENTED_EDGE('',*,*,#15432,.F.);
#16757 = PLANE('',#16758);
#16758 = AXIS2_PLACEMENT_3D('',#16759,#16760,#16761);
#16759 = CARTESIAN_POINT('',(-32.2448256032,9.943684575983,
    -213.5780773168));
#16760 = DIRECTION('',(-0.321793883623,0.738074815709,0.593038163088));
#16761 = DIRECTION('',(0.543287086887,-0.369037407855,0.754089207472));
#16762 = ADVANCED_FACE('',(#16763,#16771,#16779,#16787,#16795,#16813),
  #16849,.T.);
#16763 = FACE_BOUND('',#16764,.T.);
#16764 = EDGE_LOOP('',(#16765,#16766,#16767,#16768,#16769,#16770));
#16765 = ORIENTED_EDGE('',*,*,#16505,.T.);
#16766 = ORIENTED_EDGE('',*,*,#16488,.F.);
#16767 = ORIENTED_EDGE('',*,*,#16464,.F.);
#16768 = ORIENTED_EDGE('',*,*,#16442,.F.);
#16769 = ORIENTED_EDGE('',*,*,#16416,.F.);
#16770 = ORIENTED_EDGE('',*,*,#16394,.F.);
#16771 = FACE_BOUND('',#16772,.T.);
#16772 = EDGE_LOOP('',(#16773,#16774,#16775,#16776,#16777,#16778));
#16773 = ORIENTED_EDGE('',*,*,#16372,.T.);
#16774 = ORIENTED_EDGE('',*,*,#16356,.F.);
#16775 = ORIENTED_EDGE('',*,*,#16330,.F.);
#16776 = ORIENTED_EDGE('',*,*,#16308,.F.);
#16777 = ORIENTED_EDGE('',*,*,#16284,.F.);
#16778 = ORIENTED_EDGE('',*,*,#16258,.F.);
#16779 = FACE_BOUND('',#16780,.T.);
#16780 = EDGE_LOOP('',(#16781,#16782,#16783,#16784,#16785,#16786));
#16781 = ORIENTED_EDGE('',*,*,#16244,.F.);
#16782 = ORIENTED_EDGE('',*,*,#16227,.F.);
#16783 = ORIENTED_EDGE('',*,*,#16194,.F.);
#16784 = ORIENTED_EDGE('',*,*,#16178,.T.);
#16785 = ORIENTED_EDGE('',*,*,#16157,.F.);
#16786 = ORIENTED_EDGE('',*,*,#16141,.F.);
#16787 = FACE_BOUND('',#16788,.T.);
#16788 = EDGE_LOOP('',(#16789,#16790,#16791,#16792,#16793,#16794));
#16789 = ORIENTED_EDGE('',*,*,#16109,.F.);
#16790 = ORIENTED_EDGE('',*,*,#16092,.F.);
#16791 = ORIENTED_EDGE('',*,*,#16060,.F.);
#16792 = ORIENTED_EDGE('',*,*,#16044,.T.);
#16793 = ORIENTED_EDGE('',*,*,#16023,.F.);
#16794 = ORIENTED_EDGE('',*,*,#16007,.F.);
#16795 = FACE_BOUND('',#16796,.T.);
#16796 = EDGE_LOOP('',(#16797,#16798,#16799,#16800,#16801,#16802,#16803,
    #16804,#16805,#16806,#16807,#16808,#16809,#16810,#16811,#16812));
#16797 = ORIENTED_EDGE('',*,*,#15976,.T.);
#16798 = ORIENTED_EDGE('',*,*,#15949,.T.);
#16799 = ORIENTED_EDGE('',*,*,#15925,.T.);
#16800 = ORIENTED_EDGE('',*,*,#15888,.T.);
#16801 = ORIENTED_EDGE('',*,*,#15872,.T.);
#16802 = ORIENTED_EDGE('',*,*,#15836,.T.);
#16803 = ORIENTED_EDGE('',*,*,#15822,.T.);
#16804 = ORIENTED_EDGE('',*,*,#15772,.T.);
#16805 = ORIENTED_EDGE('',*,*,#15745,.F.);
#16806 = ORIENTED_EDGE('',*,*,#15713,.T.);
#16807 = ORIENTED_EDGE('',*,*,#15695,.T.);
#16808 = ORIENTED_EDGE('',*,*,#15661,.T.);
#16809 = ORIENTED_EDGE('',*,*,#15621,.T.);
#16810 = ORIENTED_EDGE('',*,*,#15593,.T.);
#16811 = ORIENTED_EDGE('',*,*,#15577,.T.);
#16812 = ORIENTED_EDGE('',*,*,#15542,.F.);
#16813 = FACE_BOUND('',#16814,.T.);
#16814 = EDGE_LOOP('',(#16815,#16823,#16830,#16831,#16832,#16833,#16834,
    #16835,#16836,#16837,#16838,#16844,#16845,#16846,#16847,#16848));
#16815 = ORIENTED_EDGE('',*,*,#16816,.T.);
#16816 = EDGE_CURVE('',#15278,#16817,#16819,.T.);
#16817 = VERTEX_POINT('',#16818);
#16818 = CARTESIAN_POINT('',(-32.79175869673,8.875379972534,
    -212.8469210644));
#16819 = LINE('',#16820,#16821);
#16820 = CARTESIAN_POINT('',(-33.30827386129,8.499130433049,
    -212.6589249189));
#16821 = VECTOR('',#16822,1.);
#16822 = DIRECTION('',(0.775427519298,0.564851270707,-0.282232535856));
#16823 = ORIENTED_EDGE('',*,*,#16824,.F.);
#16824 = EDGE_CURVE('',#16668,#16817,#16825,.T.);
#16825 = CIRCLE('',#16826,1.25);
#16826 = AXIS2_PLACEMENT_3D('',#16827,#16828,#16829);
#16827 = CARTESIAN_POINT('',(-31.94111888881,9.737386393433,
    -213.1565286345));
#16828 = DIRECTION('',(0.342020143326,1.804112415016E-15,0.939692620786)
  );
#16829 = DIRECTION('',(-0.775427519298,-0.564851270707,0.282232535856));
#16830 = ORIENTED_EDGE('',*,*,#16667,.F.);
#16831 = ORIENTED_EDGE('',*,*,#15510,.F.);
#16832 = ORIENTED_EDGE('',*,*,#15484,.F.);
#16833 = ORIENTED_EDGE('',*,*,#15463,.T.);
#16834 = ORIENTED_EDGE('',*,*,#15447,.F.);
#16835 = ORIENTED_EDGE('',*,*,#15414,.F.);
#16836 = ORIENTED_EDGE('',*,*,#16751,.F.);
#16837 = ORIENTED_EDGE('',*,*,#1707,.F.);
#16838 = ORIENTED_EDGE('',*,*,#16839,.T.);
#16839 = EDGE_CURVE('',#1700,#15392,#16840,.T.);
#16840 = LINE('',#16841,#16842);
#16841 = CARTESIAN_POINT('',(-33.30827386129,8.499130433049,
    -212.6589249189));
#16842 = VECTOR('',#16843,1.);
#16843 = DIRECTION('',(0.775427519298,0.564851270707,-0.282232535856));
#16844 = ORIENTED_EDGE('',*,*,#15391,.F.);
#16845 = ORIENTED_EDGE('',*,*,#15360,.F.);
#16846 = ORIENTED_EDGE('',*,*,#15338,.F.);
#16847 = ORIENTED_EDGE('',*,*,#15307,.F.);
#16848 = ORIENTED_EDGE('',*,*,#15285,.F.);
#16849 = PLANE('',#16850);
#16850 = AXIS2_PLACEMENT_3D('',#16851,#16852,#16853);
#16851 = CARTESIAN_POINT('',(-35.07275965727,14.606023501633,
    -212.0167046104));
#16852 = DIRECTION('',(0.342020143326,1.75E-15,0.939692620786));
#16853 = DIRECTION('',(-0.775427519298,-0.564851270707,0.282232535856));
#16854 = ADVANCED_FACE('',(#16855),#16870,.T.);
#16855 = FACE_BOUND('',#16856,.T.);
#16856 = EDGE_LOOP('',(#16857,#16858,#16859,#16860,#16866,#16867,#16868,
    #16869));
#16857 = ORIENTED_EDGE('',*,*,#16839,.F.);
#16858 = ORIENTED_EDGE('',*,*,#1699,.T.);
#16859 = ORIENTED_EDGE('',*,*,#16653,.F.);
#16860 = ORIENTED_EDGE('',*,*,#16861,.T.);
#16861 = EDGE_CURVE('',#16645,#16817,#16862,.T.);
#16862 = LINE('',#16863,#16864);
#16863 = CARTESIAN_POINT('',(-33.13377884006,8.875379972534,
    -213.7866136852));
#16864 = VECTOR('',#16865,1.);
#16865 = DIRECTION('',(0.342020143326,1.8E-15,0.939692620786));
#16866 = ORIENTED_EDGE('',*,*,#16816,.F.);
#16867 = ORIENTED_EDGE('',*,*,#16625,.F.);
#16868 = ORIENTED_EDGE('',*,*,#16553,.T.);
#16869 = ORIENTED_EDGE('',*,*,#16529,.T.);
#16870 = PLANE('',#16871);
#16871 = AXIS2_PLACEMENT_3D('',#16872,#16873,#16874);
#16872 = CARTESIAN_POINT('',(-41.48255528677,8.499130433049,
    -235.1175785557));
#16873 = DIRECTION('',(0.530786570925,-0.825192730204,-0.193190512565));
#16874 = DIRECTION('',(-0.342020143326,-1.7763568394E-15,-0.939692620786
    ));
#16875 = ADVANCED_FACE('',(#16876),#16887,.T.);
#16876 = FACE_BOUND('',#16877,.T.);
#16877 = EDGE_LOOP('',(#16878,#16879,#16880,#16881,#16882,#16883,#16884,
    #16885,#16886));
#16878 = ORIENTED_EDGE('',*,*,#1665,.F.);
#16879 = ORIENTED_EDGE('',*,*,#16699,.F.);
#16880 = ORIENTED_EDGE('',*,*,#16724,.F.);
#16881 = ORIENTED_EDGE('',*,*,#16675,.F.);
#16882 = ORIENTED_EDGE('',*,*,#16824,.T.);
#16883 = ORIENTED_EDGE('',*,*,#16861,.F.);
#16884 = ORIENTED_EDGE('',*,*,#16644,.F.);
#16885 = ORIENTED_EDGE('',*,*,#1682,.T.);
#16886 = ORIENTED_EDGE('',*,*,#12346,.T.);
#16887 = CYLINDRICAL_SURFACE('',#16888,1.25);
#16888 = AXIS2_PLACEMENT_3D('',#16889,#16890,#16891);
#16889 = CARTESIAN_POINT('',(-32.28313903213,9.737386393433,
    -214.0962212553));
#16890 = DIRECTION('',(0.342020143326,1.8E-15,0.939692620786));
#16891 = DIRECTION('',(0.939692620786,0.,-0.342020143326));
#16892 = ( GEOMETRIC_REPRESENTATION_CONTEXT(3) 
GLOBAL_UNCERTAINTY_ASSIGNED_CONTEXT((#16896)) 
GLOBAL_UNIT_ASSIGNED_CONTEXT((#16893,#16894,#16895)) 
REPRESENTATION_CONTEXT('Context #1',
  '3D Context with UNIT and UNCERTAINTY') );
#16893 = ( LENGTH_UNIT() NAMED_UNIT(*) SI_UNIT(.MILLI.,.METRE.) );
#16894 = ( NAMED_UNIT(*) PLANE_ANGLE_UNIT() SI_UNIT($,.RADIAN.) );
#16895 = ( NAMED_UNIT(*) SI_UNIT($,.STERADIAN.) SOLID_ANGLE_UNIT() );
#16896 = UNCERTAINTY_MEASURE_WITH_UNIT(LENGTH_MEASURE(2.E-05),#16893,
  'distance_accuracy_value','confusion accuracy');
#16897 = CONTEXT_DEPENDENT_SHAPE_REPRESENTATION(#16898,#16900);
#16898 = ( REPRESENTATION_RELATIONSHIP('','',#1481,#10) 
REPRESENTATION_RELATIONSHIP_WITH_TRANSFORMATION(#16899) 
SHAPE_REPRESENTATION_RELATIONSHIP() );
#16899 = ITEM_DEFINED_TRANSFORMATION('','',#11,#19);
#16900 = PRODUCT_DEFINITION_SHAPE('Placement','Placement of an item',
  #16901);
#16901 = NEXT_ASSEMBLY_USAGE_OCCURRENCE('2','RA001','',#5,#1476,$);
#16902 = PRODUCT_RELATED_PRODUCT_CATEGORY('part',$,(#1478));
#16903 = MECHANICAL_DESIGN_GEOMETRIC_PRESENTATION_REPRESENTATION('',(
    #16904),#16892);
#16904 = STYLED_ITEM('color',(#16905),#1482);
#16905 = PRESENTATION_STYLE_ASSIGNMENT((#16906,#16912));
#16906 = SURFACE_STYLE_USAGE(.BOTH.,#16907);
#16907 = SURFACE_SIDE_STYLE('',(#16908));
#16908 = SURFACE_STYLE_FILL_AREA(#16909);
#16909 = FILL_AREA_STYLE('',(#16910));
#16910 = FILL_AREA_STYLE_COLOUR('',#16911);
#16911 = COLOUR_RGB('',0.447058818107,0.474509808674,0.501960817233);
#16912 = CURVE_STYLE('',#16913,POSITIVE_LENGTH_MEASURE(0.1),#16914);
#16913 = DRAUGHTING_PRE_DEFINED_CURVE_FONT('continuous');
#16914 = COLOUR_RGB('',0.678431390124,0.709803936702,0.741176476869);
#16915 = MECHANICAL_DESIGN_GEOMETRIC_PRESENTATION_REPRESENTATION('',(
    #16916),#1463);
#16916 = STYLED_ITEM('color',(#16917),#37);
#16917 = PRESENTATION_STYLE_ASSIGNMENT((#16918,#16923));
#16918 = SURFACE_STYLE_USAGE(.BOTH.,#16919);
#16919 = SURFACE_SIDE_STYLE('',(#16920));
#16920 = SURFACE_STYLE_FILL_AREA(#16921);
#16921 = FILL_AREA_STYLE('',(#16922));
#16922 = FILL_AREA_STYLE_COLOUR('',#16911);
#16923 = CURVE_STYLE('',#16924,POSITIVE_LENGTH_MEASURE(0.1),#16914);
#16924 = DRAUGHTING_PRE_DEFINED_CURVE_FONT('continuous');
ENDSEC;
END-ISO-10303-21;
