ISO-10303-21;
HEADER;
/* Generated by software containing ST-Developer
 * from STEP Tools, Inc. (www.steptools.com) 
 */

FILE_DESCRIPTION(
/* description */ (''),
/* implementation_level */ '2;1');

FILE_NAME(
/* name */ 'PROPS.step',
/* time_stamp */ '2026-08-13T01:48:21+05:30',
/* author */ (''),
/* organization */ (''),
/* preprocessor_version */ 'ST-DEVELOPER v20.1',
/* originating_system */ 'Autodesk Translation Framework v15.8.0.0',
/* authorisation */ '');

FILE_SCHEMA (('AUTOMOTIVE_DESIGN { 1 0 10303 214 3 1 1 }'));
ENDSEC;

DATA;
#10=MECHANICAL_DESIGN_GEOMETRIC_PRESENTATION_REPRESENTATION('',(#13),#4820);
#11=SHAPE_REPRESENTATION_RELATIONSHIP('SRR','None',#4827,#12);
#12=ADVANCED_BREP_SHAPE_REPRESENTATION('',(#14),#4819);
#13=STYLED_ITEM('',(#4837),#14);
#14=MANIFOLD_SOLID_BREP('Body2',#137);
#15=LINE('',#4811,#17);
#16=LINE('',#4815,#18);
#17=VECTOR('',#180,0.25);
#18=VECTOR('',#185,0.85);
#19=CYLINDRICAL_SURFACE('',#157,0.25);
#20=CYLINDRICAL_SURFACE('',#159,0.85);
#21=FACE_BOUND('',#52,.T.);
#22=FACE_BOUND('',#55,.T.);
#23=FACE_BOUND('',#56,.T.);
#24=FACE_BOUND('',#57,.T.);
#25=FACE_BOUND('',#59,.T.);
#26=CIRCLE('',#155,0.85);
#27=CIRCLE('',#156,0.25);
#28=CIRCLE('',#158,0.25);
#29=CIRCLE('',#160,0.85);
#30=PLANE('',#151);
#31=PLANE('',#152);
#32=PLANE('',#153);
#33=PLANE('',#154);
#34=PLANE('',#161);
#35=FACE_OUTER_BOUND('',#45,.T.);
#36=FACE_OUTER_BOUND('',#46,.T.);
#37=FACE_OUTER_BOUND('',#47,.T.);
#38=FACE_OUTER_BOUND('',#48,.T.);
#39=FACE_OUTER_BOUND('',#49,.T.);
#40=FACE_OUTER_BOUND('',#50,.T.);
#41=FACE_OUTER_BOUND('',#51,.T.);
#42=FACE_OUTER_BOUND('',#53,.T.);
#43=FACE_OUTER_BOUND('',#54,.T.);
#44=FACE_OUTER_BOUND('',#58,.T.);
#45=EDGE_LOOP('',(#94,#95,#96,#97));
#46=EDGE_LOOP('',(#98));
#47=EDGE_LOOP('',(#99,#100,#101,#102));
#48=EDGE_LOOP('',(#103));
#49=EDGE_LOOP('',(#104,#105,#106,#107));
#50=EDGE_LOOP('',(#108));
#51=EDGE_LOOP('',(#109));
#52=EDGE_LOOP('',(#110));
#53=EDGE_LOOP('',(#111,#112,#113,#114));
#54=EDGE_LOOP('',(#115,#116,#117,#118));
#55=EDGE_LOOP('',(#119));
#56=EDGE_LOOP('',(#120));
#57=EDGE_LOOP('',(#121));
#58=EDGE_LOOP('',(#122));
#59=EDGE_LOOP('',(#123));
#60=B_SPLINE_CURVE_WITH_KNOTS('',3,(#1534,#1535,#1536,#1537,#1538,#1539,
#1540,#1541,#1542,#1543,#1544,#1545,#1546,#1547,#1548,#1549,#1550,#1551,
#1552,#1553,#1554,#1555,#1556,#1557,#1558,#1559,#1560,#1561,#1562,#1563,
#1564,#1565,#1566,#1567,#1568,#1569,#1570,#1571,#1572,#1573,#1574,#1575,
#1576,#1577,#1578,#1579,#1580,#1581,#1582,#1583,#1584,#1585,#1586,#1587,
#1588,#1589,#1590,#1591,#1592,#1593,#1594,#1595,#1596,#1597,#1598,#1599,
#1600,#1601,#1602,#1603,#1604,#1605,#1606,#1607,#1608,#1609,#1610,#1611,
#1612,#1613,#1614,#1615,#1616,#1617,#1618,#1619,#1620,#1621,#1622,#1623,
#1624,#1625,#1626,#1627),.UNSPECIFIED.,.T.,.F.,(4,3,3,3,3,3,3,3,3,3,3,3,
3,3,3,3,3,3,3,3,3,3,3,3,3,3,3,3,3,3,3,4),(4.03561743878191,4.12091806825172,
4.27547267846287,4.40919122603833,4.4973880612784,4.50692738743965,4.51582276864439,
4.56399601581243,4.69618047950754,4.78566930381585,4.88180388770887,4.947392465974,
4.9779384716019,4.99478097389555,5.05501348491928,5.14101554410833,5.72058367208657,
5.95850115027531,6.37743579844929,6.86233165708227,6.95774929619222,7.10150214070021,
7.24692707347762,7.51811105308172,7.62776808198598,7.70676129124845,7.76531127293232,
7.78929503268583,7.79694764938134,7.88707651159687,8.11325419189055,8.15653550703346),
 .UNSPECIFIED.);
#61=B_SPLINE_CURVE_WITH_KNOTS('',3,(#1629,#1630,#1631,#1632,#1633,#1634,
#1635,#1636,#1637,#1638,#1639,#1640,#1641,#1642,#1643,#1644,#1645,#1646,
#1647,#1648,#1649,#1650,#1651,#1652,#1653,#1654,#1655,#1656,#1657,#1658,
#1659,#1660,#1661,#1662,#1663,#1664,#1665,#1666,#1667,#1668,#1669,#1670,
#1671,#1672,#1673,#1674,#1675,#1676,#1677,#1678,#1679,#1680),
 .UNSPECIFIED.,.F.,.F.,(4,3,3,3,3,3,3,3,3,3,3,3,3,3,3,3,3,4),(0.0282250023077078,
0.0365370932754657,0.0613720365640809,0.130072106354021,0.198772176143962,
0.233122211038932,0.267472245933902,0.336172315723842,0.478884454151333,
0.621596592578824,0.764308731006315,0.835664800220061,0.871342834826934,
0.907020869433806,0.930265652075355,0.953510434716904,0.976755217358452,
1.),.UNSPECIFIED.);
#62=B_SPLINE_CURVE_WITH_KNOTS('',3,(#1681,#1682,#1683,#1684,#1685,#1686,
#1687,#1688,#1689,#1690,#1691,#1692,#1693,#1694,#1695,#1696,#1697,#1698,
#1699,#1700,#1701,#1702,#1703,#1704,#1705,#1706,#1707,#1708,#1709,#1710,
#1711,#1712,#1713,#1714,#1715,#1716,#1717,#1718,#1719,#1720,#1721,#1722,
#1723,#1724,#1725,#1726,#1727,#1728,#1729,#1730,#1731,#1732,#1733,#1734,
#1735,#1736),.UNSPECIFIED.,.T.,.F.,(4,1,2,2,2,2,2,1,2,2,2,2,2,1,2,1,2,2,
2,2,2,1,1,2,2,2,2,1,2,1,1,1,4),(0.,0.0172016495136623,0.0344032990273246,
0.0626408711793327,0.0760050979614087,0.0927798760134053,0.094850962289218,
0.245756049669409,0.3966611370496,0.407116629816689,0.408319264162282,0.423944856232034,
0.453551240230264,0.476775620115132,0.5,0.519666935452485,0.53933387090497,
0.564442651535193,0.578905757468329,0.585819324156401,0.589020906732412,
0.664584199239004,0.740147491745596,0.89127407675878,0.902460112126339,
0.904588081472915,0.921666640109451,0.941396919075854,0.947973678731321,
0.960980259048491,0.973986839365661,0.98699341968283,1.),.UNSPECIFIED.);
#63=B_SPLINE_CURVE_WITH_KNOTS('',3,(#3083,#3084,#3085,#3086,#3087,#3088,
#3089,#3090,#3091,#3092,#3093,#3094,#3095,#3096,#3097,#3098,#3099,#3100,
#3101,#3102,#3103,#3104,#3105,#3106,#3107,#3108,#3109,#3110,#3111,#3112,
#3113,#3114,#3115,#3116,#3117,#3118,#3119,#3120,#3121,#3122,#3123,#3124,
#3125,#3126,#3127,#3128,#3129,#3130,#3131,#3132,#3133,#3134,#3135,#3136,
#3137,#3138,#3139,#3140,#3141,#3142,#3143,#3144,#3145,#3146,#3147,#3148,
#3149,#3150,#3151,#3152,#3153,#3154,#3155,#3156,#3157,#3158,#3159,#3160,
#3161,#3162,#3163,#3164,#3165,#3166,#3167,#3168,#3169,#3170,#3171,#3172,
#3173,#3174,#3175,#3176),.UNSPECIFIED.,.T.,.F.,(4,3,3,3,3,3,3,3,3,3,3,3,
3,3,3,3,3,3,3,3,3,3,3,3,3,3,3,3,3,3,3,4),(4.03561743877691,4.12091806824673,
4.27547267845774,4.40919122603331,4.49738806127333,4.50692738743454,4.51582276863928,
4.56399601580729,4.69618047950231,4.78566930381063,4.88180388770349,4.94739246596852,
4.97793847159635,4.99478097388997,5.05501348491356,5.14101554410243,5.7205836720784,
5.95850115026739,6.37743579844007,6.86233165707173,6.95774929618169,7.10150214068974,
7.24692707346724,7.51811105307151,7.62776808197551,7.70676129123807,7.76531127292206,
7.78929503267578,7.79694764937129,7.88707651158684,8.11325419188051,8.15653550702346),
 .UNSPECIFIED.);
#64=B_SPLINE_CURVE_WITH_KNOTS('',3,(#3178,#3179,#3180,#3181,#3182,#3183,
#3184,#3185,#3186,#3187,#3188,#3189,#3190,#3191,#3192,#3193,#3194,#3195,
#3196,#3197,#3198,#3199,#3200,#3201,#3202,#3203,#3204,#3205,#3206,#3207,
#3208,#3209,#3210,#3211,#3212,#3213,#3214,#3215,#3216,#3217,#3218,#3219,
#3220,#3221,#3222,#3223,#3224,#3225,#3226,#3227,#3228,#3229),
 .UNSPECIFIED.,.F.,.F.,(4,3,3,3,3,3,3,3,3,3,3,3,3,3,3,3,3,4),(0.0282250023077078,
0.0365370932754657,0.0613720365640809,0.130072106354021,0.198772176143962,
0.233122211038932,0.267472245933902,0.336172315723842,0.478884454151333,
0.621596592578824,0.764308731006315,0.835664800220061,0.871342834826934,
0.907020869433806,0.930265652075355,0.953510434716904,0.976755217358452,
1.),.UNSPECIFIED.);
#65=B_SPLINE_CURVE_WITH_KNOTS('',3,(#3230,#3231,#3232,#3233,#3234,#3235,
#3236,#3237,#3238,#3239,#3240,#3241,#3242,#3243,#3244,#3245,#3246,#3247,
#3248,#3249,#3250,#3251,#3252,#3253,#3254,#3255,#3256,#3257,#3258,#3259,
#3260,#3261,#3262,#3263,#3264,#3265,#3266,#3267,#3268,#3269,#3270,#3271,
#3272,#3273,#3274,#3275,#3276,#3277,#3278,#3279,#3280,#3281,#3282,#3283,
#3284,#3285),.UNSPECIFIED.,.T.,.F.,(4,1,2,2,2,2,2,1,2,2,2,2,2,1,2,1,2,2,
2,2,2,1,1,2,2,2,2,1,2,1,1,1,4),(0.,0.0172016495136623,0.0344032990273246,
0.0626408711793327,0.0760050979614087,0.0927798760134053,0.094850962289218,
0.245756049669409,0.3966611370496,0.407116629816689,0.408319264162282,0.423944856232034,
0.453551240230264,0.476775620115132,0.5,0.519666935452485,0.53933387090497,
0.564442651535193,0.578905757468329,0.585819324156401,0.589020906732412,
0.664584199239004,0.740147491745596,0.89127407675878,0.902460112126339,
0.904588081472915,0.921666640109451,0.944685298903588,0.947973678731321,
0.960980259048491,0.973986839365661,0.98699341968283,1.),.UNSPECIFIED.);
#66=B_SPLINE_CURVE_WITH_KNOTS('',3,(#4632,#4633,#4634,#4635,#4636,#4637,
#4638,#4639,#4640,#4641,#4642,#4643,#4644,#4645,#4646,#4647,#4648,#4649,
#4650,#4651,#4652,#4653,#4654,#4655,#4656,#4657,#4658,#4659,#4660,#4661,
#4662,#4663,#4664,#4665,#4666,#4667,#4668,#4669,#4670,#4671,#4672,#4673,
#4674,#4675,#4676,#4677,#4678,#4679,#4680,#4681,#4682,#4683,#4684,#4685,
#4686,#4687,#4688,#4689,#4690,#4691,#4692),.UNSPECIFIED.,.T.,.F.,(4,3,2,
2,2,2,2,2,2,2,2,2,2,2,2,2,2,2,2,2,2,2,2,2,2,2,2,2,2,4),(16.851808969885,
16.9666331137844,17.1174021421187,17.2211409877379,17.3104535345043,17.4097067844976,
17.562519482811,17.806567096198,18.1749582804929,18.8609500187564,19.8239564130623,
20.4052532300627,20.9398353719068,21.5855832107594,22.4693453828793,23.5500684237899,
24.5200041433933,25.5336787256407,26.7703592290651,28.5905167965435,30.192163319592,
30.7566762779204,31.5720575146156,32.6717699501825,33.1937180302613,33.3581597962908,
33.4838914394367,33.643743074936,33.8109083883727,33.8184420836694),
 .UNSPECIFIED.);
#67=B_SPLINE_CURVE_WITH_KNOTS('',3,(#4694,#4695,#4696,#4697,#4698,#4699,
#4700,#4701,#4702,#4703,#4704,#4705,#4706,#4707,#4708,#4709,#4710,#4711,
#4712,#4713,#4714,#4715,#4716,#4717,#4718,#4719,#4720,#4721,#4722,#4723,
#4724,#4725,#4726,#4727,#4728,#4729,#4730,#4731,#4732,#4733,#4734,#4735,
#4736,#4737,#4738,#4739,#4740,#4741,#4742,#4743,#4744,#4745),
 .UNSPECIFIED.,.F.,.F.,(4,3,3,3,3,3,3,3,3,3,3,3,3,3,3,3,3,4),(0.0282250023077079,
0.0365317990409716,0.0613720365640809,0.130072106354021,0.198772176143961,
0.233122211038932,0.267472245933902,0.336172315723842,0.478884454151333,
0.621596592578824,0.764308731006315,0.83566480022006,0.871342834826933,
0.907020869433806,0.930265652075354,0.953510434716903,0.976755217358451,
1.),.UNSPECIFIED.);
#68=B_SPLINE_CURVE_WITH_KNOTS('',3,(#4746,#4747,#4748,#4749,#4750,#4751,
#4752,#4753,#4754,#4755,#4756,#4757,#4758,#4759,#4760,#4761,#4762,#4763,
#4764,#4765,#4766,#4767,#4768,#4769,#4770,#4771,#4772,#4773,#4774,#4775,
#4776,#4777,#4778,#4779,#4780,#4781,#4782,#4783,#4784,#4785,#4786,#4787,
#4788,#4789,#4790,#4791,#4792,#4793,#4794,#4795,#4796,#4797,#4798,#4799,
#4800,#4801),.UNSPECIFIED.,.T.,.F.,(4,1,2,2,2,2,2,1,2,2,2,2,2,1,2,1,2,2,
2,2,2,1,1,2,2,2,2,1,2,1,1,1,4),(0.,0.0172016495136623,0.0344032990273246,
0.0626408711793327,0.0760050979614087,0.0927798760134053,0.094850962289218,
0.245756049669409,0.3966611370496,0.407116629816689,0.408319264162282,0.423944856232034,
0.453551240230264,0.476775620115132,0.5,0.519666935452485,0.53933387090497,
0.564442651535193,0.578905757468329,0.585819324156401,0.589020906732412,
0.664584199239004,0.740147491745596,0.89127407675878,0.902460112126339,
0.904588081472915,0.921666640109451,0.941396919075854,0.947973678731321,
0.960980259048491,0.973986839365661,0.98699341968283,1.),.UNSPECIFIED.);
#69=VERTEX_POINT('',#1533);
#70=VERTEX_POINT('',#1628);
#71=VERTEX_POINT('',#3082);
#72=VERTEX_POINT('',#3177);
#73=VERTEX_POINT('',#4631);
#74=VERTEX_POINT('',#4693);
#75=VERTEX_POINT('',#4804);
#76=VERTEX_POINT('',#4806);
#77=VERTEX_POINT('',#4809);
#78=VERTEX_POINT('',#4813);
#79=EDGE_CURVE('',#69,#69,#60,.T.);
#80=EDGE_CURVE('',#69,#70,#61,.T.);
#81=EDGE_CURVE('',#70,#70,#62,.T.);
#82=EDGE_CURVE('',#71,#71,#63,.T.);
#83=EDGE_CURVE('',#71,#72,#64,.T.);
#84=EDGE_CURVE('',#72,#72,#65,.T.);
#85=EDGE_CURVE('',#73,#73,#66,.T.);
#86=EDGE_CURVE('',#73,#74,#67,.T.);
#87=EDGE_CURVE('',#74,#74,#68,.T.);
#88=EDGE_CURVE('',#75,#75,#26,.T.);
#89=EDGE_CURVE('',#76,#76,#27,.T.);
#90=EDGE_CURVE('',#77,#77,#28,.T.);
#91=EDGE_CURVE('',#77,#76,#15,.T.);
#92=EDGE_CURVE('',#78,#78,#29,.T.);
#93=EDGE_CURVE('',#78,#75,#16,.T.);
#94=ORIENTED_EDGE('',*,*,#79,.F.);
#95=ORIENTED_EDGE('',*,*,#80,.T.);
#96=ORIENTED_EDGE('',*,*,#81,.F.);
#97=ORIENTED_EDGE('',*,*,#80,.F.);
#98=ORIENTED_EDGE('',*,*,#81,.T.);
#99=ORIENTED_EDGE('',*,*,#82,.F.);
#100=ORIENTED_EDGE('',*,*,#83,.T.);
#101=ORIENTED_EDGE('',*,*,#84,.F.);
#102=ORIENTED_EDGE('',*,*,#83,.F.);
#103=ORIENTED_EDGE('',*,*,#84,.T.);
#104=ORIENTED_EDGE('',*,*,#85,.F.);
#105=ORIENTED_EDGE('',*,*,#86,.T.);
#106=ORIENTED_EDGE('',*,*,#87,.F.);
#107=ORIENTED_EDGE('',*,*,#86,.F.);
#108=ORIENTED_EDGE('',*,*,#87,.T.);
#109=ORIENTED_EDGE('',*,*,#88,.T.);
#110=ORIENTED_EDGE('',*,*,#89,.T.);
#111=ORIENTED_EDGE('',*,*,#90,.F.);
#112=ORIENTED_EDGE('',*,*,#91,.T.);
#113=ORIENTED_EDGE('',*,*,#89,.F.);
#114=ORIENTED_EDGE('',*,*,#91,.F.);
#115=ORIENTED_EDGE('',*,*,#92,.F.);
#116=ORIENTED_EDGE('',*,*,#93,.T.);
#117=ORIENTED_EDGE('',*,*,#88,.F.);
#118=ORIENTED_EDGE('',*,*,#93,.F.);
#119=ORIENTED_EDGE('',*,*,#79,.T.);
#120=ORIENTED_EDGE('',*,*,#82,.T.);
#121=ORIENTED_EDGE('',*,*,#85,.T.);
#122=ORIENTED_EDGE('',*,*,#92,.T.);
#123=ORIENTED_EDGE('',*,*,#90,.T.);
#124=B_SPLINE_SURFACE_WITH_KNOTS('',3,3,((#189,#190,#191,#192,#193,#194,
#195,#196,#197,#198,#199,#200,#201,#202,#203,#204,#205,#206,#207,#208,#209,
#210,#211,#212),(#213,#214,#215,#216,#217,#218,#219,#220,#221,#222,#223,
#224,#225,#226,#227,#228,#229,#230,#231,#232,#233,#234,#235,#236),(#237,
#238,#239,#240,#241,#242,#243,#244,#245,#246,#247,#248,#249,#250,#251,#252,
#253,#254,#255,#256,#257,#258,#259,#260),(#261,#262,#263,#264,#265,#266,
#267,#268,#269,#270,#271,#272,#273,#274,#275,#276,#277,#278,#279,#280,#281,
#282,#283,#284),(#285,#286,#287,#288,#289,#290,#291,#292,#293,#294,#295,
#296,#297,#298,#299,#300,#301,#302,#303,#304,#305,#306,#307,#308),(#309,
#310,#311,#312,#313,#314,#315,#316,#317,#318,#319,#320,#321,#322,#323,#324,
#325,#326,#327,#328,#329,#330,#331,#332),(#333,#334,#335,#336,#337,#338,
#339,#340,#341,#342,#343,#344,#345,#346,#347,#348,#349,#350,#351,#352,#353,
#354,#355,#356),(#357,#358,#359,#360,#361,#362,#363,#364,#365,#366,#367,
#368,#369,#370,#371,#372,#373,#374,#375,#376,#377,#378,#379,#380),(#381,
#382,#383,#384,#385,#386,#387,#388,#389,#390,#391,#392,#393,#394,#395,#396,
#397,#398,#399,#400,#401,#402,#403,#404),(#405,#406,#407,#408,#409,#410,
#411,#412,#413,#414,#415,#416,#417,#418,#419,#420,#421,#422,#423,#424,#425,
#426,#427,#428),(#429,#430,#431,#432,#433,#434,#435,#436,#437,#438,#439,
#440,#441,#442,#443,#444,#445,#446,#447,#448,#449,#450,#451,#452),(#453,
#454,#455,#456,#457,#458,#459,#460,#461,#462,#463,#464,#465,#466,#467,#468,
#469,#470,#471,#472,#473,#474,#475,#476),(#477,#478,#479,#480,#481,#482,
#483,#484,#485,#486,#487,#488,#489,#490,#491,#492,#493,#494,#495,#496,#497,
#498,#499,#500),(#501,#502,#503,#504,#505,#506,#507,#508,#509,#510,#511,
#512,#513,#514,#515,#516,#517,#518,#519,#520,#521,#522,#523,#524),(#525,
#526,#527,#528,#529,#530,#531,#532,#533,#534,#535,#536,#537,#538,#539,#540,
#541,#542,#543,#544,#545,#546,#547,#548),(#549,#550,#551,#552,#553,#554,
#555,#556,#557,#558,#559,#560,#561,#562,#563,#564,#565,#566,#567,#568,#569,
#570,#571,#572),(#573,#574,#575,#576,#577,#578,#579,#580,#581,#582,#583,
#584,#585,#586,#587,#588,#589,#590,#591,#592,#593,#594,#595,#596),(#597,
#598,#599,#600,#601,#602,#603,#604,#605,#606,#607,#608,#609,#610,#611,#612,
#613,#614,#615,#616,#617,#618,#619,#620),(#621,#622,#623,#624,#625,#626,
#627,#628,#629,#630,#631,#632,#633,#634,#635,#636,#637,#638,#639,#640,#641,
#642,#643,#644),(#645,#646,#647,#648,#649,#650,#651,#652,#653,#654,#655,
#656,#657,#658,#659,#660,#661,#662,#663,#664,#665,#666,#667,#668),(#669,
#670,#671,#672,#673,#674,#675,#676,#677,#678,#679,#680,#681,#682,#683,#684,
#685,#686,#687,#688,#689,#690,#691,#692),(#693,#694,#695,#696,#697,#698,
#699,#700,#701,#702,#703,#704,#705,#706,#707,#708,#709,#710,#711,#712,#713,
#714,#715,#716),(#717,#718,#719,#720,#721,#722,#723,#724,#725,#726,#727,
#728,#729,#730,#731,#732,#733,#734,#735,#736,#737,#738,#739,#740),(#741,
#742,#743,#744,#745,#746,#747,#748,#749,#750,#751,#752,#753,#754,#755,#756,
#757,#758,#759,#760,#761,#762,#763,#764),(#765,#766,#767,#768,#769,#770,
#771,#772,#773,#774,#775,#776,#777,#778,#779,#780,#781,#782,#783,#784,#785,
#786,#787,#788),(#789,#790,#791,#792,#793,#794,#795,#796,#797,#798,#799,
#800,#801,#802,#803,#804,#805,#806,#807,#808,#809,#810,#811,#812),(#813,
#814,#815,#816,#817,#818,#819,#820,#821,#822,#823,#824,#825,#826,#827,#828,
#829,#830,#831,#832,#833,#834,#835,#836),(#837,#838,#839,#840,#841,#842,
#843,#844,#845,#846,#847,#848,#849,#850,#851,#852,#853,#854,#855,#856,#857,
#858,#859,#860),(#861,#862,#863,#864,#865,#866,#867,#868,#869,#870,#871,
#872,#873,#874,#875,#876,#877,#878,#879,#880,#881,#882,#883,#884),(#885,
#886,#887,#888,#889,#890,#891,#892,#893,#894,#895,#896,#897,#898,#899,#900,
#901,#902,#903,#904,#905,#906,#907,#908),(#909,#910,#911,#912,#913,#914,
#915,#916,#917,#918,#919,#920,#921,#922,#923,#924,#925,#926,#927,#928,#929,
#930,#931,#932),(#933,#934,#935,#936,#937,#938,#939,#940,#941,#942,#943,
#944,#945,#946,#947,#948,#949,#950,#951,#952,#953,#954,#955,#956),(#957,
#958,#959,#960,#961,#962,#963,#964,#965,#966,#967,#968,#969,#970,#971,#972,
#973,#974,#975,#976,#977,#978,#979,#980),(#981,#982,#983,#984,#985,#986,
#987,#988,#989,#990,#991,#992,#993,#994,#995,#996,#997,#998,#999,#1000,
#1001,#1002,#1003,#1004),(#1005,#1006,#1007,#1008,#1009,#1010,#1011,#1012,
#1013,#1014,#1015,#1016,#1017,#1018,#1019,#1020,#1021,#1022,#1023,#1024,
#1025,#1026,#1027,#1028),(#1029,#1030,#1031,#1032,#1033,#1034,#1035,#1036,
#1037,#1038,#1039,#1040,#1041,#1042,#1043,#1044,#1045,#1046,#1047,#1048,
#1049,#1050,#1051,#1052),(#1053,#1054,#1055,#1056,#1057,#1058,#1059,#1060,
#1061,#1062,#1063,#1064,#1065,#1066,#1067,#1068,#1069,#1070,#1071,#1072,
#1073,#1074,#1075,#1076),(#1077,#1078,#1079,#1080,#1081,#1082,#1083,#1084,
#1085,#1086,#1087,#1088,#1089,#1090,#1091,#1092,#1093,#1094,#1095,#1096,
#1097,#1098,#1099,#1100),(#1101,#1102,#1103,#1104,#1105,#1106,#1107,#1108,
#1109,#1110,#1111,#1112,#1113,#1114,#1115,#1116,#1117,#1118,#1119,#1120,
#1121,#1122,#1123,#1124),(#1125,#1126,#1127,#1128,#1129,#1130,#1131,#1132,
#1133,#1134,#1135,#1136,#1137,#1138,#1139,#1140,#1141,#1142,#1143,#1144,
#1145,#1146,#1147,#1148),(#1149,#1150,#1151,#1152,#1153,#1154,#1155,#1156,
#1157,#1158,#1159,#1160,#1161,#1162,#1163,#1164,#1165,#1166,#1167,#1168,
#1169,#1170,#1171,#1172),(#1173,#1174,#1175,#1176,#1177,#1178,#1179,#1180,
#1181,#1182,#1183,#1184,#1185,#1186,#1187,#1188,#1189,#1190,#1191,#1192,
#1193,#1194,#1195,#1196),(#1197,#1198,#1199,#1200,#1201,#1202,#1203,#1204,
#1205,#1206,#1207,#1208,#1209,#1210,#1211,#1212,#1213,#1214,#1215,#1216,
#1217,#1218,#1219,#1220),(#1221,#1222,#1223,#1224,#1225,#1226,#1227,#1228,
#1229,#1230,#1231,#1232,#1233,#1234,#1235,#1236,#1237,#1238,#1239,#1240,
#1241,#1242,#1243,#1244),(#1245,#1246,#1247,#1248,#1249,#1250,#1251,#1252,
#1253,#1254,#1255,#1256,#1257,#1258,#1259,#1260,#1261,#1262,#1263,#1264,
#1265,#1266,#1267,#1268),(#1269,#1270,#1271,#1272,#1273,#1274,#1275,#1276,
#1277,#1278,#1279,#1280,#1281,#1282,#1283,#1284,#1285,#1286,#1287,#1288,
#1289,#1290,#1291,#1292),(#1293,#1294,#1295,#1296,#1297,#1298,#1299,#1300,
#1301,#1302,#1303,#1304,#1305,#1306,#1307,#1308,#1309,#1310,#1311,#1312,
#1313,#1314,#1315,#1316),(#1317,#1318,#1319,#1320,#1321,#1322,#1323,#1324,
#1325,#1326,#1327,#1328,#1329,#1330,#1331,#1332,#1333,#1334,#1335,#1336,
#1337,#1338,#1339,#1340),(#1341,#1342,#1343,#1344,#1345,#1346,#1347,#1348,
#1349,#1350,#1351,#1352,#1353,#1354,#1355,#1356,#1357,#1358,#1359,#1360,
#1361,#1362,#1363,#1364),(#1365,#1366,#1367,#1368,#1369,#1370,#1371,#1372,
#1373,#1374,#1375,#1376,#1377,#1378,#1379,#1380,#1381,#1382,#1383,#1384,
#1385,#1386,#1387,#1388),(#1389,#1390,#1391,#1392,#1393,#1394,#1395,#1396,
#1397,#1398,#1399,#1400,#1401,#1402,#1403,#1404,#1405,#1406,#1407,#1408,
#1409,#1410,#1411,#1412),(#1413,#1414,#1415,#1416,#1417,#1418,#1419,#1420,
#1421,#1422,#1423,#1424,#1425,#1426,#1427,#1428,#1429,#1430,#1431,#1432,
#1433,#1434,#1435,#1436),(#1437,#1438,#1439,#1440,#1441,#1442,#1443,#1444,
#1445,#1446,#1447,#1448,#1449,#1450,#1451,#1452,#1453,#1454,#1455,#1456,
#1457,#1458,#1459,#1460),(#1461,#1462,#1463,#1464,#1465,#1466,#1467,#1468,
#1469,#1470,#1471,#1472,#1473,#1474,#1475,#1476,#1477,#1478,#1479,#1480,
#1481,#1482,#1483,#1484),(#1485,#1486,#1487,#1488,#1489,#1490,#1491,#1492,
#1493,#1494,#1495,#1496,#1497,#1498,#1499,#1500,#1501,#1502,#1503,#1504,
#1505,#1506,#1507,#1508),(#1509,#1510,#1511,#1512,#1513,#1514,#1515,#1516,
#1517,#1518,#1519,#1520,#1521,#1522,#1523,#1524,#1525,#1526,#1527,#1528,
#1529,#1530,#1531,#1532)),.UNSPECIFIED.,.T.,.F.,.F.,(4,1,2,2,2,2,2,1,2,
2,2,2,2,1,2,1,2,2,2,2,2,1,1,2,2,2,2,1,2,1,1,1,4),(4,1,1,2,1,1,1,1,2,1,1,
1,1,1,2,1,1,1,4),(0.,0.0172016495136623,0.0344032990273246,0.0626408711793327,
0.0760050979614087,0.0927798760134053,0.094850962289218,0.245756049669409,
0.3966611370496,0.407116629816689,0.408319264162282,0.423944856232034,0.453551240230264,
0.476775620115132,0.5,0.519666935452485,0.53933387090497,0.564442651535193,
0.578905757468329,0.585819324156401,0.589020906732412,0.664584199239004,
0.740147491745596,0.89127407675878,0.902460112126339,0.904588081472915,
0.921666640109451,0.941396919075854,0.947973678731321,0.960980259048491,
0.973986839365661,0.98699341968283,1.),(0.0117021499870516,0.0241196216313566,
0.0365370932756617,0.0613720365642719,0.130072106354198,0.198772176144124,
0.233122211039088,0.267472245934051,0.336172315723977,0.478884454151439,
0.621596592578901,0.764308731006363,0.835664800220094,0.871342834826959,
0.907020869433825,0.930265652075368,0.953510434716912,0.976755217358456,
1.),.UNSPECIFIED.);
#125=B_SPLINE_SURFACE_WITH_KNOTS('',3,3,((#1738,#1739,#1740,#1741,#1742,
#1743,#1744,#1745,#1746,#1747,#1748,#1749,#1750,#1751,#1752,#1753,#1754,
#1755,#1756,#1757,#1758,#1759,#1760,#1761),(#1762,#1763,#1764,#1765,#1766,
#1767,#1768,#1769,#1770,#1771,#1772,#1773,#1774,#1775,#1776,#1777,#1778,
#1779,#1780,#1781,#1782,#1783,#1784,#1785),(#1786,#1787,#1788,#1789,#1790,
#1791,#1792,#1793,#1794,#1795,#1796,#1797,#1798,#1799,#1800,#1801,#1802,
#1803,#1804,#1805,#1806,#1807,#1808,#1809),(#1810,#1811,#1812,#1813,#1814,
#1815,#1816,#1817,#1818,#1819,#1820,#1821,#1822,#1823,#1824,#1825,#1826,
#1827,#1828,#1829,#1830,#1831,#1832,#1833),(#1834,#1835,#1836,#1837,#1838,
#1839,#1840,#1841,#1842,#1843,#1844,#1845,#1846,#1847,#1848,#1849,#1850,
#1851,#1852,#1853,#1854,#1855,#1856,#1857),(#1858,#1859,#1860,#1861,#1862,
#1863,#1864,#1865,#1866,#1867,#1868,#1869,#1870,#1871,#1872,#1873,#1874,
#1875,#1876,#1877,#1878,#1879,#1880,#1881),(#1882,#1883,#1884,#1885,#1886,
#1887,#1888,#1889,#1890,#1891,#1892,#1893,#1894,#1895,#1896,#1897,#1898,
#1899,#1900,#1901,#1902,#1903,#1904,#1905),(#1906,#1907,#1908,#1909,#1910,
#1911,#1912,#1913,#1914,#1915,#1916,#1917,#1918,#1919,#1920,#1921,#1922,
#1923,#1924,#1925,#1926,#1927,#1928,#1929),(#1930,#1931,#1932,#1933,#1934,
#1935,#1936,#1937,#1938,#1939,#1940,#1941,#1942,#1943,#1944,#1945,#1946,
#1947,#1948,#1949,#1950,#1951,#1952,#1953),(#1954,#1955,#1956,#1957,#1958,
#1959,#1960,#1961,#1962,#1963,#1964,#1965,#1966,#1967,#1968,#1969,#1970,
#1971,#1972,#1973,#1974,#1975,#1976,#1977),(#1978,#1979,#1980,#1981,#1982,
#1983,#1984,#1985,#1986,#1987,#1988,#1989,#1990,#1991,#1992,#1993,#1994,
#1995,#1996,#1997,#1998,#1999,#2000,#2001),(#2002,#2003,#2004,#2005,#2006,
#2007,#2008,#2009,#2010,#2011,#2012,#2013,#2014,#2015,#2016,#2017,#2018,
#2019,#2020,#2021,#2022,#2023,#2024,#2025),(#2026,#2027,#2028,#2029,#2030,
#2031,#2032,#2033,#2034,#2035,#2036,#2037,#2038,#2039,#2040,#2041,#2042,
#2043,#2044,#2045,#2046,#2047,#2048,#2049),(#2050,#2051,#2052,#2053,#2054,
#2055,#2056,#2057,#2058,#2059,#2060,#2061,#2062,#2063,#2064,#2065,#2066,
#2067,#2068,#2069,#2070,#2071,#2072,#2073),(#2074,#2075,#2076,#2077,#2078,
#2079,#2080,#2081,#2082,#2083,#2084,#2085,#2086,#2087,#2088,#2089,#2090,
#2091,#2092,#2093,#2094,#2095,#2096,#2097),(#2098,#2099,#2100,#2101,#2102,
#2103,#2104,#2105,#2106,#2107,#2108,#2109,#2110,#2111,#2112,#2113,#2114,
#2115,#2116,#2117,#2118,#2119,#2120,#2121),(#2122,#2123,#2124,#2125,#2126,
#2127,#2128,#2129,#2130,#2131,#2132,#2133,#2134,#2135,#2136,#2137,#2138,
#2139,#2140,#2141,#2142,#2143,#2144,#2145),(#2146,#2147,#2148,#2149,#2150,
#2151,#2152,#2153,#2154,#2155,#2156,#2157,#2158,#2159,#2160,#2161,#2162,
#2163,#2164,#2165,#2166,#2167,#2168,#2169),(#2170,#2171,#2172,#2173,#2174,
#2175,#2176,#2177,#2178,#2179,#2180,#2181,#2182,#2183,#2184,#2185,#2186,
#2187,#2188,#2189,#2190,#2191,#2192,#2193),(#2194,#2195,#2196,#2197,#2198,
#2199,#2200,#2201,#2202,#2203,#2204,#2205,#2206,#2207,#2208,#2209,#2210,
#2211,#2212,#2213,#2214,#2215,#2216,#2217),(#2218,#2219,#2220,#2221,#2222,
#2223,#2224,#2225,#2226,#2227,#2228,#2229,#2230,#2231,#2232,#2233,#2234,
#2235,#2236,#2237,#2238,#2239,#2240,#2241),(#2242,#2243,#2244,#2245,#2246,
#2247,#2248,#2249,#2250,#2251,#2252,#2253,#2254,#2255,#2256,#2257,#2258,
#2259,#2260,#2261,#2262,#2263,#2264,#2265),(#2266,#2267,#2268,#2269,#2270,
#2271,#2272,#2273,#2274,#2275,#2276,#2277,#2278,#2279,#2280,#2281,#2282,
#2283,#2284,#2285,#2286,#2287,#2288,#2289),(#2290,#2291,#2292,#2293,#2294,
#2295,#2296,#2297,#2298,#2299,#2300,#2301,#2302,#2303,#2304,#2305,#2306,
#2307,#2308,#2309,#2310,#2311,#2312,#2313),(#2314,#2315,#2316,#2317,#2318,
#2319,#2320,#2321,#2322,#2323,#2324,#2325,#2326,#2327,#2328,#2329,#2330,
#2331,#2332,#2333,#2334,#2335,#2336,#2337),(#2338,#2339,#2340,#2341,#2342,
#2343,#2344,#2345,#2346,#2347,#2348,#2349,#2350,#2351,#2352,#2353,#2354,
#2355,#2356,#2357,#2358,#2359,#2360,#2361),(#2362,#2363,#2364,#2365,#2366,
#2367,#2368,#2369,#2370,#2371,#2372,#2373,#2374,#2375,#2376,#2377,#2378,
#2379,#2380,#2381,#2382,#2383,#2384,#2385),(#2386,#2387,#2388,#2389,#2390,
#2391,#2392,#2393,#2394,#2395,#2396,#2397,#2398,#2399,#2400,#2401,#2402,
#2403,#2404,#2405,#2406,#2407,#2408,#2409),(#2410,#2411,#2412,#2413,#2414,
#2415,#2416,#2417,#2418,#2419,#2420,#2421,#2422,#2423,#2424,#2425,#2426,
#2427,#2428,#2429,#2430,#2431,#2432,#2433),(#2434,#2435,#2436,#2437,#2438,
#2439,#2440,#2441,#2442,#2443,#2444,#2445,#2446,#2447,#2448,#2449,#2450,
#2451,#2452,#2453,#2454,#2455,#2456,#2457),(#2458,#2459,#2460,#2461,#2462,
#2463,#2464,#2465,#2466,#2467,#2468,#2469,#2470,#2471,#2472,#2473,#2474,
#2475,#2476,#2477,#2478,#2479,#2480,#2481),(#2482,#2483,#2484,#2485,#2486,
#2487,#2488,#2489,#2490,#2491,#2492,#2493,#2494,#2495,#2496,#2497,#2498,
#2499,#2500,#2501,#2502,#2503,#2504,#2505),(#2506,#2507,#2508,#2509,#2510,
#2511,#2512,#2513,#2514,#2515,#2516,#2517,#2518,#2519,#2520,#2521,#2522,
#2523,#2524,#2525,#2526,#2527,#2528,#2529),(#2530,#2531,#2532,#2533,#2534,
#2535,#2536,#2537,#2538,#2539,#2540,#2541,#2542,#2543,#2544,#2545,#2546,
#2547,#2548,#2549,#2550,#2551,#2552,#2553),(#2554,#2555,#2556,#2557,#2558,
#2559,#2560,#2561,#2562,#2563,#2564,#2565,#2566,#2567,#2568,#2569,#2570,
#2571,#2572,#2573,#2574,#2575,#2576,#2577),(#2578,#2579,#2580,#2581,#2582,
#2583,#2584,#2585,#2586,#2587,#2588,#2589,#2590,#2591,#2592,#2593,#2594,
#2595,#2596,#2597,#2598,#2599,#2600,#2601),(#2602,#2603,#2604,#2605,#2606,
#2607,#2608,#2609,#2610,#2611,#2612,#2613,#2614,#2615,#2616,#2617,#2618,
#2619,#2620,#2621,#2622,#2623,#2624,#2625),(#2626,#2627,#2628,#2629,#2630,
#2631,#2632,#2633,#2634,#2635,#2636,#2637,#2638,#2639,#2640,#2641,#2642,
#2643,#2644,#2645,#2646,#2647,#2648,#2649),(#2650,#2651,#2652,#2653,#2654,
#2655,#2656,#2657,#2658,#2659,#2660,#2661,#2662,#2663,#2664,#2665,#2666,
#2667,#2668,#2669,#2670,#2671,#2672,#2673),(#2674,#2675,#2676,#2677,#2678,
#2679,#2680,#2681,#2682,#2683,#2684,#2685,#2686,#2687,#2688,#2689,#2690,
#2691,#2692,#2693,#2694,#2695,#2696,#2697),(#2698,#2699,#2700,#2701,#2702,
#2703,#2704,#2705,#2706,#2707,#2708,#2709,#2710,#2711,#2712,#2713,#2714,
#2715,#2716,#2717,#2718,#2719,#2720,#2721),(#2722,#2723,#2724,#2725,#2726,
#2727,#2728,#2729,#2730,#2731,#2732,#2733,#2734,#2735,#2736,#2737,#2738,
#2739,#2740,#2741,#2742,#2743,#2744,#2745),(#2746,#2747,#2748,#2749,#2750,
#2751,#2752,#2753,#2754,#2755,#2756,#2757,#2758,#2759,#2760,#2761,#2762,
#2763,#2764,#2765,#2766,#2767,#2768,#2769),(#2770,#2771,#2772,#2773,#2774,
#2775,#2776,#2777,#2778,#2779,#2780,#2781,#2782,#2783,#2784,#2785,#2786,
#2787,#2788,#2789,#2790,#2791,#2792,#2793),(#2794,#2795,#2796,#2797,#2798,
#2799,#2800,#2801,#2802,#2803,#2804,#2805,#2806,#2807,#2808,#2809,#2810,
#2811,#2812,#2813,#2814,#2815,#2816,#2817),(#2818,#2819,#2820,#2821,#2822,
#2823,#2824,#2825,#2826,#2827,#2828,#2829,#2830,#2831,#2832,#2833,#2834,
#2835,#2836,#2837,#2838,#2839,#2840,#2841),(#2842,#2843,#2844,#2845,#2846,
#2847,#2848,#2849,#2850,#2851,#2852,#2853,#2854,#2855,#2856,#2857,#2858,
#2859,#2860,#2861,#2862,#2863,#2864,#2865),(#2866,#2867,#2868,#2869,#2870,
#2871,#2872,#2873,#2874,#2875,#2876,#2877,#2878,#2879,#2880,#2881,#2882,
#2883,#2884,#2885,#2886,#2887,#2888,#2889),(#2890,#2891,#2892,#2893,#2894,
#2895,#2896,#2897,#2898,#2899,#2900,#2901,#2902,#2903,#2904,#2905,#2906,
#2907,#2908,#2909,#2910,#2911,#2912,#2913),(#2914,#2915,#2916,#2917,#2918,
#2919,#2920,#2921,#2922,#2923,#2924,#2925,#2926,#2927,#2928,#2929,#2930,
#2931,#2932,#2933,#2934,#2935,#2936,#2937),(#2938,#2939,#2940,#2941,#2942,
#2943,#2944,#2945,#2946,#2947,#2948,#2949,#2950,#2951,#2952,#2953,#2954,
#2955,#2956,#2957,#2958,#2959,#2960,#2961),(#2962,#2963,#2964,#2965,#2966,
#2967,#2968,#2969,#2970,#2971,#2972,#2973,#2974,#2975,#2976,#2977,#2978,
#2979,#2980,#2981,#2982,#2983,#2984,#2985),(#2986,#2987,#2988,#2989,#2990,
#2991,#2992,#2993,#2994,#2995,#2996,#2997,#2998,#2999,#3000,#3001,#3002,
#3003,#3004,#3005,#3006,#3007,#3008,#3009),(#3010,#3011,#3012,#3013,#3014,
#3015,#3016,#3017,#3018,#3019,#3020,#3021,#3022,#3023,#3024,#3025,#3026,
#3027,#3028,#3029,#3030,#3031,#3032,#3033),(#3034,#3035,#3036,#3037,#3038,
#3039,#3040,#3041,#3042,#3043,#3044,#3045,#3046,#3047,#3048,#3049,#3050,
#3051,#3052,#3053,#3054,#3055,#3056,#3057),(#3058,#3059,#3060,#3061,#3062,
#3063,#3064,#3065,#3066,#3067,#3068,#3069,#3070,#3071,#3072,#3073,#3074,
#3075,#3076,#3077,#3078,#3079,#3080,#3081)),.UNSPECIFIED.,.T.,.F.,.F.,(4,
1,2,2,2,2,2,1,2,2,2,2,2,1,2,1,2,2,2,2,2,1,1,2,2,2,2,1,2,1,1,1,4),(4,1,1,
2,1,1,1,1,2,1,1,1,1,1,2,1,1,1,4),(0.,0.0172016495136623,0.0344032990273246,
0.0626408711793327,0.0760050979614087,0.0927798760134053,0.094850962289218,
0.245756049669409,0.3966611370496,0.407116629816689,0.408319264162282,0.423944856232034,
0.453551240230264,0.476775620115132,0.5,0.519666935452485,0.53933387090497,
0.564442651535193,0.578905757468329,0.585819324156401,0.589020906732412,
0.664584199239004,0.740147491745596,0.89127407675878,0.902460112126339,
0.904588081472915,0.921666640109451,0.944685298903588,0.947973678731321,
0.960980259048491,0.973986839365661,0.98699341968283,1.),(0.0117021499870516,
0.0241196216313566,0.0365370932756617,0.0613720365642719,0.130072106354198,
0.198772176144124,0.233122211039088,0.267472245934051,0.336172315723977,
0.478884454151439,0.621596592578901,0.764308731006363,0.835664800220094,
0.871342834826959,0.907020869433825,0.930265652075368,0.953510434716912,
0.976755217358456,1.),.UNSPECIFIED.);
#126=B_SPLINE_SURFACE_WITH_KNOTS('',3,3,((#3287,#3288,#3289,#3290,#3291,
#3292,#3293,#3294,#3295,#3296,#3297,#3298,#3299,#3300,#3301,#3302,#3303,
#3304,#3305,#3306,#3307,#3308,#3309,#3310),(#3311,#3312,#3313,#3314,#3315,
#3316,#3317,#3318,#3319,#3320,#3321,#3322,#3323,#3324,#3325,#3326,#3327,
#3328,#3329,#3330,#3331,#3332,#3333,#3334),(#3335,#3336,#3337,#3338,#3339,
#3340,#3341,#3342,#3343,#3344,#3345,#3346,#3347,#3348,#3349,#3350,#3351,
#3352,#3353,#3354,#3355,#3356,#3357,#3358),(#3359,#3360,#3361,#3362,#3363,
#3364,#3365,#3366,#3367,#3368,#3369,#3370,#3371,#3372,#3373,#3374,#3375,
#3376,#3377,#3378,#3379,#3380,#3381,#3382),(#3383,#3384,#3385,#3386,#3387,
#3388,#3389,#3390,#3391,#3392,#3393,#3394,#3395,#3396,#3397,#3398,#3399,
#3400,#3401,#3402,#3403,#3404,#3405,#3406),(#3407,#3408,#3409,#3410,#3411,
#3412,#3413,#3414,#3415,#3416,#3417,#3418,#3419,#3420,#3421,#3422,#3423,
#3424,#3425,#3426,#3427,#3428,#3429,#3430),(#3431,#3432,#3433,#3434,#3435,
#3436,#3437,#3438,#3439,#3440,#3441,#3442,#3443,#3444,#3445,#3446,#3447,
#3448,#3449,#3450,#3451,#3452,#3453,#3454),(#3455,#3456,#3457,#3458,#3459,
#3460,#3461,#3462,#3463,#3464,#3465,#3466,#3467,#3468,#3469,#3470,#3471,
#3472,#3473,#3474,#3475,#3476,#3477,#3478),(#3479,#3480,#3481,#3482,#3483,
#3484,#3485,#3486,#3487,#3488,#3489,#3490,#3491,#3492,#3493,#3494,#3495,
#3496,#3497,#3498,#3499,#3500,#3501,#3502),(#3503,#3504,#3505,#3506,#3507,
#3508,#3509,#3510,#3511,#3512,#3513,#3514,#3515,#3516,#3517,#3518,#3519,
#3520,#3521,#3522,#3523,#3524,#3525,#3526),(#3527,#3528,#3529,#3530,#3531,
#3532,#3533,#3534,#3535,#3536,#3537,#3538,#3539,#3540,#3541,#3542,#3543,
#3544,#3545,#3546,#3547,#3548,#3549,#3550),(#3551,#3552,#3553,#3554,#3555,
#3556,#3557,#3558,#3559,#3560,#3561,#3562,#3563,#3564,#3565,#3566,#3567,
#3568,#3569,#3570,#3571,#3572,#3573,#3574),(#3575,#3576,#3577,#3578,#3579,
#3580,#3581,#3582,#3583,#3584,#3585,#3586,#3587,#3588,#3589,#3590,#3591,
#3592,#3593,#3594,#3595,#3596,#3597,#3598),(#3599,#3600,#3601,#3602,#3603,
#3604,#3605,#3606,#3607,#3608,#3609,#3610,#3611,#3612,#3613,#3614,#3615,
#3616,#3617,#3618,#3619,#3620,#3621,#3622),(#3623,#3624,#3625,#3626,#3627,
#3628,#3629,#3630,#3631,#3632,#3633,#3634,#3635,#3636,#3637,#3638,#3639,
#3640,#3641,#3642,#3643,#3644,#3645,#3646),(#3647,#3648,#3649,#3650,#3651,
#3652,#3653,#3654,#3655,#3656,#3657,#3658,#3659,#3660,#3661,#3662,#3663,
#3664,#3665,#3666,#3667,#3668,#3669,#3670),(#3671,#3672,#3673,#3674,#3675,
#3676,#3677,#3678,#3679,#3680,#3681,#3682,#3683,#3684,#3685,#3686,#3687,
#3688,#3689,#3690,#3691,#3692,#3693,#3694),(#3695,#3696,#3697,#3698,#3699,
#3700,#3701,#3702,#3703,#3704,#3705,#3706,#3707,#3708,#3709,#3710,#3711,
#3712,#3713,#3714,#3715,#3716,#3717,#3718),(#3719,#3720,#3721,#3722,#3723,
#3724,#3725,#3726,#3727,#3728,#3729,#3730,#3731,#3732,#3733,#3734,#3735,
#3736,#3737,#3738,#3739,#3740,#3741,#3742),(#3743,#3744,#3745,#3746,#3747,
#3748,#3749,#3750,#3751,#3752,#3753,#3754,#3755,#3756,#3757,#3758,#3759,
#3760,#3761,#3762,#3763,#3764,#3765,#3766),(#3767,#3768,#3769,#3770,#3771,
#3772,#3773,#3774,#3775,#3776,#3777,#3778,#3779,#3780,#3781,#3782,#3783,
#3784,#3785,#3786,#3787,#3788,#3789,#3790),(#3791,#3792,#3793,#3794,#3795,
#3796,#3797,#3798,#3799,#3800,#3801,#3802,#3803,#3804,#3805,#3806,#3807,
#3808,#3809,#3810,#3811,#3812,#3813,#3814),(#3815,#3816,#3817,#3818,#3819,
#3820,#3821,#3822,#3823,#3824,#3825,#3826,#3827,#3828,#3829,#3830,#3831,
#3832,#3833,#3834,#3835,#3836,#3837,#3838),(#3839,#3840,#3841,#3842,#3843,
#3844,#3845,#3846,#3847,#3848,#3849,#3850,#3851,#3852,#3853,#3854,#3855,
#3856,#3857,#3858,#3859,#3860,#3861,#3862),(#3863,#3864,#3865,#3866,#3867,
#3868,#3869,#3870,#3871,#3872,#3873,#3874,#3875,#3876,#3877,#3878,#3879,
#3880,#3881,#3882,#3883,#3884,#3885,#3886),(#3887,#3888,#3889,#3890,#3891,
#3892,#3893,#3894,#3895,#3896,#3897,#3898,#3899,#3900,#3901,#3902,#3903,
#3904,#3905,#3906,#3907,#3908,#3909,#3910),(#3911,#3912,#3913,#3914,#3915,
#3916,#3917,#3918,#3919,#3920,#3921,#3922,#3923,#3924,#3925,#3926,#3927,
#3928,#3929,#3930,#3931,#3932,#3933,#3934),(#3935,#3936,#3937,#3938,#3939,
#3940,#3941,#3942,#3943,#3944,#3945,#3946,#3947,#3948,#3949,#3950,#3951,
#3952,#3953,#3954,#3955,#3956,#3957,#3958),(#3959,#3960,#3961,#3962,#3963,
#3964,#3965,#3966,#3967,#3968,#3969,#3970,#3971,#3972,#3973,#3974,#3975,
#3976,#3977,#3978,#3979,#3980,#3981,#3982),(#3983,#3984,#3985,#3986,#3987,
#3988,#3989,#3990,#3991,#3992,#3993,#3994,#3995,#3996,#3997,#3998,#3999,
#4000,#4001,#4002,#4003,#4004,#4005,#4006),(#4007,#4008,#4009,#4010,#4011,
#4012,#4013,#4014,#4015,#4016,#4017,#4018,#4019,#4020,#4021,#4022,#4023,
#4024,#4025,#4026,#4027,#4028,#4029,#4030),(#4031,#4032,#4033,#4034,#4035,
#4036,#4037,#4038,#4039,#4040,#4041,#4042,#4043,#4044,#4045,#4046,#4047,
#4048,#4049,#4050,#4051,#4052,#4053,#4054),(#4055,#4056,#4057,#4058,#4059,
#4060,#4061,#4062,#4063,#4064,#4065,#4066,#4067,#4068,#4069,#4070,#4071,
#4072,#4073,#4074,#4075,#4076,#4077,#4078),(#4079,#4080,#4081,#4082,#4083,
#4084,#4085,#4086,#4087,#4088,#4089,#4090,#4091,#4092,#4093,#4094,#4095,
#4096,#4097,#4098,#4099,#4100,#4101,#4102),(#4103,#4104,#4105,#4106,#4107,
#4108,#4109,#4110,#4111,#4112,#4113,#4114,#4115,#4116,#4117,#4118,#4119,
#4120,#4121,#4122,#4123,#4124,#4125,#4126),(#4127,#4128,#4129,#4130,#4131,
#4132,#4133,#4134,#4135,#4136,#4137,#4138,#4139,#4140,#4141,#4142,#4143,
#4144,#4145,#4146,#4147,#4148,#4149,#4150),(#4151,#4152,#4153,#4154,#4155,
#4156,#4157,#4158,#4159,#4160,#4161,#4162,#4163,#4164,#4165,#4166,#4167,
#4168,#4169,#4170,#4171,#4172,#4173,#4174),(#4175,#4176,#4177,#4178,#4179,
#4180,#4181,#4182,#4183,#4184,#4185,#4186,#4187,#4188,#4189,#4190,#4191,
#4192,#4193,#4194,#4195,#4196,#4197,#4198),(#4199,#4200,#4201,#4202,#4203,
#4204,#4205,#4206,#4207,#4208,#4209,#4210,#4211,#4212,#4213,#4214,#4215,
#4216,#4217,#4218,#4219,#4220,#4221,#4222),(#4223,#4224,#4225,#4226,#4227,
#4228,#4229,#4230,#4231,#4232,#4233,#4234,#4235,#4236,#4237,#4238,#4239,
#4240,#4241,#4242,#4243,#4244,#4245,#4246),(#4247,#4248,#4249,#4250,#4251,
#4252,#4253,#4254,#4255,#4256,#4257,#4258,#4259,#4260,#4261,#4262,#4263,
#4264,#4265,#4266,#4267,#4268,#4269,#4270),(#4271,#4272,#4273,#4274,#4275,
#4276,#4277,#4278,#4279,#4280,#4281,#4282,#4283,#4284,#4285,#4286,#4287,
#4288,#4289,#4290,#4291,#4292,#4293,#4294),(#4295,#4296,#4297,#4298,#4299,
#4300,#4301,#4302,#4303,#4304,#4305,#4306,#4307,#4308,#4309,#4310,#4311,
#4312,#4313,#4314,#4315,#4316,#4317,#4318),(#4319,#4320,#4321,#4322,#4323,
#4324,#4325,#4326,#4327,#4328,#4329,#4330,#4331,#4332,#4333,#4334,#4335,
#4336,#4337,#4338,#4339,#4340,#4341,#4342),(#4343,#4344,#4345,#4346,#4347,
#4348,#4349,#4350,#4351,#4352,#4353,#4354,#4355,#4356,#4357,#4358,#4359,
#4360,#4361,#4362,#4363,#4364,#4365,#4366),(#4367,#4368,#4369,#4370,#4371,
#4372,#4373,#4374,#4375,#4376,#4377,#4378,#4379,#4380,#4381,#4382,#4383,
#4384,#4385,#4386,#4387,#4388,#4389,#4390),(#4391,#4392,#4393,#4394,#4395,
#4396,#4397,#4398,#4399,#4400,#4401,#4402,#4403,#4404,#4405,#4406,#4407,
#4408,#4409,#4410,#4411,#4412,#4413,#4414),(#4415,#4416,#4417,#4418,#4419,
#4420,#4421,#4422,#4423,#4424,#4425,#4426,#4427,#4428,#4429,#4430,#4431,
#4432,#4433,#4434,#4435,#4436,#4437,#4438),(#4439,#4440,#4441,#4442,#4443,
#4444,#4445,#4446,#4447,#4448,#4449,#4450,#4451,#4452,#4453,#4454,#4455,
#4456,#4457,#4458,#4459,#4460,#4461,#4462),(#4463,#4464,#4465,#4466,#4467,
#4468,#4469,#4470,#4471,#4472,#4473,#4474,#4475,#4476,#4477,#4478,#4479,
#4480,#4481,#4482,#4483,#4484,#4485,#4486),(#4487,#4488,#4489,#4490,#4491,
#4492,#4493,#4494,#4495,#4496,#4497,#4498,#4499,#4500,#4501,#4502,#4503,
#4504,#4505,#4506,#4507,#4508,#4509,#4510),(#4511,#4512,#4513,#4514,#4515,
#4516,#4517,#4518,#4519,#4520,#4521,#4522,#4523,#4524,#4525,#4526,#4527,
#4528,#4529,#4530,#4531,#4532,#4533,#4534),(#4535,#4536,#4537,#4538,#4539,
#4540,#4541,#4542,#4543,#4544,#4545,#4546,#4547,#4548,#4549,#4550,#4551,
#4552,#4553,#4554,#4555,#4556,#4557,#4558),(#4559,#4560,#4561,#4562,#4563,
#4564,#4565,#4566,#4567,#4568,#4569,#4570,#4571,#4572,#4573,#4574,#4575,
#4576,#4577,#4578,#4579,#4580,#4581,#4582),(#4583,#4584,#4585,#4586,#4587,
#4588,#4589,#4590,#4591,#4592,#4593,#4594,#4595,#4596,#4597,#4598,#4599,
#4600,#4601,#4602,#4603,#4604,#4605,#4606),(#4607,#4608,#4609,#4610,#4611,
#4612,#4613,#4614,#4615,#4616,#4617,#4618,#4619,#4620,#4621,#4622,#4623,
#4624,#4625,#4626,#4627,#4628,#4629,#4630)),.UNSPECIFIED.,.T.,.F.,.F.,(4,
1,2,2,2,2,2,1,2,2,2,2,2,1,2,1,2,2,2,2,2,1,1,2,2,2,2,1,2,1,1,1,4),(4,1,1,
2,1,1,1,1,2,1,1,1,1,1,2,1,1,1,4),(0.,0.0172016495136623,0.0344032990273246,
0.0626408711793327,0.0760050979614087,0.0927798760134053,0.094850962289218,
0.245756049669409,0.3966611370496,0.407116629816689,0.408319264162282,0.423944856232034,
0.453551240230264,0.476775620115132,0.5,0.519666935452485,0.53933387090497,
0.564442651535193,0.578905757468329,0.585819324156401,0.589020906732412,
0.664584199239004,0.740147491745596,0.89127407675878,0.902460112126339,
0.904588081472915,0.921666640109451,0.941396919075854,0.947973678731321,
0.960980259048491,0.973986839365661,0.98699341968283,1.),(0.0116915615180633,
0.0241116802796155,0.0365317990411676,0.0613720365642719,0.130072106354198,
0.198772176144124,0.233122211039088,0.267472245934051,0.336172315723977,
0.478884454151439,0.621596592578901,0.764308731006363,0.835664800220094,
0.871342834826959,0.907020869433825,0.930265652075368,0.953510434716912,
0.976755217358456,1.),.UNSPECIFIED.);
#127=ADVANCED_FACE('',(#35),#124,.T.);
#128=ADVANCED_FACE('',(#36),#30,.T.);
#129=ADVANCED_FACE('',(#37),#125,.T.);
#130=ADVANCED_FACE('',(#38),#31,.T.);
#131=ADVANCED_FACE('',(#39),#126,.T.);
#132=ADVANCED_FACE('',(#40),#32,.T.);
#133=ADVANCED_FACE('',(#41,#21),#33,.F.);
#134=ADVANCED_FACE('',(#42),#19,.F.);
#135=ADVANCED_FACE('',(#43,#22,#23,#24),#20,.T.);
#136=ADVANCED_FACE('',(#44,#25),#34,.T.);
#137=CLOSED_SHELL('',(#127,#128,#129,#130,#131,#132,#133,#134,#135,#136));
#138=DERIVED_UNIT_ELEMENT(#140,1.);
#139=DERIVED_UNIT_ELEMENT(#4822,-3.);
#140=(
MASS_UNIT()
NAMED_UNIT(*)
SI_UNIT(.KILO.,.GRAM.)
);
#141=DERIVED_UNIT((#138,#139));
#142=MEASURE_REPRESENTATION_ITEM('density measure',
POSITIVE_RATIO_MEASURE(7850.),#141);
#143=PROPERTY_DEFINITION_REPRESENTATION(#148,#145);
#144=PROPERTY_DEFINITION_REPRESENTATION(#149,#146);
#145=REPRESENTATION('material name',(#147),#4819);
#146=REPRESENTATION('density',(#142),#4819);
#147=DESCRIPTIVE_REPRESENTATION_ITEM('Steel','Steel');
#148=PROPERTY_DEFINITION('material property','material name',#4829);
#149=PROPERTY_DEFINITION('material property','density of part',#4829);
#150=AXIS2_PLACEMENT_3D('',#188,#162,#163);
#151=AXIS2_PLACEMENT_3D('',#1737,#164,#165);
#152=AXIS2_PLACEMENT_3D('',#3286,#166,#167);
#153=AXIS2_PLACEMENT_3D('',#4802,#168,#169);
#154=AXIS2_PLACEMENT_3D('',#4803,#170,#171);
#155=AXIS2_PLACEMENT_3D('',#4805,#172,#173);
#156=AXIS2_PLACEMENT_3D('',#4807,#174,#175);
#157=AXIS2_PLACEMENT_3D('',#4808,#176,#177);
#158=AXIS2_PLACEMENT_3D('',#4810,#178,#179);
#159=AXIS2_PLACEMENT_3D('',#4812,#181,#182);
#160=AXIS2_PLACEMENT_3D('',#4814,#183,#184);
#161=AXIS2_PLACEMENT_3D('',#4816,#186,#187);
#162=DIRECTION('axis',(0.,0.,1.));
#163=DIRECTION('refdir',(1.,0.,0.));
#164=DIRECTION('center_axis',(-0.500000000000004,0.866025403784437,4.88965020265933E-15));
#165=DIRECTION('ref_axis',(-2.44482510132966E-15,4.23456129112271E-15,-1.));
#166=DIRECTION('center_axis',(1.,4.49494825814554E-15,4.88965020265933E-15));
#167=DIRECTION('ref_axis',(4.88965020265933E-15,0.,-1.));
#168=DIRECTION('center_axis',(-0.499999999999997,-0.866025403784441,4.88965020265933E-15));
#169=DIRECTION('ref_axis',(-2.44482510132967E-15,-4.23456129112271E-15,
-1.));
#170=DIRECTION('center_axis',(0.,0.,1.));
#171=DIRECTION('ref_axis',(1.,0.,0.));
#172=DIRECTION('center_axis',(0.,0.,-1.));
#173=DIRECTION('ref_axis',(1.,0.,0.));
#174=DIRECTION('center_axis',(0.,0.,1.));
#175=DIRECTION('ref_axis',(1.,0.,0.));
#176=DIRECTION('center_axis',(0.,0.,1.));
#177=DIRECTION('ref_axis',(1.,0.,0.));
#178=DIRECTION('center_axis',(0.,0.,-1.));
#179=DIRECTION('ref_axis',(1.,0.,0.));
#180=DIRECTION('',(0.,0.,-1.));
#181=DIRECTION('center_axis',(0.,0.,1.));
#182=DIRECTION('ref_axis',(1.,0.,0.));
#183=DIRECTION('center_axis',(0.,0.,1.));
#184=DIRECTION('ref_axis',(1.,0.,0.));
#185=DIRECTION('',(0.,0.,-1.));
#186=DIRECTION('center_axis',(0.,0.,1.));
#187=DIRECTION('ref_axis',(1.,0.,0.));
#188=CARTESIAN_POINT('',(0.,0.,0.));
#189=CARTESIAN_POINT('Ctrl Pts',(0.158130733300166,0.700339940013733,-0.208998250757844));
#190=CARTESIAN_POINT('Ctrl Pts',(0.103950376708371,0.727021027346055,-0.208177772775577));
#191=CARTESIAN_POINT('Ctrl Pts',(0.00595858774635836,0.797896924681462,
-0.207643169570237));
#192=CARTESIAN_POINT('Ctrl Pts',(-0.124616496223245,0.997672221725292,-0.211364111857076));
#193=CARTESIAN_POINT('Ctrl Pts',(-0.150906808896496,1.17158442222897,-0.217891658742066));
#194=CARTESIAN_POINT('Ctrl Pts',(-0.178630499410025,1.41576128258465,-0.227564895095534));
#195=CARTESIAN_POINT('Ctrl Pts',(-0.153604555492863,1.88584089164713,-0.249290768624697));
#196=CARTESIAN_POINT('Ctrl Pts',(-0.0572227094395652,2.71697735265222,-0.296391189065129));
#197=CARTESIAN_POINT('Ctrl Pts',(-0.0560973732661654,3.43600787228677,-0.339900986437051));
#198=CARTESIAN_POINT('Ctrl Pts',(-0.121486401264853,4.14857538884279,-0.383586941747479));
#199=CARTESIAN_POINT('Ctrl Pts',(-0.246862806678293,4.62906464779086,-0.412325418040824));
#200=CARTESIAN_POINT('Ctrl Pts',(-0.514527988106544,5.42522418667257,-0.457489841104374));
#201=CARTESIAN_POINT('Ctrl Pts',(-1.08400740244122,6.53126608268962,-0.51391582773948));
#202=CARTESIAN_POINT('Ctrl Pts',(-2.41025364607517,8.11241840621826,-0.524459102586606));
#203=CARTESIAN_POINT('Ctrl Pts',(-3.58080166600061,9.23295419946296,-0.424588159659759));
#204=CARTESIAN_POINT('Ctrl Pts',(-4.26022869200601,9.8650039631057,-0.297101592106839));
#205=CARTESIAN_POINT('Ctrl Pts',(-4.59338821205193,10.1795323826718,-0.212644057526024));
#206=CARTESIAN_POINT('Ctrl Pts',(-4.73984189128591,10.3209182725488,-0.16757648670817));
#207=CARTESIAN_POINT('Ctrl Pts',(-4.85215283781575,10.431078196895,-0.129803473915993));
#208=CARTESIAN_POINT('Ctrl Pts',(-5.00593498583886,10.5824642174086,-0.076619084960515));
#209=CARTESIAN_POINT('Ctrl Pts',(-5.27506792262713,10.8669476851828,0.0464072570046675));
#210=CARTESIAN_POINT('Ctrl Pts',(-5.46880267505478,11.0994324158177,0.161789991460384));
#211=CARTESIAN_POINT('Ctrl Pts',(-5.53565941526527,11.1923420239845,0.200799903413304));
#212=CARTESIAN_POINT('Ctrl Pts',(-5.55790644131099,11.224897949719,0.210877759663291));
#213=CARTESIAN_POINT('Ctrl Pts',(0.142115557518126,0.691093573964853,-0.217201167092382));
#214=CARTESIAN_POINT('Ctrl Pts',(0.0879620948745605,0.717790188525425,-0.216137746213754));
#215=CARTESIAN_POINT('Ctrl Pts',(-0.00996217980043324,0.788705065252616,
-0.21504493180472));
#216=CARTESIAN_POINT('Ctrl Pts',(-0.140425296124776,0.988545006846578,-0.217770521481977));
#217=CARTESIAN_POINT('Ctrl Pts',(-0.166753307480522,1.16243544200577,-0.224141976878858));
#218=CARTESIAN_POINT('Ctrl Pts',(-0.195088232221428,1.40625940611573,-0.235939330023316));
#219=CARTESIAN_POINT('Ctrl Pts',(-0.171473928578054,1.87552400428615,-0.262263489995117));
#220=CARTESIAN_POINT('Ctrl Pts',(-0.0772407111012073,2.70541995400423,-0.316545661077498));
#221=CARTESIAN_POINT('Ctrl Pts',(-0.0775718410513103,3.42360958253031,-0.365261395605751));
#222=CARTESIAN_POINT('Ctrl Pts',(-0.144055007361533,4.13554539803764,-0.413347870936059));
#223=CARTESIAN_POINT('Ctrl Pts',(-0.269677767327277,4.61589242411862,-0.44393954196873));
#224=CARTESIAN_POINT('Ctrl Pts',(-0.536511754552663,5.41253185319711,-0.489531780291157));
#225=CARTESIAN_POINT('Ctrl Pts',(-1.10414467589918,6.51963982243792,-0.544678845545816));
#226=CARTESIAN_POINT('Ctrl Pts',(-2.42612538816936,8.10325485164767,-0.549761910699248));
#227=CARTESIAN_POINT('Ctrl Pts',(-3.59250069911282,9.22619975954637,-0.444021484949121));
#228=CARTESIAN_POINT('Ctrl Pts',(-4.26900958872978,9.8599343100185,-0.312593136117053));
#229=CARTESIAN_POINT('Ctrl Pts',(-4.60054660855677,10.1753994805228,-0.226055642769032));
#230=CARTESIAN_POINT('Ctrl Pts',(-4.74621091543819,10.31724111474,-0.180027079237644));
#231=CARTESIAN_POINT('Ctrl Pts',(-4.85788262759364,10.4277701012244,-0.141501112939551));
#232=CARTESIAN_POINT('Ctrl Pts',(-5.01099758922449,10.5795413219811,-0.0875403671390395));
#233=CARTESIAN_POINT('Ctrl Pts',(-5.27882484737948,10.8647786236657,0.0369924954055312));
#234=CARTESIAN_POINT('Ctrl Pts',(-5.47113189063458,11.0980876425757,0.154018402115987));
#235=CARTESIAN_POINT('Ctrl Pts',(-5.5370772951611,11.191523410645,0.194077571745269));
#236=CARTESIAN_POINT('Ctrl Pts',(-5.55890967258603,11.2243187338723,0.204634837718377));
#237=CARTESIAN_POINT('Ctrl Pts',(0.108335445848295,0.671575971497846,-0.228818117286415));
#238=CARTESIAN_POINT('Ctrl Pts',(0.0543248376037931,0.698351540765277,-0.227299312545026));
#239=CARTESIAN_POINT('Ctrl Pts',(-0.0433090892905549,0.769431116270933,
-0.225149132748133));
#240=CARTESIAN_POINT('Ctrl Pts',(-0.173413193635179,0.969487820089069,-0.225963969325094));
#241=CARTESIAN_POINT('Ctrl Pts',(-0.199895278904313,1.14330437818141,-0.232024448496735));
#242=CARTESIAN_POINT('Ctrl Pts',(-0.229655920107349,1.38629191189598,-0.247914224411688));
#243=CARTESIAN_POINT('Ctrl Pts',(-0.210931872911087,1.8527117043159,-0.281879633548975));
#244=CARTESIAN_POINT('Ctrl Pts',(-0.125976196836343,2.6772321917842,-0.346815744690308));
#245=CARTESIAN_POINT('Ctrl Pts',(-0.133105601346076,3.39149051981737,-0.402981009140277));
#246=CARTESIAN_POINT('Ctrl Pts',(-0.205182758059117,4.10020025205756,-0.45722927034235));
#247=CARTESIAN_POINT('Ctrl Pts',(-0.332754191722379,4.57944238281225,-0.490373916185335));
#248=CARTESIAN_POINT('Ctrl Pts',(-0.598383192986584,5.37687927757895,-0.536626933201331));
#249=CARTESIAN_POINT('Ctrl Pts',(-1.16102910891682,6.48696428286478,-0.590641497335278));
#250=CARTESIAN_POINT('Ctrl Pts',(-2.46913956832096,8.07850509525504,-0.589903780919704));
#251=CARTESIAN_POINT('Ctrl Pts',(-3.62227910107889,9.20898398667077,-0.47718483461794));
#252=CARTESIAN_POINT('Ctrl Pts',(-4.29061484678844,9.84742684119357,-0.340310074927524));
#253=CARTESIAN_POINT('Ctrl Pts',(-4.61805770709874,10.1652694853461,-0.250568944463185));
#254=CARTESIAN_POINT('Ctrl Pts',(-4.76190979691863,10.308170187895,-0.202919171455396));
#255=CARTESIAN_POINT('Ctrl Pts',(-4.87219794820976,10.4195102024396,-0.163051328560304));
#256=CARTESIAN_POINT('Ctrl Pts',(-5.02379736450674,10.5721719306663,-0.107833146597784));
#257=CARTESIAN_POINT('Ctrl Pts',(-5.28868864857155,10.8591482512224,0.0190807307117055));
#258=CARTESIAN_POINT('Ctrl Pts',(-5.47793098421599,11.0942441545536,0.138920817838052));
#259=CARTESIAN_POINT('Ctrl Pts',(-5.54200557902518,11.1887121628091,0.181034183119212));
#260=CARTESIAN_POINT('Ctrl Pts',(-5.56300469961877,11.2219544689125,0.192598128040308));
#261=CARTESIAN_POINT('Ctrl Pts',(0.0733528520475981,0.651336839315821,-0.229994543859593));
#262=CARTESIAN_POINT('Ctrl Pts',(0.0196410814742232,0.678274860353994,-0.228098690760745));
#263=CARTESIAN_POINT('Ctrl Pts',(-0.0774457506279201,0.749661904113469,
-0.225057114022182));
#264=CARTESIAN_POINT('Ctrl Pts',(-0.207004077057607,0.950060867164854,-0.224252153259726));
#265=CARTESIAN_POINT('Ctrl Pts',(-0.233830966669369,1.12372151015309,-0.230077709710059));
#266=CARTESIAN_POINT('Ctrl Pts',(-0.265435117137006,1.36560664469976,-0.249718138920852));
#267=CARTESIAN_POINT('Ctrl Pts',(-0.253158929996887,1.82824246572683,-0.286166531622743));
#268=CARTESIAN_POINT('Ctrl Pts',(-0.180726377663338,2.64547813511254,-0.3494665123003));
#269=CARTESIAN_POINT('Ctrl Pts',(-0.19710751108313,3.3543768994375,-0.403235128288971));
#270=CARTESIAN_POINT('Ctrl Pts',(-0.276859848661467,4.0586656931417,-0.455000728783384));
#271=CARTESIAN_POINT('Ctrl Pts',(-0.407329156317446,4.5362924755117,-0.486908145814629));
#272=CARTESIAN_POINT('Ctrl Pts',(-0.672637921128616,5.33420555459475,-0.53343981742576));
#273=CARTESIAN_POINT('Ctrl Pts',(-1.23051398624054,6.44732433911216,-0.59097843867462));
#274=CARTESIAN_POINT('Ctrl Pts',(-2.52235737944753,8.0480216267387,-0.600167049023452));
#275=CARTESIAN_POINT('Ctrl Pts',(-3.65941791381743,9.18747546292897,-0.494575319050888));
#276=CARTESIAN_POINT('Ctrl Pts',(-4.31799661090817,9.83152160356232,-0.359089964953462));
#277=CARTESIAN_POINT('Ctrl Pts',(-4.64063721500285,10.1521760736663,-0.26865863026992));
#278=CARTESIAN_POINT('Ctrl Pts',(-4.78239798158852,10.2963207959259,-0.220093574350554));
#279=CARTESIAN_POINT('Ctrl Pts',(-4.89110629604852,10.4086079333114,-0.179202186712648));
#280=CARTESIAN_POINT('Ctrl Pts',(-5.04090290229029,10.5623549013362,-0.123301863923031));
#281=CARTESIAN_POINT('Ctrl Pts',(-5.3024075469116,10.8514122535863,0.0047555737746958));
#282=CARTESIAN_POINT('Ctrl Pts',(-5.48835024179809,11.0884632246253,0.12646918730146));
#283=CARTESIAN_POINT('Ctrl Pts',(-5.55051514196432,11.1838967665354,0.170524098848815));
#284=CARTESIAN_POINT('Ctrl Pts',(-5.57067619044938,11.2175253316163,0.183178365774304));
#285=CARTESIAN_POINT('Ctrl Pts',(0.0279411847368499,0.625046348847884,-0.224567337333195));
#286=CARTESIAN_POINT('Ctrl Pts',(-0.0252896779130933,0.652244693769874,
-0.222231709651391));
#287=CARTESIAN_POINT('Ctrl Pts',(-0.121521141557818,0.724111152615647,-0.218145432065595));
#288=CARTESIAN_POINT('Ctrl Pts',(-0.250303417034618,0.925004839074069,-0.215448062819318));
#289=CARTESIAN_POINT('Ctrl Pts',(-0.277734352485501,1.09839091169284,-0.221051037324268));
#290=CARTESIAN_POINT('Ctrl Pts',(-0.312016903579007,1.33866427644943,-0.245440056388191));
#291=CARTESIAN_POINT('Ctrl Pts',(-0.307193716207855,1.79689175322381,-0.281833414006951));
#292=CARTESIAN_POINT('Ctrl Pts',(-0.248311339927572,2.60621040183417,-0.334916121896185));
#293=CARTESIAN_POINT('Ctrl Pts',(-0.274427136071285,3.3094577894361,-0.379083523863064));
#294=CARTESIAN_POINT('Ctrl Pts',(-0.362117225907424,4.00918147263119,-0.421894582854275));
#295=CARTESIAN_POINT('Ctrl Pts',(-0.495496837081088,4.48522722864569,-0.449706127561367));
#296=CARTESIAN_POINT('Ctrl Pts',(-0.760924168766229,5.28357250568046,-0.496382381293251));
#297=CARTESIAN_POINT('Ctrl Pts',(-1.31468910073469,6.39954592854451,-0.561576401423837));
#298=CARTESIAN_POINT('Ctrl Pts',(-2.58979874186402,8.00950000615718,-0.59385354851679));
#299=CARTESIAN_POINT('Ctrl Pts',(-3.70907577278039,9.15869132767619,-0.506590733514846));
#300=CARTESIAN_POINT('Ctrl Pts',(-4.35607324115921,9.80937242100523,-0.377262054940079));
#301=CARTESIAN_POINT('Ctrl Pts',(-4.67265760612458,10.133590908036,-0.287505987821768));
#302=CARTESIAN_POINT('Ctrl Pts',(-4.81162091020456,10.2794136399112,-0.23817416717601));
#303=CARTESIAN_POINT('Ctrl Pts',(-4.91812763692328,10.3930320256106,-0.196128902409762));
#304=CARTESIAN_POINT('Ctrl Pts',(-5.06539565193716,10.5483151646739,-0.139690634386606));
#305=CARTESIAN_POINT('Ctrl Pts',(-5.32222998838047,10.8402850559993,-0.0109105439144165));
#306=CARTESIAN_POINT('Ctrl Pts',(-5.50374927487279,11.0799758515632,0.112669729821516));
#307=CARTESIAN_POINT('Ctrl Pts',(-5.56339707518763,11.1766271286672,0.159206894808483));
#308=CARTESIAN_POINT('Ctrl Pts',(-5.58245008382881,11.2107276711041,0.173348500494014));
#309=CARTESIAN_POINT('Ctrl Pts',(0.000561876709283208,0.609177104426377,
-0.213988649370191));
#310=CARTESIAN_POINT('Ctrl Pts',(-0.0522822906002475,0.636583846741491,
-0.211440309026359));
#311=CARTESIAN_POINT('Ctrl Pts',(-0.147847203405855,0.708822761572207,-0.206839882673484));
#312=CARTESIAN_POINT('Ctrl Pts',(-0.276091646789421,0.910066990957727,-0.203225300528394));
#313=CARTESIAN_POINT('Ctrl Pts',(-0.30405026413384,1.08321202104878,-0.208778446120463));
#314=CARTESIAN_POINT('Ctrl Pts',(-0.340247150773559,1.3223240598585,-0.235881331330596));
#315=CARTESIAN_POINT('Ctrl Pts',(-0.3402748007213,1.77766055138409,-0.272968618105912));
#316=CARTESIAN_POINT('Ctrl Pts',(-0.290012382866982,2.58192199992207,-0.322001939963203));
#317=CARTESIAN_POINT('Ctrl Pts',(-0.322243768716002,3.28161190674674,-0.362028212915947));
#318=CARTESIAN_POINT('Ctrl Pts',(-0.414896221057668,3.97848579390457,-0.40087428049145));
#319=CARTESIAN_POINT('Ctrl Pts',(-0.550124892970896,4.45354910314172,-0.426758186349269));
#320=CARTESIAN_POINT('Ctrl Pts',(-0.816178564615156,5.25196213382324,-0.473279337849205));
#321=CARTESIAN_POINT('Ctrl Pts',(-1.36832885975169,6.36928034830143,-0.542041740066033));
#322=CARTESIAN_POINT('Ctrl Pts',(-2.63399954175515,7.98433714904711,-0.586294136666572));
#323=CARTESIAN_POINT('Ctrl Pts',(-3.74250640592981,9.13929223894054,-0.509072850369709));
#324=CARTESIAN_POINT('Ctrl Pts',(-4.38222165212851,9.79413358092898,-0.383400084378309));
#325=CARTESIAN_POINT('Ctrl Pts',(-4.69488908795675,10.1206713509839,-0.294244832863653));
#326=CARTESIAN_POINT('Ctrl Pts',(-4.83199646011606,10.2676195448995,-0.244630639130603));
#327=CARTESIAN_POINT('Ctrl Pts',(-4.93701738611096,10.3821473535415,-0.202073860902717));
#328=CARTESIAN_POINT('Ctrl Pts',(-5.08256401404001,10.538489762432,-0.145672480781305));
#329=CARTESIAN_POINT('Ctrl Pts',(-5.33629655799474,10.832435837183,-0.0172438648292528));
#330=CARTESIAN_POINT('Ctrl Pts',(-5.51500220257022,11.0738248182317,0.106879803982717));
#331=CARTESIAN_POINT('Ctrl Pts',(-5.57309139227069,11.1711739781412,0.154874592531283));
#332=CARTESIAN_POINT('Ctrl Pts',(-5.59145467204462,11.2055288696736,0.169988697624383));
#333=CARTESIAN_POINT('Ctrl Pts',(-0.0348244510685904,0.588633971308648,
-0.189178235016471));
#334=CARTESIAN_POINT('Ctrl Pts',(-0.0870142262663351,0.616391392288801,
-0.18640799039956));
#335=CARTESIAN_POINT('Ctrl Pts',(-0.18150122474602,0.689230041817906,-0.181265586101558));
#336=CARTESIAN_POINT('Ctrl Pts',(-0.30906265225442,0.89094169197743,-0.176722831182539));
#337=CARTESIAN_POINT('Ctrl Pts',(-0.338096781346636,1.06358192759145,-0.182369074599651));
#338=CARTESIAN_POINT('Ctrl Pts',(-0.377426535727442,1.30078280241523,-0.213163203856316));
#339=CARTESIAN_POINT('Ctrl Pts',(-0.385311285939292,1.7514180217754,-0.252197210213236));
#340=CARTESIAN_POINT('Ctrl Pts',(-0.349078941922642,2.54743228491311,-0.298048204658408));
#341=CARTESIAN_POINT('Ctrl Pts',(-0.391272077291348,3.24132212545632,-0.334217649181479));
#342=CARTESIAN_POINT('Ctrl Pts',(-0.492029307896803,3.93354451616309,-0.369138920309995));
#343=CARTESIAN_POINT('Ctrl Pts',(-0.630365246142264,4.40696924253379,-0.392962814170659));
#344=CARTESIAN_POINT('Ctrl Pts',(-0.898061767673891,5.20521775102942,-0.438962133423928));
#345=CARTESIAN_POINT('Ctrl Pts',(-1.44873042126331,6.32414471179991,-0.511314167696623));
#346=CARTESIAN_POINT('Ctrl Pts',(-2.70076707071973,7.94643979780523,-0.569520666116085));
#347=CARTESIAN_POINT('Ctrl Pts',(-3.79297556621594,9.10997509587841,-0.504827423643032));
#348=CARTESIAN_POINT('Ctrl Pts',(-4.42152529232785,9.77118225201337,-0.384126610641293));
#349=CARTESIAN_POINT('Ctrl Pts',(-4.7281333052587,10.1013240454083,-0.296041817266069));
#350=CARTESIAN_POINT('Ctrl Pts',(-4.86234585647281,10.2500420512366,-0.246258811775879));
#351=CARTESIAN_POINT('Ctrl Pts',(-4.96503634490268,10.3660095454997,-0.203222875216447));
#352=CARTESIAN_POINT('Ctrl Pts',(-5.10790252086221,10.5240189746491,-0.147389987341961));
#353=CARTESIAN_POINT('Ctrl Pts',(-5.3569425748433,10.8210127086554,-0.0206110816172134));
#354=CARTESIAN_POINT('Ctrl Pts',(-5.53155359265877,11.0649003426298,0.103413142075407));
#355=CARTESIAN_POINT('Ctrl Pts',(-5.58740249344741,11.1631741412891,0.153400802636341));
#356=CARTESIAN_POINT('Ctrl Pts',(-5.60475296929201,11.1978510941779,0.16999902654163));
#357=CARTESIAN_POINT('Ctrl Pts',(-0.0454457313649045,0.582462214873069,
-0.179831441697737));
#358=CARTESIAN_POINT('Ctrl Pts',(-0.0974124448419897,0.610338907098549,
-0.177003344579703));
#359=CARTESIAN_POINT('Ctrl Pts',(-0.191538645703491,0.683377939837448,-0.171717888202942));
#360=CARTESIAN_POINT('Ctrl Pts',(-0.318897485545222,0.885232176476816,-0.166937964077894));
#361=CARTESIAN_POINT('Ctrl Pts',(-0.3483225056089,1.05768745432528,-0.172636906936993));
#362=CARTESIAN_POINT('Ctrl Pts',(-0.388705945290309,1.2942440813841,-0.204566588909289));
#363=CARTESIAN_POINT('Ctrl Pts',(-0.399221667794421,1.74330246833533,-0.244359628049849));
#364=CARTESIAN_POINT('Ctrl Pts',(-0.367697650778497,2.53654686777485,-0.289618541951689));
#365=CARTESIAN_POINT('Ctrl Pts',(-0.413234654412727,3.22848906918561,-0.324892721116243));
#366=CARTESIAN_POINT('Ctrl Pts',(-0.516715664939523,3.91914863135303,-0.358853395114847));
#367=CARTESIAN_POINT('Ctrl Pts',(-0.656107715005711,4.39201809410949,-0.382132485522367));
#368=CARTESIAN_POINT('Ctrl Pts',(-0.924441855258139,5.19017333696249,-0.427917178624364));
#369=CARTESIAN_POINT('Ctrl Pts',(-1.47476968507922,6.30956118756346,-0.501159967065898));
#370=CARTESIAN_POINT('Ctrl Pts',(-2.72246433288324,7.93414108399107,-0.56328985707304));
#371=CARTESIAN_POINT('Ctrl Pts',(-3.80936984733733,9.10044717981982,-0.502280435194624));
#372=CARTESIAN_POINT('Ctrl Pts',(-4.43426535258109,9.7637358422202,-0.383113551722842));
#373=CARTESIAN_POINT('Ctrl Pts',(-4.73888274285151,10.0950639505302,-0.295400898739525));
#374=CARTESIAN_POINT('Ctrl Pts',(-4.87214121509258,10.2443673235364,-0.245601680962643));
#375=CARTESIAN_POINT('Ctrl Pts',(-4.97406177887001,10.3608123630685,-0.202453922899697));
#376=CARTESIAN_POINT('Ctrl Pts',(-5.11604471012194,10.5193736168447,-0.146974641656344));
#377=CARTESIAN_POINT('Ctrl Pts',(-5.36355777368254,10.8173676198586,-0.0211754975464468));
#378=CARTESIAN_POINT('Ctrl Pts',(-5.5368601467237,11.0620579978847,0.102402216808777));
#379=CARTESIAN_POINT('Ctrl Pts',(-5.59199780134474,11.1606131354701,0.152913888176785));
#380=CARTESIAN_POINT('Ctrl Pts',(-5.60902343309961,11.195385540749,0.169996680816453));
#381=CARTESIAN_POINT('Ctrl Pts',(-0.0672053844977742,0.569803125740498,
-0.156069421257431));
#382=CARTESIAN_POINT('Ctrl Pts',(-0.118647013114525,0.597959852501847,-0.153140003977464));
#383=CARTESIAN_POINT('Ctrl Pts',(-0.211942526479649,0.671459224427784,-0.147600307790262));
#384=CARTESIAN_POINT('Ctrl Pts',(-0.338911228327659,0.873600984800934,-0.142419693008599));
#385=CARTESIAN_POINT('Ctrl Pts',(-0.369330744452845,1.0455810713017,-0.148288804072856));
#386=CARTESIAN_POINT('Ctrl Pts',(-0.412187656457671,1.28062237499313,-0.182673660963252));
#387=CARTESIAN_POINT('Ctrl Pts',(-0.428929312025249,1.72594563326165,-0.224434424806048));
#388=CARTESIAN_POINT('Ctrl Pts',(-0.408619632621967,2.51259023292617,-0.269173187416867));
#389=CARTESIAN_POINT('Ctrl Pts',(-0.462139252598819,3.19988221288775,-0.303086388985994));
#390=CARTESIAN_POINT('Ctrl Pts',(-0.572137966322933,3.88680246711366,-0.335444649427731));
#391=CARTESIAN_POINT('Ctrl Pts',(-0.71408611782112,4.35832858906186,-0.357722143651378));
#392=CARTESIAN_POINT('Ctrl Pts',(-0.984089021878829,5.15618844972192,-0.40292880128619));
#393=CARTESIAN_POINT('Ctrl Pts',(-1.53387098008869,6.27653341321294,-0.477628743378094));
#394=CARTESIAN_POINT('Ctrl Pts',(-2.77167183985838,7.90628579104251,-0.547381642799321));
#395=CARTESIAN_POINT('Ctrl Pts',(-3.84632516468243,9.07895868440284,-0.493921352078602));
#396=CARTESIAN_POINT('Ctrl Pts',(-4.46277562453871,9.74705440985334,-0.378070143247405));
#397=CARTESIAN_POINT('Ctrl Pts',(-4.76279340151615,10.0811281067034,-0.291255213674456));
#398=CARTESIAN_POINT('Ctrl Pts',(-4.8938470476145,10.2317883633133,-0.241500418690463));
#399=CARTESIAN_POINT('Ctrl Pts',(-4.99398799013778,10.3493411475375,-0.198190822838094));
#400=CARTESIAN_POINT('Ctrl Pts',(-5.13399336205375,10.5091459459765,-0.143882965661148));
#401=CARTESIAN_POINT('Ctrl Pts',(-5.37820256167107,10.8093358503566,-0.0212813123510907));
#402=CARTESIAN_POINT('Ctrl Pts',(-5.54874885304923,11.0557321706532,0.100374725060357));
#403=CARTESIAN_POINT('Ctrl Pts',(-5.60236077868211,11.1548539157409,0.151807389695566));
#404=CARTESIAN_POINT('Ctrl Pts',(-5.61865579423455,11.1898242944547,0.169997397807281));
#405=CARTESIAN_POINT('Ctrl Pts',(-0.0777797537284807,0.563639650177208,
-0.140971704317342));
#406=CARTESIAN_POINT('Ctrl Pts',(-0.128913786347782,0.591959931917255,-0.138005947085395));
#407=CARTESIAN_POINT('Ctrl Pts',(-0.221735213952401,0.665721327681039,-0.13237146762419));
#408=CARTESIAN_POINT('Ctrl Pts',(-0.348533740538911,0.867999140611844,-0.127059415447578));
#409=CARTESIAN_POINT('Ctrl Pts',(-0.379585895325894,1.03967405367054,-0.133057521566259));
#410=CARTESIAN_POINT('Ctrl Pts',(-0.423887436177964,1.27382833242069,-0.168732874324995));
#411=CARTESIAN_POINT('Ctrl Pts',(-0.444299215121044,1.71694731048437,-0.21176540515349));
#412=CARTESIAN_POINT('Ctrl Pts',(-0.430648685335194,2.49967125376183,-0.25679272301399));
#413=CARTESIAN_POINT('Ctrl Pts',(-0.48892062027178,3.18419432015325,-0.290413130920466));
#414=CARTESIAN_POINT('Ctrl Pts',(-0.602809618242389,3.86888289717752,-0.322282200878552));
#415=CARTESIAN_POINT('Ctrl Pts',(-0.746302877607179,4.33959733142349,-0.344160955788874));
#416=CARTESIAN_POINT('Ctrl Pts',(-1.01739660274267,5.13723292386209,-0.38897863317208));
#417=CARTESIAN_POINT('Ctrl Pts',(-1.56706646281817,6.25803226707168,-0.464320798619364));
#418=CARTESIAN_POINT('Ctrl Pts',(-2.7993956608557,7.89061611764108,-0.53812960340569));
#419=CARTESIAN_POINT('Ctrl Pts',(-3.86711497305489,9.06686321826081,-0.4889002367645));
#420=CARTESIAN_POINT('Ctrl Pts',(-4.47876167689957,9.7376907016813,-0.375037573374508));
#421=CARTESIAN_POINT('Ctrl Pts',(-4.77615475186463,10.0733344004329,-0.288839806993796));
#422=CARTESIAN_POINT('Ctrl Pts',(-4.90594670290962,10.2247740396916,-0.239180627669782));
#423=CARTESIAN_POINT('Ctrl Pts',(-5.00506715728918,10.3429647321449,-0.195844386297593));
#424=CARTESIAN_POINT('Ctrl Pts',(-5.14394581773704,10.5034818295354,-0.142226385544073));
#425=CARTESIAN_POINT('Ctrl Pts',(-5.38630537789846,10.8049146886893,-0.0214238457322032));
#426=CARTESIAN_POINT('Ctrl Pts',(-5.55534550938169,11.0522502234082,0.0991943461955268));
#427=CARTESIAN_POINT('Ctrl Pts',(-5.60812706278682,11.1516606236832,0.151180876106794));
#428=CARTESIAN_POINT('Ctrl Pts',(-5.62401680953291,11.186729110829,0.169997209930402));
#429=CARTESIAN_POINT('Ctrl Pts',(-0.0875364685915344,0.557936121880539,
-0.122458800690176));
#430=CARTESIAN_POINT('Ctrl Pts',(-0.13831396079264,0.586445300459125,-0.119471658145897));
#431=CARTESIAN_POINT('Ctrl Pts',(-0.23060343274227,0.660499702467729,-0.113775496139301));
#432=CARTESIAN_POINT('Ctrl Pts',(-0.357288131679252,0.862888889805011,-0.108401923070739));
#433=CARTESIAN_POINT('Ctrl Pts',(-0.389148040367276,1.03417000966526,-0.114574714039382));
#434=CARTESIAN_POINT('Ctrl Pts',(-0.435139060810189,1.26728489355007,-0.151616606765208));
#435=CARTESIAN_POINT('Ctrl Pts',(-0.459942173754666,1.70776547035749,-0.196211128774772));
#436=CARTESIAN_POINT('Ctrl Pts',(-0.454354331689752,2.48574263460959,-0.242044598581173));
#437=CARTESIAN_POINT('Ctrl Pts',(-0.518405890161442,3.16689844233174,-0.275726354537431));
#438=CARTESIAN_POINT('Ctrl Pts',(-0.637043989266955,3.84886249163972,-0.307382525150715));
#439=CARTESIAN_POINT('Ctrl Pts',(-0.78244528616165,4.31857240150563,-0.328945285609847));
#440=CARTESIAN_POINT('Ctrl Pts',(-1.05493034528344,5.11589447968984,-0.373258266553443));
#441=CARTESIAN_POINT('Ctrl Pts',(-1.60466679110262,6.23712599980493,-0.449149769738334));
#442=CARTESIAN_POINT('Ctrl Pts',(-2.83087890990005,7.87284589053482,-0.527318436967614));
#443=CARTESIAN_POINT('Ctrl Pts',(-3.8906878749754,9.05314172074503,-0.482869377834152));
#444=CARTESIAN_POINT('Ctrl Pts',(-4.49683474236955,9.72709418196715,-0.371390609473436));
#445=CARTESIAN_POINT('Ctrl Pts',(-4.79121610631165,10.0645426728505,-0.286010108301637));
#446=CARTESIAN_POINT('Ctrl Pts',(-4.91955731751937,10.2168814242714,-0.236533146903266));
#447=CARTESIAN_POINT('Ctrl Pts',(-5.01750265517006,10.3358094243529,-0.193234093666323));
#448=CARTESIAN_POINT('Ctrl Pts',(-5.15508945237882,10.4971470097116,-0.140429772498741));
#449=CARTESIAN_POINT('Ctrl Pts',(-5.39535916516457,10.7999978813249,-0.0216660034351281));
#450=CARTESIAN_POINT('Ctrl Pts',(-5.56273470709412,11.0483785675716,0.0978199129480996));
#451=CARTESIAN_POINT('Ctrl Pts',(-5.61460301665921,11.1480858343179,0.150469105578095));
#452=CARTESIAN_POINT('Ctrl Pts',(-5.6300398147764,11.1832517271303,0.169997263326659));
#453=CARTESIAN_POINT('Ctrl Pts',(-0.0885831296177875,0.557324018924546,
-0.120405646446469));
#454=CARTESIAN_POINT('Ctrl Pts',(-0.139323127352887,0.585852965944181,-0.117417726071781));
#455=CARTESIAN_POINT('Ctrl Pts',(-0.231559330088648,0.659936558008739,-0.111719085269445));
#456=CARTESIAN_POINT('Ctrl Pts',(-0.358244962988528,0.8623302667767,-0.106348749666156));
#457=CARTESIAN_POINT('Ctrl Pts',(-0.390202207613945,1.03356323290251,-0.112546305005991));
#458=CARTESIAN_POINT('Ctrl Pts',(-0.436379911663104,1.26656324394518,-0.149737298906005));
#459=CARTESIAN_POINT('Ctrl Pts',(-0.461665732038489,1.70675370561339,-0.194502725961195));
#460=CARTESIAN_POINT('Ctrl Pts',(-0.456962209806044,2.48421013393046,-0.24042450631093));
#461=CARTESIAN_POINT('Ctrl Pts',(-0.521647306527219,3.16499679948696,-0.274112890423346));
#462=CARTESIAN_POINT('Ctrl Pts',(-0.640805621312918,3.84666242715686,-0.305745443607737));
#463=CARTESIAN_POINT('Ctrl Pts',(-0.786416178904791,4.31626228113663,-0.32727326877405));
#464=CARTESIAN_POINT('Ctrl Pts',(-1.05905653490496,5.11354898660209,-0.371529940429931));
#465=CARTESIAN_POINT('Ctrl Pts',(-1.60880318633679,6.2348267795452,-0.447479562909589));
#466=CARTESIAN_POINT('Ctrl Pts',(-2.83434336294851,7.87089076037509,-0.526124630777919));
#467=CARTESIAN_POINT('Ctrl Pts',(-3.89328141978688,9.05163195839935,-0.482201345558733));
#468=CARTESIAN_POINT('Ctrl Pts',(-4.49882245871599,9.72592861342311,-0.370986580231885));
#469=CARTESIAN_POINT('Ctrl Pts',(-4.79287199814048,10.06357599671,-0.285697581739002));
#470=CARTESIAN_POINT('Ctrl Pts',(-4.92105333488725,10.2160138715565,-0.236241675487485));
#471=CARTESIAN_POINT('Ctrl Pts',(-5.01886914903397,10.3350231755959,-0.192947630939665));
#472=CARTESIAN_POINT('Ctrl Pts',(-5.1563136179921,10.4964512064772,-0.140233253592277));
#473=CARTESIAN_POINT('Ctrl Pts',(-5.39635348606578,10.7994582155148,-0.0216937585821347));
#474=CARTESIAN_POINT('Ctrl Pts',(-5.56354644937478,11.0479536355223,0.0976682019781269));
#475=CARTESIAN_POINT('Ctrl Pts',(-5.61531466461909,11.1476931540248,0.150390762584695));
#476=CARTESIAN_POINT('Ctrl Pts',(-5.63070171743795,11.1828695774505,0.169997257823144));
#477=CARTESIAN_POINT('Ctrl Pts',(-0.163926911771677,0.513242315239045,0.0325845095643287));
#478=CARTESIAN_POINT('Ctrl Pts',(-0.212027480294544,0.543155179070973,0.0355152219779648));
#479=CARTESIAN_POINT('Ctrl Pts',(-0.300723856139512,0.619165925733842,0.0410857705910119));
#480=CARTESIAN_POINT('Ctrl Pts',(-0.428504274511912,0.821304505658125,0.0454886492223318));
#481=CARTESIAN_POINT('Ctrl Pts',(-0.468298270009195,0.988612023722278,0.0370592129561836));
#482=CARTESIAN_POINT('Ctrl Pts',(-0.528319284533018,1.21309141751692,-0.01105386753938));
#483=CARTESIAN_POINT('Ctrl Pts',(-0.589230984542079,1.63186235395977,-0.0683644071008347));
#484=CARTESIAN_POINT('Ctrl Pts',(-0.649768529595674,2.37089404478334,-0.120818707370447));
#485=CARTESIAN_POINT('Ctrl Pts',(-0.761152612627697,3.0244681193916,-0.155002436053654));
#486=CARTESIAN_POINT('Ctrl Pts',(-0.918661980222855,3.68413514301942,-0.184901921767062));
#487=CARTESIAN_POINT('Ctrl Pts',(-1.07969218962801,4.14563398395206,-0.203832045574173));
#488=CARTESIAN_POINT('Ctrl Pts',(-1.36395497483582,4.94025414884271,-0.243853157436109));
#489=CARTESIAN_POINT('Ctrl Pts',(-1.9146201435588,6.06488717959913,-0.323905915492878));
#490=CARTESIAN_POINT('Ctrl Pts',(-3.09056748290792,7.72631696552926,-0.437544252016426));
#491=CARTESIAN_POINT('Ctrl Pts',(-4.08505699681682,8.93998825369681,-0.432473120199205));
#492=CARTESIAN_POINT('Ctrl Pts',(-4.64575091092366,9.63976167250399,-0.340906706114479));
#493=CARTESIAN_POINT('Ctrl Pts',(-4.91522910995488,9.99214007087501,-0.26249854522246));
#494=CARTESIAN_POINT('Ctrl Pts',(-5.03156909187548,10.1519225366227,-0.214671623085197));
#495=CARTESIAN_POINT('Ctrl Pts',(-5.11978982152021,10.2769574741287,-0.171813901072299));
#496=CARTESIAN_POINT('Ctrl Pts',(-5.24669596024274,10.4450859776535,-0.125781158290615));
#497=CARTESIAN_POINT('Ctrl Pts',(-5.4697473877474,10.759646950359,-0.0238243412216601));
#498=CARTESIAN_POINT('Ctrl Pts',(-5.62348212345233,11.0166068322988,0.0864152038295837));
#499=CARTESIAN_POINT('Ctrl Pts',(-5.66787661223367,11.1187013810366,0.144596992227788));
#500=CARTESIAN_POINT('Ctrl Pts',(-5.67959180101792,11.1546428745348,0.169997509651738));
#501=CARTESIAN_POINT('Ctrl Pts',(-0.342346877337387,0.408383848053984,0.301413076531709));
#502=CARTESIAN_POINT('Ctrl Pts',(-0.382392930911997,0.442502630509993,0.303394505028589));
#503=CARTESIAN_POINT('Ctrl Pts',(-0.460582124264729,0.524209614985189,0.307756832629803));
#504=CARTESIAN_POINT('Ctrl Pts',(-0.592809560989231,0.724977483722492,0.311015621034142));
#505=CARTESIAN_POINT('Ctrl Pts',(-0.656776532549867,0.880230834010364,0.301559139531389));
#506=CARTESIAN_POINT('Ctrl Pts',(-0.753576014936601,1.08179924146798,0.243881892837206));
#507=CARTESIAN_POINT('Ctrl Pts',(-0.883816102692325,1.45784182348603,0.171157969740287));
#508=CARTESIAN_POINT('Ctrl Pts',(-1.05773477563001,2.1290069614749,0.107681495933004));
#509=CARTESIAN_POINT('Ctrl Pts',(-1.24556577061289,2.73764774220827,0.0733155727036358));
#510=CARTESIAN_POINT('Ctrl Pts',(-1.46394175378948,3.36262865119804,0.0481425749235303));
#511=CARTESIAN_POINT('Ctrl Pts',(-1.65056792856477,3.81189444569989,0.0366874216023546));
#512=CARTESIAN_POINT('Ctrl Pts',(-1.98147903085261,4.59242056133108,0.0146339793107824));
#513=CARTESIAN_POINT('Ctrl Pts',(-2.5614733537302,5.71245672100935,-0.0488658378480063));
#514=CARTESIAN_POINT('Ctrl Pts',(-3.6437170192357,7.41761502294372,-0.203331742514249));
#515=CARTESIAN_POINT('Ctrl Pts',(-4.49400131168075,8.70095678428042,-0.278754202100538));
#516=CARTESIAN_POINT('Ctrl Pts',(-4.95162701025305,9.45891673366624,-0.247319494032534));
#517=CARTESIAN_POINT('Ctrl Pts',(-5.16374864029852,9.84613948923777,-0.200196877390867));
#518=CARTESIAN_POINT('Ctrl Pts',(-5.25205456837388,10.0237202284145,-0.166300942983969));
#519=CARTESIAN_POINT('Ctrl Pts',(-5.3173241930512,10.163548718337,-0.133921239055075));
#520=CARTESIAN_POINT('Ctrl Pts',(-5.41973661992548,10.3477749522433,-0.106564892789982));
#521=CARTESIAN_POINT('Ctrl Pts',(-5.60753054006562,10.6882342745966,-0.0397299181467381));
#522=CARTESIAN_POINT('Ctrl Pts',(-5.73856879133834,10.9605024913648,0.0573811825951924));
#523=CARTESIAN_POINT('Ctrl Pts',(-5.77122280616255,11.0633360802459,0.132047857417408));
#524=CARTESIAN_POINT('Ctrl Pts',(-5.77604755226528,11.0989541205886,0.17000051901114));
#525=CARTESIAN_POINT('Ctrl Pts',(-0.583285066382749,0.267392198992074,0.485264144134192));
#526=CARTESIAN_POINT('Ctrl Pts',(-0.615437752213681,0.305614658115869,0.485969324900952));
#527=CARTESIAN_POINT('Ctrl Pts',(-0.682907477489567,0.393132778273887,0.488430257803228));
#528=CARTESIAN_POINT('Ctrl Pts',(-0.817805982613503,0.5935800687318,0.490584568801806));
#529=CARTESIAN_POINT('Ctrl Pts',(-0.903729980765148,0.738098026853604,0.483529254605398));
#530=CARTESIAN_POINT('Ctrl Pts',(-1.03173512169964,0.919938178260935,0.436550571225822));
#531=CARTESIAN_POINT('Ctrl Pts',(-1.21883023377276,1.26039795000968,0.3728629515299));
#532=CARTESIAN_POINT('Ctrl Pts',(-1.4875439936075,1.8743773591489,0.317713393182544));
#533=CARTESIAN_POINT('Ctrl Pts',(-1.73923589526631,2.44533487928741,0.29314365853973));
#534=CARTESIAN_POINT('Ctrl Pts',(-2.00888730424546,3.04117657865487,0.279353324484555));
#535=CARTESIAN_POINT('Ctrl Pts',(-2.2189779836893,3.47949263405785,0.277041172246794));
#536=CARTESIAN_POINT('Ctrl Pts',(-2.60442023272215,4.24163945596094,0.272913932790316));
#537=CARTESIAN_POINT('Ctrl Pts',(-3.21275068751868,5.35790757717442,0.237364709725002));
#538=CARTESIAN_POINT('Ctrl Pts',(-4.18425839020223,7.11641317999373,0.0672153271791344));
#539=CARTESIAN_POINT('Ctrl Pts',(-4.88087456627243,8.47460741574441,-0.0819814568743988));
#540=CARTESIAN_POINT('Ctrl Pts',(-5.24076344234898,9.28764847597423,-0.124157789922091));
#541=CARTESIAN_POINT('Ctrl Pts',(-5.40328544200875,9.705272940256,-0.12271293200754));
#542=CARTESIAN_POINT('Ctrl Pts',(-5.46921782062877,9.8974172636764,-0.11242394204438));
#543=CARTESIAN_POINT('Ctrl Pts',(-5.51703139097014,10.0488986901178,-0.0996392763846731));
#544=CARTESIAN_POINT('Ctrl Pts',(-5.59560989113042,10.2488822458977,-0.0916622353564672));
#545=CARTESIAN_POINT('Ctrl Pts',(-5.74407303960075,10.6177064131665,-0.052089560298329));
#546=CARTESIAN_POINT('Ctrl Pts',(-5.84904468221505,10.9072743669562,0.0382133111225502));
#547=CARTESIAN_POINT('Ctrl Pts',(-5.87176769303223,11.0096772110067,0.125401180632043));
#548=CARTESIAN_POINT('Ctrl Pts',(-5.87250532422127,11.0432641999796,0.169994862155081));
#549=CARTESIAN_POINT('Ctrl Pts',(-0.728171480886141,0.183087221726733,0.557731617126432));
#550=CARTESIAN_POINT('Ctrl Pts',(-0.757722574221816,0.222654240459725,0.558011459314052));
#551=CARTESIAN_POINT('Ctrl Pts',(-0.821263291764535,0.312309623737059,0.559549616692919));
#552=CARTESIAN_POINT('Ctrl Pts',(-0.955487285640701,0.513570454301955,0.560621087972812));
#553=CARTESIAN_POINT('Ctrl Pts',(-1.04735254232451,0.655332289499282,0.554812335409373));
#554=CARTESIAN_POINT('Ctrl Pts',(-1.18401906199984,0.831577525510807,0.517960832175436));
#555=CARTESIAN_POINT('Ctrl Pts',(-1.39554151931866,1.15697677901759,0.466952148979336));
#556=CARTESIAN_POINT('Ctrl Pts',(-1.71353072343887,1.74165438963497,0.425158554421793));
#557=CARTESIAN_POINT('Ctrl Pts',(-2.0013054458593,2.2914971688926,0.410364326747508));
#558=CARTESIAN_POINT('Ctrl Pts',(-2.30137408115627,2.8699388022019,0.405222588933334));
#559=CARTESIAN_POINT('Ctrl Pts',(-2.52556944558782,3.3010133313701,0.407279522756584));
#560=CARTESIAN_POINT('Ctrl Pts',(-2.93172281181506,4.05575221710691,0.407547931915247));
#561=CARTESIAN_POINT('Ctrl Pts',(-3.54001041661837,5.17641679702829,0.379794752925909));
#562=CARTESIAN_POINT('Ctrl Pts',(-4.44100279542789,6.97195907370006,0.199591251777143));
#563=CARTESIAN_POINT('Ctrl Pts',(-5.0595487210318,8.3704124533237,0.0165412800264645));
#564=CARTESIAN_POINT('Ctrl Pts',(-5.37783709216627,9.20700382190274,-0.0607849261199598));
#565=CARTESIAN_POINT('Ctrl Pts',(-5.52273849633635,9.63541444757209,-0.0819936684530493));
#566=CARTESIAN_POINT('Ctrl Pts',(-5.58223422459638,9.8318465150486,-0.0837716240580027));
#567=CARTESIAN_POINT('Ctrl Pts',(-5.62580321153432,9.98632526061853,-0.0811971798977393));
#568=CARTESIAN_POINT('Ctrl Pts',(-5.69397172734491,10.1930122855876,-0.0810205211894569));
#569=CARTESIAN_POINT('Ctrl Pts',(-5.82016028751817,10.5766608023599,-0.0505361557359588));
#570=CARTESIAN_POINT('Ctrl Pts',(-5.9073327901465,10.877286325015,0.0369017612674988));
#571=CARTESIAN_POINT('Ctrl Pts',(-5.92421335856038,10.9809221018665,0.12560862983849));
#572=CARTESIAN_POINT('Ctrl Pts',(-5.92407543302967,11.0134901837754,0.169993217854858));
#573=CARTESIAN_POINT('Ctrl Pts',(-0.737494150519549,0.177663936863371,0.563346112068972));
#574=CARTESIAN_POINT('Ctrl Pts',(-0.766893442626762,0.217308776343834,0.563528292606973));
#575=CARTESIAN_POINT('Ctrl Pts',(-0.830214289225849,0.30708292206279,0.564806894533058));
#576=CARTESIAN_POINT('Ctrl Pts',(-0.964449213798995,0.508363894379304,0.565325449646949));
#577=CARTESIAN_POINT('Ctrl Pts',(-1.05671066137346,0.649939031317779,0.559317219688304));
#578=CARTESIAN_POINT('Ctrl Pts',(-1.19390181931103,0.825844301795306,0.523142634317217));
#579=CARTESIAN_POINT('Ctrl Pts',(-1.40697918405199,1.15028611524805,0.472992353091205));
#580=CARTESIAN_POINT('Ctrl Pts',(-1.72815635399314,1.73306997420589,0.432101673348893));
#581=CARTESIAN_POINT('Ctrl Pts',(-2.01827844564326,2.28153989071379,0.417960105837111));
#582=CARTESIAN_POINT('Ctrl Pts',(-2.32033288081427,2.85884508424635,0.413387651067945));
#583=CARTESIAN_POINT('Ctrl Pts',(-2.54544903237379,3.28944424476964,0.415725734048903));
#584=CARTESIAN_POINT('Ctrl Pts',(-2.95290587535441,4.04371433702148,0.416256870153997));
#585=CARTESIAN_POINT('Ctrl Pts',(-3.56112120689217,5.16469331629126,0.388979072421484));
#586=CARTESIAN_POINT('Ctrl Pts',(-4.45749401640309,6.96267346295992,0.208115056630093));
#587=CARTESIAN_POINT('Ctrl Pts',(-5.07099944120198,8.36373667291712,0.0228961662692656));
#588=CARTESIAN_POINT('Ctrl Pts',(-5.38664018447859,9.20182747543161,-0.0566892186508996));
#589=CARTESIAN_POINT('Ctrl Pts',(-5.53043977767406,9.63091246005461,-0.0793579702613992));
#590=CARTESIAN_POINT('Ctrl Pts',(-5.58954324657069,9.82760664674542,-0.0819153667882948));
#591=CARTESIAN_POINT('Ctrl Pts',(-5.63286004388752,9.98226509325298,-0.0800013174318218));
#592=CARTESIAN_POINT('Ctrl Pts',(-5.70036451656143,10.1893787437569,-0.0803186303161505));
#593=CARTESIAN_POINT('Ctrl Pts',(-5.82510420368725,10.5739862730082,-0.0503985984387256));
#594=CARTESIAN_POINT('Ctrl Pts',(-5.91110607953284,10.8753363841747,0.0368570765548312));
#595=CARTESIAN_POINT('Ctrl Pts',(-5.92760569594295,10.979058615285,0.125639105560487));
#596=CARTESIAN_POINT('Ctrl Pts',(-5.92741691724843,11.0115609769622,0.169993266570098));
#597=CARTESIAN_POINT('Ctrl Pts',(-0.747609170569722,0.171780386635494,0.570642709906706));
#598=CARTESIAN_POINT('Ctrl Pts',(-0.77687259788466,0.211493172167632,0.570636760071082));
#599=CARTESIAN_POINT('Ctrl Pts',(-0.840027618946153,0.301354316027151,0.571399827347621));
#600=CARTESIAN_POINT('Ctrl Pts',(-0.974430590621888,0.502566533595803,0.570755342124891));
#601=CARTESIAN_POINT('Ctrl Pts',(-1.06720045265295,0.64389306417804,0.564206951349091));
#602=CARTESIAN_POINT('Ctrl Pts',(-1.20493471684852,0.819445163853979,0.528808536401947));
#603=CARTESIAN_POINT('Ctrl Pts',(-1.41971627737815,1.14283924908816,0.479654823931778));
#604=CARTESIAN_POINT('Ctrl Pts',(-1.74444136200831,1.72351789164536,0.439817927238011));
#605=CARTESIAN_POINT('Ctrl Pts',(-2.03719210886277,2.27045133689325,0.426428038267246));
#606=CARTESIAN_POINT('Ctrl Pts',(-2.34147670319788,2.84647970004168,0.422504831974169));
#607=CARTESIAN_POINT('Ctrl Pts',(-2.56762834138164,3.27654112886137,0.425153106049261));
#608=CARTESIAN_POINT('Ctrl Pts',(-2.97649322592994,4.03030152422471,0.425948515016051));
#609=CARTESIAN_POINT('Ctrl Pts',(-3.58454792151773,5.15166462491979,0.39915997465833));
#610=CARTESIAN_POINT('Ctrl Pts',(-4.47571057878749,6.95240788852246,0.217549362821041));
#611=CARTESIAN_POINT('Ctrl Pts',(-5.08361871194253,8.35638179070084,0.0299414647272801));
#612=CARTESIAN_POINT('Ctrl Pts',(-5.39636378658257,9.19611323211818,-0.0521388915612055));
#613=CARTESIAN_POINT('Ctrl Pts',(-5.53898176856847,9.62592127090379,-0.0764247730031446));
#614=CARTESIAN_POINT('Ctrl Pts',(-5.59767692517629,9.82288929050359,-0.0798474507571288));
#615=CARTESIAN_POINT('Ctrl Pts',(-5.64073926223802,9.97773108817118,-0.0786675330134763));
#616=CARTESIAN_POINT('Ctrl Pts',(-5.70751571799931,10.1853112658387,-0.0795218180209244));
#617=CARTESIAN_POINT('Ctrl Pts',(-5.83063352143595,10.5709860994085,-0.0502022006393225));
#618=CARTESIAN_POINT('Ctrl Pts',(-5.91530969057942,10.873153677275,0.0368540367394086));
#619=CARTESIAN_POINT('Ctrl Pts',(-5.93138151335265,10.9769802491025,0.125692549692861));
#620=CARTESIAN_POINT('Ctrl Pts',(-5.93114278196171,11.009409847967,0.169993207878474));
#621=CARTESIAN_POINT('Ctrl Pts',(-0.748649203672794,0.171175443834056,0.571409214135531));
#622=CARTESIAN_POINT('Ctrl Pts',(-0.777899056888226,0.210894989084454,0.571383981973517));
#623=CARTESIAN_POINT('Ctrl Pts',(-0.841038006820787,0.30076451438373,0.572094078742101));
#624=CARTESIAN_POINT('Ctrl Pts',(-0.97546045815081,0.501968386807871,0.571330284516188));
#625=CARTESIAN_POINT('Ctrl Pts',(-1.06828369211155,0.643268714519739,0.564726464380614));
#626=CARTESIAN_POINT('Ctrl Pts',(-1.20607331420856,0.818784787786756,0.52940791590022));
#627=CARTESIAN_POINT('Ctrl Pts',(-1.42102992560246,1.1420712576757,0.480354479777332));
#628=CARTESIAN_POINT('Ctrl Pts',(-1.74612120571479,1.72253264429025,0.440622850271317));
#629=CARTESIAN_POINT('Ctrl Pts',(-2.03914332674666,2.26930748020517,0.427307221865688));
#630=CARTESIAN_POINT('Ctrl Pts',(-2.34365846268447,2.84520384377714,0.42344855049357));
#631=CARTESIAN_POINT('Ctrl Pts',(-2.56991695580954,3.27520974940656,0.426127381333198));
#632=CARTESIAN_POINT('Ctrl Pts',(-2.97892638943252,4.02891781439959,0.42694972323961));
#633=CARTESIAN_POINT('Ctrl Pts',(-3.58696323156148,5.15032113072281,0.400210519630337));
#634=CARTESIAN_POINT('Ctrl Pts',(-4.47758775697133,6.9513499408729,0.218522199837467));
#635=CARTESIAN_POINT('Ctrl Pts',(-5.0849186525958,8.35562417258572,0.0306681780260989));
#636=CARTESIAN_POINT('Ctrl Pts',(-5.39736561837393,9.19552452722031,-0.0516692905830592));
#637=CARTESIAN_POINT('Ctrl Pts',(-5.53986222832534,9.62540683321139,-0.0761218233384632));
#638=CARTESIAN_POINT('Ctrl Pts',(-5.59851556716982,9.82240290635897,-0.0796335420627704));
#639=CARTESIAN_POINT('Ctrl Pts',(-5.64155194894702,9.97726342946958,-0.0785292140767438));
#640=CARTESIAN_POINT('Ctrl Pts',(-5.70825347864182,10.1848916084848,-0.0794387875769718));
#641=CARTESIAN_POINT('Ctrl Pts',(-5.83120399606019,10.5706764616065,-0.050181072934703));
#642=CARTESIAN_POINT('Ctrl Pts',(-5.91574327673534,10.8729284166439,0.0368542898631888));
#643=CARTESIAN_POINT('Ctrl Pts',(-5.93177093313587,10.9767658463222,0.125698329431348));
#644=CARTESIAN_POINT('Ctrl Pts',(-5.93152712879342,11.0091879452203,0.169993236065508));
#645=CARTESIAN_POINT('Ctrl Pts',(-0.763153072828103,0.162739268760245,0.582320318859919));
#646=CARTESIAN_POINT('Ctrl Pts',(-0.792217797059658,0.202550700229701,0.582022442255184));
#647=CARTESIAN_POINT('Ctrl Pts',(-0.855143561935976,0.292530816735629,0.581985005519584));
#648=CARTESIAN_POINT('Ctrl Pts',(-0.989859616402499,0.493605571129239,0.579531288819271));
#649=CARTESIAN_POINT('Ctrl Pts',(-1.08343856671671,0.634533786070068,0.572142533676184));
#650=CARTESIAN_POINT('Ctrl Pts',(-1.22199882727524,0.809548331011699,0.537955657390789));
#651=CARTESIAN_POINT('Ctrl Pts',(-1.43940755467806,1.13132788643204,0.490311541366463));
#652=CARTESIAN_POINT('Ctrl Pts',(-1.76961810615577,1.70875245498923,0.451979646862374));
#653=CARTESIAN_POINT('Ctrl Pts',(-2.06643907728818,2.25330713513398,0.439650896041471));
#654=CARTESIAN_POINT('Ctrl Pts',(-2.37417857219929,2.82735727961024,0.436635877374264));
#655=CARTESIAN_POINT('Ctrl Pts',(-2.60193522322141,3.25658411566,0.439722973445362));
#656=CARTESIAN_POINT('Ctrl Pts',(-3.01296251970585,4.00956049013228,0.440918424259526));
#657=CARTESIAN_POINT('Ctrl Pts',(-3.62074177585646,5.13152890180736,0.414879520767342));
#658=CARTESIAN_POINT('Ctrl Pts',(-4.5038258259421,6.93656115241649,0.232113318251131));
#659=CARTESIAN_POINT('Ctrl Pts',(-5.10308529382675,8.34503685258271,0.0408207191536946));
#660=CARTESIAN_POINT('Ctrl Pts',(-5.41137181840689,9.18729468848012,-0.0451105472336252));
#661=CARTESIAN_POINT('Ctrl Pts',(-5.55217867430542,9.61821094975028,-0.0718941692264187));
#662=CARTESIAN_POINT('Ctrl Pts',(-5.61025261911365,9.81559597190672,-0.0766551130740964));
#663=CARTESIAN_POINT('Ctrl Pts',(-5.65293076630203,9.97071539223588,-0.0766106941419693));
#664=CARTESIAN_POINT('Ctrl Pts',(-5.71858535812772,10.1790140498314,-0.0782901737946813));
#665=CARTESIAN_POINT('Ctrl Pts',(-5.83919189332881,10.5663392705024,-0.0498867033505535));
#666=CARTESIAN_POINT('Ctrl Pts',(-5.9218099395538,10.8697748579349,0.0368651930745397));
#667=CARTESIAN_POINT('Ctrl Pts',(-5.93721908373632,10.9737655453088,0.125781543342997));
#668=CARTESIAN_POINT('Ctrl Pts',(-5.93690541899157,11.0060827879267,0.16999270492015));
#669=CARTESIAN_POINT('Ctrl Pts',(-0.775994927245723,0.155270941680558,0.594791474591742));
#670=CARTESIAN_POINT('Ctrl Pts',(-0.80495679709185,0.195128750238777,0.59424395733569));
#671=CARTESIAN_POINT('Ctrl Pts',(-0.867848610857101,0.285117636346973,0.593512822070397));
#672=CARTESIAN_POINT('Ctrl Pts',(-1.00316275550981,0.485882111679613,0.58948837408271));
#673=CARTESIAN_POINT('Ctrl Pts',(-1.09758345768016,0.626380013762436,0.58136881908361));
#674=CARTESIAN_POINT('Ctrl Pts',(-1.23677091914562,0.800983362042574,0.548262461877019));
#675=CARTESIAN_POINT('Ctrl Pts',(-1.45639417399655,1.12140528650563,0.501654696247101));
#676=CARTESIAN_POINT('Ctrl Pts',(-1.79136702584222,1.69600992049137,0.463937037491847));
#677=CARTESIAN_POINT('Ctrl Pts',(-2.09175256978138,2.23848327643595,0.451938158636813));
#678=CARTESIAN_POINT('Ctrl Pts',(-2.40253625438378,2.81078918167163,0.449196184690052));
#679=CARTESIAN_POINT('Ctrl Pts',(-2.6317046991539,3.23927540177583,0.452414774845483));
#680=CARTESIAN_POINT('Ctrl Pts',(-3.04450982368275,3.99160111330399,0.45389784522913));
#681=CARTESIAN_POINT('Ctrl Pts',(-3.65188156210795,5.11416587762976,0.428607708573884));
#682=CARTESIAN_POINT('Ctrl Pts',(-4.52784987561688,6.92300284208073,0.24541130167305));
#683=CARTESIAN_POINT('Ctrl Pts',(-5.11966189651902,8.33538066560643,0.0514902889754687));
#684=CARTESIAN_POINT('Ctrl Pts',(-5.42419882511261,9.17976469864995,-0.0375093865772508));
#685=CARTESIAN_POINT('Ctrl Pts',(-5.56353072730588,9.61158314639891,-0.0663650830889108));
#686=CARTESIAN_POINT('Ctrl Pts',(-5.62112413702622,9.80929281084548,-0.0722610279860154));
#687=CARTESIAN_POINT('Ctrl Pts',(-5.66352285249359,9.96461871523451,-0.0731930941065392));
#688=CARTESIAN_POINT('Ctrl Pts',(-5.72822955784687,10.1735218937275,-0.0757627107639202));
#689=CARTESIAN_POINT('Ctrl Pts',(-5.84664499646912,10.5622743657808,-0.0487073916589827));
#690=CARTESIAN_POINT('Ctrl Pts',(-5.92743638111278,10.8668291007291,0.0371748641652123));
#691=CARTESIAN_POINT('Ctrl Pts',(-5.9422635204937,10.9709790435546,0.125902084093823));
#692=CARTESIAN_POINT('Ctrl Pts',(-5.94189855315992,11.0032000005708,0.169996098945775));
#693=CARTESIAN_POINT('Ctrl Pts',(-0.809372926624483,0.135855770608038,0.636982836379443));
#694=CARTESIAN_POINT('Ctrl Pts',(-0.838210713760386,0.175750496570703,0.635769220965109));
#695=CARTESIAN_POINT('Ctrl Pts',(-0.901400532018785,0.265538411397031,0.63317582152253));
#696=CARTESIAN_POINT('Ctrl Pts',(-1.03917543677337,0.464975681407001,0.624909142061064));
#697=CARTESIAN_POINT('Ctrl Pts',(-1.1363047849641,0.604058375154932,0.614865737814753));
#698=CARTESIAN_POINT('Ctrl Pts',(-1.27704827765824,0.777632314487246,0.585056849111364));
#699=CARTESIAN_POINT('Ctrl Pts',(-1.5032264491727,1.09405865574543,0.540824079586761));
#700=CARTESIAN_POINT('Ctrl Pts',(-1.85273576585654,1.66008266042187,0.502664819341896));
#701=CARTESIAN_POINT('Ctrl Pts',(-2.16414912372268,2.19612685549591,0.489803400447599));
#702=CARTESIAN_POINT('Ctrl Pts',(-2.48439736794921,2.76300396697346,0.486153179823427));
#703=CARTESIAN_POINT('Ctrl Pts',(-2.71794857290626,3.18915864737171,0.489013968922459));
#704=CARTESIAN_POINT('Ctrl Pts',(-3.13560845449183,3.93968464415638,0.491164706393968));
#705=CARTESIAN_POINT('Ctrl Pts',(-3.74113948812217,5.06427609100552,0.468467808262985));
#706=CARTESIAN_POINT('Ctrl Pts',(-4.59566888155803,6.88468041414038,0.285771437377219));
#707=CARTESIAN_POINT('Ctrl Pts',(-5.16568651301767,8.30857959923096,0.0859223194799811));
#708=CARTESIAN_POINT('Ctrl Pts',(-5.45956020344565,9.15901691724854,-0.0111354248553216));
#709=CARTESIAN_POINT('Ctrl Pts',(-5.59486512660321,9.59329548634527,-0.0457040240777921));
#710=CARTESIAN_POINT('Ctrl Pts',(-5.6512429049301,9.79183301927054,-0.0548280797339672));
#711=CARTESIAN_POINT('Ctrl Pts',(-5.69300152337852,9.94764903128309,-0.0585736809137316));
#712=CARTESIAN_POINT('Ctrl Pts',(-5.75520024552391,10.1581530567518,-0.0642264318485295));
#713=CARTESIAN_POINT('Ctrl Pts',(-5.86770503064665,10.5507511266069,-0.0426712723639409));
#714=CARTESIAN_POINT('Ctrl Pts',(-5.94354902523613,10.8583344975632,0.0389391002073105));
#715=CARTESIAN_POINT('Ctrl Pts',(-5.95682998645959,10.962905218381,0.126346941237493));
#716=CARTESIAN_POINT('Ctrl Pts',(-5.95635746303802,10.994852145061,0.169981283081345));
#717=CARTESIAN_POINT('Ctrl Pts',(-0.82626160316461,0.126025682661257,0.672424816364467));
#718=CARTESIAN_POINT('Ctrl Pts',(-0.855236421368558,0.165822196667125,0.670872663938209));
#719=CARTESIAN_POINT('Ctrl Pts',(-0.919119088978283,0.255194189620813,0.667299663471837));
#720=CARTESIAN_POINT('Ctrl Pts',(-1.05942823315673,0.453219749311043,0.656812669627852));
#721=CARTESIAN_POINT('Ctrl Pts',(-1.15867673887731,0.5911606931606,0.645829650518564));
#722=CARTESIAN_POINT('Ctrl Pts',(-1.3001067515206,0.764266201171587,0.618282086797));
#723=CARTESIAN_POINT('Ctrl Pts',(-1.53076435074696,1.07799023814572,0.574566239275032));
#724=CARTESIAN_POINT('Ctrl Pts',(-1.890818160845,1.63782297784287,0.533493279843955));
#725=CARTESIAN_POINT('Ctrl Pts',(-2.21039899995579,2.16911743808484,0.517825425013796));
#726=CARTESIAN_POINT('Ctrl Pts',(-2.53772724399956,2.73192647457492,0.511639125586301));
#727=CARTESIAN_POINT('Ctrl Pts',(-2.77453244293737,3.15631182741231,0.51330928999402));
#728=CARTESIAN_POINT('Ctrl Pts',(-3.19499362817836,3.90577224160657,0.515653866703366));
#729=CARTESIAN_POINT('Ctrl Pts',(-3.79846361378833,5.03208380966503,0.494969086458961));
#730=CARTESIAN_POINT('Ctrl Pts',(-4.63788458232492,6.86076526057407,0.314699670267168));
#731=CARTESIAN_POINT('Ctrl Pts',(-5.19330003366447,8.29251111739666,0.113073314209558));
#732=CARTESIAN_POINT('Ctrl Pts',(-5.48040607325941,9.14679901413935,0.0117507972277069));
#733=CARTESIAN_POINT('Ctrl Pts',(-5.61336632250468,9.5825056107108,-0.0262003729931287));
#734=CARTESIAN_POINT('Ctrl Pts',(-5.66915764309429,9.78145104821188,-0.0373408839770514));
#735=CARTESIAN_POINT('Ctrl Pts',(-5.71070240583598,9.93745683114825,-0.0428937227946301));
#736=CARTESIAN_POINT('Ctrl Pts',(-5.7715718246725,10.1488124046802,-0.0507485547203439));
#737=CARTESIAN_POINT('Ctrl Pts',(-5.88080628036713,10.5435367949972,-0.0334665556561448));
#738=CARTESIAN_POINT('Ctrl Pts',(-5.95389867465781,10.8528035458543,0.0444756561630949));
#739=CARTESIAN_POINT('Ctrl Pts',(-5.96635456420509,10.9575910716977,0.130514735461385));
#740=CARTESIAN_POINT('Ctrl Pts',(-5.96586242801171,10.9893644509755,0.173698677910984));
#741=CARTESIAN_POINT('Ctrl Pts',(-0.841287880094039,0.117240080038981,0.741676029835517));
#742=CARTESIAN_POINT('Ctrl Pts',(-0.870714275191661,0.156749378445784,0.739804615053661));
#743=CARTESIAN_POINT('Ctrl Pts',(-0.936175039151314,0.245188188348607,0.735243605272407));
#744=CARTESIAN_POINT('Ctrl Pts',(-1.08126937314275,0.440522382529403,0.722509490714037));
#745=CARTESIAN_POINT('Ctrl Pts',(-1.18405416763242,0.576535073877615,0.710871962778102));
#746=CARTESIAN_POINT('Ctrl Pts',(-1.32602683546797,0.749227282642632,0.687737245469878));
#747=CARTESIAN_POINT('Ctrl Pts',(-1.56610842710357,1.05734927611305,0.64420162931688));
#748=CARTESIAN_POINT('Ctrl Pts',(-1.9497344293033,1.60342913612443,0.594556382444702));
#749=CARTESIAN_POINT('Ctrl Pts',(-2.28794364311582,2.12392099415097,0.57109175555131));
#750=CARTESIAN_POINT('Ctrl Pts',(-2.63157147915887,2.67734660342582,0.557631765157504));
#751=CARTESIAN_POINT('Ctrl Pts',(-2.87575776651722,3.09762223166203,0.556018634777767));
#752=CARTESIAN_POINT('Ctrl Pts',(-3.30041961701186,3.84542295719491,0.558318098211321));
#753=CARTESIAN_POINT('Ctrl Pts',(-3.89783852911726,4.97596374319781,0.54183335321193));
#754=CARTESIAN_POINT('Ctrl Pts',(-4.70634125884358,6.82187739368379,0.368722189956937));
#755=CARTESIAN_POINT('Ctrl Pts',(-5.23357779464393,8.26908217949841,0.166921085462294));
#756=CARTESIAN_POINT('Ctrl Pts',(-5.50840137152058,9.1303826503871,0.0596003969806247));
#757=CARTESIAN_POINT('Ctrl Pts',(-5.63756563203799,9.56838399571387,0.0162191613304431));
#758=CARTESIAN_POINT('Ctrl Pts',(-5.6927034302594,9.7678029179202,0.00163756368741497));
#759=CARTESIAN_POINT('Ctrl Pts',(-5.73428406649572,9.92387998377783,-0.00707283970977464));
#760=CARTESIAN_POINT('Ctrl Pts',(-5.79356874925686,10.1362671602661,-0.0189289669842121));
#761=CARTESIAN_POINT('Ctrl Pts',(-5.8986360209364,10.5337279761011,-0.00972253536921025));
#762=CARTESIAN_POINT('Ctrl Pts',(-5.96824993278559,10.8451344873752,0.0608189009949558));
#763=CARTESIAN_POINT('Ctrl Pts',(-5.97976206936438,10.9501067573919,0.143678693776718));
#764=CARTESIAN_POINT('Ctrl Pts',(-5.97933262253209,10.9815874305439,0.185764645788746));
#765=CARTESIAN_POINT('Ctrl Pts',(-0.844136343336117,0.115520387895159,0.806422736596016));
#766=CARTESIAN_POINT('Ctrl Pts',(-0.87409403511188,0.154704873090749,0.804461701143514));
#767=CARTESIAN_POINT('Ctrl Pts',(-0.941156161028401,0.242204087386108,0.799523194356129));
#768=CARTESIAN_POINT('Ctrl Pts',(-1.0905821586872,0.435086058919323,0.785954183862916));
#769=CARTESIAN_POINT('Ctrl Pts',(-1.19627637179308,0.569496342052254,0.774397057467409));
#770=CARTESIAN_POINT('Ctrl Pts',(-1.33826777337769,0.742109545913395,0.755265866856117));
#771=CARTESIAN_POINT('Ctrl Pts',(-1.58604659940649,1.04567768416381,0.717261593399659));
#772=CARTESIAN_POINT('Ctrl Pts',(-1.9896495466217,1.58012601727296,0.673423693185831));
#773=CARTESIAN_POINT('Ctrl Pts',(-2.34382058198729,2.09136991918244,0.653598710327489));
#774=CARTESIAN_POINT('Ctrl Pts',(-2.70147961483697,2.63671312473185,0.642946096036588));
#775=CARTESIAN_POINT('Ctrl Pts',(-2.95204087613775,3.05341163895362,0.642219067832664));
#776=CARTESIAN_POINT('Ctrl Pts',(-3.37984787907596,3.79991855682577,0.644126894714806));
#777=CARTESIAN_POINT('Ctrl Pts',(-3.97193766478109,4.93403774766245,0.62530842914378));
#778=CARTESIAN_POINT('Ctrl Pts',(-4.75535218138181,6.79401435527107,0.442066370818321));
#779=CARTESIAN_POINT('Ctrl Pts',(-5.26035931291306,8.25350082743364,0.226945537682504));
#780=CARTESIAN_POINT('Ctrl Pts',(-5.52599778593284,9.1200506481006,0.108749732894869));
#781=CARTESIAN_POINT('Ctrl Pts',(-5.65264278562949,9.55957681712918,0.0589089669224106));
#782=CARTESIAN_POINT('Ctrl Pts',(-5.70757307060785,9.7591811286909,0.0410488063181088));
#783=CARTESIAN_POINT('Ctrl Pts',(-5.74947028697755,9.91513814882325,0.0296254843860235));
#784=CARTESIAN_POINT('Ctrl Pts',(-5.80790522764016,10.1280954723765,0.0142222909382683));
#785=CARTESIAN_POINT('Ctrl Pts',(-5.91046461377851,10.5272295881067,0.016052198666773));
#786=CARTESIAN_POINT('Ctrl Pts',(-5.97801358122857,10.8399179377742,0.079529383600725));
#787=CARTESIAN_POINT('Ctrl Pts',(-5.98905932094723,10.9449139048828,0.159106941361262));
#788=CARTESIAN_POINT('Ctrl Pts',(-5.98875236315742,10.9761489407589,0.200024582543457));
#789=CARTESIAN_POINT('Ctrl Pts',(-0.825747543143266,0.126110469531966,0.866628399120197));
#790=CARTESIAN_POINT('Ctrl Pts',(-0.856362593573559,0.164909007914815,0.864868384502818));
#791=CARTESIAN_POINT('Ctrl Pts',(-0.925014595143762,0.251484959612786,0.86028179010577));
#792=CARTESIAN_POINT('Ctrl Pts',(-1.07789211904939,0.442391484001864,0.847508190542045));
#793=CARTESIAN_POINT('Ctrl Pts',(-1.18537528364143,0.575796399440495,0.836974580143958));
#794=CARTESIAN_POINT('Ctrl Pts',(-1.32635763806016,0.748967946676389,0.822199717284934));
#795=CARTESIAN_POINT('Ctrl Pts',(-1.57386164992947,1.05265571310991,0.795153159892027));
#796=CARTESIAN_POINT('Ctrl Pts',(-1.97925624501976,1.58603487408528,0.769697647288821));
#797=CARTESIAN_POINT('Ctrl Pts',(-2.33521948382706,2.09623253591448,0.763299900889407));
#798=CARTESIAN_POINT('Ctrl Pts',(-2.69468557699734,2.64053901259036,0.763832004540272));
#799=CARTESIAN_POINT('Ctrl Pts',(-2.9463828294794,3.05661843220779,0.767396869799632));
#800=CARTESIAN_POINT('Ctrl Pts',(-3.3760836439474,3.80221746172225,0.768222060083303));
#801=CARTESIAN_POINT('Ctrl Pts',(-3.96929171427935,4.93586926071309,0.741579699352507));
#802=CARTESIAN_POINT('Ctrl Pts',(-4.75184931551129,6.79619075122618,0.534424163730245));
#803=CARTESIAN_POINT('Ctrl Pts',(-5.25659412177718,8.25563236353478,0.295623492169278));
#804=CARTESIAN_POINT('Ctrl Pts',(-5.52373948969187,9.12129310606796,0.162470649289298));
#805=CARTESIAN_POINT('Ctrl Pts',(-5.65190182759982,9.55996822975849,0.105075786980191));
#806=CARTESIAN_POINT('Ctrl Pts',(-5.70783563025842,9.75901646386731,0.0838587730260471));
#807=CARTESIAN_POINT('Ctrl Pts',(-5.75067097293029,9.91445414768901,0.069873245461569));
#808=CARTESIAN_POINT('Ctrl Pts',(-5.80942122047922,10.1272576954082,0.0512811131387635));
#809=CARTESIAN_POINT('Ctrl Pts',(-5.91192465539002,10.5265041981373,0.0463869303736571));
#810=CARTESIAN_POINT('Ctrl Pts',(-5.97949696828343,10.8392109227752,0.102832015043519));
#811=CARTESIAN_POINT('Ctrl Pts',(-5.99083792087843,10.9439491851906,0.178478541483603));
#812=CARTESIAN_POINT('Ctrl Pts',(-5.99079583624496,10.974969141022,0.217792234950222));
#813=CARTESIAN_POINT('Ctrl Pts',(-0.801409802865486,0.140161870432823,0.915240918061707));
#814=CARTESIAN_POINT('Ctrl Pts',(-0.832687126478967,0.178578045215082,0.913724881462577));
#815=CARTESIAN_POINT('Ctrl Pts',(-0.902780949100626,0.264321561140871,0.909583663916519));
#816=CARTESIAN_POINT('Ctrl Pts',(-1.05834338908829,0.453677948507236,0.897768330042543));
#817=CARTESIAN_POINT('Ctrl Pts',(-1.16688299263498,0.586472928631017,0.888303534471423));
#818=CARTESIAN_POINT('Ctrl Pts',(-1.30644199387067,0.760466249210296,0.877709028711898));
#819=CARTESIAN_POINT('Ctrl Pts',(-1.54988901672041,1.06649631934639,0.859007940555051));
#820=CARTESIAN_POINT('Ctrl Pts',(-1.94812840083536,1.60400654330449,0.845624186507148));
#821=CARTESIAN_POINT('Ctrl Pts',(-2.29890991586972,2.11719587474888,0.847570594311219));
#822=CARTESIAN_POINT('Ctrl Pts',(-2.65410990879775,2.66396538554801,0.854796193609085));
#823=CARTESIAN_POINT('Ctrl Pts',(-2.90434178861862,3.08089083846586,0.860666209794175));
#824=CARTESIAN_POINT('Ctrl Pts',(-3.33516176331083,3.82584372052364,0.860133337579108));
#825=CARTESIAN_POINT('Ctrl Pts',(-3.93224216091304,4.95725983032265,0.828257821875396));
#826=CARTESIAN_POINT('Ctrl Pts',(-4.72486278444946,6.81177143219943,0.606414998629742));
#827=CARTESIAN_POINT('Ctrl Pts',(-5.23929634288886,8.26561924083259,0.35249225291252));
#828=CARTESIAN_POINT('Ctrl Pts',(-5.51272425816111,9.12765275295771,0.208721898888087));
#829=CARTESIAN_POINT('Ctrl Pts',(-5.6441609740525,9.56443741363808,0.145461455292587));
#830=CARTESIAN_POINT('Ctrl Pts',(-5.70159661303731,9.7626185621397,0.121412934952323));
#831=CARTESIAN_POINT('Ctrl Pts',(-5.74560546889969,9.91737871780496,0.105146385411338));
#832=CARTESIAN_POINT('Ctrl Pts',(-5.80513257114059,10.1297337482586,0.0839600070820414));
#833=CARTESIAN_POINT('Ctrl Pts',(-5.90852217320256,10.5284686221445,0.0736839083648767));
#834=CARTESIAN_POINT('Ctrl Pts',(-5.97686857959015,10.8407284236951,0.124150026492442));
#835=CARTESIAN_POINT('Ctrl Pts',(-5.98876153528428,10.9451479869726,0.19600689396967));
#836=CARTESIAN_POINT('Ctrl Pts',(-5.98903330402567,10.9759867394736,0.233624626036527));
#837=CARTESIAN_POINT('Ctrl Pts',(-0.77210038513138,0.157102815383567,0.956683322003091));
#838=CARTESIAN_POINT('Ctrl Pts',(-0.804005499652305,0.195161139197921,0.955501139407572));
#839=CARTESIAN_POINT('Ctrl Pts',(-0.875391974362247,0.280162176804442,0.952098893818167));
#840=CARTESIAN_POINT('Ctrl Pts',(-1.0331180316174,0.468256998578919,0.94198731370341));
#841=CARTESIAN_POINT('Ctrl Pts',(-1.14226550890358,0.600681313665485,0.933978814401256));
#842=CARTESIAN_POINT('Ctrl Pts',(-1.2801967581615,0.775631793036135,0.927109084467367));
#843=CARTESIAN_POINT('Ctrl Pts',(-1.51723523604608,1.08538983128671,0.914140224094846));
#844=CARTESIAN_POINT('Ctrl Pts',(-1.90280863875643,1.6302376924145,0.907230299685699));
#845=CARTESIAN_POINT('Ctrl Pts',(-2.24405654124386,2.14893951222766,0.913132824147342));
#846=CARTESIAN_POINT('Ctrl Pts',(-2.59124957786502,2.70032712434299,0.923266414998179));
#847=CARTESIAN_POINT('Ctrl Pts',(-2.83834693615995,3.11903592586167,0.929857775724001));
#848=CARTESIAN_POINT('Ctrl Pts',(-3.26967146785798,3.86356447504989,0.928075812234888));
#849=CARTESIAN_POINT('Ctrl Pts',(-3.8723361161357,4.99162869149068,0.892870103547299));
#850=CARTESIAN_POINT('Ctrl Pts',(-4.68233488072064,6.83621448304535,0.662656164586762));
#851=CARTESIAN_POINT('Ctrl Pts',(-5.2130746209489,8.28078869133764,0.399757334210883));
#852=CARTESIAN_POINT('Ctrl Pts',(-5.49582619379679,9.13745286392491,0.248908848561966));
#853=CARTESIAN_POINT('Ctrl Pts',(-5.63158716179289,9.57172299573081,0.181402232171857));
#854=CARTESIAN_POINT('Ctrl Pts',(-5.69078632714997,9.76886926047949,0.155168839940019));
#855=CARTESIAN_POINT('Ctrl Pts',(-5.73606005656498,9.92288315586698,0.137073141367831));
#856=CARTESIAN_POINT('Ctrl Pts',(-5.79665602954945,10.1346008032193,0.113662783593936));
#857=CARTESIAN_POINT('Ctrl Pts',(-5.90160078973557,10.5323803775199,0.0985405127253119));
#858=CARTESIAN_POINT('Ctrl Pts',(-5.97129317121199,10.843840237584,0.143430693532339));
#859=CARTESIAN_POINT('Ctrl Pts',(-5.98396558440213,10.9478723582726,0.211696715960892));
#860=CARTESIAN_POINT('Ctrl Pts',(-5.98460827080487,10.9785415335949,0.247750760636954));
#861=CARTESIAN_POINT('Ctrl Pts',(-0.73125810486547,0.180737538940204,0.984569885810746));
#862=CARTESIAN_POINT('Ctrl Pts',(-0.763726673050416,0.21848364105761,0.983857283138373));
#863=CARTESIAN_POINT('Ctrl Pts',(-0.836075351558597,0.302940050841567,0.981617924585804));
#864=CARTESIAN_POINT('Ctrl Pts',(-0.994735334560254,0.490460419645925,0.974275775709172));
#865=CARTESIAN_POINT('Ctrl Pts',(-1.10344419859638,0.623081942220546,0.96833590266664));
#866=CARTESIAN_POINT('Ctrl Pts',(-1.23922961618462,0.799320711507974,0.964983753408604));
#867=CARTESIAN_POINT('Ctrl Pts',(-1.46850359481937,1.11364116006682,0.95068263399222));
#868=CARTESIAN_POINT('Ctrl Pts',(-1.83865761479265,1.66746227187855,0.932868983361854));
#869=CARTESIAN_POINT('Ctrl Pts',(-2.16841153656319,2.19282360960677,0.928815324046728));
#870=CARTESIAN_POINT('Ctrl Pts',(-2.50593431612081,2.74978093821336,0.929667145637517));
#871=CARTESIAN_POINT('Ctrl Pts',(-2.74920210500137,3.17062578658718,0.931758303985587));
#872=CARTESIAN_POINT('Ctrl Pts',(-3.1800989447179,3.91502311344427,0.928721350086527));
#873=CARTESIAN_POINT('Ctrl Pts',(-3.78878724534237,5.03924620976393,0.897003108538891));
#874=CARTESIAN_POINT('Ctrl Pts',(-4.62082080001305,6.87141569368726,0.680075503574793));
#875=CARTESIAN_POINT('Ctrl Pts',(-5.17286218696934,8.30409157542889,0.427426952918614));
#876=CARTESIAN_POINT('Ctrl Pts',(-5.46771014547059,9.1538107746968,0.278892474086286));
#877=CARTESIAN_POINT('Ctrl Pts',(-5.60902692242421,9.58482231600328,0.210650011509263));
#878=CARTESIAN_POINT('Ctrl Pts',(-5.67046503640377,9.78062841846522,0.183250719065973));
#879=CARTESIAN_POINT('Ctrl Pts',(-5.71733463880587,9.93367549561686,0.16381628434505));
#880=CARTESIAN_POINT('Ctrl Pts',(-5.77971590249679,10.1443047832655,0.138671374090567));
#881=CARTESIAN_POINT('Ctrl Pts',(-5.88778519421025,10.540117158137,0.11947233448155));
#882=CARTESIAN_POINT('Ctrl Pts',(-5.9601976855964,10.8499416287137,0.159224467623534));
#883=CARTESIAN_POINT('Ctrl Pts',(-5.97420992285639,10.9533780881871,0.223892425845064));
#884=CARTESIAN_POINT('Ctrl Pts',(-5.97537281970145,10.9838736237758,0.258375526791952));
#885=CARTESIAN_POINT('Ctrl Pts',(-0.681252439177608,0.209688639364846,1.0056292666318));
#886=CARTESIAN_POINT('Ctrl Pts',(-0.71430064737601,0.247119402021771,1.00546307058974));
#887=CARTESIAN_POINT('Ctrl Pts',(-0.787488314411489,0.331107508916531,1.00460358100234));
#888=CARTESIAN_POINT('Ctrl Pts',(-0.946382226021859,0.518440796127952,1.00057091599985));
#889=CARTESIAN_POINT('Ctrl Pts',(-1.05393052910474,0.651649685914629,0.997071395238713));
#890=CARTESIAN_POINT('Ctrl Pts',(-1.18696740086393,0.829548223525603,0.997609774277685));
#891=CARTESIAN_POINT('Ctrl Pts',(-1.40944889203455,1.1479077524412,0.978150463447527));
#892=CARTESIAN_POINT('Ctrl Pts',(-1.76777687790652,1.70866121189533,0.938931364234923));
#893=CARTESIAN_POINT('Ctrl Pts',(-2.08911631103525,2.23891528655359,0.9163586347055));
#894=CARTESIAN_POINT('Ctrl Pts',(-2.41981169542763,2.79979462459919,0.900328152404822));
#895=CARTESIAN_POINT('Ctrl Pts',(-2.66046504490789,3.22203830033907,0.894611791019018));
#896=CARTESIAN_POINT('Ctrl Pts',(-3.09035980768217,3.96645610348801,0.89015543029553));
#897=CARTESIAN_POINT('Ctrl Pts',(-3.70304824274565,5.08783347149407,0.866213275798842));
#898=CARTESIAN_POINT('Ctrl Pts',(-4.55362654594176,6.90974697264529,0.676354812618074));
#899=CARTESIAN_POINT('Ctrl Pts',(-5.12506642916069,8.331813718904,0.445951599601164));
#900=CARTESIAN_POINT('Ctrl Pts',(-5.43184675367991,9.17470113974648,0.305207845509252));
#901=CARTESIAN_POINT('Ctrl Pts',(-5.5790945698048,9.60221321292297,0.238047298559874));
#902=CARTESIAN_POINT('Ctrl Pts',(-5.64314385616328,9.79644164703787,0.209873919302779));
#903=CARTESIAN_POINT('Ctrl Pts',(-5.69200291615845,9.94827304932136,0.189178019193053));
#904=CARTESIAN_POINT('Ctrl Pts',(-5.7567909186512,10.1574277678626,0.162443914195237));
#905=CARTESIAN_POINT('Ctrl Pts',(-5.86923582851436,10.5504729541603,0.139389631912053));
#906=CARTESIAN_POINT('Ctrl Pts',(-5.94546084230387,10.8580004355579,0.173907039719979));
#907=CARTESIAN_POINT('Ctrl Pts',(-5.9612915533937,10.9606495230787,0.234610576084309));
#908=CARTESIAN_POINT('Ctrl Pts',(-5.96312198745381,10.9909466450721,0.267306684214578));
#909=CARTESIAN_POINT('Ctrl Pts',(-0.650729227478227,0.227369410179098,1.00965383823059));
#910=CARTESIAN_POINT('Ctrl Pts',(-0.684057041116701,0.264652736289841,1.00979952794937));
#911=CARTESIAN_POINT('Ctrl Pts',(-0.757533077960239,0.348486007585723,1.00974226308779));
#912=CARTESIAN_POINT('Ctrl Pts',(-0.915957863014077,0.536052456227111,1.0076564027355));
#913=CARTESIAN_POINT('Ctrl Pts',(-1.02238486570241,0.669848827894709,1.0055693320344));
#914=CARTESIAN_POINT('Ctrl Pts',(-1.15370000903988,0.848794215749628,1.00817983900048));
#915=CARTESIAN_POINT('Ctrl Pts',(-1.37277624240152,1.16920484977996,0.986716425216532));
#916=CARTESIAN_POINT('Ctrl Pts',(-1.72565089402233,1.73318256080545,0.937988442387796));
#917=CARTESIAN_POINT('Ctrl Pts',(-2.04331116890386,2.26558588655648,0.90700844750729));
#918=CARTESIAN_POINT('Ctrl Pts',(-2.37108847041116,2.82813564403624,0.883271061426233));
#919=CARTESIAN_POINT('Ctrl Pts',(-2.61068610393113,3.25090869702005,0.873905747926054));
#920=CARTESIAN_POINT('Ctrl Pts',(-3.03967461725068,3.99544541716139,0.868641201439389));
#921=CARTESIAN_POINT('Ctrl Pts',(-3.65378612831899,5.11561267590377,0.848178983566431));
#922=CARTESIAN_POINT('Ctrl Pts',(-4.51347646426034,6.93259195663903,0.671450182241677));
#923=CARTESIAN_POINT('Ctrl Pts',(-5.09512845062293,8.34919060736934,0.452276234090906));
#924=CARTESIAN_POINT('Ctrl Pts',(-5.40852670280785,9.1882987332189,0.315722636418653));
#925=CARTESIAN_POINT('Ctrl Pts',(-5.55920742808896,9.61377434905551,0.249327973264957));
#926=CARTESIAN_POINT('Ctrl Pts',(-5.62483074677915,9.80704322467139,0.220899152029505));
#927=CARTESIAN_POINT('Ctrl Pts',(-5.67492457390042,9.95811315024742,0.199686856661528));
#928=CARTESIAN_POINT('Ctrl Pts',(-5.74132825439933,10.1662734494417,0.172343450771815));
#929=CARTESIAN_POINT('Ctrl Pts',(-5.85681456670225,10.5573881391903,0.14770214538101));
#930=CARTESIAN_POINT('Ctrl Pts',(-5.93569208652611,10.8633147709002,0.179736182194235));
#931=CARTESIAN_POINT('Ctrl Pts',(-5.95275053723575,10.9654452132775,0.238316080276458));
#932=CARTESIAN_POINT('Ctrl Pts',(-5.95500925420107,10.9956305337995,0.270011024714166));
#933=CARTESIAN_POINT('Ctrl Pts',(-0.604474233914881,0.254184697259138,1.00295424626409));
#934=CARTESIAN_POINT('Ctrl Pts',(-0.63818993270726,0.291270521579009,1.00351256745061));
#935=CARTESIAN_POINT('Ctrl Pts',(-0.711892790559861,0.374994861635914,1.00452123275168));
#936=CARTESIAN_POINT('Ctrl Pts',(-0.868818099231049,0.563355813018727,1.00504559641433));
#937=CARTESIAN_POINT('Ctrl Pts',(-0.972862017742639,0.698414864290123,1.00490828369559));
#938=CARTESIAN_POINT('Ctrl Pts',(-1.10117593082737,0.879192807517986,1.01064961693434));
#939=CARTESIAN_POINT('Ctrl Pts',(-1.31471574894033,1.20296066453972,0.987739720190194));
#940=CARTESIAN_POINT('Ctrl Pts',(-1.65910004315315,1.77198346290273,0.92843635761618));
#941=CARTESIAN_POINT('Ctrl Pts',(-1.97113648057292,2.30768112142814,0.887754555399976));
#942=CARTESIAN_POINT('Ctrl Pts',(-2.29455014414876,2.87272313489644,0.854945364288284));
#943=CARTESIAN_POINT('Ctrl Pts',(-2.5325421656532,3.29627174744961,0.841171519173775));
#944=CARTESIAN_POINT('Ctrl Pts',(-2.95958385038474,4.04116845601287,0.834639019922184));
#945=CARTESIAN_POINT('Ctrl Pts',(-3.57493898761883,5.15988357006341,0.818235168015935));
#946=CARTESIAN_POINT('Ctrl Pts',(-4.44799111208514,6.96976561797468,0.658452583432413));
#947=CARTESIAN_POINT('Ctrl Pts',(-5.04548869441358,8.37802434163266,0.454478244508811));
#948=CARTESIAN_POINT('Ctrl Pts',(-5.36947575622362,9.21109756474283,0.323984473303525));
#949=CARTESIAN_POINT('Ctrl Pts',(-5.52579079007873,9.63321728657465,0.258934598968561));
#950=CARTESIAN_POINT('Ctrl Pts',(-5.59406020633409,9.82486245874847,0.230337184448299));
#951=CARTESIAN_POINT('Ctrl Pts',(-5.64626242002399,9.97462329889106,0.208581377121095));
#952=CARTESIAN_POINT('Ctrl Pts',(-5.71551710159529,10.1810211533293,0.180847724676228));
#953=CARTESIAN_POINT('Ctrl Pts',(-5.8364186047795,10.5686795508867,0.155037214585199));
#954=CARTESIAN_POINT('Ctrl Pts',(-5.91999642088546,10.8717612742942,0.184322270747667));
#955=CARTESIAN_POINT('Ctrl Pts',(-5.93921132923926,10.9730060865929,0.239876865155319));
#956=CARTESIAN_POINT('Ctrl Pts',(-5.94221619792471,11.0030166082845,0.27000322406116));
#957=CARTESIAN_POINT('Ctrl Pts',(-0.587972554851646,0.263755975607835,0.997830256635995));
#958=CARTESIAN_POINT('Ctrl Pts',(-0.621820941591303,0.300775781539113,0.998523762659838));
#959=CARTESIAN_POINT('Ctrl Pts',(-0.695565223671866,0.384485024466232,0.999882096522343));
#960=CARTESIAN_POINT('Ctrl Pts',(-0.851796415037468,0.573218205520336,1.00127040383921));
#961=CARTESIAN_POINT('Ctrl Pts',(-0.954849102454305,0.708804217184167,1.00179007518738));
#962=CARTESIAN_POINT('Ctrl Pts',(-1.08201403215026,0.890285487431362,1.00864130188155));
#963=CARTESIAN_POINT('Ctrl Pts',(-1.29349908098949,1.21530404489121,0.985543197235591));
#964=CARTESIAN_POINT('Ctrl Pts',(-1.63475636692496,1.78618955552898,0.923296362020274));
#965=CARTESIAN_POINT('Ctrl Pts',(-1.94474499896374,2.32308849915947,0.879805191078634));
#966=CARTESIAN_POINT('Ctrl Pts',(-2.26657101666375,2.88903629199066,0.844327567403693));
#967=CARTESIAN_POINT('Ctrl Pts',(-2.50398444397045,3.31285831375547,0.82921887777292));
#968=CARTESIAN_POINT('Ctrl Pts',(-2.93021203133437,4.05791910365349,0.822223659600182));
#969=CARTESIAN_POINT('Ctrl Pts',(-3.54584341153258,5.17618075447857,0.806991879767248));
#970=CARTESIAN_POINT('Ctrl Pts',(-4.4235912559828,6.9835988756026,0.65261141228201));
#971=CARTESIAN_POINT('Ctrl Pts',(-5.02684079857484,8.38886046820651,0.453672768946632));
#972=CARTESIAN_POINT('Ctrl Pts',(-5.35474279987741,9.21970485387749,0.325278972948224));
#973=CARTESIAN_POINT('Ctrl Pts',(-5.51316747282752,9.64056536043516,0.260750286793413));
#974=CARTESIAN_POINT('Ctrl Pts',(-5.58243885527936,9.83159361405748,0.232142572316471));
#975=CARTESIAN_POINT('Ctrl Pts',(-5.63544519343143,9.98085342961049,0.210246496077741));
#976=CARTESIAN_POINT('Ctrl Pts',(-5.70580261271862,10.1865680000485,0.182600077515342));
#977=CARTESIAN_POINT('Ctrl Pts',(-5.82880560042785,10.5728810292677,0.156970240065015));
#978=CARTESIAN_POINT('Ctrl Pts',(-5.91420196452571,10.8748602800055,0.185823067386149));
#979=CARTESIAN_POINT('Ctrl Pts',(-5.93424897979407,10.9757685921247,0.240450077673251));
#980=CARTESIAN_POINT('Ctrl Pts',(-5.93754154239395,11.0057155219136,0.270005085984569));
#981=CARTESIAN_POINT('Ctrl Pts',(-0.565132687913746,0.277012891670488,0.986727402659812));
#982=CARTESIAN_POINT('Ctrl Pts',(-0.59917110749116,0.313939892207547,0.987587837392864));
#983=CARTESIAN_POINT('Ctrl Pts',(-0.672937329335595,0.397650551928337,0.989377049229361));
#984=CARTESIAN_POINT('Ctrl Pts',(-0.827986819623575,0.587020444884982,0.991841247067078));
#985=CARTESIAN_POINT('Ctrl Pts',(-0.929434825990413,0.72346053457408,0.993210785771253));
#986=CARTESIAN_POINT('Ctrl Pts',(-1.05482178027519,0.906032135207341,1.00165551342263));
#987=CARTESIAN_POINT('Ctrl Pts',(-1.26308053197624,1.23301620573406,0.978755847607313));
#988=CARTESIAN_POINT('Ctrl Pts',(-1.59938153147038,1.80685478772002,0.913417601228107));
#989=CARTESIAN_POINT('Ctrl Pts',(-1.90610229396169,2.34567075332538,0.866785806057652));
#990=CARTESIAN_POINT('Ctrl Pts',(-2.22539307470613,2.91306494156776,0.828247528535473));
#991=CARTESIAN_POINT('Ctrl Pts',(-2.46185822590506,3.33733760830699,0.811546109487025));
#992=CARTESIAN_POINT('Ctrl Pts',(-2.88673231196018,4.08269127605223,0.803864760048748));
#993=CARTESIAN_POINT('Ctrl Pts',(-3.50255664230918,5.20037206598023,0.789913864410274));
#994=CARTESIAN_POINT('Ctrl Pts',(-4.38717181317875,7.00422001703813,0.642349102747396));
#995=CARTESIAN_POINT('Ctrl Pts',(-4.99902811773096,8.40502952816892,0.450060702155771));
#996=CARTESIAN_POINT('Ctrl Pts',(-5.33283556066747,9.23251463575505,0.324583838113637));
#997=CARTESIAN_POINT('Ctrl Pts',(-5.49446394405739,9.65145966177314,0.260857725955154));
#998=CARTESIAN_POINT('Ctrl Pts',(-5.56526591126801,9.84154285628631,0.232301784356971));
#999=CARTESIAN_POINT('Ctrl Pts',(-5.61950550754177,9.9900319412175,0.21027794701968));
#1000=CARTESIAN_POINT('Ctrl Pts',(-5.69151135939297,10.1947203421045,0.183105727284446));
#1001=CARTESIAN_POINT('Ctrl Pts',(-5.81759426288798,10.5790442633696,0.158667778984608));
#1002=CARTESIAN_POINT('Ctrl Pts',(-5.90562313441285,10.8794197420719,0.187759466686648));
#1003=CARTESIAN_POINT('Ctrl Pts',(-5.92689415889894,10.9798511997875,0.24128982541192));
#1004=CARTESIAN_POINT('Ctrl Pts',(-5.93063159938135,11.0097049793721,0.270004652651283));
#1005=CARTESIAN_POINT('Ctrl Pts',(-0.557789666021059,0.281275937183649,
0.983026935280404));
#1006=CARTESIAN_POINT('Ctrl Pts',(-0.591902404669838,0.318165693290294,
0.98390713130283));
#1007=CARTESIAN_POINT('Ctrl Pts',(-0.665708529057016,0.40185803232868,0.985740309901051));
#1008=CARTESIAN_POINT('Ctrl Pts',(-0.820444858578072,0.591393474842033,
0.988324778626879));
#1009=CARTESIAN_POINT('Ctrl Pts',(-0.921406808436228,0.72808994547403,0.989835609675644));
#1010=CARTESIAN_POINT('Ctrl Pts',(-1.04620804281861,0.911021085479125,0.998787822249821));
#1011=CARTESIAN_POINT('Ctrl Pts',(-1.25339528670202,1.23865822533608,0.976022892628538));
#1012=CARTESIAN_POINT('Ctrl Pts',(-1.58803407148053,1.81348715297086,0.909876733110374));
#1013=CARTESIAN_POINT('Ctrl Pts',(-1.89365608833476,2.35294763360905,0.862382981240242));
#1014=CARTESIAN_POINT('Ctrl Pts',(-2.2120901790222,2.92083062964904,0.822989478874966));
#1015=CARTESIAN_POINT('Ctrl Pts',(-2.44823405050267,3.34525635186245,0.80583111364556));
#1016=CARTESIAN_POINT('Ctrl Pts',(-2.87264853231324,4.09071173665461,0.79792854757732));
#1017=CARTESIAN_POINT('Ctrl Pts',(-3.48850848670013,5.20821472242681,0.784322487460956));
#1018=CARTESIAN_POINT('Ctrl Pts',(-4.37533712455266,7.01091691880817,0.638780740272185));
#1019=CARTESIAN_POINT('Ctrl Pts',(-4.98999491907534,8.4102821594474,0.448522434101342));
#1020=CARTESIAN_POINT('Ctrl Pts',(-5.32573303072096,9.23666941854732,0.323960886180325));
#1021=CARTESIAN_POINT('Ctrl Pts',(-5.48841143087799,9.65498617286076,0.260499829133333));
#1022=CARTESIAN_POINT('Ctrl Pts',(-5.55971619255343,9.84475852232779,0.231971818747932));
#1023=CARTESIAN_POINT('Ctrl Pts',(-5.61436147732159,9.99299371958697,0.209919465036666));
#1024=CARTESIAN_POINT('Ctrl Pts',(-5.6869027900075,10.1973480376268,0.182953305047683));
#1025=CARTESIAN_POINT('Ctrl Pts',(-5.81397645750415,10.5810292983437,0.159041248765019));
#1026=CARTESIAN_POINT('Ctrl Pts',(-5.90284680011785,10.8808908551473,0.188343126974619));
#1027=CARTESIAN_POINT('Ctrl Pts',(-5.92451249530091,10.9811714258086,0.241560959131791));
#1028=CARTESIAN_POINT('Ctrl Pts',(-5.9283968563275,11.0109952088758,0.270004720181301));
#1029=CARTESIAN_POINT('Ctrl Pts',(-0.547121626251793,0.287470724876087,
0.977455818789353));
#1030=CARTESIAN_POINT('Ctrl Pts',(-0.581367725916268,0.324292044805414,
0.978318844296298));
#1031=CARTESIAN_POINT('Ctrl Pts',(-0.655296679343445,0.40792059759503,0.98008822703246));
#1032=CARTESIAN_POINT('Ctrl Pts',(-0.809716136947238,0.597615932219452,
0.982542293568713));
#1033=CARTESIAN_POINT('Ctrl Pts',(-0.910038821794839,0.734644841640107,
0.984080219439514));
#1034=CARTESIAN_POINT('Ctrl Pts',(-1.03396593893868,0.918112956803027,0.993763979171568));
#1035=CARTESIAN_POINT('Ctrl Pts',(-1.23953015756082,1.24673919256095,0.971293569186908));
#1036=CARTESIAN_POINT('Ctrl Pts',(-1.57162855902392,1.82308115754224,0.904225455217346));
#1037=CARTESIAN_POINT('Ctrl Pts',(-1.87556190196163,2.36353194068278,0.855679641956077));
#1038=CARTESIAN_POINT('Ctrl Pts',(-2.19267656834511,2.9321679371863,0.81521793872961));
#1039=CARTESIAN_POINT('Ctrl Pts',(-2.42831923594422,3.35683400826776,0.797469352043109));
#1040=CARTESIAN_POINT('Ctrl Pts',(-2.85202842608896,4.10244928275474,0.789242236596276));
#1041=CARTESIAN_POINT('Ctrl Pts',(-3.46790139251768,5.21970711648012,0.776040326356985));
#1042=CARTESIAN_POINT('Ctrl Pts',(-4.3579765116626,7.02073474299963,0.63320053425824));
#1043=CARTESIAN_POINT('Ctrl Pts',(-4.97677582548451,8.4179705975802,0.44573704659105));
#1044=CARTESIAN_POINT('Ctrl Pts',(-5.31537270632794,9.24273277188062,0.322472754971985));
#1045=CARTESIAN_POINT('Ctrl Pts',(-5.47960833849845,9.6601171413084,0.2594063281555));
#1046=CARTESIAN_POINT('Ctrl Pts',(-5.55165978296145,9.8494273251615,0.230933694898884));
#1047=CARTESIAN_POINT('Ctrl Pts',(-5.6069081500059,9.99728461456249,0.208857033828579));
#1048=CARTESIAN_POINT('Ctrl Pts',(-5.68022911212989,10.2011511172,0.182268710014131));
#1049=CARTESIAN_POINT('Ctrl Pts',(-5.80872345986842,10.5839053819775,0.159330846278702));
#1050=CARTESIAN_POINT('Ctrl Pts',(-5.89878971050968,10.8830340145358,0.18913491557075));
#1051=CARTESIAN_POINT('Ctrl Pts',(-5.92102370515463,10.9831028152945,0.241956400424203));
#1052=CARTESIAN_POINT('Ctrl Pts',(-5.92512720260904,11.0128829443303,0.270004688199412));
#1053=CARTESIAN_POINT('Ctrl Pts',(-0.5437512567257,0.28942804059444,0.975679890758783));
#1054=CARTESIAN_POINT('Ctrl Pts',(-0.578040093682035,0.326227435508565,
0.97653746054136));
#1055=CARTESIAN_POINT('Ctrl Pts',(-0.652008723598063,0.409835370902439,
0.978286760736279));
#1056=CARTESIAN_POINT('Ctrl Pts',(-0.806327814630636,0.599581247389219,
0.980700050347189));
#1057=CARTESIAN_POINT('Ctrl Pts',(-0.906446622399339,0.736716096405565,
0.982246665385698));
#1058=CARTESIAN_POINT('Ctrl Pts',(-1.03009490205901,0.920355574110624,0.992160253707023));
#1059=CARTESIAN_POINT('Ctrl Pts',(-1.23514385366054,1.24929601495828,0.969783598761887));
#1060=CARTESIAN_POINT('Ctrl Pts',(-1.56643643299617,1.82611810774494,0.902428416791139));
#1061=CARTESIAN_POINT('Ctrl Pts',(-1.86983501888675,2.3668825621097,0.853553478632988));
#1062=CARTESIAN_POINT('Ctrl Pts',(-2.18653180315536,2.93575700624737,0.812757092511152));
#1063=CARTESIAN_POINT('Ctrl Pts',(-2.4220159527912,3.3604988523487,0.794823241956611));
#1064=CARTESIAN_POINT('Ctrl Pts',(-2.845497401275,4.10616617878853,0.786493504805507));
#1065=CARTESIAN_POINT('Ctrl Pts',(-3.46137012318916,5.22334782522898,0.773404889086999));
#1066=CARTESIAN_POINT('Ctrl Pts',(-4.35247468540882,7.02384527294452,0.631382146802695));
#1067=CARTESIAN_POINT('Ctrl Pts',(-4.97259142939944,8.42040457221615,0.444777681933914));
#1068=CARTESIAN_POINT('Ctrl Pts',(-5.31209860403469,9.24464935495365,0.321918013743801));
#1069=CARTESIAN_POINT('Ctrl Pts',(-5.47683032531349,9.6617366061124,0.258977597213571));
#1070=CARTESIAN_POINT('Ctrl Pts',(-5.54911974840184,9.85089941404506,0.230524817319549));
#1071=CARTESIAN_POINT('Ctrl Pts',(-5.60456038021777,9.99863615403146,0.208443133602526));
#1072=CARTESIAN_POINT('Ctrl Pts',(-5.67812745963221,10.2023484567114,0.181985463719885));
#1073=CARTESIAN_POINT('Ctrl Pts',(-5.80706700444083,10.5848113942728,0.159385464935464));
#1074=CARTESIAN_POINT('Ctrl Pts',(-5.89750636247092,10.8837109732084,0.189376474229056));
#1075=CARTESIAN_POINT('Ctrl Pts',(-5.91991884688102,10.9837140899327,0.242081423902177));
#1076=CARTESIAN_POINT('Ctrl Pts',(-5.92409231651555,11.0134804360949,0.270004703178815));
#1077=CARTESIAN_POINT('Ctrl Pts',(-0.460985509072986,0.337498133429147,
0.931676485255111));
#1078=CARTESIAN_POINT('Ctrl Pts',(-0.496336993322238,0.373752614755098,
0.932397785698338));
#1079=CARTESIAN_POINT('Ctrl Pts',(-0.571296478808395,0.456845618556306,
0.933652030526365));
#1080=CARTESIAN_POINT('Ctrl Pts',(-0.723134732946075,0.647839032005843,
0.93506383158172));
#1081=CARTESIAN_POINT('Ctrl Pts',(-0.8181939416247,0.787601368341863,0.936821434322626));
#1082=CARTESIAN_POINT('Ctrl Pts',(-0.934922900221874,0.975494625330466,
0.952348874129029));
#1083=CARTESIAN_POINT('Ctrl Pts',(-1.12725286957527,1.31219548310653,0.932296249948894));
#1084=CARTESIAN_POINT('Ctrl Pts',(-1.43871376476125,1.90083886462951,0.85798865846375));
#1085=CARTESIAN_POINT('Ctrl Pts',(-1.72897127498848,2.44931332023861,0.801108169376343));
#1086=CARTESIAN_POINT('Ctrl Pts',(-2.03541574443132,3.02403665448776,0.752158308384027));
#1087=CARTESIAN_POINT('Ctrl Pts',(-2.26700359281482,3.45063513102594,0.729702118877308));
#1088=CARTESIAN_POINT('Ctrl Pts',(-2.68476551769453,4.19762246046322,0.718847419536439));
#1089=CARTESIAN_POINT('Ctrl Pts',(-3.30051066848135,5.31297310733391,0.708194231741865));
#1090=CARTESIAN_POINT('Ctrl Pts',(-4.21701351158808,7.10040811979078,0.585360536765435));
#1091=CARTESIAN_POINT('Ctrl Pts',(-4.86972544121436,8.48024624449193,0.419275377000061));
#1092=CARTESIAN_POINT('Ctrl Pts',(-5.23176422393797,9.29168618655166,0.306224430816372));
#1093=CARTESIAN_POINT('Ctrl Pts',(-5.40877935252212,9.70141458088292,0.246410066766519));
#1094=CARTESIAN_POINT('Ctrl Pts',(-5.48696313819734,9.88692526980066,0.218498800463575));
#1095=CARTESIAN_POINT('Ctrl Pts',(-5.54716708721528,10.0316737199144,0.196356372195034));
#1096=CARTESIAN_POINT('Ctrl Pts',(-5.62676198322201,10.2316038235384,0.173383424080888));
#1097=CARTESIAN_POINT('Ctrl Pts',(-5.76651148375979,10.6069699148442,0.159819448754438));
#1098=CARTESIAN_POINT('Ctrl Pts',(-5.8659647193677,10.9003249657744,0.195097578449597));
#1099=CARTESIAN_POINT('Ctrl Pts',(-5.89272254925833,10.9987517309739,0.245152093531356));
#1100=CARTESIAN_POINT('Ctrl Pts',(-5.8986320850543,11.0281799075829,0.270004223563751));
#1101=CARTESIAN_POINT('Ctrl Pts',(-0.309146375275597,0.425891821327838,
0.833109510658138));
#1102=CARTESIAN_POINT('Ctrl Pts',(-0.347070743514653,0.460836248589139,
0.833495328955125));
#1103=CARTESIAN_POINT('Ctrl Pts',(-0.424678499925741,0.542546356720134,
0.833798100648373));
#1104=CARTESIAN_POINT('Ctrl Pts',(-0.571404278532118,0.736019056245017,
0.833488842510958));
#1105=CARTESIAN_POINT('Ctrl Pts',(-0.65488937567918,0.881712891083943,0.835587616274275));
#1106=CARTESIAN_POINT('Ctrl Pts',(-0.755782571418842,1.07941086330748,0.860022723865194));
#1107=CARTESIAN_POINT('Ctrl Pts',(-0.921856265367936,1.43233718698911,0.845217388299663));
#1108=CARTESIAN_POINT('Ctrl Pts',(-1.19427850114927,2.04446924030794,0.762830887593169));
#1109=CARTESIAN_POINT('Ctrl Pts',(-1.45958039241767,2.60766629013273,0.694930182677759));
#1110=CARTESIAN_POINT('Ctrl Pts',(-1.74699071379872,3.19319929725311,0.634175031098832));
#1111=CARTESIAN_POINT('Ctrl Pts',(-1.97123813218223,3.62303126842352,0.604722818548276));
#1112=CARTESIAN_POINT('Ctrl Pts',(-2.37289371013018,4.37424991603791,0.589014891923256));
#1113=CARTESIAN_POINT('Ctrl Pts',(-2.98139346821342,5.48891417892456,0.577844324418879));
#1114=CARTESIAN_POINT('Ctrl Pts',(-3.94404312590631,7.25380018564809,0.482861175252579));
#1115=CARTESIAN_POINT('Ctrl Pts',(-4.66273625412662,8.60090702296386,0.355289999434665));
#1116=CARTESIAN_POINT('Ctrl Pts',(-5.0721231408005,9.38553154058491,0.266331435610363));
#1117=CARTESIAN_POINT('Ctrl Pts',(-5.27561913115133,9.77928850671505,0.217428245114546));
#1118=CARTESIAN_POINT('Ctrl Pts',(-5.36678968388811,9.95666466018769,0.193684562385553));
#1119=CARTESIAN_POINT('Ctrl Pts',(-5.4376354179892,10.0946601131385,0.174298221286166));
#1120=CARTESIAN_POINT('Ctrl Pts',(-5.52956206558633,10.2866982751472,0.159344110896184));
#1121=CARTESIAN_POINT('Ctrl Pts',(-5.68958959950638,10.6481690813372,0.163142235655111));
#1122=CARTESIAN_POINT('Ctrl Pts',(-5.80484941808103,10.9315280104195,0.206951670098499));
#1123=CARTESIAN_POINT('Ctrl Pts',(-5.83987854225075,11.027563242822,0.250847570965512));
#1124=CARTESIAN_POINT('Ctrl Pts',(-5.84978117266883,11.0563839949995,0.270001429226948));
#1125=CARTESIAN_POINT('Ctrl Pts',(-0.0358613941953428,0.585517863735683,
0.584528847811521));
#1126=CARTESIAN_POINT('Ctrl Pts',(-0.0799799747246814,0.617329753148484,
0.584175601716164));
#1127=CARTESIAN_POINT('Ctrl Pts',(-0.164450820507763,0.695446987373535,
0.582788684915181));
#1128=CARTESIAN_POINT('Ctrl Pts',(-0.300608177778073,0.893826384023317,
0.579605543478269));
#1129=CARTESIAN_POINT('Ctrl Pts',(-0.357602143859963,1.05291562262441,0.58155320531854));
#1130=CARTESIAN_POINT('Ctrl Pts',(-0.42285755505036,1.27286349601977,0.615123673811011));
#1131=CARTESIAN_POINT('Ctrl Pts',(-0.531699872619421,1.66152991548734,0.611909729302142));
#1132=CARTESIAN_POINT('Ctrl Pts',(-0.718813045222952,2.32531750443725,0.532772530396558));
#1133=CARTESIAN_POINT('Ctrl Pts',(-0.930038281158877,2.92053118140513,0.459976441042592));
#1134=CARTESIAN_POINT('Ctrl Pts',(-1.17626422214969,3.52938744114294,0.391174908768876));
#1135=CARTESIAN_POINT('Ctrl Pts',(-1.38373105793959,3.96636670617341,0.354817662359741));
#1136=CARTESIAN_POINT('Ctrl Pts',(-1.74067725151325,4.73057918631368,0.329541028022333));
#1137=CARTESIAN_POINT('Ctrl Pts',(-2.32041183129378,5.84953318339791,0.303921714475775));
#1138=CARTESIAN_POINT('Ctrl Pts',(-3.37405802619488,7.57223810821159,0.239830246931443));
#1139=CARTESIAN_POINT('Ctrl Pts',(-4.23408482126612,8.85131201828412,0.185739469666439));
#1140=CARTESIAN_POINT('Ctrl Pts',(-4.74542497283593,9.57839174566471,0.159110725273199));
#1141=CARTESIAN_POINT('Ctrl Pts',(-5.00607019090782,9.93742665324751,0.14569865507524));
#1142=CARTESIAN_POINT('Ctrl Pts',(-5.12534250188863,10.0969678594553,0.139125460501984));
#1143=CARTESIAN_POINT('Ctrl Pts',(-5.21927745332319,10.2200923311453,0.133425056201027));
#1144=CARTESIAN_POINT('Ctrl Pts',(-5.33728507814005,10.3951192843831,0.137432771188342));
#1145=CARTESIAN_POINT('Ctrl Pts',(-5.53784852880211,10.7276525501087,0.174071301948299));
#1146=CARTESIAN_POINT('Ctrl Pts',(-5.68242924206014,10.9918818407735,0.23005292617839));
#1147=CARTESIAN_POINT('Ctrl Pts',(-5.73345969908073,11.0847089805826,0.260386086937317));
#1148=CARTESIAN_POINT('Ctrl Pts',(-5.75208001048363,11.1127917872874,0.270001293654203));
#1149=CARTESIAN_POINT('Ctrl Pts',(0.132269551857567,0.684022095141833,0.34662765856682));
#1150=CARTESIAN_POINT('Ctrl Pts',(0.0835496549874781,0.713522236494551,
0.345904987316719));
#1151=CARTESIAN_POINT('Ctrl Pts',(-0.00623075455115286,0.788861181329071,
0.343746867197718));
#1152=CARTESIAN_POINT('Ctrl Pts',(-0.135272408780693,0.990420128639614,
0.338816691734973));
#1153=CARTESIAN_POINT('Ctrl Pts',(-0.17327434919595,1.15899837710488,0.339073837291776));
#1154=CARTESIAN_POINT('Ctrl Pts',(-0.214405409478437,1.39417575299693,0.368312606927513));
#1155=CARTESIAN_POINT('Ctrl Pts',(-0.278095198486929,1.81100744112437,0.37248662809293));
#1156=CARTESIAN_POINT('Ctrl Pts',(-0.389466851432242,2.52039142548198,0.315489986541995));
#1157=CARTESIAN_POINT('Ctrl Pts',(-0.549663651111721,3.14568458602215,0.257802178098398));
#1158=CARTESIAN_POINT('Ctrl Pts',(-0.755158750381278,3.77770353861173,0.200546513134316));
#1159=CARTESIAN_POINT('Ctrl Pts',(-0.944739695309548,4.22303446077767,0.167264759594537));
#1160=CARTESIAN_POINT('Ctrl Pts',(-1.26314316321573,4.99953697458021,0.135130528161676));
#1161=CARTESIAN_POINT('Ctrl Pts',(-1.8207107068013,6.12171608542973,0.0918015467969161));
#1162=CARTESIAN_POINT('Ctrl Pts',(-2.95128272198346,7.80805605191666,0.0355757297593192));
#1163=CARTESIAN_POINT('Ctrl Pts',(-3.9228839108024,9.03325558865014,0.0326161929960285));
#1164=CARTESIAN_POINT('Ctrl Pts',(-4.50848224510998,9.71848660562486,0.0608990939204063));
#1165=CARTESIAN_POINT('Ctrl Pts',(-4.80830134348818,10.0535623441324,0.0827719828777579));
#1166=CARTESIAN_POINT('Ctrl Pts',(-4.94588987066998,10.2012771357463,0.0948902890420801));
#1167=CARTESIAN_POINT('Ctrl Pts',(-5.05444322475684,10.3147645081242,0.104924735054666));
#1168=CARTESIAN_POINT('Ctrl Pts',(-5.19175277487687,10.4771294100499,0.12374098468927));
#1169=CARTESIAN_POINT('Ctrl Pts',(-5.42475651360865,10.7866323307543,0.180666899025886));
#1170=CARTESIAN_POINT('Ctrl Pts',(-5.59286773699932,11.0355655649258,0.242038162669063));
#1171=CARTESIAN_POINT('Ctrl Pts',(-5.65497903646032,11.1266817152027,0.264234165892613));
#1172=CARTESIAN_POINT('Ctrl Pts',(-5.67880403644413,11.1550976906244,0.270001027115372));
#1173=CARTESIAN_POINT('Ctrl Pts',(0.233828833510811,0.743340927027197,0.159447481987221));
#1174=CARTESIAN_POINT('Ctrl Pts',(0.183012222335839,0.771794923427329,0.158809344499316));
#1175=CARTESIAN_POINT('Ctrl Pts',(0.090903392591582,0.845926470738319,0.156612820058374));
#1176=CARTESIAN_POINT('Ctrl Pts',(-0.0345169347822478,1.04913343544626,
0.150481877941664));
#1177=CARTESIAN_POINT('Ctrl Pts',(-0.0637334339197833,1.22208026167505,
0.148210486689724));
#1178=CARTESIAN_POINT('Ctrl Pts',(-0.0955836294785026,1.46323633991452,
0.167660849937538));
#1179=CARTESIAN_POINT('Ctrl Pts',(-0.128994530901749,1.89854902664082,0.173890422984788));
#1180=CARTESIAN_POINT('Ctrl Pts',(-0.17747379389927,2.64513404114447,0.139612141373544));
#1181=CARTESIAN_POINT('Ctrl Pts',(-0.290946455427761,3.29769812181792,0.100819648813955));
#1182=CARTESIAN_POINT('Ctrl Pts',(-0.456813922284887,3.95242767822559,0.059933141168415));
#1183=CARTESIAN_POINT('Ctrl Pts',(-0.628383408580223,4.40721605557567,0.032911592624953));
#1184=CARTESIAN_POINT('Ctrl Pts',(-0.925444866767555,5.19129072961324,-0.00382731908367564));
#1185=CARTESIAN_POINT('Ctrl Pts',(-1.48164212120655,6.30969705798577,-0.0552825318364006));
#1186=CARTESIAN_POINT('Ctrl Pts',(-2.6811233427866,7.96008922831323,-0.10118857162966));
#1187=CARTESIAN_POINT('Ctrl Pts',(-3.7305478401765,9.145383870153,-0.0694743839846473));
#1188=CARTESIAN_POINT('Ctrl Pts',(-4.35836412164221,9.80672866289117,-0.00539783094113772));
#1189=CARTESIAN_POINT('Ctrl Pts',(-4.67645497914896,10.130615344469,0.0394611160980467));
#1190=CARTESIAN_POINT('Ctrl Pts',(-4.8209201238944,10.2737632493294,0.0637919808461769));
#1191=CARTESIAN_POINT('Ctrl Pts',(-4.93413696946228,10.3839874102066,0.0841442628972974));
#1192=CARTESIAN_POINT('Ctrl Pts',(-5.08337406501452,10.5387421997964,0.111261010963466));
#1193=CARTESIAN_POINT('Ctrl Pts',(-5.34254605288675,10.8310864139376,0.178512040139005));
#1194=CARTESIAN_POINT('Ctrl Pts',(-5.53217250045431,11.0667822506979,0.243636047011474));
#1195=CARTESIAN_POINT('Ctrl Pts',(-5.60148135906767,11.1559771838986,0.264251682387439));
#1196=CARTESIAN_POINT('Ctrl Pts',(-5.62633763556816,11.1853891812935,0.270001432961227));
#1197=CARTESIAN_POINT('Ctrl Pts',(0.240734197267991,0.747373098895224,0.146464257820679));
#1198=CARTESIAN_POINT('Ctrl Pts',(0.189779264297133,0.775758143763961,0.145833805748957));
#1199=CARTESIAN_POINT('Ctrl Pts',(0.0975177059867519,0.849810598504619,
0.143637509506468));
#1200=CARTESIAN_POINT('Ctrl Pts',(-0.0276601095434824,1.05312819768371,
0.137424615180061));
#1201=CARTESIAN_POINT('Ctrl Pts',(-0.0562953630882649,1.22636391115941,
0.134972620105612));
#1202=CARTESIAN_POINT('Ctrl Pts',(-0.0875462705978067,1.46790715563375,
0.153714711363815));
#1203=CARTESIAN_POINT('Ctrl Pts',(-0.118880728297561,1.90448499940491,0.160069445050287));
#1204=CARTESIAN_POINT('Ctrl Pts',(-0.162984016502185,2.65365554756772,0.127389071737545));
#1205=CARTESIAN_POINT('Ctrl Pts',(-0.273186237823814,3.30812737480439,0.0899381580576334));
#1206=CARTESIAN_POINT('Ctrl Pts',(-0.436271669588817,3.96445196412165,0.0502185898950671));
#1207=CARTESIAN_POINT('Ctrl Pts',(-0.606573376058101,4.41990982209725,0.0236489870272859));
#1208=CARTESIAN_POINT('Ctrl Pts',(-0.902195108947943,5.20450055117157,-0.013404974898064));
#1209=CARTESIAN_POINT('Ctrl Pts',(-1.45837896031632,6.32261177183035,-0.0655179208970855));
#1210=CARTESIAN_POINT('Ctrl Pts',(-2.66270637946155,7.97046059566823,-0.111056453294074));
#1211=CARTESIAN_POINT('Ctrl Pts',(-3.71750521617582,9.15298589674136,-0.077268389285373));
#1212=CARTESIAN_POINT('Ctrl Pts',(-4.34818485391886,9.81270993312533,-0.0108766051242531));
#1213=CARTESIAN_POINT('Ctrl Pts',(-4.66748806070144,10.1358542061534,0.0355129221020172));
#1214=CARTESIAN_POINT('Ctrl Pts',(-4.81239585803594,10.2787069524706,0.0606720232795864));
#1215=CARTESIAN_POINT('Ctrl Pts',(-4.9259044934852,10.3887247758105,0.0817306502246507));
#1216=CARTESIAN_POINT('Ctrl Pts',(-5.07594515635414,10.5429676006464,0.109530140809341));
#1217=CARTESIAN_POINT('Ctrl Pts',(-5.33690922196593,10.8341410966936,0.1778385775782));
#1218=CARTESIAN_POINT('Ctrl Pts',(-5.52801588162536,11.0689282137247,0.2435878716923));
#1219=CARTESIAN_POINT('Ctrl Pts',(-5.59780823680044,11.1579922602261,0.264238850871627));
#1220=CARTESIAN_POINT('Ctrl Pts',(-5.62272183631957,11.187476763963,0.270001390686231));
#1221=CARTESIAN_POINT('Ctrl Pts',(0.24883993973253,0.752104690688941,0.130913653229511));
#1222=CARTESIAN_POINT('Ctrl Pts',(0.197728158197916,0.780411622202894,0.130294536456644));
#1223=CARTESIAN_POINT('Ctrl Pts',(0.105294374841155,0.854375006187896,0.128101584561393));
#1224=CARTESIAN_POINT('Ctrl Pts',(-0.0196043445727184,1.05782022865375,
0.121791047496296));
#1225=CARTESIAN_POINT('Ctrl Pts',(-0.0475791144343164,1.23138400849235,
0.119115571406336));
#1226=CARTESIAN_POINT('Ctrl Pts',(-0.0781687444046777,1.47335600020248,
0.136972995945773));
#1227=CARTESIAN_POINT('Ctrl Pts',(-0.107046395891354,1.91142793348006,0.143455289164041));
#1228=CARTESIAN_POINT('Ctrl Pts',(-0.145886220442829,2.6637047162238,0.112718825811367));
#1229=CARTESIAN_POINT('Ctrl Pts',(-0.252131241823035,3.32048354220614,0.0769141075222157));
#1230=CARTESIAN_POINT('Ctrl Pts',(-0.41183797880807,3.9787460738632,0.0386341518146771));
#1231=CARTESIAN_POINT('Ctrl Pts',(-0.580598286713945,4.43502259775671,0.012626924918412));
#1232=CARTESIAN_POINT('Ctrl Pts',(-0.874549068000652,5.22021854250739,-0.0248008532353801));
#1233=CARTESIAN_POINT('Ctrl Pts',(-1.43085307875856,6.33791493903729,-0.077810444140197));
#1234=CARTESIAN_POINT('Ctrl Pts',(-2.64115583165845,7.98260432717737,-0.123307590715065));
#1235=CARTESIAN_POINT('Ctrl Pts',(-3.70243648849409,9.16176780461209,-0.0874216239565365));
#1236=CARTESIAN_POINT('Ctrl Pts',(-4.33649655553065,9.81957711084387,-0.0184562116116421));
#1237=CARTESIAN_POINT('Ctrl Pts',(-4.6571934402684,10.1418683121562,0.0296888435595556));
#1238=CARTESIAN_POINT('Ctrl Pts',(-4.80259045586253,10.2843934453279,0.0558156213205738));
#1239=CARTESIAN_POINT('Ctrl Pts',(-4.9164091085052,10.3941890797086,0.077707461310837));
#1240=CARTESIAN_POINT('Ctrl Pts',(-5.06735418420607,10.5478549605001,0.106447879736153));
#1241=CARTESIAN_POINT('Ctrl Pts',(-5.33035079000159,10.8376997663863,0.176418844301695));
#1242=CARTESIAN_POINT('Ctrl Pts',(-5.52313017218021,11.0714594043471,0.243342991894882));
#1243=CARTESIAN_POINT('Ctrl Pts',(-5.59345363658137,11.1603859320685,0.264206535789078));
#1244=CARTESIAN_POINT('Ctrl Pts',(-5.61841817412578,11.1899614844891,0.270001445017923));
#1245=CARTESIAN_POINT('Ctrl Pts',(0.250128262213901,0.752856705122664,0.128420893593494));
#1246=CARTESIAN_POINT('Ctrl Pts',(0.198989548080663,0.781150059447267,0.12780114210188));
#1247=CARTESIAN_POINT('Ctrl Pts',(0.106522636419569,0.855095959487067,0.125601753708213));
#1248=CARTESIAN_POINT('Ctrl Pts',(-0.0183459282632937,1.05855327971097,
0.119258658533397));
#1249=CARTESIAN_POINT('Ctrl Pts',(-0.0462243412350818,1.23216424841877,
0.116537317010442));
#1250=CARTESIAN_POINT('Ctrl Pts',(-0.0767098982672844,1.47420376998389,
0.134252048610619));
#1251=CARTESIAN_POINT('Ctrl Pts',(-0.105191011164433,1.91251663637176,0.140759142180162));
#1252=CARTESIAN_POINT('Ctrl Pts',(-0.143176986261666,2.66529706842876,0.110347496264137));
#1253=CARTESIAN_POINT('Ctrl Pts',(-0.24877887378091,3.32245074397283,0.0748176400366248));
#1254=CARTESIAN_POINT('Ctrl Pts',(-0.407935764320864,3.98102870895663,0.0367783608075403));
#1255=CARTESIAN_POINT('Ctrl Pts',(-0.576445580681735,4.43743855874448,0.0108655762294554));
#1256=CARTESIAN_POINT('Ctrl Pts',(-0.87013073775162,5.22273087653096,-0.0266219299410998));
#1257=CARTESIAN_POINT('Ctrl Pts',(-1.4264584849798,6.34035881203487,-0.0797784186904051));
#1258=CARTESIAN_POINT('Ctrl Pts',(-2.63772275551111,7.98453910251588,-0.125281113851606));
#1259=CARTESIAN_POINT('Ctrl Pts',(-3.70004219487471,9.16316314423464,-0.0890711412359764));
#1260=CARTESIAN_POINT('Ctrl Pts',(-4.33464196234429,9.82066671300509,-0.0197000543762679));
#1261=CARTESIAN_POINT('Ctrl Pts',(-4.65556018955681,10.1428224453963,0.0287235325573482));
#1262=CARTESIAN_POINT('Ctrl Pts',(-4.80103434205853,10.2852958848584,0.0550043871026735));
#1263=CARTESIAN_POINT('Ctrl Pts',(-4.91490145442737,10.3950566933653,0.0770291564732794));
#1264=CARTESIAN_POINT('Ctrl Pts',(-5.06598940667555,10.548631401082,0.10592389654526));
#1265=CARTESIAN_POINT('Ctrl Pts',(-5.3293075119255,10.838265988252,0.176172964740009));
#1266=CARTESIAN_POINT('Ctrl Pts',(-5.52235120504981,11.0718632411279,0.243298092665711));
#1267=CARTESIAN_POINT('Ctrl Pts',(-5.59275817656236,11.1607683625194,0.2642007979948));
#1268=CARTESIAN_POINT('Ctrl Pts',(-5.61773032980305,11.190358611594,0.270001402169806));
#1269=CARTESIAN_POINT('Ctrl Pts',(0.261706932113616,0.759615048983441,0.105872869200624));
#1270=CARTESIAN_POINT('Ctrl Pts',(0.210308544655759,0.787776132402662,0.105227038701727));
#1271=CARTESIAN_POINT('Ctrl Pts',(0.117492477470471,0.86153514864516,0.102911560254243));
#1272=CARTESIAN_POINT('Ctrl Pts',(-0.00723304822941389,1.06502751202525,
0.0961332556531208));
#1273=CARTESIAN_POINT('Ctrl Pts',(-0.0343241690193815,1.23901746527463,
0.0929133437268555));
#1274=CARTESIAN_POINT('Ctrl Pts',(-0.0638834306056796,1.48165839764288,
0.109330016155136));
#1275=CARTESIAN_POINT('Ctrl Pts',(-0.088752734458501,1.9221638602983,0.116097236878363));
#1276=CARTESIAN_POINT('Ctrl Pts',(-0.118932483449895,2.67954679159906,0.0887259040248726));
#1277=CARTESIAN_POINT('Ctrl Pts',(-0.218642772287244,3.34013362910532,0.0557693318018588));
#1278=CARTESIAN_POINT('Ctrl Pts',(-0.372762170646904,4.00160190762363,0.0199823408171354));
#1279=CARTESIAN_POINT('Ctrl Pts',(-0.538973630594175,4.45923762544809,-0.00504030147129167));
#1280=CARTESIAN_POINT('Ctrl Pts',(-0.830269627726878,5.24539933713285,-0.0430649044035649));
#1281=CARTESIAN_POINT('Ctrl Pts',(-1.38684199133402,6.36239599819042,-0.097571773247344));
#1282=CARTESIAN_POINT('Ctrl Pts',(-2.6068443034979,8.00194336597114,-0.143226615368094));
#1283=CARTESIAN_POINT('Ctrl Pts',(-3.67856278359436,9.17568057381769,-0.104188784991354));
#1284=CARTESIAN_POINT('Ctrl Pts',(-4.31802431551322,9.83042963420671,-0.0312013340044143));
#1285=CARTESIAN_POINT('Ctrl Pts',(-4.64092581628391,10.1513716197816,0.0197195549442096));
#1286=CARTESIAN_POINT('Ctrl Pts',(-4.78708461425271,10.293385712332,0.0473872905913066));
#1287=CARTESIAN_POINT('Ctrl Pts',(-4.90137817910324,10.4028390255223,0.0706102608090858));
#1288=CARTESIAN_POINT('Ctrl Pts',(-5.05374118429294,10.5555998703218,0.100930733839546));
#1289=CARTESIAN_POINT('Ctrl Pts',(-5.31993330018277,10.8433549810079,0.173793597620417));
#1290=CARTESIAN_POINT('Ctrl Pts',(-5.51533834289005,11.0755013365143,0.24284347477718));
#1291=CARTESIAN_POINT('Ctrl Pts',(-5.58648579425023,11.1642188463608,0.264145126433314));
#1292=CARTESIAN_POINT('Ctrl Pts',(-5.61152189177487,11.1939430549608,0.270001864703578));
#1293=CARTESIAN_POINT('Ctrl Pts',(0.269631855557734,0.764251305948459,0.0833000303819304));
#1294=CARTESIAN_POINT('Ctrl Pts',(0.218004564058916,0.792294853941234,0.0826228418487559));
#1295=CARTESIAN_POINT('Ctrl Pts',(0.124859351955862,0.865876016643117,0.0801750587602698));
#1296=CARTESIAN_POINT('Ctrl Pts',(0.000151470870101759,1.06933918509816,
0.0729252523578965));
#1297=CARTESIAN_POINT('Ctrl Pts',(-0.0263544940827449,1.24360438602655,
0.0691960378213112));
#1298=CARTESIAN_POINT('Ctrl Pts',(-0.0551934410764079,1.48671637452201,
0.0843763899121696));
#1299=CARTESIAN_POINT('Ctrl Pts',(-0.0765867680300341,1.9293175940429,0.0916465753216143));
#1300=CARTESIAN_POINT('Ctrl Pts',(-0.0989820395488603,2.69127406685842,
0.0678473599213054));
#1301=CARTESIAN_POINT('Ctrl Pts',(-0.192738627517479,3.35532449030774,0.0379047781266764));
#1302=CARTESIAN_POINT('Ctrl Pts',(-0.341729717189521,4.01973861867015,0.00477087616325664));
#1303=CARTESIAN_POINT('Ctrl Pts',(-0.50561445073206,4.478633931728,-0.0191764915812335));
#1304=CARTESIAN_POINT('Ctrl Pts',(-0.794872551105157,5.26554975425092,-0.0576761878143984));
#1305=CARTESIAN_POINT('Ctrl Pts',(-1.35194810804927,6.38184994778674,-0.113605748516763));
#1306=CARTESIAN_POINT('Ctrl Pts',(-2.58016695553853,8.01699478361803,-0.160169714196415));
#1307=CARTESIAN_POINT('Ctrl Pts',(-3.66044211958511,9.18623887402819,-0.119341926026216));
#1308=CARTESIAN_POINT('Ctrl Pts',(-4.30418747717879,9.8385581012046,-0.0434975635847794));
#1309=CARTESIAN_POINT('Ctrl Pts',(-4.62875994110112,10.1584784425989,0.00951291432462568));
#1310=CARTESIAN_POINT('Ctrl Pts',(-4.77545485291285,10.30012993746,0.0383774016959175));
#1311=CARTESIAN_POINT('Ctrl Pts',(-4.89005438092372,10.4093558365975,0.0626503994839374));
#1312=CARTESIAN_POINT('Ctrl Pts',(-5.04343560596409,10.5614644370389,0.0944890169036856));
#1313=CARTESIAN_POINT('Ctrl Pts',(-5.31194643511729,10.8476984548527,0.170465446062628));
#1314=CARTESIAN_POINT('Ctrl Pts',(-5.5092366322026,11.0786838725305,0.24206913149447));
#1315=CARTESIAN_POINT('Ctrl Pts',(-5.58094296544217,11.1672774465412,0.264059205730026));
#1316=CARTESIAN_POINT('Ctrl Pts',(-5.60600171628741,11.1971301297645,0.269999635423591));
#1317=CARTESIAN_POINT('Ctrl Pts',(0.279805814159662,0.77024560142118,0.0318664927875698));
#1318=CARTESIAN_POINT('Ctrl Pts',(0.227676297308622,0.798028135339853,0.0311389030322915));
#1319=CARTESIAN_POINT('Ctrl Pts',(0.133739034713627,0.871176115269782,0.0284401577661563));
#1320=CARTESIAN_POINT('Ctrl Pts',(0.0087179821753126,1.07438051502097,0.0202212486875598));
#1321=CARTESIAN_POINT('Ctrl Pts',(-0.0168521900411646,1.2490620911917,0.0153851745735597));
#1322=CARTESIAN_POINT('Ctrl Pts',(-0.0443758893744948,1.49304267489499,
0.0277249041944649));
#1323=CARTESIAN_POINT('Ctrl Pts',(-0.0574599532982764,1.9406172337656,0.0362721386955792));
#1324=CARTESIAN_POINT('Ctrl Pts',(-0.060638055809819,2.71382546862847,0.021042616518028));
#1325=CARTESIAN_POINT('Ctrl Pts',(-0.139511057325183,3.3865208291432,-0.00163314109263467));
#1326=CARTESIAN_POINT('Ctrl Pts',(-0.27561489770304,4.05834575946009,-0.0283498910944454));
#1327=CARTESIAN_POINT('Ctrl Pts',(-0.433672011427802,4.52043988038252,-0.0496600495633401));
#1328=CARTESIAN_POINT('Ctrl Pts',(-0.718736951254864,5.30894032222434,-0.0891729357763253));
#1329=CARTESIAN_POINT('Ctrl Pts',(-1.27769684059204,6.42334899657564,-0.148502714717915));
#1330=CARTESIAN_POINT('Ctrl Pts',(-2.52512436211708,8.04807929685113,-0.198336451691054));
#1331=CARTESIAN_POINT('Ctrl Pts',(-3.62467367564755,9.20708048560299,-0.15494502464607));
#1332=CARTESIAN_POINT('Ctrl Pts',(-4.27771567118759,9.85411827789147,-0.0736130239990258));
#1333=CARTESIAN_POINT('Ctrl Pts',(-4.60572148660639,10.1719437099346,-0.0163604210310961));
#1334=CARTESIAN_POINT('Ctrl Pts',(-4.75340768227932,10.3129178272131,0.0150030143544837));
#1335=CARTESIAN_POINT('Ctrl Pts',(-4.86849374307881,10.4217623319524,0.0414969135800215));
#1336=CARTESIAN_POINT('Ctrl Pts',(-5.02364753432945,10.5727201070043,0.0770341385020146));
#1337=CARTESIAN_POINT('Ctrl Pts',(-5.29614881425532,10.8562891988196,0.161099193139369));
#1338=CARTESIAN_POINT('Ctrl Pts',(-5.49654991266353,11.08533493277,0.239709277084427));
#1339=CARTESIAN_POINT('Ctrl Pts',(-5.5690747461344,11.1738493526212,0.263808635058559));
#1340=CARTESIAN_POINT('Ctrl Pts',(-5.59410263469329,11.204000067726,0.270005600484648));
#1341=CARTESIAN_POINT('Ctrl Pts',(0.281269555590346,0.771167891249481,-0.00713574626649814));
#1342=CARTESIAN_POINT('Ctrl Pts',(0.228770477049459,0.798755624715636,-0.00788327285909167));
#1343=CARTESIAN_POINT('Ctrl Pts',(0.134189743397475,0.871547559369733,-0.0107281310149348));
#1344=CARTESIAN_POINT('Ctrl Pts',(0.00863268655127952,1.07439249337248,
-0.0195880668696634));
#1345=CARTESIAN_POINT('Ctrl Pts',(-0.0165504312611287,1.24921806198177,
-0.0252158764831965));
#1346=CARTESIAN_POINT('Ctrl Pts',(-0.0433323980689101,1.49369695031228,
-0.0150547139902472));
#1347=CARTESIAN_POINT('Ctrl Pts',(-0.04978511580565,1.9452129961616,-0.00544962337793163));
#1348=CARTESIAN_POINT('Ctrl Pts',(-0.0371566756829589,2.72764766679624,
-0.0138501922489985));
#1349=CARTESIAN_POINT('Ctrl Pts',(-0.103654522608581,3.40752111159991,-0.0307104329863022));
#1350=CARTESIAN_POINT('Ctrl Pts',(-0.228987929043899,4.08554533398954,-0.0522706404745145));
#1351=CARTESIAN_POINT('Ctrl Pts',(-0.382196711790329,4.5503323140302,-0.0714398583328286));
#1352=CARTESIAN_POINT('Ctrl Pts',(-0.664434990450643,5.33992831864979,-0.111670497009012));
#1353=CARTESIAN_POINT('Ctrl Pts',(-1.22542104403244,6.45265175209807,-0.173716722015193));
#1354=CARTESIAN_POINT('Ctrl Pts',(-2.48783267587331,8.06916430540214,-0.226976601132245));
#1355=CARTESIAN_POINT('Ctrl Pts',(-3.60186205921334,9.22037308897117,-0.18282625129174));
#1356=CARTESIAN_POINT('Ctrl Pts',(-4.26161137269894,9.86359355861352,-0.0981307016030516));
#1357=CARTESIAN_POINT('Ctrl Pts',(-4.59193595037362,10.1800079898216,-0.0380638869359008));
#1358=CARTESIAN_POINT('Ctrl Pts',(-4.74019724472986,10.3205826877491,-0.0049818031098682));
#1359=CARTESIAN_POINT('Ctrl Pts',(-4.85548919178204,10.4292438660686,0.0230642215483464));
#1360=CARTESIAN_POINT('Ctrl Pts',(-5.01155242731556,10.5795948362536,0.061320619620733));
#1361=CARTESIAN_POINT('Ctrl Pts',(-5.28604670959982,10.8617816951346,0.151474968081969));
#1362=CARTESIAN_POINT('Ctrl Pts',(-5.48785698699946,11.0899217305666,0.235503746478899));
#1363=CARTESIAN_POINT('Ctrl Pts',(-5.56064040312112,11.1785391918502,0.261349800315316));
#1364=CARTESIAN_POINT('Ctrl Pts',(-5.58558044078478,11.2089203586732,0.267792991249102));
#1365=CARTESIAN_POINT('Ctrl Pts',(0.274586724452627,0.767373642734425,-0.0447594419506961));
#1366=CARTESIAN_POINT('Ctrl Pts',(0.2217228671835,0.794766183659477,-0.0454514222112254));
#1367=CARTESIAN_POINT('Ctrl Pts',(0.126442266756926,0.867166886510575,-0.0482474835071094));
#1368=CARTESIAN_POINT('Ctrl Pts',(2.75315574704159E-5,1.06947512948804,
-0.0573221091109289));
#1369=CARTESIAN_POINT('Ctrl Pts',(-0.0251028665146448,1.24426516125973,
-0.0635352530827542));
#1370=CARTESIAN_POINT('Ctrl Pts',(-0.0514319996376879,1.48906365751581,
-0.0557522269379058));
#1371=CARTESIAN_POINT('Ctrl Pts',(-0.0503172844441296,1.94504246753608,
-0.0455401719596401));
#1372=CARTESIAN_POINT('Ctrl Pts',(-0.0190504915500374,2.73832144581725,
-0.0477914715197909));
#1373=CARTESIAN_POINT('Ctrl Pts',(-0.0707903286378977,3.42674306334606,
-0.0592947676289963));
#1374=CARTESIAN_POINT('Ctrl Pts',(-0.183212184851502,4.11220598264685,-0.076069205124316));
#1375=CARTESIAN_POINT('Ctrl Pts',(-0.33063377503546,4.58024593375138,-0.093234809190312));
#1376=CARTESIAN_POINT('Ctrl Pts',(-0.61030359065244,5.37087954215509,-0.134171608463431));
#1377=CARTESIAN_POINT('Ctrl Pts',(-1.17442232186276,6.48136643773177,-0.199046134648961));
#1378=CARTESIAN_POINT('Ctrl Pts',(-2.45397068496506,8.08834482421791,-0.256443624443629));
#1379=CARTESIAN_POINT('Ctrl Pts',(-3.58377129677924,9.23091933103246,-0.21238639401429));
#1380=CARTESIAN_POINT('Ctrl Pts',(-4.25043665394527,9.87019260283665,-0.124844380394242));
#1381=CARTESIAN_POINT('Ctrl Pts',(-4.58292102752465,10.1853000866373,-0.0621971386256818));
#1382=CARTESIAN_POINT('Ctrl Pts',(-4.73157061497292,10.3255946632793,-0.027486459481233));
#1383=CARTESIAN_POINT('Ctrl Pts',(-4.84686266950291,10.4342022700772,0.00205146090722116));
#1384=CARTESIAN_POINT('Ctrl Pts',(-5.00334335805433,10.584244370072,0.0429225627418822));
#1385=CARTESIAN_POINT('Ctrl Pts',(-5.27866579139474,10.8657608568487,0.138982047326597));
#1386=CARTESIAN_POINT('Ctrl Pts',(-5.48078737426783,11.0936446963972,0.228396507361113));
#1387=CARTESIAN_POINT('Ctrl Pts',(-5.55338406438714,11.1825794380981,0.256124380642988));
#1388=CARTESIAN_POINT('Ctrl Pts',(-5.57814094288101,11.2132155547905,0.262901912791399));
#1389=CARTESIAN_POINT('Ctrl Pts',(0.268223353052479,0.763744930838385,-0.0722352546567471));
#1390=CARTESIAN_POINT('Ctrl Pts',(0.215093427936072,0.790994723699349,-0.0728697578169067));
#1391=CARTESIAN_POINT('Ctrl Pts',(0.119293752754457,0.863104788666506,-0.0755878403979301));
#1392=CARTESIAN_POINT('Ctrl Pts',(-0.00779044943101493,1.06499724885956,
-0.084729467756077));
#1393=CARTESIAN_POINT('Ctrl Pts',(-0.0329278446149554,1.23973672692913,
-0.091332740715815));
#1394=CARTESIAN_POINT('Ctrl Pts',(-0.0589745409347946,1.48473929557653,
-0.0853608765695569));
#1395=CARTESIAN_POINT('Ctrl Pts',(-0.0520771578548596,1.94412279489126,
-0.0748234338960817));
#1396=CARTESIAN_POINT('Ctrl Pts',(-0.00647161201513322,2.74573909036695,
-0.0727058540291223));
#1397=CARTESIAN_POINT('Ctrl Pts',(-0.0468309066991301,3.44075074828189,
-0.0803752310253365));
#1398=CARTESIAN_POINT('Ctrl Pts',(-0.149287620550953,4.13195591276008,-0.093709603150855));
#1399=CARTESIAN_POINT('Ctrl Pts',(-0.292243095557627,4.60251214660283,-0.109437433398588));
#1400=CARTESIAN_POINT('Ctrl Pts',(-0.570048765375877,5.39390807191289,-0.150900454439091));
#1401=CARTESIAN_POINT('Ctrl Pts',(-1.13670611704502,6.50262762307405,-0.217891765348413));
#1402=CARTESIAN_POINT('Ctrl Pts',(-2.42941972070546,8.10225867371323,-0.278447586914023));
#1403=CARTESIAN_POINT('Ctrl Pts',(-3.57120296431787,9.23824724650484,-0.234574062234934));
#1404=CARTESIAN_POINT('Ctrl Pts',(-4.24305357825368,9.87455908638537,-0.144992629169873));
#1405=CARTESIAN_POINT('Ctrl Pts',(-4.57711419839048,10.188714230143,-0.0804635603270073));
#1406=CARTESIAN_POINT('Ctrl Pts',(-4.7260161673495,10.3288236548852,-0.0445565950052959));
#1407=CARTESIAN_POINT('Ctrl Pts',(-4.84126850535546,10.4374164663696,-0.0139196965294359));
#1408=CARTESIAN_POINT('Ctrl Pts',(-4.9979736987623,10.587281109772,0.0288659318813577));
#1409=CARTESIAN_POINT('Ctrl Pts',(-5.27371374514848,10.868420953812,0.129250272933891));
#1410=CARTESIAN_POINT('Ctrl Pts',(-5.47588135463217,11.0962243109375,0.222631850973236));
#1411=CARTESIAN_POINT('Ctrl Pts',(-5.54826120376561,11.1854319308947,0.251774634859211));
#1412=CARTESIAN_POINT('Ctrl Pts',(-5.57286352829109,11.2162624715247,0.258817719246802));
#1413=CARTESIAN_POINT('Ctrl Pts',(0.256001160826445,0.756741831060302,-0.107330378656215));
#1414=CARTESIAN_POINT('Ctrl Pts',(0.202528189743503,0.783806405545605,-0.107844482201933));
#1415=CARTESIAN_POINT('Ctrl Pts',(0.10603303590635,0.85552562903977,-0.110343552087955));
#1416=CARTESIAN_POINT('Ctrl Pts',(-0.022048873966659,1.05680748269557,-0.119318575426121));
#1417=CARTESIAN_POINT('Ctrl Pts',(-0.0473328487138938,1.23140737341098,
-0.126311451642114));
#1418=CARTESIAN_POINT('Ctrl Pts',(-0.0731505331395223,1.47659061541845,
-0.122840852476783));
#1419=CARTESIAN_POINT('Ctrl Pts',(-0.0586923596837325,1.94041739906361,
-0.114038542476172));
#1420=CARTESIAN_POINT('Ctrl Pts',(0.00591027095824395,2.75307118362785,
-0.111334948005033));
#1421=CARTESIAN_POINT('Ctrl Pts',(-0.0193133531446875,3.45684444345267,
-0.118040536545859));
#1422=CARTESIAN_POINT('Ctrl Pts',(-0.108486105537481,4.15570595285204,-0.130408391374504));
#1423=CARTESIAN_POINT('Ctrl Pts',(-0.245481126501048,4.62962992706105,-0.145755327433961));
#1424=CARTESIAN_POINT('Ctrl Pts',(-0.520944140636223,5.42200743247847,-0.18790928169238));
#1425=CARTESIAN_POINT('Ctrl Pts',(-1.09100442568093,6.52840585248813,-0.255860300272865));
#1426=CARTESIAN_POINT('Ctrl Pts',(-2.4006925253652,8.11853634311421,-0.315270024194185));
#1427=CARTESIAN_POINT('Ctrl Pts',(-3.55771268484193,9.24612044632201,-0.267323269065134));
#1428=CARTESIAN_POINT('Ctrl Pts',(-4.23597579908661,9.87876816561804,-0.173218179940955));
#1429=CARTESIAN_POINT('Ctrl Pts',(-4.57186827145072,10.1918157159288,-0.105656504723908));
#1430=CARTESIAN_POINT('Ctrl Pts',(-4.72097921597112,10.3317578880712,-0.0680889469127321));
#1431=CARTESIAN_POINT('Ctrl Pts',(-4.83607586273077,10.4403960123065,-0.0360241793472601));
#1432=CARTESIAN_POINT('Ctrl Pts',(-4.99284588026367,10.5901667046058,0.00921960395153802));
#1433=CARTESIAN_POINT('Ctrl Pts',(-5.26859672507663,10.8711401711302,0.115161009354957));
#1434=CARTESIAN_POINT('Ctrl Pts',(-5.47031525087297,11.0991391094704,0.213700675394474));
#1435=CARTESIAN_POINT('Ctrl Pts',(-5.54219791979271,11.1888082772771,0.244758588295814));
#1436=CARTESIAN_POINT('Ctrl Pts',(-5.56654711429449,11.2199092548459,0.252198189552111));
#1437=CARTESIAN_POINT('Ctrl Pts',(0.228436890600284,0.740886472034639,-0.15220695865626));
#1438=CARTESIAN_POINT('Ctrl Pts',(0.174541868947344,0.767721536022155,-0.15239213309302));
#1439=CARTESIAN_POINT('Ctrl Pts',(0.0771518887339419,0.838935924960661,
-0.154173731937489));
#1440=CARTESIAN_POINT('Ctrl Pts',(-0.0523700127950076,1.03934826094198,
-0.162030102965174));
#1441=CARTESIAN_POINT('Ctrl Pts',(-0.0780758286259304,1.21364398646551,
-0.169165608163006));
#1442=CARTESIAN_POINT('Ctrl Pts',(-0.104006633488045,1.45881535764257,-0.169748953090638));
#1443=CARTESIAN_POINT('Ctrl Pts',(-0.0810744139364042,1.92762072668292,
-0.169028259982563));
#1444=CARTESIAN_POINT('Ctrl Pts',(0.00561409615583065,2.7531024702928,-0.17845071096285));
#1445=CARTESIAN_POINT('Ctrl Pts',(-0.0018438144381396,3.46715815669193,
-0.193985472234096));
#1446=CARTESIAN_POINT('Ctrl Pts',(-0.0753296752548909,4.17506198979259,
-0.213842819557748));
#1447=CARTESIAN_POINT('Ctrl Pts',(-0.205161651795871,4.65304045383103,-0.232419870052978));
#1448=CARTESIAN_POINT('Ctrl Pts',(-0.477531192272727,5.44679485204906,-0.27559408084371));
#1449=CARTESIAN_POINT('Ctrl Pts',(-1.0506944064483,6.55100866890054,-0.340678961674291));
#1450=CARTESIAN_POINT('Ctrl Pts',(-2.37797931172932,8.13131014593025,-0.386047650596345));
#1451=CARTESIAN_POINT('Ctrl Pts',(-3.55049404915524,9.25038141481333,-0.322155853756447));
#1452=CARTESIAN_POINT('Ctrl Pts',(-4.23458898496633,9.87970419309941,-0.217213925573294));
#1453=CARTESIAN_POINT('Ctrl Pts',(-4.57168322523995,10.1920027869198,-0.14395639529261));
#1454=CARTESIAN_POINT('Ctrl Pts',(-4.72057577760344,10.3320196519839,-0.103773529089437));
#1455=CARTESIAN_POINT('Ctrl Pts',(-4.83511256124061,10.4409318507316,-0.06967400880867));
#1456=CARTESIAN_POINT('Ctrl Pts',(-4.99135965892447,10.5909421094736,-0.0211693937174626));
#1457=CARTESIAN_POINT('Ctrl Pts',(-5.26576148616251,10.8725178093689,0.0920476185002178));
#1458=CARTESIAN_POINT('Ctrl Pts',(-5.46555022729364,11.1015606573619,0.197506427537135));
#1459=CARTESIAN_POINT('Ctrl Pts',(-5.53614255185408,11.1921672632515,0.231393612277722));
#1460=CARTESIAN_POINT('Ctrl Pts',(-5.55996122592901,11.2237116192666,0.239563448126457));
#1461=CARTESIAN_POINT('Ctrl Pts',(0.19463572757282,0.721407734877528,-0.186941365018292));
#1462=CARTESIAN_POINT('Ctrl Pts',(0.14047410073399,0.74809762204518,-0.186666351217514));
#1463=CARTESIAN_POINT('Ctrl Pts',(0.0425077708790221,0.818986540999982,
-0.187391317017717));
#1464=CARTESIAN_POINT('Ctrl Pts',(-0.088005460795444,1.01880297217321,-0.193382261825187));
#1465=CARTESIAN_POINT('Ctrl Pts',(-0.11412073833353,1.19282484944853,-0.200291761581652));
#1466=CARTESIAN_POINT('Ctrl Pts',(-0.140651280501158,1.43768297462375,-0.205237796573442));
#1467=CARTESIAN_POINT('Ctrl Pts',(-0.113836190523452,1.9087833042584,-0.215773954888954));
#1468=CARTESIAN_POINT('Ctrl Pts',(-0.0157030708145227,2.7409199601126,-0.244541335112679));
#1469=CARTESIAN_POINT('Ctrl Pts',(-0.0137137955890561,3.46044566484546,
-0.274548794051205));
#1470=CARTESIAN_POINT('Ctrl Pts',(-0.0786939780838343,4.17325129158348,
-0.306777060726638));
#1471=CARTESIAN_POINT('Ctrl Pts',(-0.204410753124378,4.65355557081844,-0.330648918402624));
#1472=CARTESIAN_POINT('Ctrl Pts',(-0.474143634280774,5.44857950513322,-0.374828435329943));
#1473=CARTESIAN_POINT('Ctrl Pts',(-1.04720470886048,6.55260943584404,-0.435038093706955));
#1474=CARTESIAN_POINT('Ctrl Pts',(-2.38043392531666,8.12968313614509,-0.460958051327652));
#1475=CARTESIAN_POINT('Ctrl Pts',(-3.55787884498938,9.24617542979471,-0.377082965087268));
#1476=CARTESIAN_POINT('Ctrl Pts',(-4.2425919710716,9.87516728031513,-0.259816661816174));
#1477=CARTESIAN_POINT('Ctrl Pts',(-4.57887602253292,10.1878995888993,-0.180536630021604));
#1478=CARTESIAN_POINT('Ctrl Pts',(-4.72692101264053,10.3283740441135,-0.137773173624579));
#1479=CARTESIAN_POINT('Ctrl Pts',(-4.84055520685536,10.4377769825583,-0.10175863274836));
#1480=CARTESIAN_POINT('Ctrl Pts',(-4.99577288504417,10.5883430650402,-0.0505483894227276));
#1481=CARTESIAN_POINT('Ctrl Pts',(-5.2678282212297,10.8711644025171,0.0685176458875667));
#1482=CARTESIAN_POINT('Ctrl Pts',(-5.46480563545029,11.1017869721656,0.179724665742936));
#1483=CARTESIAN_POINT('Ctrl Pts',(-5.53368239371956,11.1935029526378,0.216289474510056));
#1484=CARTESIAN_POINT('Ctrl Pts',(-5.5568123901016,11.2255296004792,0.225329136862834));
#1485=CARTESIAN_POINT('Ctrl Pts',(0.170240192334153,0.707331339446746,-0.20279582871364));
#1486=CARTESIAN_POINT('Ctrl Pts',(0.116039408799393,0.734000633278049,-0.202159045049668));
#1487=CARTESIAN_POINT('Ctrl Pts',(0.017995575075558,0.804846482556207,-0.202045670920777));
#1488=CARTESIAN_POINT('Ctrl Pts',(-0.112665028137965,1.00457240504154,-0.206518946558801));
#1489=CARTESIAN_POINT('Ctrl Pts',(-0.138928398697612,1.17850016058176,-0.213163163680746));
#1490=CARTESIAN_POINT('Ctrl Pts',(-0.166196055524784,1.42294031210901,-0.221223543383824));
#1491=CARTESIAN_POINT('Ctrl Pts',(-0.140111445834316,1.8936311421407,-0.239462590366119));
#1492=CARTESIAN_POINT('Ctrl Pts',(-0.0420842187414922,2.72571756433188,
-0.281154947601304));
#1493=CARTESIAN_POINT('Ctrl Pts',(-0.0398463591577513,3.44539039965687,
-0.320740339673905));
#1494=CARTESIAN_POINT('Ctrl Pts',(-0.104387386674229,4.15844750951957,-0.36112111108593));
#1495=CARTESIAN_POINT('Ctrl Pts',(-0.229577425720407,4.63904436713994,-0.388458518021776));
#1496=CARTESIAN_POINT('Ctrl Pts',(-0.497875146834598,5.43483870906371,-0.433295441539599));
#1497=CARTESIAN_POINT('Ctrl Pts',(-1.06876882766534,6.54006407793854,-0.49066906779512));
#1498=CARTESIAN_POINT('Ctrl Pts',(-2.39824846362922,8.1193496015351,-0.505331876765352));
#1499=CARTESIAN_POINT('Ctrl Pts',(-3.57195484856518,9.23806191189077,-0.409895848887004));
#1500=CARTESIAN_POINT('Ctrl Pts',(-4.25359221877601,9.86883553271151,-0.285386243993421));
#1501=CARTESIAN_POINT('Ctrl Pts',(-4.58797948787016,10.1826551110341,-0.20250070277878));
#1502=CARTESIAN_POINT('Ctrl Pts',(-4.73502934610755,10.323696796803,-0.158160980341515));
#1503=CARTESIAN_POINT('Ctrl Pts',(-4.84782292561472,10.4335780728699,-0.12095832852955));
#1504=CARTESIAN_POINT('Ctrl Pts',(-5.00210892048727,10.5846731972693,-0.0683613726559362));
#1505=CARTESIAN_POINT('Ctrl Pts',(-5.27222843058217,10.8685870666793,0.0535261534276706));
#1506=CARTESIAN_POINT('Ctrl Pts',(-5.46704207560078,11.1004488983864,0.167666921402342));
#1507=CARTESIAN_POINT('Ctrl Pts',(-5.53458732222381,11.1929609971906,0.205882819833006));
#1508=CARTESIAN_POINT('Ctrl Pts',(-5.55714787405004,11.2253359087313,0.215598182877696));
#1509=CARTESIAN_POINT('Ctrl Pts',(0.158130733300166,0.700339940013733,-0.208998250757844));
#1510=CARTESIAN_POINT('Ctrl Pts',(0.103950376708371,0.727021027346055,-0.208177772775577));
#1511=CARTESIAN_POINT('Ctrl Pts',(0.00595858774635836,0.797896924681462,
-0.207643169570237));
#1512=CARTESIAN_POINT('Ctrl Pts',(-0.124616496223245,0.997672221725292,
-0.211364111857076));
#1513=CARTESIAN_POINT('Ctrl Pts',(-0.150906808896496,1.17158442222897,-0.217891658742066));
#1514=CARTESIAN_POINT('Ctrl Pts',(-0.178630499410025,1.41576128258465,-0.227564895095534));
#1515=CARTESIAN_POINT('Ctrl Pts',(-0.153604555492863,1.88584089164713,-0.249290768624697));
#1516=CARTESIAN_POINT('Ctrl Pts',(-0.0572227094395652,2.71697735265222,
-0.296391189065129));
#1517=CARTESIAN_POINT('Ctrl Pts',(-0.0560973732661655,3.43600787228677,
-0.339900986437051));
#1518=CARTESIAN_POINT('Ctrl Pts',(-0.121486401264853,4.14857538884279,-0.383586941747479));
#1519=CARTESIAN_POINT('Ctrl Pts',(-0.246862806678293,4.62906464779086,-0.412325418040824));
#1520=CARTESIAN_POINT('Ctrl Pts',(-0.514527988106544,5.42522418667257,-0.457489841104374));
#1521=CARTESIAN_POINT('Ctrl Pts',(-1.08400740244122,6.53126608268962,-0.51391582773948));
#1522=CARTESIAN_POINT('Ctrl Pts',(-2.41025364607517,8.11241840621826,-0.524459102586606));
#1523=CARTESIAN_POINT('Ctrl Pts',(-3.58080166600061,9.23295419946296,-0.424588159659759));
#1524=CARTESIAN_POINT('Ctrl Pts',(-4.26022869200601,9.8650039631057,-0.297101592106839));
#1525=CARTESIAN_POINT('Ctrl Pts',(-4.59338821205193,10.1795323826718,-0.212644057526024));
#1526=CARTESIAN_POINT('Ctrl Pts',(-4.73984189128591,10.3209182725488,-0.16757648670817));
#1527=CARTESIAN_POINT('Ctrl Pts',(-4.85215283781575,10.431078196895,-0.129803473915992));
#1528=CARTESIAN_POINT('Ctrl Pts',(-5.00593498583886,10.5824642174086,-0.0766190849605149));
#1529=CARTESIAN_POINT('Ctrl Pts',(-5.27506792262713,10.8669476851828,0.0464072570046676));
#1530=CARTESIAN_POINT('Ctrl Pts',(-5.46880267505478,11.0994324158177,0.161789991460384));
#1531=CARTESIAN_POINT('Ctrl Pts',(-5.53565941526527,11.1923420239845,0.200799903413304));
#1532=CARTESIAN_POINT('Ctrl Pts',(-5.55790644131099,11.224897949719,0.210877759663291));
#1533=CARTESIAN_POINT('',(-0.0236863459996241,0.84966991062011,-0.208757180494198));
#1534=CARTESIAN_POINT('Ctrl Pts',(-0.0236863459996239,0.84966991062011,
-0.208757180494198));
#1535=CARTESIAN_POINT('Ctrl Pts',(0.00340997120623155,0.850425277776964,
-0.199916262644718));
#1536=CARTESIAN_POINT('Ctrl Pts',(0.0294034344390237,0.849841274307735,
-0.187694298148996));
#1537=CARTESIAN_POINT('Ctrl Pts',(0.0537422084650973,0.848299342820265,
-0.173075375389977));
#1538=CARTESIAN_POINT('Ctrl Pts',(0.0978411765031725,0.845505546086298,
-0.146587623508537));
#1539=CARTESIAN_POINT('Ctrl Pts',(0.135213734515718,0.839611163398542,-0.114117738677895));
#1540=CARTESIAN_POINT('Ctrl Pts',(0.161732465720328,0.83447145519306,-0.0765064709058271));
#1541=CARTESIAN_POINT('Ctrl Pts',(0.184676111434809,0.83002464952832,-0.0439657133568837));
#1542=CARTESIAN_POINT('Ctrl Pts',(0.199511980974023,0.826329961291016,-0.0019281577806745));
#1543=CARTESIAN_POINT('Ctrl Pts',(0.188556454892909,0.828822335195076,0.0396497907398278));
#1544=CARTESIAN_POINT('Ctrl Pts',(0.181330510951219,0.830466231980964,0.0670733871052743));
#1545=CARTESIAN_POINT('Ctrl Pts',(0.164776057834952,0.834126393770708,0.0932221301305055));
#1546=CARTESIAN_POINT('Ctrl Pts',(0.144629383995652,0.837605122527936,0.116078858103605));
#1547=CARTESIAN_POINT('Ctrl Pts',(0.142450329698588,0.837981380113045,0.118551030517964));
#1548=CARTESIAN_POINT('Ctrl Pts',(0.14018791695459,0.838363442875469,0.12103316177957));
#1549=CARTESIAN_POINT('Ctrl Pts',(0.137788126638972,0.838757671891782,0.123574458862994));
#1550=CARTESIAN_POINT('Ctrl Pts',(0.135550332343229,0.839125288778217,0.125944207619818));
#1551=CARTESIAN_POINT('Ctrl Pts',(0.133225208757058,0.83949819969388,0.128395876327189));
#1552=CARTESIAN_POINT('Ctrl Pts',(0.130768140555569,0.839880761427263,0.130970545384561));
#1553=CARTESIAN_POINT('Ctrl Pts',(0.1174618020126,0.841952537837417,0.144913755464257));
#1554=CARTESIAN_POINT('Ctrl Pts',(0.0992806214291648,0.844533172458414,
0.164520534206677));
#1555=CARTESIAN_POINT('Ctrl Pts',(0.0750256870205366,0.846682435324541,
0.192016041270689));
#1556=CARTESIAN_POINT('Ctrl Pts',(0.0084716204951668,0.852579882061065,
0.267462042297021));
#1557=CARTESIAN_POINT('Ctrl Pts',(-0.0756576314085143,0.852473630772837,
0.371204682639093));
#1558=CARTESIAN_POINT('Ctrl Pts',(-0.17324171103142,0.832158223872664,0.480073548528235));
#1559=CARTESIAN_POINT('Ctrl Pts',(-0.239306090403603,0.818404702255821,
0.553777723284126));
#1560=CARTESIAN_POINT('Ctrl Pts',(-0.313896840100685,0.793265649487889,
0.631195964171748));
#1561=CARTESIAN_POINT('Ctrl Pts',(-0.379067546765717,0.760794187010535,
0.694017382355145));
#1562=CARTESIAN_POINT('Ctrl Pts',(-0.449078062779114,0.725911277800514,
0.761504143336869));
#1563=CARTESIAN_POINT('Ctrl Pts',(-0.511554332960547,0.682604124753541,
0.816833622820464));
#1564=CARTESIAN_POINT('Ctrl Pts',(-0.565090667994097,0.634958689164882,
0.862780009354485));
#1565=CARTESIAN_POINT('Ctrl Pts',(-0.601616254917984,0.602452214860479,
0.894127294037591));
#1566=CARTESIAN_POINT('Ctrl Pts',(-0.636470042346467,0.565896038195361,
0.923167749579749));
#1567=CARTESIAN_POINT('Ctrl Pts',(-0.66927845045917,0.523990797391493,0.950088457573701));
#1568=CARTESIAN_POINT('Ctrl Pts',(-0.684558028784556,0.504474629252296,
0.962626007855184));
#1569=CARTESIAN_POINT('Ctrl Pts',(-0.699125077782153,0.483795705025037,
0.974474458498912));
#1570=CARTESIAN_POINT('Ctrl Pts',(-0.709201526173289,0.468543696226379,
0.982649147300662));
#1571=CARTESIAN_POINT('Ctrl Pts',(-0.714757493366087,0.460134020791119,
0.987156519445178));
#1572=CARTESIAN_POINT('Ctrl Pts',(-0.719433999405685,0.452737787382653,
0.990561010012551));
#1573=CARTESIAN_POINT('Ctrl Pts',(-0.723390794633553,0.446324722863787,
0.993300694922807));
#1574=CARTESIAN_POINT('Ctrl Pts',(-0.73754116896784,0.423390186617705,1.0030984137345));
#1575=CARTESIAN_POINT('Ctrl Pts',(-0.742990254593012,0.412927486691794,
1.00367584101774));
#1576=CARTESIAN_POINT('Ctrl Pts',(-0.746153949124095,0.407129321231618,
1.00462924432377));
#1577=CARTESIAN_POINT('Ctrl Pts',(-0.750671181424289,0.398850500365303,
1.00599054648705));
#1578=CARTESIAN_POINT('Ctrl Pts',(-0.754347411744339,0.391837518251206,
1.00664482751261));
#1579=CARTESIAN_POINT('Ctrl Pts',(-0.758303099341495,0.384026573988159,
1.00694929727663));
#1580=CARTESIAN_POINT('Ctrl Pts',(-0.784960489608293,0.331388597793596,
1.00900111990533));
#1581=CARTESIAN_POINT('Ctrl Pts',(-0.806368087805337,0.274151753714953,
0.990697598155389));
#1582=CARTESIAN_POINT('Ctrl Pts',(-0.820422809185427,0.222275536594319,
0.952494412149858));
#1583=CARTESIAN_POINT('Ctrl Pts',(-0.826192387783652,0.200979923258286,
0.936811690422357));
#1584=CARTESIAN_POINT('Ctrl Pts',(-0.83103837055767,0.179516829392559,0.916834432146276));
#1585=CARTESIAN_POINT('Ctrl Pts',(-0.83458996956723,0.161119777487962,0.891733040766207));
#1586=CARTESIAN_POINT('Ctrl Pts',(-0.840843767702835,0.12872550983783,0.84753350298301));
#1587=CARTESIAN_POINT('Ctrl Pts',(-0.843088841856859,0.109129983409315,
0.787614188413586));
#1588=CARTESIAN_POINT('Ctrl Pts',(-0.840994253493982,0.123404479619258,
0.728670180051722));
#1589=CARTESIAN_POINT('Ctrl Pts',(-0.83856987244284,0.139926493557335,0.660445444593636));
#1590=CARTESIAN_POINT('Ctrl Pts',(-0.828342917101296,0.200616363970555,
0.599755635165387));
#1591=CARTESIAN_POINT('Ctrl Pts',(-0.809238580586382,0.260063299391777,
0.570270059839196));
#1592=CARTESIAN_POINT('Ctrl Pts',(-0.805479235864086,0.271761246753518,
0.564467898539333));
#1593=CARTESIAN_POINT('Ctrl Pts',(-0.802105441457583,0.281734703831082,
0.560017846474344));
#1594=CARTESIAN_POINT('Ctrl Pts',(-0.796617135021275,0.296481264484784,
0.554401401640942));
#1595=CARTESIAN_POINT('Ctrl Pts',(-0.788348646415706,0.318697911851592,
0.54593986425273));
#1596=CARTESIAN_POINT('Ctrl Pts',(-0.775084682532561,0.351926930877751,
0.532652478740851));
#1597=CARTESIAN_POINT('Ctrl Pts',(-0.753871125293206,0.392655480605016,
0.511072485927961));
#1598=CARTESIAN_POINT('Ctrl Pts',(-0.732410818569805,0.433857772124746,
0.489241481366677));
#1599=CARTESIAN_POINT('Ctrl Pts',(-0.705680709255707,0.47604836608402,0.461573012147751));
#1600=CARTESIAN_POINT('Ctrl Pts',(-0.677993546987977,0.512664364123997,
0.431243723722679));
#1601=CARTESIAN_POINT('Ctrl Pts',(-0.626363371169361,0.580944760587071,
0.374686591623049));
#1602=CARTESIAN_POINT('Ctrl Pts',(-0.568865330792418,0.636786785109202,
0.307397156160181));
#1603=CARTESIAN_POINT('Ctrl Pts',(-0.503377425327326,0.684916905668733,
0.215852226849888));
#1604=CARTESIAN_POINT('Ctrl Pts',(-0.476896476294318,0.704378991995022,
0.178834756370726));
#1605=CARTESIAN_POINT('Ctrl Pts',(-0.449270176084312,0.722305033769218,
0.137889152457496));
#1606=CARTESIAN_POINT('Ctrl Pts',(-0.42087387157224,0.738488445561468,0.092189151283653));
#1607=CARTESIAN_POINT('Ctrl Pts',(-0.400418135656199,0.750146427243629,
0.0592684184123211));
#1608=CARTESIAN_POINT('Ctrl Pts',(-0.379798574393242,0.760752631803962,
0.0242054397386424));
#1609=CARTESIAN_POINT('Ctrl Pts',(-0.359711337632871,0.770134893105338,
-0.0120906367549521));
#1610=CARTESIAN_POINT('Ctrl Pts',(-0.34482262307905,0.777089050715564,-0.0389933874310872));
#1611=CARTESIAN_POINT('Ctrl Pts',(-0.330633777350293,0.783131633915471,
-0.0659834125885927));
#1612=CARTESIAN_POINT('Ctrl Pts',(-0.320752547701293,0.787158054740679,
-0.0852843184757197));
#1613=CARTESIAN_POINT('Ctrl Pts',(-0.316704911286128,0.788807392741496,
-0.0931905257282069));
#1614=CARTESIAN_POINT('Ctrl Pts',(-0.313110107600802,0.790237119698008,
-0.100306514201809));
#1615=CARTESIAN_POINT('Ctrl Pts',(-0.309798745376995,0.791533156199309,
-0.106920516644723));
#1616=CARTESIAN_POINT('Ctrl Pts',(-0.308742172675333,0.791946688967723,
-0.109030879074924));
#1617=CARTESIAN_POINT('Ctrl Pts',(-0.307699613781064,0.792352303117438,
-0.111081425083044));
#1618=CARTESIAN_POINT('Ctrl Pts',(-0.306667539064501,0.79275155028806,-0.113082993963849));
#1619=CARTESIAN_POINT('Ctrl Pts',(-0.294512256286555,0.797453692661407,
-0.136656515682077));
#1620=CARTESIAN_POINT('Ctrl Pts',(-0.280325744737741,0.802702343428913,
-0.155139645455116));
#1621=CARTESIAN_POINT('Ctrl Pts',(-0.260971420930727,0.808946177107845,
-0.17242165595555));
#1622=CARTESIAN_POINT('Ctrl Pts',(-0.212401895534355,0.824615029270469,
-0.215790727191044));
#1623=CARTESIAN_POINT('Ctrl Pts',(-0.138742642926343,0.841809845991586,
-0.233258221761388));
#1624=CARTESIAN_POINT('Ctrl Pts',(-0.0655218093597612,0.847470880029646,
-0.219526887230677));
#1625=CARTESIAN_POINT('Ctrl Pts',(-0.0515102854617954,0.848554174357883,
-0.216899261832871));
#1626=CARTESIAN_POINT('Ctrl Pts',(-0.0374349461153332,0.849286639310536,
-0.213243038968798));
#1627=CARTESIAN_POINT('Ctrl Pts',(-0.0236863459996239,0.84966991062011,
-0.208757180494198));
#1628=CARTESIAN_POINT('',(-5.55790644131099,11.224897949719,0.210877759663291));
#1629=CARTESIAN_POINT('Ctrl Pts',(-0.0236788310783414,0.849705317347108,
-0.208760412121413));
#1630=CARTESIAN_POINT('Ctrl Pts',(-0.0474000288676639,0.881157389976397,
-0.209233885530681));
#1631=CARTESIAN_POINT('Ctrl Pts',(-0.0674896992811732,0.915181264192568,
-0.209948461018424));
#1632=CARTESIAN_POINT('Ctrl Pts',(-0.0840126140859605,0.950404033877757,
-0.210849080748684));
#1633=CARTESIAN_POINT('Ctrl Pts',(-0.133379933780995,1.05564295522652,-0.21353996081874));
#1634=CARTESIAN_POINT('Ctrl Pts',(-0.150906808896496,1.17158442222897,-0.217891658742066));
#1635=CARTESIAN_POINT('Ctrl Pts',(-0.158267862891072,1.2364170264029,-0.220460047502048));
#1636=CARTESIAN_POINT('Ctrl Pts',(-0.178630499410025,1.41576128258465,-0.227564895095534));
#1637=CARTESIAN_POINT('Ctrl Pts',(-0.166117527451444,1.65080108711589,-0.238427831860116));
#1638=CARTESIAN_POINT('Ctrl Pts',(-0.140584672261494,1.93454828158253,-0.253279384330493));
#1639=CARTESIAN_POINT('Ctrl Pts',(-0.115051817071544,2.21829547604917,-0.26813093680087));
#1640=CARTESIAN_POINT('Ctrl Pts',(-0.0764990786502247,2.5507500604512,-0.286971104977043));
#1641=CARTESIAN_POINT('Ctrl Pts',(-0.0632730537853185,2.90124509513007,
-0.307754426826408));
#1642=CARTESIAN_POINT('Ctrl Pts',(-0.0566600413528653,3.0764926124695,-0.31814608775109));
#1643=CARTESIAN_POINT('Ctrl Pts',(-0.0563787073095154,3.25625024237813,
-0.32902353709407));
#1644=CARTESIAN_POINT('Ctrl Pts',(-0.0644116687876763,3.43519999690196,
-0.339923006179364));
#1645=CARTESIAN_POINT('Ctrl Pts',(-0.0724446302658373,3.61414975142578,
-0.350822475264658));
#1646=CARTESIAN_POINT('Ctrl Pts',(-0.0887918872655091,3.79229163056478,
-0.361743964092265));
#1647=CARTESIAN_POINT('Ctrl Pts',(-0.113620770311228,3.96444057876279,-0.372218120676597));
#1648=CARTESIAN_POINT('Ctrl Pts',(-0.163278536402666,4.30873847515882,-0.393166433845261));
#1649=CARTESIAN_POINT('Ctrl Pts',(-0.246862806678293,4.62906464779086,-0.412325418040824));
#1650=CARTESIAN_POINT('Ctrl Pts',(-0.33384272519627,4.88778298930143,-0.427001954663994));
#1651=CARTESIAN_POINT('Ctrl Pts',(-0.514527988106544,5.42522418667257,-0.457489841104374));
#1652=CARTESIAN_POINT('Ctrl Pts',(-0.799267695273884,5.97824513468109,-0.485702834421927));
#1653=CARTESIAN_POINT('Ctrl Pts',(-1.16267858946321,6.51828099594013,-0.501566543555224));
#1654=CARTESIAN_POINT('Ctrl Pts',(-1.52608948365254,7.05831685719916,-0.517430252688522));
#1655=CARTESIAN_POINT('Ctrl Pts',(-1.96817156486386,7.58536763170871,-0.520944677637564));
#1656=CARTESIAN_POINT('Ctrl Pts',(-2.4233222094546,8.07300017761243,-0.502727701526715));
#1657=CARTESIAN_POINT('Ctrl Pts',(-2.87847285404535,8.56063272351614,-0.484510725415867));
#1658=CARTESIAN_POINT('Ctrl Pts',(-3.34669206201553,9.00884704081402,-0.444562348245129));
#1659=CARTESIAN_POINT('Ctrl Pts',(-3.76159447457907,9.39903267558674,-0.382679911072818));
#1660=CARTESIAN_POINT('Ctrl Pts',(-3.96904568086084,9.59412549297309,-0.351738692486662));
#1661=CARTESIAN_POINT('Ctrl Pts',(-4.16316768829095,9.77471113972816,-0.315313958900114));
#1662=CARTESIAN_POINT('Ctrl Pts',(-4.33892819744963,9.93974916183523,-0.275019869510992));
#1663=CARTESIAN_POINT('Ctrl Pts',(-4.42680845202897,10.0222681728888,-0.254872824816432));
#1664=CARTESIAN_POINT('Ctrl Pts',(-4.51009833204045,10.1009002777803,-0.233758441171228));
#1665=CARTESIAN_POINT('Ctrl Pts',(-4.58835669185469,10.1755628026953,-0.211934356644162));
#1666=CARTESIAN_POINT('Ctrl Pts',(-4.66661505166892,10.2502253276103,-0.190110272117097));
#1667=CARTESIAN_POINT('Ctrl Pts',(-4.73984189128591,10.3209182725488,-0.16757648670817));
#1668=CARTESIAN_POINT('Ctrl Pts',(-4.80784668169042,10.3876206092097,-0.144704755169549));
#1669=CARTESIAN_POINT('Ctrl Pts',(-4.85215283781575,10.431078196895,-0.129803473915992));
#1670=CARTESIAN_POINT('Ctrl Pts',(-4.92904391182731,10.5067712071518,-0.103211279438254));
#1671=CARTESIAN_POINT('Ctrl Pts',(-5.0123449382978,10.5920316235759,-0.069410791871854));
#1672=CARTESIAN_POINT('Ctrl Pts',(-5.09564596476829,10.67729204,-0.0356103043054541));
#1673=CARTESIAN_POINT('Ctrl Pts',(-5.18535694369771,10.7721198625914,0.00539847634960675));
#1674=CARTESIAN_POINT('Ctrl Pts',(-5.26250155856703,10.8582812289929,0.0451333224197567));
#1675=CARTESIAN_POINT('Ctrl Pts',(-5.33964617343635,10.9444425953944,0.0848681684899065));
#1676=CARTESIAN_POINT('Ctrl Pts',(-5.40422442424557,11.0219375056061,0.123329079975145));
#1677=CARTESIAN_POINT('Ctrl Pts',(-5.45322773470279,11.0839123627536,0.152312013705995));
#1678=CARTESIAN_POINT('Ctrl Pts',(-5.50223104516002,11.1458872199011,0.181294947436843));
#1679=CARTESIAN_POINT('Ctrl Pts',(-5.53565941526527,11.1923420239845,0.200799903413303));
#1680=CARTESIAN_POINT('Ctrl Pts',(-5.55790644131099,11.224897949719,0.21087775966329));
#1681=CARTESIAN_POINT('Ctrl Pts',(-5.55790644131099,11.224897949719,0.210877759663291));
#1682=CARTESIAN_POINT('Ctrl Pts',(-5.55890967258603,11.2243187338723,0.204634837718377));
#1683=CARTESIAN_POINT('Ctrl Pts',(-5.56300469961877,11.2219544689125,0.192598128040308));
#1684=CARTESIAN_POINT('Ctrl Pts',(-5.57067619044938,11.2175253316163,0.183178365774304));
#1685=CARTESIAN_POINT('Ctrl Pts',(-5.58245008382881,11.2107276711041,0.173348500494014));
#1686=CARTESIAN_POINT('Ctrl Pts',(-5.59145467204462,11.2055288696736,0.169988697624383));
#1687=CARTESIAN_POINT('Ctrl Pts',(-5.60475296929201,11.1978510941779,0.16999902654163));
#1688=CARTESIAN_POINT('Ctrl Pts',(-5.60902343309961,11.195385540749,0.169996680816453));
#1689=CARTESIAN_POINT('Ctrl Pts',(-5.61865579423455,11.1898242944547,0.169997397807281));
#1690=CARTESIAN_POINT('Ctrl Pts',(-5.62401680953291,11.186729110829,0.169997209930402));
#1691=CARTESIAN_POINT('Ctrl Pts',(-5.6300398147764,11.1832517271303,0.169997263326659));
#1692=CARTESIAN_POINT('Ctrl Pts',(-5.63070171743795,11.1828695774505,0.169997257823144));
#1693=CARTESIAN_POINT('Ctrl Pts',(-5.67959180101792,11.1546428745348,0.169997509651738));
#1694=CARTESIAN_POINT('Ctrl Pts',(-5.77604755226528,11.0989541205886,0.17000051901114));
#1695=CARTESIAN_POINT('Ctrl Pts',(-5.87250532422127,11.0432641999796,0.169994862155081));
#1696=CARTESIAN_POINT('Ctrl Pts',(-5.92407543302967,11.0134901837754,0.169993217854858));
#1697=CARTESIAN_POINT('Ctrl Pts',(-5.92741691724843,11.0115609769622,0.169993266570098));
#1698=CARTESIAN_POINT('Ctrl Pts',(-5.93114278196171,11.009409847967,0.169993207878474));
#1699=CARTESIAN_POINT('Ctrl Pts',(-5.93152712879342,11.0091879452203,0.169993236065508));
#1700=CARTESIAN_POINT('Ctrl Pts',(-5.93690541899157,11.0060827879267,0.16999270492015));
#1701=CARTESIAN_POINT('Ctrl Pts',(-5.94189855315992,11.0032000005708,0.169996098945775));
#1702=CARTESIAN_POINT('Ctrl Pts',(-5.95635746303802,10.994852145061,0.169981283081345));
#1703=CARTESIAN_POINT('Ctrl Pts',(-5.96586242801171,10.9893644509755,0.173698677910984));
#1704=CARTESIAN_POINT('Ctrl Pts',(-5.97933262253209,10.9815874305439,0.185764645788746));
#1705=CARTESIAN_POINT('Ctrl Pts',(-5.98875236315742,10.9761489407589,0.200024582543457));
#1706=CARTESIAN_POINT('Ctrl Pts',(-5.99079583624496,10.974969141022,0.217792234950222));
#1707=CARTESIAN_POINT('Ctrl Pts',(-5.98903330402567,10.9759867394736,0.233624626036527));
#1708=CARTESIAN_POINT('Ctrl Pts',(-5.98460827080487,10.9785415335949,0.247750760636954));
#1709=CARTESIAN_POINT('Ctrl Pts',(-5.97537281970145,10.9838736237758,0.258375526791952));
#1710=CARTESIAN_POINT('Ctrl Pts',(-5.96312198745381,10.9909466450721,0.267306684214578));
#1711=CARTESIAN_POINT('Ctrl Pts',(-5.95500925420107,10.9956305337995,0.270011024714166));
#1712=CARTESIAN_POINT('Ctrl Pts',(-5.94221619792471,11.0030166082845,0.27000322406116));
#1713=CARTESIAN_POINT('Ctrl Pts',(-5.93754154239395,11.0057155219136,0.270005085984569));
#1714=CARTESIAN_POINT('Ctrl Pts',(-5.93063159938135,11.0097049793721,0.270004652651283));
#1715=CARTESIAN_POINT('Ctrl Pts',(-5.9283968563275,11.0109952088758,0.270004720181301));
#1716=CARTESIAN_POINT('Ctrl Pts',(-5.92512720260904,11.0128829443303,0.270004688199412));
#1717=CARTESIAN_POINT('Ctrl Pts',(-5.92409231651555,11.0134804360949,0.270004703178815));
#1718=CARTESIAN_POINT('Ctrl Pts',(-5.8986320850543,11.0281799075829,0.270004223563751));
#1719=CARTESIAN_POINT('Ctrl Pts',(-5.84978117266883,11.0563839949995,0.270001429226948));
#1720=CARTESIAN_POINT('Ctrl Pts',(-5.75208001048363,11.1127917872874,0.270001293654203));
#1721=CARTESIAN_POINT('Ctrl Pts',(-5.67880403644413,11.1550976906244,0.270001027115372));
#1722=CARTESIAN_POINT('Ctrl Pts',(-5.62633763556816,11.1853891812935,0.270001432961227));
#1723=CARTESIAN_POINT('Ctrl Pts',(-5.62272183631957,11.187476763963,0.270001390686231));
#1724=CARTESIAN_POINT('Ctrl Pts',(-5.61841817412578,11.1899614844891,0.270001445017923));
#1725=CARTESIAN_POINT('Ctrl Pts',(-5.61773032980305,11.190358611594,0.270001402169806));
#1726=CARTESIAN_POINT('Ctrl Pts',(-5.61152189177487,11.1939430549608,0.270001864703578));
#1727=CARTESIAN_POINT('Ctrl Pts',(-5.60600171628741,11.1971301297645,0.269999635423591));
#1728=CARTESIAN_POINT('Ctrl Pts',(-5.59410263469329,11.204000067726,0.270005600484648));
#1729=CARTESIAN_POINT('Ctrl Pts',(-5.58558044078478,11.2089203586732,0.267792991249102));
#1730=CARTESIAN_POINT('Ctrl Pts',(-5.57814094288101,11.2132155547905,0.262901912791399));
#1731=CARTESIAN_POINT('Ctrl Pts',(-5.57286352829109,11.2162624715247,0.258817719246802));
#1732=CARTESIAN_POINT('Ctrl Pts',(-5.56654711429449,11.2199092548459,0.252198189552111));
#1733=CARTESIAN_POINT('Ctrl Pts',(-5.55996122592901,11.2237116192666,0.239563448126457));
#1734=CARTESIAN_POINT('Ctrl Pts',(-5.5568123901016,11.2255296004792,0.225329136862834));
#1735=CARTESIAN_POINT('Ctrl Pts',(-5.55714787405004,11.2253359087313,0.215598182877696));
#1736=CARTESIAN_POINT('Ctrl Pts',(-5.55790644131099,11.224897949719,0.210877759663291));
#1737=CARTESIAN_POINT('Origin',(-5.75399305360105,11.1116872913288,0.218919877802816));
#1738=CARTESIAN_POINT('Ctrl Pts',(0.52744681268668,-0.487115202163872,-0.208998250757844));
#1739=CARTESIAN_POINT('Ctrl Pts',(0.577643490412959,-0.453534180635438,
-0.208177772775577));
#1740=CARTESIAN_POINT('Ctrl Pts',(0.688019807136932,-0.404108402394441,
-0.2076431685654));
#1741=CARTESIAN_POINT('Ctrl Pts',(0.926317861073608,-0.390914592978593,
-0.211364110634959));
#1742=CARTESIAN_POINT('Ctrl Pts',(1.09007571229951,-0.455102190405927,-0.217891673959512));
#1743=CARTESIAN_POINT('Ctrl Pts',(1.31540277897373,-0.553177578487741,-0.227564985357241));
#1744=CARTESIAN_POINT('Ctrl Pts',(1.70999291771791,-0.80988707895903,-0.249290981971794));
#1745=CARTESIAN_POINT('Ctrl Pts',(2.38159281900074,-1.30892464508499,-0.296392055907995));
#1746=CARTESIAN_POINT('Ctrl Pts',(3.00373120996041,-1.66941352617429,-0.339902068681207));
#1747=CARTESIAN_POINT('Ctrl Pts',(3.65352696114287,-1.96906926608137,-0.383588021592825));
#1748=CARTESIAN_POINT('Ctrl Pts',(4.13232760112696,-2.10073957874205,-0.412326283346477));
#1749=CARTESIAN_POINT('Ctrl Pts',(4.95564701270463,-2.26702290260593,-0.457489657705576));
#1750=CARTESIAN_POINT('Ctrl Pts',(6.19824142215267,-2.32686278698301,-0.513915121166592));
#1751=CARTESIAN_POINT('Ctrl Pts',(8.23068701463385,-1.96886619283854,-0.524457563571304));
#1752=CARTESIAN_POINT('Ctrl Pts',(9.7863798996781,-1.51540687939063,-0.424593440024822));
#1753=CARTESIAN_POINT('Ctrl Pts',(10.6734609755499,-1.24303355243786,-0.297105194899272));
#1754=CARTESIAN_POINT('Ctrl Pts',(11.1124307212396,-1.11177290819406,-0.212648135805168));
#1755=CARTESIAN_POINT('Ctrl Pts',(11.3080999639956,-1.05563421194504,-0.167579688592612));
#1756=CARTESIAN_POINT('Ctrl Pts',(11.4596561210198,-1.01345045628167,-0.129806254094772));
#1757=CARTESIAN_POINT('Ctrl Pts',(11.6676507241498,-0.955964624237329,-0.07662150846284));
#1758=CARTESIAN_POINT('Ctrl Pts',(12.0485866446678,-0.865130787472124,0.0464057393763682));
#1759=CARTESIAN_POINT('Ctrl Pts',(12.3467915958267,-0.813594185799321,0.161789231929891));
#1760=CARTESIAN_POINT('Ctrl Pts',(12.4606822282474,-0.802149331674015,0.200799903413304));
#1761=CARTESIAN_POINT('Ctrl Pts',(12.5,-0.79916080482701,0.210877759663291));
#1762=CARTESIAN_POINT('Ctrl Pts',(0.52744681268668,-0.468622470066112,-0.217201167092382));
#1763=CARTESIAN_POINT('Ctrl Pts',(0.577643490412959,-0.435072502994178,
-0.216137746213754));
#1764=CARTESIAN_POINT('Ctrl Pts',(0.688019807136932,-0.385724686017462,
-0.215044930313494));
#1765=CARTESIAN_POINT('Ctrl Pts',(0.926317861073608,-0.372660165357415,
-0.217770518799391));
#1766=CARTESIAN_POINT('Ctrl Pts',(1.09007571229951,-0.436804231360992,-0.22414198769294));
#1767=CARTESIAN_POINT('Ctrl Pts',(1.31540277897373,-0.53417376339396,-0.235939362281866));
#1768=CARTESIAN_POINT('Ctrl Pts',(1.70999291771791,-0.789253108744156,-0.262263531223344));
#1769=CARTESIAN_POINT('Ctrl Pts',(2.38159281900074,-1.2858088877648,-0.316545769335287));
#1770=CARTESIAN_POINT('Ctrl Pts',(3.00373120996041,-1.64461529193191,-0.365261182084113));
#1771=CARTESIAN_POINT('Ctrl Pts',(3.65352696114287,-1.94300745738921,-0.413347522460941));
#1772=CARTESIAN_POINT('Ctrl Pts',(4.13232760112696,-2.07439284079992,-0.443938620136467));
#1773=CARTESIAN_POINT('Ctrl Pts',(4.95564701270463,-2.24163587994344,-0.489529757680366));
#1774=CARTESIAN_POINT('Ctrl Pts',(6.19824142215267,-2.30360854389406,-0.544676785807412));
#1775=CARTESIAN_POINT('Ctrl Pts',(8.23068701463385,-1.95053824243297,-0.549759691351211));
#1776=CARTESIAN_POINT('Ctrl Pts',(9.7863798996781,-1.50189794334254,-0.444026669686054));
#1777=CARTESIAN_POINT('Ctrl Pts',(10.6734609755499,-1.23289431599916,-0.312596737262562));
#1778=CARTESIAN_POINT('Ctrl Pts',(11.1124307212396,-1.10350722487832,-0.226059760359431));
#1779=CARTESIAN_POINT('Ctrl Pts',(11.3080999639956,-1.04827999129682,-0.180030309067038));
#1780=CARTESIAN_POINT('Ctrl Pts',(11.4596561210198,-1.00683434829338,-0.141503917673392));
#1781=CARTESIAN_POINT('Ctrl Pts',(11.6676507241498,-0.950118907023834,-0.0875428116838398));
#1782=CARTESIAN_POINT('Ctrl Pts',(12.0485866446678,-0.860792713855288,0.0369909631503474));
#1783=CARTESIAN_POINT('Ctrl Pts',(12.3467915958267,-0.810904674023458,0.154017631508732));
#1784=CARTESIAN_POINT('Ctrl Pts',(12.4606822282474,-0.800512104994941,0.194077571745269));
#1785=CARTESIAN_POINT('Ctrl Pts',(12.5,-0.798002373133606,0.204634837718377));
#1786=CARTESIAN_POINT('Ctrl Pts',(0.527434128964209,-0.429609244896125,
-0.228818122155251));
#1787=CARTESIAN_POINT('Ctrl Pts',(0.577627756272845,-0.396222470716252,
-0.227299317413863));
#1788=CARTESIAN_POINT('Ctrl Pts',(0.688001532396571,-0.347208454385928,
-0.225149142357829));
#1789=CARTESIAN_POINT('Ctrl Pts',(0.926307801920042,-0.334563230214302,
-0.225963979989422));
#1790=CARTESIAN_POINT('Ctrl Pts',(1.09007871070411,-0.398536933662306,-0.232024480349942));
#1791=CARTESIAN_POINT('Ctrl Pts',(1.31539426559524,-0.494253638809542,-0.247914317808068));
#1792=CARTESIAN_POINT('Ctrl Pts',(1.7099658583901,-0.743675724303624,-0.281879836427702));
#1793=CARTESIAN_POINT('Ctrl Pts',(2.38154924294074,-1.22950991576701,-0.346816287202834));
#1794=CARTESIAN_POINT('Ctrl Pts',(3.00368216512623,-1.5804638781897,-0.402981494605863));
#1795=CARTESIAN_POINT('Ctrl Pts',(3.65348104147022,-1.87239862445466,-0.457229684125662));
#1796=CARTESIAN_POINT('Ctrl Pts',(4.13229915352155,-2.00154440573104,-0.490373929872937));
#1797=CARTESIAN_POINT('Ctrl Pts',(4.95570670884804,-2.17022978144037,-0.536625859088633));
#1798=CARTESIAN_POINT('Ctrl Pts',(6.19838580346709,-2.23800930962949,-0.590640159996184));
#1799=CARTESIAN_POINT('Ctrl Pts',(8.23076018585251,-1.90091299081618,-0.589901966628138));
#1800=CARTESIAN_POINT('Ctrl Pts',(9.78635979429081,-1.46750138672769,-0.477190106789251));
#1801=CARTESIAN_POINT('Ctrl Pts',(10.673431812718,-1.20792989534785,-0.340313710944968));
#1802=CARTESIAN_POINT('Ctrl Pts',(11.1124134305928,-1.08327712577849,-0.25057307042592));
#1803=CARTESIAN_POINT('Ctrl Pts',(11.3080937465717,-1.03014886262326,-0.202922408285692));
#1804=CARTESIAN_POINT('Ctrl Pts',(11.4596604948566,-0.990306936030816,-0.163054137778283));
#1805=CARTESIAN_POINT('Ctrl Pts',(11.6676685281129,-0.935349252666516,-0.10783559430884));
#1806=CARTESIAN_POINT('Ctrl Pts',(12.0486424975282,-0.84943521005809,0.0190791985551085));
#1807=CARTESIAN_POINT('Ctrl Pts',(12.3468625834249,-0.803094734454358,0.138920049035578));
#1808=CARTESIAN_POINT('Ctrl Pts',(12.4607117581374,-0.794838475779811,0.181034188363546));
#1809=CARTESIAN_POINT('Ctrl Pts',(12.5000000000001,-0.793273856940314,0.192598133284642));
#1810=CARTESIAN_POINT('Ctrl Pts',(0.527397823244378,-0.38919386779917,-0.229994541344598));
#1811=CARTESIAN_POINT('Ctrl Pts',(0.577582719077803,-0.356147120519472,
-0.22809868824575));
#1812=CARTESIAN_POINT('Ctrl Pts',(0.687949223020912,-0.307760639877272,
-0.225057108854731));
#1813=CARTESIAN_POINT('Ctrl Pts',(0.926279008731612,-0.295759203621023,
-0.22425214672249));
#1814=CARTESIAN_POINT('Ctrl Pts',(1.09008729329784,-0.359356343633103,-0.230077715556271));
#1815=CARTESIAN_POINT('Ctrl Pts',(1.31536989701297,-0.452925330427248,-0.249718169942547));
#1816=CARTESIAN_POINT('Ctrl Pts',(1.70988840412724,-0.694871411610766,-0.286166588984145));
#1817=CARTESIAN_POINT('Ctrl Pts',(2.3814245114016,-1.16621757047976,-0.349466739923322));
#1818=CARTESIAN_POINT('Ctrl Pts',(3.00354177984003,-1.50647927361406,-0.403235135556929));
#1819=CARTESIAN_POINT('Ctrl Pts',(3.65334960160513,-1.78955658193304,-0.455000629244532));
#1820=CARTESIAN_POINT('Ctrl Pts',(4.13221772547117,-1.91538484173877,-0.486907541455332));
#1821=CARTESIAN_POINT('Ctrl Pts',(4.9558775823011,-2.08458553186939,-0.53343807995445));
#1822=CARTESIAN_POINT('Ctrl Pts',(6.19879907863611,-2.15801296433086,-0.590976595691761));
#1823=CARTESIAN_POINT('Ctrl Pts',(8.2309696301831,-1.83958300130369,-0.600165000505593));
#1824=CARTESIAN_POINT('Ctrl Pts',(9.7863022448954,-1.42458396868358,-0.494580476950505));
#1825=CARTESIAN_POINT('Ctrl Pts',(10.6733483374125,-1.17626398913124,-0.359093526407902));
#1826=CARTESIAN_POINT('Ctrl Pts',(11.1123639380732,-1.05717602667978,-0.268662693326867));
#1827=CARTESIAN_POINT('Ctrl Pts',(11.3080759498992,-1.00648089792844,-0.220096756745119));
#1828=CARTESIAN_POINT('Ctrl Pts',(11.4596730144693,-0.968480706283182,-0.179204946991623));
#1829=CARTESIAN_POINT('Ctrl Pts',(11.6677194899419,-0.9156269168162,-0.123304266430966));
#1830=CARTESIAN_POINT('Ctrl Pts',(12.0488023700185,-0.833686301503963,0.00475407362830406));
#1831=CARTESIAN_POINT('Ctrl Pts',(12.3470657773889,-0.791180930249012,0.126468439748367));
#1832=CARTESIAN_POINT('Ctrl Pts',(12.4607962841048,-0.785061279372822,0.170524110777833));
#1833=CARTESIAN_POINT('Ctrl Pts',(12.5000000000001,-0.784415581758259,0.183178377703322));
#1834=CARTESIAN_POINT('Ctrl Pts',(0.527335424276577,-0.336720974494879,
-0.224567329770404));
#1835=CARTESIAN_POINT('Ctrl Pts',(0.577505313244883,-0.304220867635663,
-0.2222317020886));
#1836=CARTESIAN_POINT('Ctrl Pts',(0.687859318425638,-0.256814871844557,
-0.21814542412368));
#1837=CARTESIAN_POINT('Ctrl Pts',(0.926229521619219,-0.245732879201354,
-0.215448055616552));
#1838=CARTESIAN_POINT('Ctrl Pts',(1.09010204427903,-0.308669624156972,-0.221051047805885));
#1839=CARTESIAN_POINT('Ctrl Pts',(1.31532801451106,-0.399113225735257,-0.245440176577234));
#1840=CARTESIAN_POINT('Ctrl Pts',(1.70975528278777,-0.632400760345761,-0.281833741785288));
#1841=CARTESIAN_POINT('Ctrl Pts',(2.3812101341814,-1.08805359198662,-0.334917617979872));
#1842=CARTESIAN_POINT('Ctrl Pts',(3.00330049838373,-1.41705915231995,-0.379085722248582));
#1843=CARTESIAN_POINT('Ctrl Pts',(3.65312369472469,-1.69097959655721,-0.421896908200474));
#1844=CARTESIAN_POINT('Ctrl Pts',(4.13207777434729,-1.81349688053423,-0.449708559069018));
#1845=CARTESIAN_POINT('Ctrl Pts',(4.95617126404452,-1.9828108671978,-0.496383701269265));
#1846=CARTESIAN_POINT('Ctrl Pts',(6.19950937839288,-2.0612260230194,-0.561576756184647));
#1847=CARTESIAN_POINT('Ctrl Pts',(8.23132960404128,-1.76191641763094,-0.593852664652573));
#1848=CARTESIAN_POINT('Ctrl Pts',(9.78620333423098,-1.36718706805675,-0.506595936778129));
#1849=CARTESIAN_POINT('Ctrl Pts',(10.6732048676529,-1.1322141334489,-0.377265516890741));
#1850=CARTESIAN_POINT('Ctrl Pts',(11.112278874834,-1.02015302954969,-0.287509876278333));
#1851=CARTESIAN_POINT('Ctrl Pts',(11.3080453625979,-0.972719559168244,-0.238177210704726));
#1852=CARTESIAN_POINT('Ctrl Pts',(11.4596945320404,-0.937291613625891,-0.196131538478022));
#1853=CARTESIAN_POINT('Ctrl Pts',(11.6678070784966,-0.88739572583349,-0.139692925191521));
#1854=CARTESIAN_POINT('Ctrl Pts',(12.0490771443082,-0.810955978158055,-0.0109119658842378));
#1855=CARTESIAN_POINT('Ctrl Pts',(12.3474150086858,-0.773601298861218,0.11266903631966));
#1856=CARTESIAN_POINT('Ctrl Pts',(12.4609415596465,-0.770270385326724,0.159206915614901));
#1857=CARTESIAN_POINT('Ctrl Pts',(12.5000000000002,-0.770820267043359,0.173348521300432));
#1858=CARTESIAN_POINT('Ctrl Pts',(0.527281909482481,-0.305075186515487,
-0.213988628977393));
#1859=CARTESIAN_POINT('Ctrl Pts',(0.577438928217109,-0.273014166341155,
-0.211440288633562));
#1860=CARTESIAN_POINT('Ctrl Pts',(0.68778221417097,-0.226371654574401,-0.206839864923011));
#1861=CARTESIAN_POINT('Ctrl Pts',(0.926187080330149,-0.215930711791084,
-0.203225283392672));
#1862=CARTESIAN_POINT('Ctrl Pts',(1.09011469506074,-0.278289958239003,-0.208778445728146));
#1863=CARTESIAN_POINT('Ctrl Pts',(1.31529209511135,-0.366495099407822,-0.235881373507022));
#1864=CARTESIAN_POINT('Ctrl Pts',(1.70964111485643,-0.594136309092194,-0.272968729874891));
#1865=CARTESIAN_POINT('Ctrl Pts',(2.38102627933248,-1.03979557497533,-0.322002483882302));
#1866=CARTESIAN_POINT('Ctrl Pts',(3.00309356984135,-1.3617262878874,-0.362028797923612));
#1867=CARTESIAN_POINT('Ctrl Pts',(3.65292995177319,-1.62992432601265,-0.400874832998774));
#1868=CARTESIAN_POINT('Ctrl Pts',(4.13195774903531,-1.75034908866358,-0.426758402687844));
#1869=CARTESIAN_POINT('Ctrl Pts',(4.95642313228182,-1.91915443199787,-0.473278328969167));
#1870=CARTESIAN_POINT('Ctrl Pts',(6.20011854784824,-1.9996402037652,-0.542040366941641));
#1871=CARTESIAN_POINT('Ctrl Pts',(8.2316383259253,-1.71105626804748,-0.586292466951984));
#1872=CARTESIAN_POINT('Ctrl Pts',(9.78611850616368,-1.32853587671162,-0.509077931222944));
#1873=CARTESIAN_POINT('Ctrl Pts',(10.6730818246777,-1.10194957759316,-0.383403558178998));
#1874=CARTESIAN_POINT('Ctrl Pts',(11.112205922638,-0.994440260212083,-0.294248776812779));
#1875=CARTESIAN_POINT('Ctrl Pts',(11.3080191302228,-0.949176791239033,-0.244633721232282));
#1876=CARTESIAN_POINT('Ctrl Pts',(11.4597129860058,-0.915490291587398,-0.202076528196222));
#1877=CARTESIAN_POINT('Ctrl Pts',(11.6678821964614,-0.867614797703971,-0.145674796364605));
#1878=CARTESIAN_POINT('Ctrl Pts',(12.0493127970771,-0.794849367542334,-0.0172452992515465));
#1879=CARTESIAN_POINT('Ctrl Pts',(12.3477145175015,-0.760780463237005,0.106879102018452));
#1880=CARTESIAN_POINT('Ctrl Pts',(12.4610661513021,-0.759148287347192,0.154874626420687));
#1881=CARTESIAN_POINT('Ctrl Pts',(12.5000000000003,-0.76042266633235,0.169988731513787));
#1882=CARTESIAN_POINT('Ctrl Pts',(0.527184198218146,-0.264158169555457,
-0.189178202102903));
#1883=CARTESIAN_POINT('Ctrl Pts',(0.57731771752937,-0.232839208906487,-0.186407957485992));
#1884=CARTESIAN_POINT('Ctrl Pts',(0.687641431526911,-0.187430072685151,
-0.181265545929964));
#1885=CARTESIAN_POINT('Ctrl Pts',(0.926109587889317,-0.177814351751192,
-0.176722789058378));
#1886=CARTESIAN_POINT('Ctrl Pts',(1.09013779379253,-0.238989789788366,-0.182369039408942));
#1887=CARTESIAN_POINT('Ctrl Pts',(1.3152265108179,-0.323526284356162,-0.213163204616833));
#1888=CARTESIAN_POINT('Ctrl Pts',(1.70943265861351,-0.542012500919696,-0.252197277203962));
#1889=CARTESIAN_POINT('Ctrl Pts',(2.38069058356749,-0.971397796205712,-0.298048940393009));
#1890=CARTESIAN_POINT('Ctrl Pts',(3.00271574442232,-1.28180139140678,-0.334218642577633));
#1891=CARTESIAN_POINT('Ctrl Pts',(3.65257620158007,-1.54065473254753,-0.369139943232339));
#1892=CARTESIAN_POINT('Ctrl Pts',(4.13173859795409,-1.65756913127936,-0.392963650105997));
#1893=CARTESIAN_POINT('Ctrl Pts',(4.95688301191556,-1.82486924014222,-0.43896168275022));
#1894=CARTESIAN_POINT('Ctrl Pts',(6.20123081444061,-1.90744243355661,-0.51131320433882));
#1895=CARTESIAN_POINT('Ctrl Pts',(8.23220201314712,-1.63428530864343,-0.569519292043024));
#1896=CARTESIAN_POINT('Ctrl Pts',(9.78596362081186,-1.27016980821804,-0.504832373081593));
#1897=CARTESIAN_POINT('Ctrl Pts',(10.6728571637241,-1.0564359686379,-0.384129926644625));
#1898=CARTESIAN_POINT('Ctrl Pts',(11.1120727211292,-0.955976276960607,-0.296045577416154));
#1899=CARTESIAN_POINT('Ctrl Pts',(11.3079712332143,-0.914104686404534,-0.246261739432892));
#1900=CARTESIAN_POINT('Ctrl Pts',(11.4597466806188,-0.883156242235563,-0.203225403291357));
#1901=CARTESIAN_POINT('Ctrl Pts',(11.6680193523907,-0.838435591583586,-0.147392175239261));
#1902=CARTESIAN_POINT('Ctrl Pts',(12.0497430693106,-0.771257810033317,-0.0206124272475666));
#1903=CARTESIAN_POINT('Ctrl Pts',(12.3482613828225,-0.741984286069693,0.103412498655839));
#1904=CARTESIAN_POINT('Ctrl Pts',(12.4612936399506,-0.74275459177202,0.153400848270387));
#1905=CARTESIAN_POINT('Ctrl Pts',(12.5000000000004,-0.745067115367234,0.169999072175676));
#1906=CARTESIAN_POINT('Ctrl Pts',(0.527149940507123,-0.251873994492827,
-0.179831406747848));
#1907=CARTESIAN_POINT('Ctrl Pts',(0.577275220886412,-0.220807846583224,
-0.177003309629814));
#1908=CARTESIAN_POINT('Ctrl Pts',(0.687592072927675,-0.175811364861573,
-0.171717849880809));
#1909=CARTESIAN_POINT('Ctrl Pts',(0.926082418927146,-0.166442384223391,
-0.166937924792849));
#1910=CARTESIAN_POINT('Ctrl Pts',(1.09014589224141,-0.227186825720305,-0.172636877532491));
#1911=CARTESIAN_POINT('Ctrl Pts',(1.31520351686947,-0.310488707284559,-0.204566588768982));
#1912=CARTESIAN_POINT('Ctrl Pts',(1.70935957355233,-0.525908055457422,-0.244359687238344));
#1913=CARTESIAN_POINT('Ctrl Pts',(2.3805728881453,-0.949830897770148,-0.289619143751215));
#1914=CARTESIAN_POINT('Ctrl Pts',(3.0025832782823,-1.25636481814308,-0.324893476968556));
#1915=CARTESIAN_POINT('Ctrl Pts',(3.65245217624918,-1.51207788062594,-0.358854156514981));
#1916=CARTESIAN_POINT('Ctrl Pts',(4.1316617632671,-1.62780000241517,-0.38213298826387));
#1917=CARTESIAN_POINT('Ctrl Pts',(4.95704424638228,-1.79450121739215,-0.427916350687793));
#1918=CARTESIAN_POINT('Ctrl Pts',(6.20162077672142,-1.87760001196602,-0.501158720847183));
#1919=CARTESIAN_POINT('Ctrl Pts',(8.23239964270481,-1.60934563501866,-0.563288394317442));
#1920=CARTESIAN_POINT('Ctrl Pts',(9.78590931778282,-1.25120804634446,-0.502285355344367));
#1921=CARTESIAN_POINT('Ctrl Pts',(10.6727783972679,-1.04167958022186,-0.383116864038681));
#1922=CARTESIAN_POINT('Ctrl Pts',(11.1120260204869,-0.943536974641909,-0.295404658090143));
#1923=CARTESIAN_POINT('Ctrl Pts',(11.3079544404536,-0.902784314821315,-0.245604606502891));
#1924=CARTESIAN_POINT('Ctrl Pts',(11.459758493999,-0.872741412908515,-0.202456448063889));
#1925=CARTESIAN_POINT('Ctrl Pts',(11.6680674394585,-0.829061582788125,-0.146976825935808));
#1926=CARTESIAN_POINT('Ctrl Pts',(12.0498939233799,-0.763706342416706,-0.0211768402313406));
#1927=CARTESIAN_POINT('Ctrl Pts',(12.3484531145973,-0.735967506725815,0.102401573798936));
#1928=CARTESIAN_POINT('Ctrl Pts',(12.4613733978008,-0.737494435667127,0.152913935375167));
#1929=CARTESIAN_POINT('Ctrl Pts',(12.5000000000004,-0.740136008691386,0.169996728014835));
#1930=CARTESIAN_POINT('Ctrl Pts',(0.527066674295984,-0.226700041978469,
-0.156069380811532));
#1931=CARTESIAN_POINT('Ctrl Pts',(0.577171929267105,-0.196228648164993,
-0.153139963531564));
#1932=CARTESIAN_POINT('Ctrl Pts',(0.68747210275387,-0.152181738418183,-0.14760026086553));
#1933=CARTESIAN_POINT('Ctrl Pts',(0.926016382508684,-0.143294391036873,
-0.142419644268563));
#1934=CARTESIAN_POINT('Ctrl Pts',(1.09016557619383,-0.202939985659198,-0.148288761434967));
#1935=CARTESIAN_POINT('Ctrl Pts',(1.31514762816858,-0.283342179774895,-0.18267363709436));
#1936=CARTESIAN_POINT('Ctrl Pts',(1.70918193424273,-0.49150221590053,-0.224434450751003));
#1937=CARTESIAN_POINT('Ctrl Pts',(2.38028681964914,-0.902413264341414,-0.269173781922575));
#1938=CARTESIAN_POINT('Ctrl Pts',(3.00226130833002,-1.19970895155196,-0.303087170242991));
#1939=CARTESIAN_POINT('Ctrl Pts',(3.65215072238434,-1.44790785662364,-0.335445450411867));
#1940=CARTESIAN_POINT('Ctrl Pts',(4.13147501018059,-1.56074457125244,-0.357722708610081));
#1941=CARTESIAN_POINT('Ctrl Pts',(4.95743614014132,-1.72585271851721,-0.402927965624365));
#1942=CARTESIAN_POINT('Ctrl Pts',(6.20256861242443,-1.80990275400501,-0.477627491757132));
#1943=CARTESIAN_POINT('Ctrl Pts',(8.23287999775442,-1.55280310415114,-0.547380283753233));
#1944=CARTESIAN_POINT('Ctrl Pts',(9.78577732976181,-1.20845963122247,-0.493926200933429));
#1945=CARTESIAN_POINT('Ctrl Pts',(10.6725869488558,-1.00864826370482,-0.378073392794563));
#1946=CARTESIAN_POINT('Ctrl Pts',(11.1119125106983,-0.915861835879093,-0.291258897714806));
#1947=CARTESIAN_POINT('Ctrl Pts',(11.3079136242545,-0.877697038141801,-0.241503280111581));
#1948=CARTESIAN_POINT('Ctrl Pts',(11.4597872074005,-0.849749199855559,-0.198193289204361));
#1949=CARTESIAN_POINT('Ctrl Pts',(11.6681843190694,-0.808403752387701,-0.143885095167102));
#1950=CARTESIAN_POINT('Ctrl Pts',(12.050260586721,-0.747007691597939,-0.02128261724665));
#1951=CARTESIAN_POINT('Ctrl Pts',(12.348919134596,-0.722508663833266,0.100374104197111));
#1952=CARTESIAN_POINT('Ctrl Pts',(12.4615672558781,-0.725640224280614,0.151807440707509));
#1953=CARTESIAN_POINT('Ctrl Pts',(12.5000000000005,-0.729013516214056,0.169997448819223));
#1954=CARTESIAN_POINT('Ctrl Pts',(0.527016132497928,-0.214460635630789,
-0.140971659077568));
#1955=CARTESIAN_POINT('Ctrl Pts',(0.577109232236792,-0.184337405254555,
-0.138005901845621));
#1956=CARTESIAN_POINT('Ctrl Pts',(0.687399281999639,-0.14083208113785,-0.13237141858569));
#1957=CARTESIAN_POINT('Ctrl Pts',(0.925976299030879,-0.132160137274104,
-0.127059365324977));
#1958=CARTESIAN_POINT('Ctrl Pts',(1.0901775241657,-0.191105268619535,-0.133057479387673));
#1959=CARTESIAN_POINT('Ctrl Pts',(1.3151137042588,-0.269812904457357,-0.168732846203096));
#1960=CARTESIAN_POINT('Ctrl Pts',(1.70907410887167,-0.473692426052604,-0.211765425744788));
#1961=CARTESIAN_POINT('Ctrl Pts',(2.38011317879332,-0.876876153779276,-0.256793251973368));
#1962=CARTESIAN_POINT('Ctrl Pts',(3.00206587563187,-1.16867177253527,-0.290413803671908));
#1963=CARTESIAN_POINT('Ctrl Pts',(3.6519677427561,-1.4123857482123,-0.322282885913984));
#1964=CARTESIAN_POINT('Ctrl Pts',(4.13136165283366,-1.52347846696436,-0.344161372887956));
#1965=CARTESIAN_POINT('Ctrl Pts',(4.95767401592501,-1.68752969804379,-0.388977595160077));
#1966=CARTESIAN_POINT('Ctrl Pts',(6.20314393967947,-1.77190400026993,-0.464319384922348));
#1967=CARTESIAN_POINT('Ctrl Pts',(8.23317156869996,-1.52095879622587,-0.538128227733248));
#1968=CARTESIAN_POINT('Ctrl Pts',(9.78569721428868,-1.18440746501947,-0.488905024664329));
#1969=CARTESIAN_POINT('Ctrl Pts',(10.6724707414909,-0.990122113051202,-0.375040778673472));
#1970=CARTESIAN_POINT('Ctrl Pts',(11.1118436113365,-0.900393744733671,-0.288843443821377));
#1971=CARTESIAN_POINT('Ctrl Pts',(11.3078888492099,-0.863711286394305,-0.239183448230798));
#1972=CARTESIAN_POINT('Ctrl Pts',(11.4598046361621,-0.836966165483284,-0.195846815158379));
#1973=CARTESIAN_POINT('Ctrl Pts',(11.6682552638814,-0.796952623175924,-0.142228479954361));
#1974=CARTESIAN_POINT('Ctrl Pts',(12.050483147881,-0.737779869541412,-0.0214251262617551));
#1975=CARTESIAN_POINT('Ctrl Pts',(12.349202004302,-0.71505481904171,0.0991937398750213));
#1976=CARTESIAN_POINT('Ctrl Pts',(12.4616849258869,-0.719049829870202,0.151180930329181));
#1977=CARTESIAN_POINT('Ctrl Pts',(12.5000000000005,-0.722823149101294,0.16999726415279));
#1978=CARTESIAN_POINT('Ctrl Pts',(0.526955089533339,-0.203159313368526,
-0.122458751096847));
#1979=CARTESIAN_POINT('Ctrl Pts',(0.577033508523974,-0.173439304471195,
-0.119471608552568));
#1980=CARTESIAN_POINT('Ctrl Pts',(0.687311331137324,-0.130541175664656,
-0.113775440355104));
#1981=CARTESIAN_POINT('Ctrl Pts',(0.925927887331839,-0.122023498320112,
-0.108401865497711));
#1982=CARTESIAN_POINT('Ctrl Pts',(1.09019195459065,-0.180072203898467,-0.114574661452751));
#1983=CARTESIAN_POINT('Ctrl Pts',(1.31507273191308,-0.25679705789733,-0.151616557922505));
#1984=CARTESIAN_POINT('Ctrl Pts',(1.70894388041601,-0.455554421568141,-0.196211117262476));
#1985=CARTESIAN_POINT('Ctrl Pts',(2.37990346024312,-0.849382279852865,-0.242045081856852));
#1986=CARTESIAN_POINT('Ctrl Pts',(3.00182983750636,-1.13448899405164,-0.2757269763632));
#1987=CARTESIAN_POINT('Ctrl Pts',(3.65174674509877,-1.37272786070772,-0.307383162031276));
#1988=CARTESIAN_POINT('Ctrl Pts',(4.13122474301285,-1.4816658462977,-0.328945653510825));
#1989=CARTESIAN_POINT('Ctrl Pts',(4.9579613156175,-1.64435525134655,-0.373257128411848));
#1990=CARTESIAN_POINT('Ctrl Pts',(6.20383880378416,-1.72888791781656,-0.44914829428021));
#1991=CARTESIAN_POINT('Ctrl Pts',(8.2335237199013,-1.48480843990605,-0.527317107785534));
#1992=CARTESIAN_POINT('Ctrl Pts',(9.78560045306966,-1.15713204213482,-0.482874113725119));
#1993=CARTESIAN_POINT('Ctrl Pts',(10.6723303894984,-0.969172138064973,-0.371393772469937));
#1994=CARTESIAN_POINT('Ctrl Pts',(11.1117603966218,-0.882954385224735,-0.286013695608191));
#1995=CARTESIAN_POINT('Ctrl Pts',(11.3078589266067,-0.847977848881811,-0.236535925356858));
#1996=CARTESIAN_POINT('Ctrl Pts',(11.4598256861309,-0.822619057942745,-0.193236483988399));
#1997=CARTESIAN_POINT('Ctrl Pts',(11.6683409490334,-0.784134541088087,-0.14043183103935));
#1998=CARTESIAN_POINT('Ctrl Pts',(12.050751951001,-0.727480652584781,-0.021667259739356));
#1999=CARTESIAN_POINT('Ctrl Pts',(12.3495436463906,-0.706719754024886,0.0978193198716846));
#2000=CARTESIAN_POINT('Ctrl Pts',(12.4618270444196,-0.711654094655961,0.150469160743187));
#2001=CARTESIAN_POINT('Ctrl Pts',(12.5000000000005,-0.71586838173961,0.169997318491751));
#2002=CARTESIAN_POINT('Ctrl Pts',(0.526948323336844,-0.201946824113326,
-0.120405599113107));
#2003=CARTESIAN_POINT('Ctrl Pts',(0.577025115066617,-0.172269170596582,
-0.117417678738419));
#2004=CARTESIAN_POINT('Ctrl Pts',(0.687301582383797,-0.129431769391047,
-0.111719032253064));
#2005=CARTESIAN_POINT('Ctrl Pts',(0.925922521225024,-0.120915543958842,
-0.106348695012659));
#2006=CARTESIAN_POINT('Ctrl Pts',(1.09019355410488,-0.178855877499905,-0.112546255768319));
#2007=CARTESIAN_POINT('Ctrl Pts',(1.31506819040787,-0.255361626372505,-0.149737253739618));
#2008=CARTESIAN_POINT('Ctrl Pts',(1.70892944547946,-0.453555898947891,-0.194502720237089));
#2009=CARTESIAN_POINT('Ctrl Pts',(2.37988021437148,-0.846357539749355,-0.240424993997664));
#2010=CARTESIAN_POINT('Ctrl Pts',(3.00180367428922,-1.13073101847974,-0.27411351718031));
#2011=CARTESIAN_POINT('Ctrl Pts',(3.65172224901499,-1.36837015204053,-0.305746085989383));
#2012=CARTESIAN_POINT('Ctrl Pts',(4.13120956749252,-1.47707187481724,-0.327273641404283));
#2013=CARTESIAN_POINT('Ctrl Pts',(4.95799316082989,-1.6396090893476,-0.371528799344163));
#2014=CARTESIAN_POINT('Ctrl Pts',(6.20391582473328,-1.72415606263224,-0.447478081747888));
#2015=CARTESIAN_POINT('Ctrl Pts',(8.23356275346135,-1.48083056937776,-0.52612330923153));
#2016=CARTESIAN_POINT('Ctrl Pts',(9.78558972774815,-1.15413109201452,-0.482206075919924));
#2017=CARTESIAN_POINT('Ctrl Pts',(10.6723148324368,-0.966867943524392,-0.370989738799207));
#2018=CARTESIAN_POINT('Ctrl Pts',(11.1117511728379,-0.881037005972293,-0.285701163583573));
#2019=CARTESIAN_POINT('Ctrl Pts',(11.3078556098901,-0.846248485280055,-0.236244449235752));
#2020=CARTESIAN_POINT('Ctrl Pts',(11.4598280193765,-0.82104251637343,-0.192950016938986));
#2021=CARTESIAN_POINT('Ctrl Pts',(11.6683504466483,-0.782726481571456,-0.140235308088796));
#2022=CARTESIAN_POINT('Ctrl Pts',(12.0507817459944,-0.72634971263922,-0.0216950122671813));
#2023=CARTESIAN_POINT('Ctrl Pts',(12.3495815150871,-0.705804298442075,0.0976676102251711));
#2024=CARTESIAN_POINT('Ctrl Pts',(12.4618427972901,-0.710841449288843,0.150390817558306));
#2025=CARTESIAN_POINT('Ctrl Pts',(12.5000000000005,-0.715104082371208,0.169997312796754));
#2026=CARTESIAN_POINT('Ctrl Pts',(0.52644433918003,-0.114656618792856,0.0325847835857313));
#2027=CARTESIAN_POINT('Ctrl Pts',(0.576399923419859,-0.0879567364315432,
0.0355154959993672));
#2028=CARTESIAN_POINT('Ctrl Pts',(0.686575440698478,-0.0491485501949822,
0.0410860732403338));
#2029=CARTESIAN_POINT('Ctrl Pts',(0.92552282357789,-0.0395566670939803,
0.0454889607150179));
#2030=CARTESIAN_POINT('Ctrl Pts',(1.09031269487069,-0.0887475169934842,
0.0370595481397592));
#2031=CARTESIAN_POINT('Ctrl Pts',(1.3147299136998,-0.149004723190488,-0.0110534152896877));
#2032=CARTESIAN_POINT('Ctrl Pts',(1.7078542506742,-0.305636756440493,-0.0683638174309858));
#2033=CARTESIAN_POINT('Ctrl Pts',(2.37814873184264,-0.62272588586056,-0.120818191640219));
#2034=CARTESIAN_POINT('Ctrl Pts',(2.99985489155127,-0.853050938767728,-0.155001734882137));
#2035=CARTESIAN_POINT('Ctrl Pts',(3.64989764369413,-1.04647780846651,-0.184901187356341));
#2036=CARTESIAN_POINT('Ctrl Pts',(4.13007920986537,-1.13777477698918,-0.20383087819687));
#2037=CARTESIAN_POINT('Ctrl Pts',(4.9603651703518,-1.288912204643,-0.243850077888907));
#2038=CARTESIAN_POINT('Ctrl Pts',(6.20965277578433,-1.37434044659424,-0.32390319518805));
#2039=CARTESIAN_POINT('Ctrl Pts',(8.23647019131977,-1.18664772572918,-0.437542848697258));
#2040=CARTESIAN_POINT('Ctrl Pts',(9.78479084581742,-0.932227253207792,-0.432477275219793));
#2041=CARTESIAN_POINT('Ctrl Pts',(10.6711560554818,-0.796540911451476,-0.340909421798362));
#2042=CARTESIAN_POINT('Ctrl Pts',(11.1110641338293,-0.739354881312963,-0.262501656222526));
#2043=CARTESIAN_POINT('Ctrl Pts',(11.3076085622885,-0.718493468239302,-0.214673999353625));
#2044=CARTESIAN_POINT('Ctrl Pts',(11.4600018125536,-0.704609858617722,-0.171815926722639));
#2045=CARTESIAN_POINT('Ctrl Pts',(11.6690578821292,-0.678770477974426,-0.125782879868576));
#2046=CARTESIAN_POINT('Ctrl Pts',(12.0530010437406,-0.642883086003007,-0.0238253674253507));
#2047=CARTESIAN_POINT('Ctrl Pts',(12.3524021873961,-0.638225058198256,0.0864147423788652));
#2048=CARTESIAN_POINT('Ctrl Pts',(12.4630161591886,-0.650825581726821,0.144597064420357));
#2049=CARTESIAN_POINT('Ctrl Pts',(12.5,-0.6586506773786,0.169997581844307));
#2050=CARTESIAN_POINT('Ctrl Pts',(0.524844225578688,0.0922880292413478,
0.301414329060083));
#2051=CARTESIAN_POINT('Ctrl Pts',(0.574414984719092,0.109909537730269,0.303395757556964));
#2052=CARTESIAN_POINT('Ctrl Pts',(0.684269992855551,0.136770055981166,0.307758092412061));
#2053=CARTESIAN_POINT('Ctrl Pts',(0.924253812175559,0.150898503629061,0.311016883298063));
#2054=CARTESIAN_POINT('Ctrl Pts',(1.09069095826909,0.128669060248982,0.301560425488693));
#2055=CARTESIAN_POINT('Ctrl Pts',(1.31365590937995,0.111717397926883,0.243883452851939));
#2056=CARTESIAN_POINT('Ctrl Pts',(1.70444058417561,0.0364889148890053,0.17115978437958));
#2057=CARTESIAN_POINT('Ctrl Pts',(2.37265139882654,-0.148475600792117,0.107683672452802));
#2058=CARTESIAN_POINT('Ctrl Pts',(2.99366764593486,-0.29012895416017,0.0733180687370581));
#2059=CARTESIAN_POINT('Ctrl Pts',(3.64410465248312,-0.413500467354254,0.0481450155027552));
#2060=CARTESIAN_POINT('Ctrl Pts',(4.12649040535842,-0.476512220489195,0.0366904776536852));
#2061=CARTESIAN_POINT('Ctrl Pts',(4.96789613069593,-0.580200549457305,0.014640523490644));
#2062=CARTESIAN_POINT('Ctrl Pts',(6.22786718447927,-0.637930342523617,-0.0488598599360486));
#2063=CARTESIAN_POINT('Ctrl Pts',(8.24570109828429,-0.553255981709745,-0.203330728318504));
#2064=CARTESIAN_POINT('Ctrl Pts',(9.78225445290658,-0.45855690025137,-0.278756569252724));
#2065=CARTESIAN_POINT('Ctrl Pts',(10.6674770216457,-0.441222501503867,-0.2473209057067));
#2066=CARTESIAN_POINT('Ctrl Pts',(11.108882834186,-0.451130970873472,-0.200198547484548));
#2067=CARTESIAN_POINT('Ctrl Pts',(11.3068242038492,-0.46344659020358,-0.166302095401702));
#2068=CARTESIAN_POINT('Ctrl Pts',(11.4605535934453,-0.476835868983434,-0.133922147449746));
#2069=CARTESIAN_POINT('Ctrl Pts',(11.6713039391147,-0.480257400184836,-0.106565575838734));
#2070=CARTESIAN_POINT('Ctrl Pts',(12.0600471551356,-0.487853002725706,-0.0397302328560878));
#2071=CARTESIAN_POINT('Ctrl Pts',(12.361357619956,-0.510504842426734,0.0573811297448791));
#2072=CARTESIAN_POINT('Ctrl Pts',(12.4667414991792,-0.533642514829969,0.132047990548737));
#2073=CARTESIAN_POINT('Ctrl Pts',(12.5000000000003,-0.547273182309522,0.170000652142468));
#2074=CARTESIAN_POINT('Ctrl Pts',(0.523210970292294,0.371443173812511,0.485264721248304));
#2075=CARTESIAN_POINT('Ctrl Pts',(0.572388933804079,0.380176986980102,0.485969902015064));
#2076=CARTESIAN_POINT('Ctrl Pts',(0.681916794386576,0.394848448038816,0.488430892244331));
#2077=CARTESIAN_POINT('Ctrl Pts',(0.922958516904204,0.41145034667532,0.490585221097101));
#2078=CARTESIAN_POINT('Ctrl Pts',(1.09107705628996,0.413603751601166,0.483530007784387));
#2079=CARTESIAN_POINT('Ctrl Pts',(1.31255966019372,0.433539775433393,0.436551971165209));
#2080=CARTESIAN_POINT('Ctrl Pts',(1.70095621353429,0.425339083334566,0.372865306843134));
#2081=CARTESIAN_POINT('Ctrl Pts',(2.36704020459485,0.351062197473336,0.317716891320868));
#2082=CARTESIAN_POINT('Ctrl Pts',(2.98735224957598,0.283555030795877,0.293148035833018));
#2083=CARTESIAN_POINT('Ctrl Pts',(3.63819167635936,0.219159057000843,0.27935764864984));
#2084=CARTESIAN_POINT('Ctrl Pts',(4.12282726923527,0.181944726058973,0.277046392409967));
#2085=CARTESIAN_POINT('Ctrl Pts',(4.97558307291018,0.134675049708253,0.272924097590549));
#2086=CARTESIAN_POINT('Ctrl Pts',(6.24645885150681,0.103370369395909,0.23737331640358));
#2087=CARTESIAN_POINT('Ctrl Pts',(8.25512319655225,0.0654664111157907,0.0672158039762062));
#2088=CARTESIAN_POINT('Ctrl Pts',(9.77966552601295,-0.0103417414178969,
-0.0819820276923042));
#2089=CARTESIAN_POINT('Ctrl Pts',(10.6637217873534,-0.105189473494738,-0.124157795958807));
#2090=CARTESIAN_POINT('Ctrl Pts',(11.1066563552805,-0.173253388443201,-0.122713058974356));
#2091=CARTESIAN_POINT('Ctrl Pts',(11.306023599709,-0.212226533663689,-0.112423805576224));
#2092=CARTESIAN_POINT('Ctrl Pts',(11.4611168028641,-0.246559528797545,-0.0996390204714003));
#2093=CARTESIAN_POINT('Ctrl Pts',(11.6735965166135,-0.278500367787203,-0.0916618473734884));
#2094=CARTESIAN_POINT('Ctrl Pts',(12.0672392061665,-0.334339758754258,-0.0520891531628545));
#2095=CARTESIAN_POINT('Ctrl Pts',(12.3704985381693,-0.388215777430264,0.0382136608149787));
#2096=CARTESIAN_POINT('Ctrl Pts',(12.4705439987145,-0.419738655804977,0.125401337370975));
#2097=CARTESIAN_POINT('Ctrl Pts',(12.4999999999962,-0.435893342943096,0.169995018894013));
#2098=CARTESIAN_POINT('Ctrl Pts',(0.522643925566726,0.539071149859424,0.557731924342558));
#2099=CARTESIAN_POINT('Ctrl Pts',(0.571685515609349,0.544879638031227,0.558011766530177));
#2100=CARTESIAN_POINT('Ctrl Pts',(0.681099794869624,0.555079822266872,0.559549964085987));
#2101=CARTESIAN_POINT('Ctrl Pts',(0.922508807444946,0.57069079851866,0.560621447538175));
#2102=CARTESIAN_POINT('Ctrl Pts',(1.09121110443792,0.57936750974292,0.554812787062278));
#2103=CARTESIAN_POINT('Ctrl Pts',(1.31217905691379,0.609601581882395,0.517961950416629));
#2104=CARTESIAN_POINT('Ctrl Pts',(1.69974648593656,0.630085497685565,0.466954230846163));
#2105=CARTESIAN_POINT('Ctrl Pts',(2.36509207185668,0.6131335350099,0.42516151186078));
#2106=CARTESIAN_POINT('Ctrl Pts',(2.98515962713354,0.587432474025991,0.410367833917643));
#2107=CARTESIAN_POINT('Ctrl Pts',(3.63613876892272,0.558078743009717,0.405225907580065));
#2108=CARTESIAN_POINT('Ctrl Pts',(4.12155547661657,0.536700911015702,0.407283593564787));
#2109=CARTESIAN_POINT('Ctrl Pts',(4.97825187801038,0.511072744338217,0.407557562719709));
#2110=CARTESIAN_POINT('Ctrl Pts',(6.25291363344762,0.477532577062478,0.379803414969017));
#2111=CARTESIAN_POINT('Ctrl Pts',(8.25839442498238,0.360040558645266,0.199590939828854));
#2112=CARTESIAN_POINT('Ctrl Pts',(9.77876668469144,0.19649159441609,0.0165412071069873));
#2113=CARTESIAN_POINT('Ctrl Pts',(10.6624180194633,0.0538419582856512,-0.0607845389965673));
#2114=CARTESIAN_POINT('Ctrl Pts',(11.105883351127,-0.0348749591438178,-0.0819933122890132));
#2115=CARTESIAN_POINT('Ctrl Pts',(11.3057456404954,-0.0815661710931881,
-0.0837710804451042));
#2116=CARTESIAN_POINT('Ctrl Pts',(11.4613123417568,-0.121073699003773,-0.0811965519482089));
#2117=CARTESIAN_POINT('Ctrl Pts',(11.6743924693279,-0.165381538189813,-0.0810197877455133));
#2118=CARTESIAN_POINT('Ctrl Pts',(12.0697361915655,-0.24792343831571,-0.050535518128278));
#2119=CARTESIAN_POINT('Ctrl Pts',(12.3736721445876,-0.322742739200572,0.0369022352998647));
#2120=CARTESIAN_POINT('Ctrl Pts',(12.4718641764744,-0.35994181860093,0.125608787409704));
#2121=CARTESIAN_POINT('Ctrl Pts',(12.4999999999947,-0.3763453065688,0.169993375426072));
#2122=CARTESIAN_POINT('Ctrl Pts',(0.5226085579198,0.549856457287276,0.563346427287895));
#2123=CARTESIAN_POINT('Ctrl Pts',(0.571641642092444,0.55549457136517,0.563528607825895));
#2124=CARTESIAN_POINT('Ctrl Pts',(0.681048837071848,0.565444955779529,0.564807248174374));
#2125=CARTESIAN_POINT('Ctrl Pts',(0.92248075821945,0.581055325886202,0.565325814991257));
#2126=CARTESIAN_POINT('Ctrl Pts',(1.09121946527325,0.590168492238306,0.559317675590553));
#2127=CARTESIAN_POINT('Ctrl Pts',(1.31215531797079,0.621026865816472,0.523143757592094));
#2128=CARTESIAN_POINT('Ctrl Pts',(1.69967103294913,0.643336055188928,0.472994427965489));
#2129=CARTESIAN_POINT('Ctrl Pts',(2.36497056315068,0.630091811845943,0.432104672063902));
#2130=CARTESIAN_POINT('Ctrl Pts',(2.98502286914447,0.607110038885113,0.417963686246456));
#2131=CARTESIAN_POINT('Ctrl Pts',(3.63601072522155,0.580044279991412,0.413391050710629));
#2132=CARTESIAN_POINT('Ctrl Pts',(4.12147615251698,0.559701589537239,0.415729902813936));
#2133=CARTESIAN_POINT('Ctrl Pts',(4.97841833640826,0.535436747470887,0.416266624969179));
#2134=CARTESIAN_POINT('Ctrl Pts',(6.25331623034774,0.501676848550446,0.388987785113771));
#2135=CARTESIAN_POINT('Ctrl Pts',(8.25859845765737,0.378965141395827,0.208114726281261));
#2136=CARTESIAN_POINT('Ctrl Pts',(9.77871062226636,0.209746064477267,0.0228961173380139));
#2137=CARTESIAN_POINT('Ctrl Pts',(10.6623367010059,0.0640538203739604,-0.0566888102358615));
#2138=CARTESIAN_POINT('Ctrl Pts',(11.105835137403,-0.0259544728850513,-0.0793575891103813));
#2139=CARTESIAN_POINT('Ctrl Pts',(11.3057283036561,-0.073116444080552,-0.081914801823093));
#2140=CARTESIAN_POINT('Ctrl Pts',(11.4613245378857,-0.112932222116301,-0.0800006699801997));
#2141=CARTESIAN_POINT('Ctrl Pts',(11.6744421143971,-0.158028449320369,-0.0803178787327764));
#2142=CARTESIAN_POINT('Ctrl Pts',(12.0698919332453,-0.242304615017516,-0.0503979491243717));
#2143=CARTESIAN_POINT('Ctrl Pts',(12.373870088394,-0.318500002067783,0.0368575561400028));
#2144=CARTESIAN_POINT('Ctrl Pts',(12.4719465184465,-0.356072224689467,0.125639261993555));
#2145=CARTESIAN_POINT('Ctrl Pts',(12.4999999999947,-0.372486892673227,0.169993423003166));
#2146=CARTESIAN_POINT('Ctrl Pts',(0.522570763983102,0.561558099729892,0.570643021618087));
#2147=CARTESIAN_POINT('Ctrl Pts',(0.571594758766446,0.567044578420359,0.570637071782463));
#2148=CARTESIAN_POINT('Ctrl Pts',(0.680994383469453,0.576807853700657,0.57140018150997));
#2149=CARTESIAN_POINT('Ctrl Pts',(0.92245078476221,0.592598133884282,0.570755709163688));
#2150=CARTESIAN_POINT('Ctrl Pts',(1.09122839967823,0.602275901578888,0.564207413246688));
#2151=CARTESIAN_POINT('Ctrl Pts',(1.31212995048985,0.633781180194604,0.528809675899339));
#2152=CARTESIAN_POINT('Ctrl Pts',(1.69959040373915,0.658090091045329,0.479656931689571));
#2153=CARTESIAN_POINT('Ctrl Pts',(2.36484071870973,0.648971051970949,0.439820953404597));
#2154=CARTESIAN_POINT('Ctrl Pts',(2.9848767292898,0.629034001000865,0.426431641613079));
#2155=CARTESIAN_POINT('Ctrl Pts',(3.63587389747199,0.604538038881008,0.422508249951199));
#2156=CARTESIAN_POINT('Ctrl Pts',(4.12139138662895,0.585361018404275,0.425157290953256));
#2157=CARTESIAN_POINT('Ctrl Pts',(4.97859621417784,0.562570503679389,0.425958320281272));
#2158=CARTESIAN_POINT('Ctrl Pts',(6.25374644618277,0.528479422863388,0.399168730461848));
#2159=CARTESIAN_POINT('Ctrl Pts',(8.25881648737297,0.39987392362432,0.217549002738501));
#2160=CARTESIAN_POINT('Ctrl Pts',(9.77865071384918,0.224352076597992,0.0299414522809283));
#2161=CARTESIAN_POINT('Ctrl Pts',(10.6622498039432,0.075331813324947,-0.0521384527769728));
#2162=CARTESIAN_POINT('Ctrl Pts',(11.1057836161231,-0.0160613146083974,
-0.0764243566816051));
#2163=CARTESIAN_POINT('Ctrl Pts',(11.3057097774757,-0.0637138031720828,
-0.0798468557185662));
#2164=CARTESIAN_POINT('Ctrl Pts',(11.4613375706929,-0.103841622453131,-0.0786668581618121));
#2165=CARTESIAN_POINT('Ctrl Pts',(11.6744951652151,-0.149801591035477,-0.0795210409852726));
#2166=CARTESIAN_POINT('Ctrl Pts',(12.0700583591088,-0.236015998729071,-0.0502015346688168));
#2167=CARTESIAN_POINT('Ctrl Pts',(12.3740816115327,-0.313768213545482,0.0368545251935397));
#2168=CARTESIAN_POINT('Ctrl Pts',(12.4720345092389,-0.35176308750742,0.125692705438685));
#2169=CARTESIAN_POINT('Ctrl Pts',(12.4999999999947,-0.368184634388943,0.169993363624299));
#2170=CARTESIAN_POINT('Ctrl Pts',(0.522566884700757,0.56276126582507,0.571409526264858));
#2171=CARTESIAN_POINT('Ctrl Pts',(0.571589946522083,0.568232609141401,0.571384294102843));
#2172=CARTESIAN_POINT('Ctrl Pts',(0.680988794189349,0.577977773975401,0.572094428332476));
#2173=CARTESIAN_POINT('Ctrl Pts',(0.922447708197193,0.593789096078909,0.57133064548371));
#2174=CARTESIAN_POINT('Ctrl Pts',(1.09122931673219,0.603526184891512,0.564726915257708));
#2175=CARTESIAN_POINT('Ctrl Pts',(1.31212734669597,0.635097412158341,0.529409033826052));
#2176=CARTESIAN_POINT('Ctrl Pts',(1.69958212771664,0.659611719851108,0.480356540193336));
#2177=CARTESIAN_POINT('Ctrl Pts',(2.36482739108918,0.650918438328577,0.440625818240668));
#2178=CARTESIAN_POINT('Ctrl Pts',(2.98486172905939,0.631295701734213,0.427310748057615));
#2179=CARTESIAN_POINT('Ctrl Pts',(3.63585985306382,0.607065393091247,0.423451887576987));
#2180=CARTESIAN_POINT('Ctrl Pts',(4.12138268600547,0.588008675649389,0.42613147370966));
#2181=CARTESIAN_POINT('Ctrl Pts',(4.97861447208245,0.56536952102629,0.426959438790574));
#2182=CARTESIAN_POINT('Ctrl Pts',(6.25379060481877,0.531242889873447,0.400219205517823));
#2183=CARTESIAN_POINT('Ctrl Pts',(8.25883886659304,0.402028575787952,0.21852179217614));
#2184=CARTESIAN_POINT('Ctrl Pts',(9.77864456467062,0.225856671462637,0.0306681440293314));
#2185=CARTESIAN_POINT('Ctrl Pts',(10.6622408845696,0.0764937849070288,-0.0516688707618068));
#2186=CARTESIAN_POINT('Ctrl Pts',(11.1057783278254,-0.0150415876824442,
-0.076121423043125));
#2187=CARTESIAN_POINT('Ctrl Pts',(11.3057078758933,-0.0627443189470611,
-0.0796329607632335));
#2188=CARTESIAN_POINT('Ctrl Pts',(11.4613389084191,-0.102903979462377,-0.0785285511996851));
#2189=CARTESIAN_POINT('Ctrl Pts',(11.6745006105092,-0.148952836917046,-0.0794380213244604));
#2190=CARTESIAN_POINT('Ctrl Pts',(12.0700754415557,-0.235367130236269,-0.0501804139376008));
#2191=CARTESIAN_POINT('Ctrl Pts',(12.3741033228983,-0.313280083773398,0.0368547735581129));
#2192=CARTESIAN_POINT('Ctrl Pts',(12.4720435408762,-0.351318638740551,0.125698485299051));
#2193=CARTESIAN_POINT('Ctrl Pts',(12.4999999999947,-0.367740828943699,0.169993391933212));
#2194=CARTESIAN_POINT('Ctrl Pts',(0.522512877353718,0.579540079277468,0.582320624628772));
#2195=CARTESIAN_POINT('Ctrl Pts',(0.571522950483067,0.584805153081255,0.582022748024037));
#2196=CARTESIAN_POINT('Ctrl Pts',(0.680910980263118,0.594310407285982,0.58198539120734));
#2197=CARTESIAN_POINT('Ctrl Pts',(0.922404876276295,0.61044055866335,0.579531698680626));
#2198=CARTESIAN_POINT('Ctrl Pts',(1.09124208395236,0.621018180804068,0.572143076394342));
#2199=CARTESIAN_POINT('Ctrl Pts',(1.31209109669224,0.653507550025782,0.53795696669334));
#2200=CARTESIAN_POINT('Ctrl Pts',(1.69946690897773,0.680898925545059,0.4903140134134));
#2201=CARTESIAN_POINT('Ctrl Pts',(2.36464184403069,0.678157508838041,0.451983172682803));
#2202=CARTESIAN_POINT('Ctrl Pts',(2.98465289593596,0.662934787794636,0.439655174165104));
#2203=CARTESIAN_POINT('Ctrl Pts',(3.63566432689214,0.642419983036756,0.436640001570903));
#2204=CARTESIAN_POINT('Ctrl Pts',(4.12126155597428,0.625050315710643,0.439727973304702));
#2205=CARTESIAN_POINT('Ctrl Pts',(4.97886865852807,0.604524619116278,0.440929102542013));
#2206=CARTESIAN_POINT('Ctrl Pts',(6.25440538110139,0.569892258804374,0.414888929959092));
#2207=CARTESIAN_POINT('Ctrl Pts',(8.25915042996929,0.432145795454535,0.232113272148924));
#2208=CARTESIAN_POINT('Ctrl Pts',(9.77855895584137,0.246882984810466,0.0408209632066303));
#2209=CARTESIAN_POINT('Ctrl Pts',(10.6621167091005,0.0927383368437382,-0.0451098836107425));
#2210=CARTESIAN_POINT('Ctrl Pts',(11.1057047041735,-0.00077738802375241,
-0.071893540744872));
#2211=CARTESIAN_POINT('Ctrl Pts',(11.305681402074,-0.0491763408257929,-0.0766543368394414));
#2212=CARTESIAN_POINT('Ctrl Pts',(11.4613575322357,-0.0897756780902579,
-0.0766098587909069));
#2213=CARTESIAN_POINT('Ctrl Pts',(11.6745764198637,-0.137066439617673,-0.0782892506328833));
#2214=CARTESIAN_POINT('Ctrl Pts',(12.0703132632848,-0.226280844363038,-0.0498859423348861));
#2215=CARTESIAN_POINT('Ctrl Pts',(12.3744055884086,-0.306449439553845,0.0368657405802353));
#2216=CARTESIAN_POINT('Ctrl Pts',(12.4721692792798,-0.345100250409366,0.125781696580301));
#2217=CARTESIAN_POINT('Ctrl Pts',(12.4999999999947,-0.361530513355525,0.169992858157454));
#2218=CARTESIAN_POINT('Ctrl Pts',(0.522466043587749,0.59439563173432,0.594791765921119));
#2219=CARTESIAN_POINT('Ctrl Pts',(0.571464853261407,0.599548442483054,0.594244248665067));
#2220=CARTESIAN_POINT('Ctrl Pts',(0.680843502051169,0.609019891281492,0.593513112224462));
#2221=CARTESIAN_POINT('Ctrl Pts',(0.92236773354907,0.625823137893468,0.589488663657352));
#2222=CARTESIAN_POINT('Ctrl Pts',(1.09125315535347,0.637344876446992,0.581369159148553));
#2223=CARTESIAN_POINT('Ctrl Pts',(1.31205966163232,0.670582950354873,0.548263365696576));
#2224=CARTESIAN_POINT('Ctrl Pts',(1.69936699428559,0.70057088286925,0.501656268020879));
#2225=CARTESIAN_POINT('Ctrl Pts',(2.36448094244989,0.703363632793319,0.4639392112905));
#2226=CARTESIAN_POINT('Ctrl Pts',(2.98447180128561,0.692268491634302,0.451940524904918));
#2227=CARTESIAN_POINT('Ctrl Pts',(3.63549477168408,0.675262134556984,0.449198276413417));
#2228=CARTESIAN_POINT('Ctrl Pts',(4.12115651516332,0.659485452334383,0.452417391899176));
#2229=CARTESIAN_POINT('Ctrl Pts',(4.97908908239936,0.640824879622904,0.453906154698448));
#2230=CARTESIAN_POINT('Ctrl Pts',(6.25493849909613,0.605541678736424,0.428615305437789));
#2231=CARTESIAN_POINT('Ctrl Pts',(8.25942060962182,0.459730378712405,0.245410156484344));
#2232=CARTESIAN_POINT('Ctrl Pts',(9.77848471809251,0.266066969861511,0.0514901441162527));
#2233=CARTESIAN_POINT('Ctrl Pts',(10.6620090273651,0.107612015019035,-0.0375090093375116));
#2234=CARTESIAN_POINT('Ctrl Pts',(11.1056408596586,0.0123678490652783,-0.0663646731941177));
#2235=CARTESIAN_POINT('Ctrl Pts',(11.305658444667,-0.0366096010946075,-0.0722604414185323));
#2236=CARTESIAN_POINT('Ctrl Pts',(11.461373682325,-0.0775541901125738,-0.0731924243477839));
#2237=CARTESIAN_POINT('Ctrl Pts',(11.6746421597634,-0.125968115306326,-0.0757619374450407));
#2238=CARTESIAN_POINT('Ctrl Pts',(12.0705194961,-0.217793730832788,-0.048706730097997));
#2239=CARTESIAN_POINT('Ctrl Pts',(12.3746677051938,-0.300103860814118,0.0371753422226548));
#2240=CARTESIAN_POINT('Ctrl Pts',(12.4722783163516,-0.339338386524403,0.125902230721484));
#2241=CARTESIAN_POINT('Ctrl Pts',(12.499999999995,-0.3557649360151,0.169996245573436));
#2242=CARTESIAN_POINT('Ctrl Pts',(0.522341011909507,0.633009475411233,0.636983074391945));
#2243=CARTESIAN_POINT('Ctrl Pts',(0.571309751638145,0.63803636867852,0.635769458977611));
#2244=CARTESIAN_POINT('Ctrl Pts',(0.680663356083615,0.647866389400465,0.63317618304045));
#2245=CARTESIAN_POINT('Ctrl Pts',(0.922268573948654,0.667464321400702,0.624909541252419));
#2246=CARTESIAN_POINT('Ctrl Pts',(1.09128271257211,0.682039424877247,0.614866313551029));
#2247=CARTESIAN_POINT('Ctrl Pts',(1.31197573973927,0.717139714937756,0.585058305980805));
#2248=CARTESIAN_POINT('Ctrl Pts',(1.69910025294244,0.754802158474356,0.54082687647413));
#2249=CARTESIAN_POINT('Ctrl Pts',(2.36405138496582,0.774474352567763,0.502669122481595));
#2250=CARTESIAN_POINT('Ctrl Pts',(2.98398833454774,0.776144309389292,0.489808892420608));
#2251=CARTESIAN_POINT('Ctrl Pts',(3.63504211169014,0.770048958848961,0.486158615056889));
#2252=CARTESIAN_POINT('Ctrl Pts',(4.12087608866744,0.759233833651827,0.489020557958293));
#2253=CARTESIAN_POINT('Ctrl Pts',(4.97967754599984,0.745677669734666,0.491177131069974));
#2254=CARTESIAN_POINT('Ctrl Pts',(6.25636175934851,0.707786703264481,0.468478321291946));
#2255=CARTESIAN_POINT('Ctrl Pts',(8.26014190577803,0.537624566845229,0.285771673077508));
#2256=CARTESIAN_POINT('Ctrl Pts',(9.77828652625071,0.319325596004909,0.0859227186382636));
#2257=CARTESIAN_POINT('Ctrl Pts',(10.6617215504173,0.148609403217626,-0.0111346586357861));
#2258=CARTESIAN_POINT('Ctrl Pts',(11.1054704145388,0.048647696671047,-0.0457032933812359));
#2259=CARTESIAN_POINT('Ctrl Pts',(11.3055971554865,-0.00179637926372736,
-0.0548272089723593));
#2260=CARTESIAN_POINT('Ctrl Pts',(11.461416798071,-0.0435403193480788,-0.058572759114434));
#2261=CARTESIAN_POINT('Ctrl Pts',(11.6748176649743,-0.0949266113409141,
-0.0642254268857841));
#2262=CARTESIAN_POINT('Ctrl Pts',(12.071070073967,-0.193793719317746,-0.0426704692802108));
#2263=CARTESIAN_POINT('Ctrl Pts',(12.3753674759866,-0.281902681953683,0.0389396545703243));
#2264=CARTESIAN_POINT('Ctrl Pts',(12.4725694116286,-0.322686534453028,0.126347061170794));
#2265=CARTESIAN_POINT('Ctrl Pts',(12.4999999999955,-0.339069215079998,0.169981403014647));
#2266=CARTESIAN_POINT('Ctrl Pts',(0.522272244296227,0.652550619012486,0.672424995520075));
#2267=CARTESIAN_POINT('Ctrl Pts',(0.571224445509345,0.657745290644208,0.670872843093818));
#2268=CARTESIAN_POINT('Ctrl Pts',(0.680564275527345,0.668383306173678,0.667299870097077));
#2269=CARTESIAN_POINT('Ctrl Pts',(0.92221403601755,0.690881811641412,0.656812880938169));
#2270=CARTESIAN_POINT('Ctrl Pts',(1.09129896908736,0.70786304319365,0.645829927770077));
#2271=CARTESIAN_POINT('Ctrl Pts',(1.31192958257042,0.743792087748456,0.618282753992111));
#2272=CARTESIAN_POINT('Ctrl Pts',(1.69895354479786,0.786685058017089,0.574567078963348));
#2273=CARTESIAN_POINT('Ctrl Pts',(2.36381512769598,0.818584797465594,0.533492508122589));
#2274=CARTESIAN_POINT('Ctrl Pts',(2.9837224271063,0.829702991866396,0.517822802767353));
#2275=CARTESIAN_POINT('Ctrl Pts',(3.63479314800474,0.831773169796354,0.511635722007242));
#2276=CARTESIAN_POINT('Ctrl Pts',(4.12072185366809,0.824660941901593,0.513305054837024));
#2277=CARTESIAN_POINT('Ctrl Pts',(4.98000120187572,0.814063779255786,0.515655280038925));
#2278=CARTESIAN_POINT('Ctrl Pts',(6.25714455465334,0.773527887305329,0.494971362132581));
#2279=CARTESIAN_POINT('Ctrl Pts',(8.26053861976182,0.586142444089727,0.314695550363517));
#2280=CARTESIAN_POINT('Ctrl Pts',(9.77817752043645,0.351274142076284,0.113073006332078));
#2281=CARTESIAN_POINT('Ctrl Pts',(10.6615634376589,0.172771698883337,0.0117514522544015));
#2282=CARTESIAN_POINT('Ctrl Pts',(11.1053766694639,0.070065402968274,-0.0261994821358072));
#2283=CARTESIAN_POINT('Ctrl Pts',(11.3055634463444,0.0189094573798385,-0.0373399050610346));
#2284=CARTESIAN_POINT('Ctrl Pts',(11.4614405117973,-0.0231145958181975,
-0.0428927045315053));
#2285=CARTESIAN_POINT('Ctrl Pts',(11.6749141931078,-0.0760778867245469,
-0.0507474678045201));
#2286=CARTESIAN_POINT('Ctrl Pts',(12.0713728926321,-0.178840403236905,-0.0334657046135897));
#2287=CARTESIAN_POINT('Ctrl Pts',(12.3757523509878,-0.270174050691034,0.0444762365649644));
#2288=CARTESIAN_POINT('Ctrl Pts',(12.4727295144742,-0.311780921807827,0.130514824571676));
#2289=CARTESIAN_POINT('Ctrl Pts',(12.4999999999962,-0.32809381389231,0.173698767021275));
#2290=CARTESIAN_POINT('Ctrl Pts',(0.522176827702499,0.66995667472758,0.741676133288676));
#2291=CARTESIAN_POINT('Ctrl Pts',(0.571106081357301,0.675686031220515,0.739804718506819));
#2292=CARTESIAN_POINT('Ctrl Pts',(0.680426799050661,0.688157263370608,0.735243742239654));
#2293=CARTESIAN_POINT('Ctrl Pts',(0.922138363424494,0.716145532997819,0.72250964057981));
#2294=CARTESIAN_POINT('Ctrl Pts',(1.09132152536402,0.737153358493144,0.710872197216454));
#2295=CARTESIAN_POINT('Ctrl Pts',(1.31186553847148,0.773758833557822,0.687738237134592));
#2296=CARTESIAN_POINT('Ctrl Pts',(1.69874998398251,0.827613958158235,0.644203411994167));
#2297=CARTESIAN_POINT('Ctrl Pts',(2.36348731547659,0.886803895869535,0.594561153097537));
#2298=CARTESIAN_POINT('Ctrl Pts',(2.98335347461399,0.91945562764693,0.571098821067199));
#2299=CARTESIAN_POINT('Ctrl Pts',(3.63444770535099,0.940333299798446,0.557639094133338));
#2300=CARTESIAN_POINT('Ctrl Pts',(4.12050784917423,0.941667994007366,0.556027877629043));
#2301=CARTESIAN_POINT('Ctrl Pts',(4.98045028160581,0.93553874130277,0.558333386370617));
#2302=CARTESIAN_POINT('Ctrl Pts',(6.25823070055835,0.887648324682438,0.541845280488145));
#2303=CARTESIAN_POINT('Ctrl Pts',(8.26108906924234,0.664871038895675,0.368722543421639));
#2304=CARTESIAN_POINT('Ctrl Pts',(9.77802627244331,0.397869952211634,0.166920970170172));
#2305=CARTESIAN_POINT('Ctrl Pts',(10.661344052688,0.205224395300923,0.0596006235173698));
#2306=CARTESIAN_POINT('Ctrl Pts',(11.1052465960862,0.0980833255221441,0.016219367366362));
#2307=CARTESIAN_POINT('Ctrl Pts',(11.3055166741594,0.046124694044003,0.00163801757848892));
#2308=CARTESIAN_POINT('Ctrl Pts',(11.4614734151201,0.00409608262340836,
-0.0070722784227142));
#2309=CARTESIAN_POINT('Ctrl Pts',(11.6750481280408,-0.0507554189772902,
-0.0189282793183678));
#2310=CARTESIAN_POINT('Ctrl Pts',(12.0717930602685,-0.158495005894579,-0.00972196832346708));
#2311=CARTESIAN_POINT('Ctrl Pts',(12.3762863736166,-0.253910969836535,0.0608192622778214));
#2312=CARTESIAN_POINT('Ctrl Pts',(12.4729516607352,-0.296427502817481,0.143678738505964));
#2313=CARTESIAN_POINT('Ctrl Pts',(12.499999999997,-0.312539751259825,0.185764690517992));
#2314=CARTESIAN_POINT('Ctrl Pts',(0.522111762240303,0.673283484313408,0.80642276171312));
#2315=CARTESIAN_POINT('Ctrl Pts',(0.57102536774178,0.679635363832172,0.804461726260618));
#2316=CARTESIAN_POINT('Ctrl Pts',(0.680333052563311,0.693963226507133,0.799523287923435));
#2317=CARTESIAN_POINT('Ctrl Pts',(0.922086761579889,0.726928941927136,0.785954298589379));
#2318=CARTESIAN_POINT('Ctrl Pts',(1.09133690669876,0.751257614420864,0.774397279462019));
#2319=CARTESIAN_POINT('Ctrl Pts',(1.31182186620512,0.787918816469073,0.755266735026701));
#2320=CARTESIAN_POINT('Ctrl Pts',(1.69861117397037,0.850716953363978,0.71726289780281));
#2321=CARTESIAN_POINT('Ctrl Pts',(2.36326377727706,0.933023274829381,0.673426537331606));
#2322=CARTESIAN_POINT('Ctrl Pts',(2.98310188247995,0.984122415391923,0.653602530974633));
#2323=CARTESIAN_POINT('Ctrl Pts',(3.63421214479439,1.02119268931818,0.642949863226115));
#2324=CARTESIAN_POINT('Ctrl Pts',(4.12036191752065,1.02983694501772,0.642223867710431));
#2325=CARTESIAN_POINT('Ctrl Pts',(4.98075651324824,1.02707849844036,0.644137631080632));
#2326=CARTESIAN_POINT('Ctrl Pts',(6.25897135354733,0.972783601676255,0.625316687865067));
#2327=CARTESIAN_POINT('Ctrl Pts',(8.26146442585993,0.721247474352552,0.442064728341695));
#2328=CARTESIAN_POINT('Ctrl Pts',(9.77792313503104,0.428854078884832,0.2269452112698));
#2329=CARTESIAN_POINT('Ctrl Pts',(10.6611944520373,0.225629304820603,0.108750092561905));
#2330=CARTESIAN_POINT('Ctrl Pts',(11.1051578978411,0.11554405839734,0.0589094420465936));
#2331=CARTESIAN_POINT('Ctrl Pts',(11.3054847797718,0.0633130376219489,0.0410494842730521));
#2332=CARTESIAN_POINT('Ctrl Pts',(11.461495852202,0.0216186245411255,0.029626245325588));
#2333=CARTESIAN_POINT('Ctrl Pts',(11.6751394595169,-0.0342538408552094,
0.0142231590758143));
#2334=CARTESIAN_POINT('Ctrl Pts',(12.0720795764856,-0.145001952518892,0.0160528697456212));
#2335=CARTESIAN_POINT('Ctrl Pts',(12.3766505286113,-0.242847119800388,0.0795297990291366));
#2336=CARTESIAN_POINT('Ctrl Pts',(12.4731031443358,-0.285779397372469,0.159106939880762));
#2337=CARTESIAN_POINT('Ctrl Pts',(12.4999999999977,-0.301662748554392,0.200024581062957));
#2338=CARTESIAN_POINT('Ctrl Pts',(0.522088641869505,0.652063287826354,0.866628388788038));
#2339=CARTESIAN_POINT('Ctrl Pts',(0.570996686953905,0.659177430045701,0.864868374170657));
#2340=CARTESIAN_POINT('Ctrl Pts',(0.680299740672865,0.675343773464868,0.860281791067407));
#2341=CARTESIAN_POINT('Ctrl Pts',(0.922068425372923,0.712286313948759,0.84750819581387));
#2342=CARTESIAN_POINT('Ctrl Pts',(1.09134237230449,0.738666921882288,0.836974634681645));
#2343=CARTESIAN_POINT('Ctrl Pts',(1.31180634769564,0.774174975150706,0.822200298467707));
#2344=CARTESIAN_POINT('Ctrl Pts',(1.69856184920047,0.836675071346633,0.795153847900442));
#2345=CARTESIAN_POINT('Ctrl Pts',(2.36318434518073,0.921066916869599,0.769699983834445));
#2346=CARTESIAN_POINT('Ctrl Pts',(2.98301248169446,0.974240620004699,0.763303199398312));
#2347=CARTESIAN_POINT('Ctrl Pts',(3.63412844067196,1.01339406246168,0.763835265549471));
#2348=CARTESIAN_POINT('Ctrl Pts',(4.12031006214565,1.02333128100181,0.767401163454397));
#2349=CARTESIAN_POINT('Ctrl Pts',(4.98086532964459,1.02266689561493,0.768232307179132));
#2350=CARTESIAN_POINT('Ctrl Pts',(6.25923453728812,0.969574874880969,0.741587420000686));
#2351=CARTESIAN_POINT('Ctrl Pts',(8.261597805135,0.717124912855415,0.534422097655189));
#2352=CARTESIAN_POINT('Ctrl Pts',(9.77788648616796,0.424527497311697,0.295622859775434));
#2353=CARTESIAN_POINT('Ctrl Pts',(10.6611412929203,0.223052391894686,0.162470743447657));
#2354=CARTESIAN_POINT('Ctrl Pts',(11.1051263797937,0.114706768517065,0.105076024138963));
#2355=CARTESIAN_POINT('Ctrl Pts',(11.3054734464155,0.063622838400303,0.0838592522985703));
#2356=CARTESIAN_POINT('Ctrl Pts',(11.4615038249979,0.0230005257421168,0.0698738326854102));
#2357=CARTESIAN_POINT('Ctrl Pts',(11.6751719132569,-0.0325219950680998,
0.0512818253048523));
#2358=CARTESIAN_POINT('Ctrl Pts',(12.0721813871998,-0.143374777410266,0.0463874944482468));
#2359=CARTESIAN_POINT('Ctrl Pts',(12.3767799275001,-0.241208928025886,0.102832353660093));
#2360=CARTESIAN_POINT('Ctrl Pts',(12.4731569725404,-0.283756725401948,0.17847852638803));
#2361=CARTESIAN_POINT('Ctrl Pts',(12.4999999999979,-0.299303149679353,0.217792219854649));
#2362=CARTESIAN_POINT('Ctrl Pts',(0.522088641869518,0.623960509697085,0.915240854272019));
#2363=CARTESIAN_POINT('Ctrl Pts',(0.570996686953918,0.631839379117625,0.913724817672891));
#2364=CARTESIAN_POINT('Ctrl Pts',(0.68029974067288,0.649670622017411,0.909583642632746));
#2365=CARTESIAN_POINT('Ctrl Pts',(0.922068425372938,0.689713446653177,0.897768322350693));
#2366=CARTESIAN_POINT('Ctrl Pts',(1.0913423723045,0.717313958074676,0.888303604357007));
#2367=CARTESIAN_POINT('Ctrl Pts',(1.31180634769566,0.751178633264326,0.87770966580448));
#2368=CARTESIAN_POINT('Ctrl Pts',(1.69856184920051,0.808994491998271,0.859008734940588));
#2369=CARTESIAN_POINT('Ctrl Pts',(2.36318434518079,0.885125489189633,0.845626649103881));
#2370=CARTESIAN_POINT('Ctrl Pts',(2.98301248169453,0.932317064029099,0.847574073453934));
#2371=CARTESIAN_POINT('Ctrl Pts',(3.63412844067203,0.966544733064887,0.854799649283141));
#2372=CARTESIAN_POINT('Ctrl Pts',(4.12031006214574,0.974790672424,0.860670737802282));
#2373=CARTESIAN_POINT('Ctrl Pts',(4.9808653296447,0.975418666046259,0.860143814254448));
#2374=CARTESIAN_POINT('Ctrl Pts',(6.25923453728829,0.92679683307112,0.82826561742857));
#2375=CARTESIAN_POINT('Ctrl Pts',(8.2615978051352,0.685965126270165,0.606412951747679));
#2376=CARTESIAN_POINT('Ctrl Pts',(9.77788648616822,0.40455395556974,0.352491680220031));
#2377=CARTESIAN_POINT('Ctrl Pts',(10.6611412929205,0.210333096542075,0.208722093283984));
#2378=CARTESIAN_POINT('Ctrl Pts',(11.105126379794,0.105768303325416,0.14546179747046));
#2379=CARTESIAN_POINT('Ctrl Pts',(11.3054734464158,0.0564185709037003,0.121413508452428));
#2380=CARTESIAN_POINT('Ctrl Pts',(11.4615038249982,0.0171513227716929,0.10514705622248));
#2381=CARTESIAN_POINT('Ctrl Pts',(11.6751719132572,-0.0374741551934116,
0.0839607959598588));
#2382=CARTESIAN_POINT('Ctrl Pts',(12.0721813872001,-0.147303662869199,0.0736845150338499));
#2383=CARTESIAN_POINT('Ctrl Pts',(12.3767799275004,-0.244243957779031,0.124150386507063));
#2384=CARTESIAN_POINT('Ctrl Pts',(12.4731569725407,-0.286154328742486,0.196006858054497));
#2385=CARTESIAN_POINT('Ctrl Pts',(12.4999999999983,-0.301338346358974,0.233624590121354));
#2386=CARTESIAN_POINT('Ctrl Pts',(0.522105221693924,0.590107348007786,0.956683235176));
#2387=CARTESIAN_POINT('Ctrl Pts',(0.571017254203071,0.598708825786356,0.955501052580474));
#2388=CARTESIAN_POINT('Ctrl Pts',(0.680323628927049,0.618030749548229,0.952098815184994));
#2389=CARTESIAN_POINT('Ctrl Pts',(0.922081574430733,0.660578094720306,0.941987238010879));
#2390=CARTESIAN_POINT('Ctrl Pts',(1.09133845286984,0.688890341190728,0.933978779236747));
#2391=CARTESIAN_POINT('Ctrl Pts',(1.31181747615743,0.720866621365374,0.927109504951399));
#2392=CARTESIAN_POINT('Ctrl Pts',(1.69859722043359,0.771268209303,0.914140518853572));
#2393=CARTESIAN_POINT('Ctrl Pts',(2.36324130664655,0.832760231454214,0.907231941094603));
#2394=CARTESIAN_POINT('Ctrl Pts',(2.98307659179634,0.868938169868381,0.913135120948701));
#2395=CARTESIAN_POINT('Ctrl Pts',(3.63418846564589,0.89392230521807,0.923268614891446));
#2396=CARTESIAN_POINT('Ctrl Pts',(4.12034724809839,0.898561298032228,0.929860804078828));
#2397=CARTESIAN_POINT('Ctrl Pts',(4.98078729643515,0.899838309043206,0.928084723897568));
#2398=CARTESIAN_POINT('Ctrl Pts',(6.25904580587741,0.857729551623525,0.892876587678659));
#2399=CARTESIAN_POINT('Ctrl Pts',(8.26150215766604,0.636912008958143,0.662653410550238));
#2400=CARTESIAN_POINT('Ctrl Pts',(9.77791276739553,0.374260366450545,0.399756469042418));
#2401=CARTESIAN_POINT('Ctrl Pts',(10.6611794137984,0.19079886878522,0.248908850654275));
#2402=CARTESIAN_POINT('Ctrl Pts',(11.1051489816676,0.0912363345189841,0.181402423351792));
#2403=CARTESIAN_POINT('Ctrl Pts',(11.3054815736672,0.04393128014028,0.155169283389427));
#2404=CARTESIAN_POINT('Ctrl Pts',(11.4614981076354,0.00613256894391643,
0.137073697482385));
#2405=CARTESIAN_POINT('Ctrl Pts',(11.6751486403907,-0.0472485549812504,
0.113663467971478));
#2406=CARTESIAN_POINT('Ctrl Pts',(12.072108377828,-0.155253615091886,0.0985410480686383));
#2407=CARTESIAN_POINT('Ctrl Pts',(12.3766871344019,-0.250628294945758,0.143431004903656));
#2408=CARTESIAN_POINT('Ctrl Pts',(12.4731183718548,-0.291669929482725,0.211696670787983));
#2409=CARTESIAN_POINT('Ctrl Pts',(12.4999999999984,-0.306447934392462,0.247750715464045));
#2410=CARTESIAN_POINT('Ctrl Pts',(0.522152352572442,0.54291952298696,0.984569727055813));
#2411=CARTESIAN_POINT('Ctrl Pts',(0.571075719992431,0.552165076800956,0.983857124383447));
#2412=CARTESIAN_POINT('Ctrl Pts',(0.680391535219525,0.572592639964165,0.981617789844882));
#2413=CARTESIAN_POINT('Ctrl Pts',(0.922118952790743,0.616236026574118,0.974275648405542));
#2414=CARTESIAN_POINT('Ctrl Pts',(1.091327311232,0.64406985777878,0.968335827733152));
#2415=CARTESIAN_POINT('Ctrl Pts',(1.31184911064083,0.673543854773881,0.964984125076165));
#2416=CARTESIAN_POINT('Ctrl Pts',(1.69869776898274,0.714940405944303,0.950682823264473));
#2417=CARTESIAN_POINT('Ctrl Pts',(2.36340322898404,0.758593452459178,0.93287037627909));
#2418=CARTESIAN_POINT('Ctrl Pts',(2.98325883530786,0.781488734741911,0.928817260809753));
#2419=CARTESIAN_POINT('Ctrl Pts',(3.63435909650912,0.795313600980274,0.929668964970104));
#2420=CARTESIAN_POINT('Ctrl Pts',(4.12045295528642,0.795568781025382,0.931760888394186));
#2421=CARTESIAN_POINT('Ctrl Pts',(4.98056547419918,0.796541000680174,0.92872976525922));
#2422=CARTESIAN_POINT('Ctrl Pts',(6.25850930579248,0.761568307968313,0.897009135095398));
#2423=CARTESIAN_POINT('Ctrl Pts',(8.26123026399925,0.566040243902338,0.680072532269024));
#2424=CARTESIAN_POINT('Ctrl Pts',(9.77798747610772,0.327784236349052,0.427426015906614));
#2425=CARTESIAN_POINT('Ctrl Pts',(10.6612877786651,0.158270760348118,0.278892482773969));
#2426=CARTESIAN_POINT('Ctrl Pts',(11.1052132312114,0.0651488990638565,0.21065022470593));
#2427=CARTESIAN_POINT('Ctrl Pts',(11.3055046767161,0.0204529201026127,0.183251185003681));
#2428=CARTESIAN_POINT('Ctrl Pts',(11.4614818550907,-0.0154803166271117,
0.163816859728033));
#2429=CARTESIAN_POINT('Ctrl Pts',(11.6750824834389,-0.0667711532509807,
0.138672075927808));
#2430=CARTESIAN_POINT('Ctrl Pts',(12.0719008366763,-0.171086686909575,0.11947287204625));
#2431=CARTESIAN_POINT('Ctrl Pts',(12.3764233547533,-0.263287986575625,0.15922477499778));
#2432=CARTESIAN_POINT('Ctrl Pts',(12.4730086430543,-0.302871453380871,0.223892355707542));
#2433=CARTESIAN_POINT('Ctrl Pts',(12.4999999999987,-0.317112122965429,0.25837545665443));
#2434=CARTESIAN_POINT('Ctrl Pts',(0.522221908163768,0.485137785402813,1.00562904051518));
#2435=CARTESIAN_POINT('Ctrl Pts',(0.571162003606893,0.495042991923668,1.0054628444731));
#2436=CARTESIAN_POINT('Ctrl Pts',(0.680491751096602,0.516431300496259,1.00460335565278));
#2437=CARTESIAN_POINT('Ctrl Pts',(0.922174115648194,0.560370816504177,1.00057069318879));
#2438=CARTESIAN_POINT('Ctrl Pts',(1.0913108684405,0.586905892903668,0.997071203926521));
#2439=CARTESIAN_POINT('Ctrl Pts',(1.31189579670456,0.613169619233932,0.997610078175385));
#2440=CARTESIAN_POINT('Ctrl Pts',(1.69884615819194,0.646663962253152,0.978150626976182));
#2441=CARTESIAN_POINT('Ctrl Pts',(2.36364219342278,0.676607599007656,0.938934145812625));
#2442=CARTESIAN_POINT('Ctrl Pts',(2.9835277896666,0.689767927687077,0.916363205776528));
#2443=CARTESIAN_POINT('Ctrl Pts',(3.63461091296073,0.695718723654758,0.900332934489001));
#2444=CARTESIAN_POINT('Ctrl Pts',(4.12060895759745,0.693009291429447,0.89461817425085));
#2445=CARTESIAN_POINT('Ctrl Pts',(4.9802381096925,0.693103178931694,0.890167685748529));
#2446=CARTESIAN_POINT('Ctrl Pts',(6.25771754077911,0.663018915765136,0.866221914346666));
#2447=CARTESIAN_POINT('Ctrl Pts',(8.26082900424404,0.488681017302325,0.676353102538864));
#2448=CARTESIAN_POINT('Ctrl Pts',(9.77809773097272,0.272530775938871,0.445950495139034));
#2449=CARTESIAN_POINT('Ctrl Pts',(10.6614477031693,0.116767118096618,0.305207531841038));
#2450=CARTESIAN_POINT('Ctrl Pts',(11.105308050471,0.0305315262644307,0.238047110818714));
#2451=CARTESIAN_POINT('Ctrl Pts',(11.3055387721174,-0.0111143427773173,
0.209874063776349));
#2452=CARTESIAN_POINT('Ctrl Pts',(11.4614578696401,-0.0447168496770741,
0.189178311084983));
#2453=CARTESIAN_POINT('Ctrl Pts',(11.6749848492327,-0.0931861297366583,
0.162444362692719));
#2454=CARTESIAN_POINT('Ctrl Pts',(12.0715945481455,-0.192328722048116,0.139389992361518));
#2455=CARTESIAN_POINT('Ctrl Pts',(12.3760340696387,-0.280079815253383,0.173907221878667));
#2456=CARTESIAN_POINT('Ctrl Pts',(12.4728467056611,-0.317694814559985,0.234610482346354));
#2457=CARTESIAN_POINT('Ctrl Pts',(12.499999999999,-0.331258173160645,0.267306590476622));
#2458=CARTESIAN_POINT('Ctrl Pts',(0.522272298997712,0.449863516347627,1.00965356744085));
#2459=CARTESIAN_POINT('Ctrl Pts',(0.571224513366432,0.460084586555886,1.00979925715967));
#2460=CARTESIAN_POINT('Ctrl Pts',(0.680564354341345,0.481800030372067,1.00974198701474));
#2461=CARTESIAN_POINT('Ctrl Pts',(0.922214079400016,0.525216686654105,1.00765612597728));
#2462=CARTESIAN_POINT('Ctrl Pts',(1.09129895615624,0.550486936038301,1.00556907430886));
#2463=CARTESIAN_POINT('Ctrl Pts',(1.31192961928648,0.574736285631765,1.00817995457854));
#2464=CARTESIAN_POINT('Ctrl Pts',(1.69895366149767,0.604256219220217,0.986716113305337));
#2465=CARTESIAN_POINT('Ctrl Pts',(2.36381531562793,0.627866249064205,0.937989733616151));
#2466=CARTESIAN_POINT('Ctrl Pts',(2.98372263862369,0.636766823137577,0.907010584866252));
#2467=CARTESIAN_POINT('Ctrl Pts',(3.63479334604419,0.639355547183477,0.883273188688822));
#2468=CARTESIAN_POINT('Ctrl Pts',(4.12072197635554,0.635467836444928,0.873908836800884));
#2469=CARTESIAN_POINT('Ctrl Pts',(4.98000094442395,0.634717431650244,0.868650003288048));
#2470=CARTESIAN_POINT('Ctrl Pts',(6.25714393197854,0.606469645003459,0.848184929855097));
#2471=CARTESIAN_POINT('Ctrl Pts',(8.26053830419665,0.442488844497319,0.671447179059142));
#2472=CARTESIAN_POINT('Ctrl Pts',(9.77817760714782,0.237915340081934,0.45227488241075));
#2473=CARTESIAN_POINT('Ctrl Pts',(10.6615635634328,0.0897723841203738,0.315722295238123));
#2474=CARTESIAN_POINT('Ctrl Pts',(11.1053767440364,0.00752792989729243,
0.249327833847643));
#2475=CARTESIAN_POINT('Ctrl Pts',(11.3055634731612,-0.0322749646160928,
0.220899328087689));
#2476=CARTESIAN_POINT('Ctrl Pts',(11.461440492937,-0.0644273710906472,0.199687174407157));
#2477=CARTESIAN_POINT('Ctrl Pts',(11.6749141163271,-0.111000206383768,0.172343919250824));
#2478=CARTESIAN_POINT('Ctrl Pts',(12.0713726517572,-0.20654356370428,0.147702514788119));
#2479=CARTESIAN_POINT('Ctrl Pts',(12.375752044841,-0.291197060153968,0.179736370493282));
#2480=CARTESIAN_POINT('Ctrl Pts',(12.472729387123,-0.327489401557786,0.238315971198624));
#2481=CARTESIAN_POINT('Ctrl Pts',(12.4999999999992,-0.340625955546899,0.270010915636332));
#2482=CARTESIAN_POINT('Ctrl Pts',(0.522367522037129,0.396397867618384,1.00295393614452));
#2483=CARTESIAN_POINT('Ctrl Pts',(0.571342637414614,0.407053607118851,1.00351225733099));
#2484=CARTESIAN_POINT('Ctrl Pts',(0.68070155194446,0.429019991359242,1.00452093079602));
#2485=CARTESIAN_POINT('Ctrl Pts',(0.92228959848984,0.47074082328436,1.00504529790646));
#2486=CARTESIAN_POINT('Ctrl Pts',(1.09127644563545,0.493315961866872,1.00490801641335));
#2487=CARTESIAN_POINT('Ctrl Pts',(1.31199353347082,0.514049965929777,1.01064974420482));
#2488=CARTESIAN_POINT('Ctrl Pts',(1.69915680938623,0.53709670954775,0.987739478846694));
#2489=CARTESIAN_POINT('Ctrl Pts',(2.36414246287426,0.550830567926121,0.928437793247346));
#2490=CARTESIAN_POINT('Ctrl Pts',(2.98409084268916,0.553212972515913,0.887756944598542));
#2491=CARTESIAN_POINT('Ctrl Pts',(3.63513808796125,0.550776371735843,0.854947771967431));
#2492=CARTESIAN_POINT('Ctrl Pts',(4.12093554673753,0.545109836701557,0.841174979413187));
#2493=CARTESIAN_POINT('Ctrl Pts',(4.97955277566083,0.542493149110348,0.834648143656126));
#2494=CARTESIAN_POINT('Ctrl Pts',(6.25605998934133,0.516048930207281,0.81824142342842));
#2495=CARTESIAN_POINT('Ctrl Pts',(8.25998897131379,0.367189466598687,0.658449825899689));
#2496=CARTESIAN_POINT('Ctrl Pts',(9.77832854833231,0.180509398521374,0.454476856340608));
#2497=CARTESIAN_POINT('Ctrl Pts',(10.661782503378,0.0445541340617478,0.323984091987012));
#2498=CARTESIAN_POINT('Ctrl Pts',(11.1055065535586,-0.0311328763697783,
0.258934400409335));
#2499=CARTESIAN_POINT('Ctrl Pts',(11.3056101504688,-0.0678324027787107,
0.230337313928908));
#2500=CARTESIAN_POINT('Ctrl Pts',(11.4614076563601,-0.0975043871733725,
0.20858165184334));
#2501=CARTESIAN_POINT('Ctrl Pts',(11.6747804530844,-0.140726990750364,0.180848153516924));
#2502=CARTESIAN_POINT('Ctrl Pts',(12.0709533364397,-0.229852575837925,0.155037552278746));
#2503=CARTESIAN_POINT('Ctrl Pts',(12.375219105488,-0.309013082993284,0.184322438030406));
#2504=CARTESIAN_POINT('Ctrl Pts',(12.4725076914908,-0.342995140371303,0.239876742751804));
#2505=CARTESIAN_POINT('Ctrl Pts',(12.4999999999993,-0.355398108600491,0.270003101657645));
#2506=CARTESIAN_POINT('Ctrl Pts',(0.522405652702176,0.377321353533882,0.997829935601195));
#2507=CARTESIAN_POINT('Ctrl Pts',(0.57138993845166,0.388125013362313,0.998523441625152));
#2508=CARTESIAN_POINT('Ctrl Pts',(0.680756490705937,0.410134802147771,0.999881770500128));
#2509=CARTESIAN_POINT('Ctrl Pts',(0.92231983899819,0.451068391212416,1.00127007724258));
#2510=CARTESIAN_POINT('Ctrl Pts',(1.09126743162862,0.472521602648365,1.00178976545243));
#2511=CARTESIAN_POINT('Ctrl Pts',(1.31201912696553,0.491908919031752,1.00864134441919));
#2512=CARTESIAN_POINT('Ctrl Pts',(1.69923815696913,0.512550842099208,0.985542769456353));
#2513=CARTESIAN_POINT('Ctrl Pts',(2.36427346417549,0.522645683204679,0.923297520495346));
#2514=CARTESIAN_POINT('Ctrl Pts',(2.98423828458952,0.522654341950425,0.879807197798585));
#2515=CARTESIAN_POINT('Ctrl Pts',(3.6352761347895,0.518389993561875,0.844329575872484));
#2516=CARTESIAN_POINT('Ctrl Pts',(4.12102106785458,0.512085872142478,0.829221857197281));
#2517=CARTESIAN_POINT('Ctrl Pts',(4.97937331307388,0.508682077523804,0.822232237297741));
#2518=CARTESIAN_POINT('Ctrl Pts',(6.25562594046112,0.482703541606107,0.806997627682145));
#2519=CARTESIAN_POINT('Ctrl Pts',(8.25976899904359,0.339142307591547,0.652608428396255));
#2520=CARTESIAN_POINT('Ctrl Pts',(9.77838899050872,0.158941750139243,0.453671219392511));
#2521=CARTESIAN_POINT('Ctrl Pts',(10.6618701746576,0.0274912471674571,0.325278470981962));
#2522=CARTESIAN_POINT('Ctrl Pts',(11.1055585338718,-0.0457391748822783,
0.260749977355477));
#2523=CARTESIAN_POINT('Ctrl Pts',(11.3056288417099,-0.0812624923010606,
0.232142606327758));
#2524=CARTESIAN_POINT('Ctrl Pts',(11.461394507436,-0.109987559059977,0.210246685513865));
#2525=CARTESIAN_POINT('Ctrl Pts',(11.6747269296056,-0.151913512643645,0.182600428057665));
#2526=CARTESIAN_POINT('Ctrl Pts',(12.0707854277905,-0.238546441280081,0.156970525105133));
#2527=CARTESIAN_POINT('Ctrl Pts',(12.3750056977657,-0.315580782123678,0.185823200717304));
#2528=CARTESIAN_POINT('Ctrl Pts',(12.4724189167368,-0.348673915024729,0.240449951467926));
#2529=CARTESIAN_POINT('Ctrl Pts',(12.4999999999993,-0.360795937064151,0.270004959779243));
#2530=CARTESIAN_POINT('Ctrl Pts',(0.522466545319322,0.350912989445107,0.986727074003136));
#2531=CARTESIAN_POINT('Ctrl Pts',(0.571465475658683,0.361927625234807,0.987587508736051));
#2532=CARTESIAN_POINT('Ctrl Pts',(0.680844224947264,0.383955723803327,0.989376724873424));
#2533=CARTESIAN_POINT('Ctrl Pts',(0.92236813146031,0.423547578890062,0.991840924834737));
#2534=CARTESIAN_POINT('Ctrl Pts',(1.09125303674548,0.443184074617426,0.993210488802819));
#2535=CARTESIAN_POINT('Ctrl Pts',(1.31205999839729,0.460486506373531,1.00165557728976));
#2536=CARTESIAN_POINT('Ctrl Pts',(1.69936806467506,0.477351684014263,0.978755475800143));
#2537=CARTESIAN_POINT('Ctrl Pts',(2.36448266619364,0.481677502944947,0.913418755993898));
#2538=CARTESIAN_POINT('Ctrl Pts',(2.98447374135847,0.477897429854425,0.866787782670834));
#2539=CARTESIAN_POINT('Ctrl Pts',(3.6354965881346,0.470714251839812,0.828249500810595));
#2540=CARTESIAN_POINT('Ctrl Pts',(4.12115764046961,0.463363384978305,0.811549042591496));
#2541=CARTESIAN_POINT('Ctrl Pts',(4.97908672099407,0.458640824410474,0.803873247164774));
#2542=CARTESIAN_POINT('Ctrl Pts',(6.25493278779108,0.433119915872467,0.789919599067997));
#2543=CARTESIAN_POINT('Ctrl Pts',(8.25941771518276,0.297291447387669,0.642346209519254));
#2544=CARTESIAN_POINT('Ctrl Pts',(9.77848551340709,0.126770840936458,0.450059185185722));
#2545=CARTESIAN_POINT('Ctrl Pts',(10.6620101809663,0.00211423803197896,
0.324583382554266));
#2546=CARTESIAN_POINT('Ctrl Pts',(11.1056415436306,-0.0673839366384267,
0.260857454421337));
#2547=CARTESIAN_POINT('Ctrl Pts',(11.3056586906145,-0.101109228747704,0.232301850378813));
#2548=CARTESIAN_POINT('Ctrl Pts',(11.4613735093128,-0.128380912306258,0.210278163165033));
#2549=CARTESIAN_POINT('Ctrl Pts',(11.6746414554943,-0.168366209189595,0.183106100959674));
#2550=CARTESIAN_POINT('Ctrl Pts',(12.0705172867266,-0.251337322666248,0.158668077889516));
#2551=CARTESIAN_POINT('Ctrl Pts',(12.374664897134,-0.325289973721852,0.187759611614806));
#2552=CARTESIAN_POINT('Ctrl Pts',(12.4722771482389,-0.357084681412923,0.241289696582537));
#2553=CARTESIAN_POINT('Ctrl Pts',(12.4999999999994,-0.368774852802316,0.270004523821901));
#2554=CARTESIAN_POINT('Ctrl Pts',(0.522486940084865,0.342422223067678,0.98302660527176));
#2555=CARTESIAN_POINT('Ctrl Pts',(0.571490775337022,0.353519843278394,0.983906801294621));
#2556=CARTESIAN_POINT('Ctrl Pts',(0.680873609778558,0.375591654178839,0.985739978751005));
#2557=CARTESIAN_POINT('Ctrl Pts',(0.922384306055663,0.41482952813726,0.98832444799667));
#2558=CARTESIAN_POINT('Ctrl Pts',(1.09124821546697,0.43391689239851,0.989835298615301));
#2559=CARTESIAN_POINT('Ctrl Pts',(1.31207368746679,0.450532318677594,0.998787858776308));
#2560=CARTESIAN_POINT('Ctrl Pts',(1.69941157466574,0.466143015738469,0.97602246377502));
#2561=CARTESIAN_POINT('Ctrl Pts',(2.36455273422999,0.468534240535338,0.909877832227919));
#2562=CARTESIAN_POINT('Ctrl Pts',(2.98455260289904,0.463480453990088,0.862384896139774));
#2563=CARTESIAN_POINT('Ctrl Pts',(3.63557042457811,0.4553109756477,0.822991391473296));
#2564=CARTESIAN_POINT('Ctrl Pts',(4.12120338273843,0.447605380196468,0.805833979610463));
#2565=CARTESIAN_POINT('Ctrl Pts',(4.97899073270274,0.442433900038684,0.797936942348262));
#2566=CARTESIAN_POINT('Ctrl Pts',(6.2547006301527,0.417032676223098,0.784328123411043));
#2567=CARTESIAN_POINT('Ctrl Pts',(8.25930005967186,0.283693947310897,0.638777810848546));
#2568=CARTESIAN_POINT('Ctrl Pts',(9.77851784182346,0.116321543659697,0.448520845360368));
#2569=CARTESIAN_POINT('Ctrl Pts',(10.6620570732823,-0.00611415736379555,
0.323960365216226));
#2570=CARTESIAN_POINT('Ctrl Pts',(11.1056693460909,-0.0743888592755878,
0.260499492269865));
#2571=CARTESIAN_POINT('Ctrl Pts',(11.3056686879087,-0.107523292120486,0.231971829329733));
#2572=CARTESIAN_POINT('Ctrl Pts',(11.461366476411,-0.134316692453183,0.209919631872174));
#2573=CARTESIAN_POINT('Ctrl Pts',(11.6746128276484,-0.173671223527312,0.182953633766065));
#2574=CARTESIAN_POINT('Ctrl Pts',(12.0704274782344,-0.255462971219347,0.159041517927269));
#2575=CARTESIAN_POINT('Ctrl Pts',(12.3745507527712,-0.32842992031793,0.188343253034975));
#2576=CARTESIAN_POINT('Ctrl Pts',(12.4722296657129,-0.359807375744609,0.2415608298423));
#2577=CARTESIAN_POINT('Ctrl Pts',(12.4999999999994,-0.37135531195171,0.270004590891811));
#2578=CARTESIAN_POINT('Ctrl Pts',(0.522517763712934,0.330086035364447,0.977455488226861));
#2579=CARTESIAN_POINT('Ctrl Pts',(0.571529012004844,0.341333367687944,0.978318513733293));
#2580=CARTESIAN_POINT('Ctrl Pts',(0.680918020542134,0.363543449849646,0.980087898354437));
#2581=CARTESIAN_POINT('Ctrl Pts',(0.92240875152969,0.402426960113356,0.982541966282792));
#2582=CARTESIAN_POINT('Ctrl Pts',(1.09124092882789,0.420794490635468,0.984079914363123));
#2583=CARTESIAN_POINT('Ctrl Pts',(1.31209437644142,0.436384445680694,0.993764023434691));
#2584=CARTESIAN_POINT('Ctrl Pts',(1.69947733348837,0.450095040166667,0.971293159637091));
#2585=CARTESIAN_POINT('Ctrl Pts',(2.36465863155385,0.449529658510827,0.904226549578877));
#2586=CARTESIAN_POINT('Ctrl Pts',(2.98467179028517,0.442518250914201,0.855681541084779));
#2587=CARTESIAN_POINT('Ctrl Pts',(3.635682017284,0.432829603285726,0.815219833738301));
#2588=CARTESIAN_POINT('Ctrl Pts',(4.12127251531455,0.424569714815264,0.797472194263808));
#2589=CARTESIAN_POINT('Ctrl Pts',(4.97884566080257,0.418707415641131,0.789250581502281));
#2590=CARTESIAN_POINT('Ctrl Pts',(6.25434975871544,0.393440052354577,0.776045939944085));
#2591=CARTESIAN_POINT('Ctrl Pts',(8.25912224102026,0.263750283150853,0.633197641651796));
#2592=CARTESIAN_POINT('Ctrl Pts',(9.77856670137423,0.101029295630334,0.445735458044128));
#2593=CARTESIAN_POINT('Ctrl Pts',(10.662127943982,-0.0181181068683466,0.322472240631241));
#2594=CARTESIAN_POINT('Ctrl Pts',(11.1057113653381,-0.0845780102753165,
0.25940599375718));
#2595=CARTESIAN_POINT('Ctrl Pts',(11.3056837973189,-0.116834724290425,0.230933707367713));
#2596=CARTESIAN_POINT('Ctrl Pts',(11.4613558472351,-0.142916891032765,0.208857201563727));
#2597=CARTESIAN_POINT('Ctrl Pts',(11.6745695609547,-0.181352322528389,0.182269038994009));
#2598=CARTESIAN_POINT('Ctrl Pts',(12.0702917461734,-0.261450233604924,0.159331115300283));
#2599=CARTESIAN_POINT('Ctrl Pts',(12.3743782406932,-0.333015037632938,0.189135043049343));
#2600=CARTESIAN_POINT('Ctrl Pts',(12.4721579029992,-0.363794451513217,0.241956270746539));
#2601=CARTESIAN_POINT('Ctrl Pts',(12.4999999999994,-0.375130782991215,0.270004558521747));
#2602=CARTESIAN_POINT('Ctrl Pts',(0.522527664085209,0.326188552485868,0.975679559368965));
#2603=CARTESIAN_POINT('Ctrl Pts',(0.571541293402904,0.337483858903761,0.976537129152829));
#2604=CARTESIAN_POINT('Ctrl Pts',(0.680932285024284,0.359738610336169,0.97828643039866));
#2605=CARTESIAN_POINT('Ctrl Pts',(0.922416603275524,0.398509929673576,0.98069972116442));
#2606=CARTESIAN_POINT('Ctrl Pts',(1.09123858840127,0.416647927670441,0.982246357475087));
#2607=CARTESIAN_POINT('Ctrl Pts',(1.31210102162122,0.431910728071776,0.992160292377145));
#2608=CARTESIAN_POINT('Ctrl Pts',(1.69949845484446,0.445017991545812,0.969783178926335));
#2609=CARTESIAN_POINT('Ctrl Pts',(2.36469264516597,0.443514700537508,0.902429497924847));
#2610=CARTESIAN_POINT('Ctrl Pts',(2.98471007258895,0.435883360281942,0.853555362017384));
#2611=CARTESIAN_POINT('Ctrl Pts',(3.6357178602201,0.425713594904026,0.812758972040441));
#2612=CARTESIAN_POINT('Ctrl Pts',(4.12129472030087,0.417278537088887,0.794826066858121));
#2613=CARTESIAN_POINT('Ctrl Pts',(4.97879906454158,0.411192961695599,0.786501822907437));
#2614=CARTESIAN_POINT('Ctrl Pts',(6.2542370608253,0.385963463070803,0.773410480587607));
#2615=CARTESIAN_POINT('Ctrl Pts',(8.25906512669081,0.257430316671164,0.631379253020387));
#2616=CARTESIAN_POINT('Ctrl Pts',(9.77858239478127,0.0961885217476328,0.444776075290361));
#2617=CARTESIAN_POINT('Ctrl Pts',(10.6621507072437,-0.021911856246212,0.321917483141564));
#2618=CARTESIAN_POINT('Ctrl Pts',(11.1057248616789,-0.0877935752574446,
0.258977245823837));
#2619=CARTESIAN_POINT('Ctrl Pts',(11.3056886503747,-0.11977050656881,0.230524815432514));
#2620=CARTESIAN_POINT('Ctrl Pts',(11.4613524332048,-0.14562589259283,0.208443288502434));
#2621=CARTESIAN_POINT('Ctrl Pts',(11.6745556639412,-0.18377108063126,0.18198578096219));
#2622=CARTESIAN_POINT('Ctrl Pts',(12.0702481498151,-0.263337775214876,0.159385726226209));
#2623=CARTESIAN_POINT('Ctrl Pts',(12.3743228308047,-0.334464931298305,0.189376597106336));
#2624=CARTESIAN_POINT('Ctrl Pts',(12.4721348532278,-0.365056924118663,0.242081294303449));
#2625=CARTESIAN_POINT('Ctrl Pts',(12.4999999999994,-0.376325766474339,0.270004573580087));
#2626=CARTESIAN_POINT('Ctrl Pts',(0.522774711815983,0.230476244259393,0.931676181214879));
#2627=CARTESIAN_POINT('Ctrl Pts',(0.571847755769911,0.242964286919123,0.932397481630159));
#2628=CARTESIAN_POINT('Ctrl Pts',(0.681288232038003,0.266334630155623,0.933651722321213));
#2629=CARTESIAN_POINT('Ctrl Pts',(0.922612530856548,0.302333719085641,0.93506352279075));
#2630=CARTESIAN_POINT('Ctrl Pts',(1.09118018685146,0.314776256451078,0.936821139062136));
#2631=CARTESIAN_POINT('Ctrl Pts',(1.31226684130418,0.321920045617492,0.952348889280884));
#2632=CARTESIAN_POINT('Ctrl Pts',(1.70002550402485,0.320132331191285,0.932295774299492));
#2633=CARTESIAN_POINT('Ctrl Pts',(2.36554139968303,0.295543597340259,0.857989593192297));
#2634=CARTESIAN_POINT('Ctrl Pts',(2.98566534538208,0.272676762971815,0.80110985633433));
#2635=CARTESIAN_POINT('Ctrl Pts',(3.63661226254997,0.250703750399628,0.752159996864237));
#2636=CARTESIAN_POINT('Ctrl Pts',(4.12184880971611,0.237965789567605,0.729704710546756));
#2637=CARTESIAN_POINT('Ctrl Pts',(4.97763633043201,0.22626642405678,0.718855267186755));
#2638=CARTESIAN_POINT('Ctrl Pts',(6.25142486778383,0.201841888327697,0.70819945649213));
#2639=CARTESIAN_POINT('Ctrl Pts',(8.25763993124439,0.101836195946685,0.585357801002773));
#2640=CARTESIAN_POINT('Ctrl Pts',(9.7789739982978,-0.0228166364117267,0.419273553834122));
#2641=CARTESIAN_POINT('Ctrl Pts',(10.6627187275143,-0.115001804809581,0.306223730950452));
#2642=CARTESIAN_POINT('Ctrl Pts',(11.1060616409718,-0.166566341776744,0.246409516937566));
#2643=CARTESIAN_POINT('Ctrl Pts',(11.3058097505095,-0.191612594459122,0.218498627226187));
#2644=CARTESIAN_POINT('Ctrl Pts',(11.4612672416179,-0.211848702143811,0.196356369305664));
#2645=CARTESIAN_POINT('Ctrl Pts',(11.6742088865119,-0.242882568696568,0.173383593442736));
#2646=CARTESIAN_POINT('Ctrl Pts',(12.069160273411,-0.309539155751473,0.159819610376699));
#2647=CARTESIAN_POINT('Ctrl Pts',(12.3729401669176,-0.370087805568138,0.195097646712416));
#2648=CARTESIAN_POINT('Ctrl Pts',(12.4715596835711,-0.396128431280296,0.245151959855681));
#2649=CARTESIAN_POINT('Ctrl Pts',(12.4999999999995,-0.405724711460892,0.270004089888076));
#2650=CARTESIAN_POINT('Ctrl Pts',(0.523406324171732,0.0547830432528133,
0.833109245277919));
#2651=CARTESIAN_POINT('Ctrl Pts',(0.572631270020245,0.0701542961097354,
0.833495063623094));
#2652=CARTESIAN_POINT('Ctrl Pts',(0.68219826076465,0.096509595631109,0.833797833946543));
#2653=CARTESIAN_POINT('Ctrl Pts',(0.923113447341875,0.12684152255912,0.8334885759326));
#2654=CARTESIAN_POINT('Ctrl Pts',(1.09103087505514,0.126294885958496,0.835587361713588));
#2655=CARTESIAN_POINT('Ctrl Pts',(1.3126907827031,0.114822598384004,0.860022717637601));
#2656=CARTESIAN_POINT('Ctrl Pts',(1.7013729795648,0.0821839486815956,0.845216954764648));
#2657=CARTESIAN_POINT('Ctrl Pts',(2.36771136027442,0.0120424739416778,0.76283126524903));
#2658=CARTESIAN_POINT('Ctrl Pts',(2.98810763496462,-0.0397976736541425,
0.694930904167761));
#2659=CARTESIAN_POINT('Ctrl Pts',(3.63889892821084,-0.0836596284974861,
0.634175678790081));
#2660=CARTESIAN_POINT('Ctrl Pts',(4.12326541742896,-0.104371998383042,0.604724092314409));
#2661=CARTESIAN_POINT('Ctrl Pts',(4.97466363674348,-0.132136930133178,0.589020836928678));
#2662=CARTESIAN_POINT('Ctrl Pts',(6.24423509977355,-0.162493437305525,0.577848397269139));
#2663=CARTESIAN_POINT('Ctrl Pts',(8.25399621814296,-0.21125865258385,0.482858735623263));
#2664=CARTESIAN_POINT('Ctrl Pts',(9.77997518790126,-0.262404283546101,0.355287639746536));
#2665=CARTESIAN_POINT('Ctrl Pts',(10.6641709514231,-0.300177483074877,0.266330282167005));
#2666=CARTESIAN_POINT('Ctrl Pts',(11.1069226647177,-0.320823190110686,0.21742716728766));
#2667=CARTESIAN_POINT('Ctrl Pts',(11.3061193600783,-0.330555430030032,0.193683920650973));
#2668=CARTESIAN_POINT('Ctrl Pts',(11.4610494373145,-0.338199035843804,0.174297782007009));
#2669=CARTESIAN_POINT('Ctrl Pts',(11.6733223011208,-0.354607375072906,0.15934386675749));
#2670=CARTESIAN_POINT('Ctrl Pts',(12.0663789640012,-0.396755061036329,0.163142108664916));
#2671=CARTESIAN_POINT('Ctrl Pts',(12.3694051917444,-0.438616762800184,0.206951565676452));
#2672=CARTESIAN_POINT('Ctrl Pts',(12.4700891812488,-0.456298442200876,0.25084739470778));
#2673=CARTESIAN_POINT('Ctrl Pts',(12.4999999999998,-0.462132888783329,0.270001252969216));
#2674=CARTESIAN_POINT('Ctrl Pts',(0.52500404146237,-0.261702046695046,0.584528958410512));
#2675=CARTESIAN_POINT('Ctrl Pts',(0.574613236100907,-0.239400180227497,
0.584175712217867));
#2676=CARTESIAN_POINT('Ctrl Pts',(0.68450025599687,-0.205304722975596,0.582788793336166));
#2677=CARTESIAN_POINT('Ctrl Pts',(0.924380558288139,-0.186578632030807,
0.579605650747333));
#2678=CARTESIAN_POINT('Ctrl Pts',(1.09065317813943,-0.216764822033619,0.581553309199785));
#2679=CARTESIAN_POINT('Ctrl Pts',(1.31376317860713,-0.270224094079051,0.615123873091724));
#2680=CARTESIAN_POINT('Ctrl Pts',(1.70478153379791,-0.370295422801502,0.611909525087577));
#2681=CARTESIAN_POINT('Ctrl Pts',(2.37320046055135,-0.540144508345598,0.53277251927707));
#2682=CARTESIAN_POINT('Ctrl Pts',(2.99428561463712,-0.654824385671535,0.459976499571761));
#2683=CARTESIAN_POINT('Ctrl Pts',(3.64468324390857,-0.746014850768532,0.391174919461778));
#2684=CARTESIAN_POINT('Ctrl Pts',(4.12684884738591,-0.784835025920655,0.354818097000478));
#2685=CARTESIAN_POINT('Ctrl Pts',(4.9671439546743,-0.857819826136032,0.329544669582143));
#2686=CARTESIAN_POINT('Ctrl Pts',(6.22604796875628,-0.915233336746788,0.303924343140641));
#2687=CARTESIAN_POINT('Ctrl Pts',(8.24477913527292,-0.86409830258194,0.239829333354298));
#2688=CARTESIAN_POINT('Ctrl Pts',(9.78250778234112,-0.758828267947582,0.185735967845988));
#2689=CARTESIAN_POINT('Ctrl Pts',(10.667844475583,-0.679535938406231,0.159108636470799));
#2690=CARTESIAN_POINT('Ctrl Pts',(11.1091006976734,-0.633327868827292,0.145696426078185));
#2691=CARTESIAN_POINT('Ctrl Pts',(11.3069025438722,-0.609806115367863,0.139123832933128));
#2692=CARTESIAN_POINT('Ctrl Pts',(11.4604984827635,-0.590018515065332,0.133423711696587));
#2693=CARTESIAN_POINT('Ctrl Pts',(11.6710796078032,-0.575334594400649,0.137431681410266));
#2694=CARTESIAN_POINT('Ctrl Pts',(12.0593434047774,-0.567908456315882,0.174070626059816));
#2695=CARTESIAN_POINT('Ctrl Pts',(12.3604631707319,-0.574812731973541,0.230052554219892));
#2696=CARTESIAN_POINT('Ctrl Pts',(12.4663694202824,-0.577032731545202,0.260385952478654));
#2697=CARTESIAN_POINT('Ctrl Pts',(12.4999999999998,-0.57494847219631,0.270001159195539));
#2698=CARTESIAN_POINT('Ctrl Pts',(0.526245735213887,-0.456558265778822,
0.346627528537512));
#2699=CARTESIAN_POINT('Ctrl Pts',(0.576153555475617,-0.429115667610629,
0.34590485742491));
#2700=CARTESIAN_POINT('Ctrl Pts',(0.686289291586973,-0.389032745269128,
0.343746728563421));
#2701=CARTESIAN_POINT('Ctrl Pts',(0.925365315575094,-0.378058771339864,
0.338816551697899));
#2702=CARTESIAN_POINT('Ctrl Pts',(1.09035964441918,-0.42943692267016,0.339073681460187));
#2703=CARTESIAN_POINT('Ctrl Pts',(1.31459660971599,-0.511402383186737,0.368312476441444));
#2704=CARTESIAN_POINT('Ctrl Pts',(1.70743055094113,-0.664658897398388,0.372486285996076));
#2705=CARTESIAN_POINT('Ctrl Pts',(2.3774664102004,-0.922900797506196,0.31548968883333));
#2706=CARTESIAN_POINT('Ctrl Pts',(2.9990869388772,-1.09681255482594,0.257802049158446));
#2707=CARTESIAN_POINT('Ctrl Pts',(3.64917862535104,-1.23485855228912,0.200546423633373));
#2708=CARTESIAN_POINT('Ctrl Pts',(4.12963377223623,-1.29334587580336,0.167265124244662));
#2709=CARTESIAN_POINT('Ctrl Pts',(4.96129990310548,-1.40585752475882,0.135132985873957));
#2710=CARTESIAN_POINT('Ctrl Pts',(6.2119135238987,-1.48408141635126,0.0918034630270693));
#2711=CARTESIAN_POINT('Ctrl Pts',(8.23761591918062,-1.34814058849841,0.0355760180063218));
#2712=CARTESIAN_POINT('Ctrl Pts',(9.78447603211173,-1.11930647307127,0.0326113431085979));
#2713=CARTESIAN_POINT('Ctrl Pts',(10.6706994187084,-0.954781122247655,0.0608957302990263));
#2714=CARTESIAN_POINT('Ctrl Pts',(11.1107933938263,-0.862667856719352,0.0827682868263148));
#2715=CARTESIAN_POINT('Ctrl Pts',(11.3075112087647,-0.81737086536199,0.0948873632031567));
#2716=CARTESIAN_POINT('Ctrl Pts',(11.4600702988615,-0.780104927517907,0.104922180836757));
#2717=CARTESIAN_POINT('Ctrl Pts',(11.6693366597262,-0.742374141649758,0.123738750133353));
#2718=CARTESIAN_POINT('Ctrl Pts',(12.0538755976891,-0.695338813486498,0.18066537363048));
#2719=CARTESIAN_POINT('Ctrl Pts',(12.3535137237411,-0.67421709111017,0.242037200268169));
#2720=CARTESIAN_POINT('Ctrl Pts',(12.4634785434192,-0.665985287207451,0.264233764848059));
#2721=CARTESIAN_POINT('Ctrl Pts',(12.4999999999996,-0.65956021968713,0.270000626070818));
#2722=CARTESIAN_POINT('Ctrl Pts',(0.526837709722806,-0.574169973245852,
0.159447104437655));
#2723=CARTESIAN_POINT('Ctrl Pts',(0.576887899031997,-0.544388495841413,
0.158808966777693));
#2724=CARTESIAN_POINT('Ctrl Pts',(0.687142210000709,-0.501685381678263,
0.156612448066231));
#2725=CARTESIAN_POINT('Ctrl Pts',(0.925834796242639,-0.494671575691015,
0.150481506722943));
#2726=CARTESIAN_POINT('Ctrl Pts',(1.0902197029242,-0.555842401354692,0.148210109779268));
#2727=CARTESIAN_POINT('Ctrl Pts',(1.31499394599216,-0.648834277904386,0.167660476361133));
#2728=CARTESIAN_POINT('Ctrl Pts',(1.70869346349148,-0.837553287795454,0.173889972374065));
#2729=CARTESIAN_POINT('Ctrl Pts',(2.37950019143308,-1.16886190107873,0.139611342928054));
#2730=CARTESIAN_POINT('Ctrl Pts',(3.0013759586582,-1.3968731420963,0.100818814020318));
#2731=CARTESIAN_POINT('Ctrl Pts',(3.65132178763929,-1.58059297379794,0.05993231648002));
#2732=CARTESIAN_POINT('Ctrl Pts',(4.13096147845898,-1.65940800711272,0.0329111016199798));
#2733=CARTESIAN_POINT('Ctrl Pts',(4.95851376557895,-1.79418984226843,-0.00382621151199802));
#2734=CARTESIAN_POINT('Ctrl Pts',(6.20517496131578,-1.87171482254241,-0.0552813383052901));
#2735=CARTESIAN_POINT('Ctrl Pts',(8.23420087314099,-1.6581214197935,-0.101187848677533));
#2736=CARTESIAN_POINT('Ctrl Pts',(9.78541439045489,-1.34193785383696,-0.0694796271675112));
#2737=CARTESIAN_POINT('Ctrl Pts',(10.6720605059753,-1.12890796813393,-0.00540149695367234));
#2738=CARTESIAN_POINT('Ctrl Pts',(11.1116003826452,-1.01537636783334,0.0394570437782838));
#2739=CARTESIAN_POINT('Ctrl Pts',(11.3078013882879,-0.961840739414314,0.0637887184245392));
#2740=CARTESIAN_POINT('Ctrl Pts',(11.4598661632163,-0.918904551346809,0.0841413881550161));
#2741=CARTESIAN_POINT('Ctrl Pts',(11.6685057134235,-0.86703920558487,0.11125846798553));
#2742=CARTESIAN_POINT('Ctrl Pts',(12.0512688338135,-0.78876218977543,0.178510282920614));
#2743=CARTESIAN_POINT('Ctrl Pts',(12.3502005916063,-0.74238905152853,0.243634935879622));
#2744=CARTESIAN_POINT('Ctrl Pts',(12.4621003248292,-0.726963354528698,0.264251205014315));
#2745=CARTESIAN_POINT('Ctrl Pts',(12.4999999999995,-0.720143186333244,0.270000955588103));
#2746=CARTESIAN_POINT('Ctrl Pts',(0.526876991114352,-0.582166245580663,
0.146463888928845));
#2747=CARTESIAN_POINT('Ctrl Pts',(0.576936627543668,-0.552230498036228,
0.145833437870875));
#2748=CARTESIAN_POINT('Ctrl Pts',(0.687198806731923,-0.509355554672963,
0.143637148106401));
#2749=CARTESIAN_POINT('Ctrl Pts',(0.925865949364348,-0.502607057736617,
0.137424261830145));
#2750=CARTESIAN_POINT('Ctrl Pts',(1.0902104168881,-0.564425678281537,0.134972262777909));
#2751=CARTESIAN_POINT('Ctrl Pts',(1.3150203118603,-0.658130099242261,0.153714350194671));
#2752=CARTESIAN_POINT('Ctrl Pts',(1.70877726602289,-0.849279914150901,0.160068990989519));
#2753=CARTESIAN_POINT('Ctrl Pts',(2.37963514615785,-1.18567109972664,0.127388281278114));
#2754=CARTESIAN_POINT('Ctrl Pts',(3.00152785013481,-1.41746856219452,0.0899373439055381));
#2755=CARTESIAN_POINT('Ctrl Pts',(3.65146400051454,-1.60439529268425,0.0502177876528824));
#2756=CARTESIAN_POINT('Ctrl Pts',(4.13104958047555,-1.68464305900314,0.0236485269369524));
#2757=CARTESIAN_POINT('Ctrl Pts',(4.95832888707924,-1.82092982683039,-0.0134038734087035));
#2758=CARTESIAN_POINT('Ctrl Pts',(6.20472781348882,-1.89831879181338,-0.0655167529374647));
#2759=CARTESIAN_POINT('Ctrl Pts',(8.2339742624363,-1.67925665898212,-0.111055704857996));
#2760=CARTESIAN_POINT('Ctrl Pts',(9.78547665668585,-1.35703405727579,-0.0772737040231965));
#2761=CARTESIAN_POINT('Ctrl Pts',(10.6721508230432,-1.14071406334519,-0.010880341182007));
#2762=CARTESIAN_POINT('Ctrl Pts',(11.1116539316465,-1.02576132422729,0.0355087738994949));
#2763=CARTESIAN_POINT('Ctrl Pts',(11.3078206436026,-0.971694769312483,0.0606686947058723));
#2764=CARTESIAN_POINT('Ctrl Pts',(11.4598526174773,-0.928402714891791,0.0817277148776407));
#2765=CARTESIAN_POINT('Ctrl Pts',(11.668450574686,-0.875585485881945,0.109527541544177));
#2766=CARTESIAN_POINT('Ctrl Pts',(12.051095857932,-0.795171146720726,0.17783677982466));
#2767=CARTESIAN_POINT('Ctrl Pts',(12.3499807435577,-0.747061768685129,0.243586732625516));
#2768=CARTESIAN_POINT('Ctrl Pts',(12.4620088709858,-0.731151906874218,0.264238363251947));
#2769=CARTESIAN_POINT('Ctrl Pts',(12.4999999999995,-0.724318348659403,0.270000903066552));
#2770=CARTESIAN_POINT('Ctrl Pts',(0.526921798575779,-0.591551892580898,
0.13091328393448));
#2771=CARTESIAN_POINT('Ctrl Pts',(0.576992211137356,-0.56144126093787,0.130294166073108));
#2772=CARTESIAN_POINT('Ctrl Pts',(0.68726336543901,-0.518372648285336,0.128101216171236));
#2773=CARTESIAN_POINT('Ctrl Pts',(0.925901485078446,-0.511929716269017,
0.121790673361204));
#2774=CARTESIAN_POINT('Ctrl Pts',(1.09019982450103,-0.574484391716371,0.119115185883499));
#2775=CARTESIAN_POINT('Ctrl Pts',(1.31505038685441,-0.668975847677297,0.13697260269289));
#2776=CARTESIAN_POINT('Ctrl Pts',(1.70887285781702,-0.863000315270721,0.143454811636044));
#2777=CARTESIAN_POINT('Ctrl Pts',(2.37978908618865,-1.20550279251468,0.112717990025564));
#2778=CARTESIAN_POINT('Ctrl Pts',(3.00170110956406,-1.44188069663781,0.076913236341264));
#2779=CARTESIAN_POINT('Ctrl Pts',(3.65162621976574,-1.63270233609003,0.0386333012296502));
#2780=CARTESIAN_POINT('Ctrl Pts',(4.13115007660244,-1.71469436328042,0.0126264036669542));
#2781=CARTESIAN_POINT('Ctrl Pts',(4.95811800004294,-1.85273095405986,-0.0247998573634877));
#2782=CARTESIAN_POINT('Ctrl Pts',(6.20421776131857,-1.92980855746181,-0.077809344438642));
#2783=CARTESIAN_POINT('Ctrl Pts',(8.23371577234698,-1.70399181262442,-0.123306799017416));
#2784=CARTESIAN_POINT('Ctrl Pts',(9.78554768247266,-1.37447489600822,-0.0874269412288979));
#2785=CARTESIAN_POINT('Ctrl Pts',(10.6722538458326,-1.15427005435291,-0.0184599354174656));
#2786=CARTESIAN_POINT('Ctrl Pts',(11.1117150138719,-1.03768382897058,0.0296847035133315));
#2787=CARTESIAN_POINT('Ctrl Pts',(11.3078426077372,-0.983029812708376,0.0558123024727274));
#2788=CARTESIAN_POINT('Ctrl Pts',(11.4598371661362,-0.939358190736194,0.0777045357607523));
#2789=CARTESIAN_POINT('Ctrl Pts',(11.6683876790818,-0.88546923911296,0.106445289887282));
#2790=CARTESIAN_POINT('Ctrl Pts',(12.0508985479634,-0.80263029309415,0.176417057817823));
#2791=CARTESIAN_POINT('Ctrl Pts',(12.3497299674886,-0.752558520106724,0.243341867363907));
#2792=CARTESIAN_POINT('Ctrl Pts',(12.4619045515001,-0.736119941921379,0.264206064475082));
#2793=CARTESIAN_POINT('Ctrl Pts',(12.4999999999995,-0.729287794424501,0.270000973703927));
#2794=CARTESIAN_POINT('Ctrl Pts',(0.526928900938709,-0.593043538674358,
0.128420521247185));
#2795=CARTESIAN_POINT('Ctrl Pts',(0.577001021608709,-0.562902777318181,
0.127800773429589));
#2796=CARTESIAN_POINT('Ctrl Pts',(0.687273598542012,-0.519796689510124,
0.125601399368675));
#2797=CARTESIAN_POINT('Ctrl Pts',(0.925907117790732,-0.513385808735051,
0.119258330269381));
#2798=CARTESIAN_POINT('Ctrl Pts',(1.09019814551777,-0.576047460600822,0.11653699510245));
#2799=CARTESIAN_POINT('Ctrl Pts',(1.31505515399623,-0.670662779319643,0.134251717402235));
#2800=CARTESIAN_POINT('Ctrl Pts',(1.70888800992771,-0.865151153892019,0.140758709518675));
#2801=CARTESIAN_POINT('Ctrl Pts',(2.37981348699007,-1.20864511305658,0.110346666319502));
#2802=CARTESIAN_POINT('Ctrl Pts',(3.0017285726541,-1.4457675434877,0.0748167445583));
#2803=CARTESIAN_POINT('Ctrl Pts',(3.65165193289386,-1.63722329852123,0.0367774574834155));
#2804=CARTESIAN_POINT('Ctrl Pts',(4.13116600609149,-1.71949891937072,0.0108649966714942));
#2805=CARTESIAN_POINT('Ctrl Pts',(4.95808457265783,-1.8578136768162,-0.0266209859862605));
#2806=CARTESIAN_POINT('Ctrl Pts',(6.20413691372062,-1.93483634555836,-0.079777340216096));
#2807=CARTESIAN_POINT('Ctrl Pts',(8.23367479947394,-1.7079323237339,-0.125280334375355));
#2808=CARTESIAN_POINT('Ctrl Pts',(9.78555894066269,-1.37724603721847,-0.0890764657684974));
#2809=CARTESIAN_POINT('Ctrl Pts',(10.6722701758192,-1.15642087544763,-0.019703790074828));
#2810=CARTESIAN_POINT('Ctrl Pts',(11.111724695923,-1.03957520168761,0.0287193785986466));
#2811=CARTESIAN_POINT('Ctrl Pts',(11.3078460892389,-0.984828507568893,0.0550010518265744));
#2812=CARTESIAN_POINT('Ctrl Pts',(11.4598347169675,-0.941097490679613,0.0770262133043091));
#2813=CARTESIAN_POINT('Ctrl Pts',(11.6683777095947,-0.887039239480555,0.105921289306992));
#2814=CARTESIAN_POINT('Ctrl Pts',(12.0508672726587,-0.803816827965843,0.176171161432076));
#2815=CARTESIAN_POINT('Ctrl Pts',(12.3496902173533,-0.753435042270622,0.24329695334471));
#2816=CARTESIAN_POINT('Ctrl Pts',(12.4618880159762,-0.736913438297623,0.264200309095198));
#2817=CARTESIAN_POINT('Ctrl Pts',(12.4999999999995,-0.730082043741296,0.270000913270204));
#2818=CARTESIAN_POINT('Ctrl Pts',(0.526992463459796,-0.606451013138275,
0.105872532567654));
#2819=CARTESIAN_POINT('Ctrl Pts',(0.577079870827863,-0.576019331659019,
0.105226677644745));
#2820=CARTESIAN_POINT('Ctrl Pts',(0.687365179587887,-0.532517671794646,
0.102911137363577));
#2821=CARTESIAN_POINT('Ctrl Pts',(0.9259575276891,-0.526248847848729,0.0961326701298809));
#2822=CARTESIAN_POINT('Ctrl Pts',(1.09018311947511,-0.589782182226671,0.0929126553274438));
#2823=CARTESIAN_POINT('Ctrl Pts',(1.31509781748098,-0.68550049596746,0.109329310318557));
#2824=CARTESIAN_POINT('Ctrl Pts',(1.70902361358023,-0.88421278347193,0.116096508568891));
#2825=CARTESIAN_POINT('Ctrl Pts',(2.38003186170138,-1.23676715602968,0.0887249984530362));
#2826=CARTESIAN_POINT('Ctrl Pts',(3.0019743532847,-1.4807075996327,0.0557685400454695));
#2827=CARTESIAN_POINT('Ctrl Pts',(3.65188205225894,-1.67796982957998,0.0199817185140049));
#2828=CARTESIAN_POINT('Ctrl Pts',(4.1313085668834,-1.76284890102348,-0.00504056641521985));
#2829=CARTESIAN_POINT('Ctrl Pts',(4.95778541463226,-1.90366795818978,-0.0430637768247963));
#2830=CARTESIAN_POINT('Ctrl Pts',(6.20341336900745,-1.98016397391511,-0.0975706540819207));
#2831=CARTESIAN_POINT('Ctrl Pts',(8.23330811318487,-1.74337605394374,-0.143225644772302));
#2832=CARTESIAN_POINT('Ctrl Pts',(9.78565969571393,-1.4021067506569,-0.104194120221344));
#2833=CARTESIAN_POINT('Ctrl Pts',(10.6724163208589,-1.17569431515497,-0.0312050319375452));
#2834=CARTESIAN_POINT('Ctrl Pts',(11.1118113453362,-1.05652434304518,0.0197154409220026));
#2835=CARTESIAN_POINT('Ctrl Pts',(11.3078772469016,-1.00095523051912,0.0473840302329464));
#2836=CARTESIAN_POINT('Ctrl Pts',(11.4598127981585,-0.956701234890006,0.070607410396019));
#2837=CARTESIAN_POINT('Ctrl Pts',(11.6682884877767,-0.901131699687196,0.100928225987687));
#2838=CARTESIAN_POINT('Ctrl Pts',(12.0505873746542,-0.814480160761812,0.173791920500771));
#2839=CARTESIAN_POINT('Ctrl Pts',(12.3493344739421,-0.761327461478221,0.242842475099178));
#2840=CARTESIAN_POINT('Ctrl Pts',(12.4617400314822,-0.744070775505443,0.264144827486627));
#2841=CARTESIAN_POINT('Ctrl Pts',(12.4999999999995,-0.737250983337494,0.27000156575689));
#2842=CARTESIAN_POINT('Ctrl Pts',(0.527045118047917,-0.615627565300603,
0.0832994781621022));
#2843=CARTESIAN_POINT('Ctrl Pts',(0.577145188771317,-0.584938665368396,
0.0826223261042483));
#2844=CARTESIAN_POINT('Ctrl Pts',(0.687441044455544,-0.541062460789216,
0.0801746469887917));
#2845=CARTESIAN_POINT('Ctrl Pts',(0.925999286769615,-0.534792883880843,
0.0729250872993911));
#2846=CARTESIAN_POINT('Ctrl Pts',(1.09017067204424,-0.598969764213377,0.0691960074252557));
#2847=CARTESIAN_POINT('Ctrl Pts',(1.31513315950611,-0.695547162082709,0.0843763646430555));
#2848=CARTESIAN_POINT('Ctrl Pts',(1.70913594635668,-0.898318492403787,0.0916464313005753));
#2849=CARTESIAN_POINT('Ctrl Pts',(2.38021276123594,-1.25990443715786,0.067846587714745));
#2850=CARTESIAN_POINT('Ctrl Pts',(3.00217795562222,-1.51073508376276,0.0379037976224164));
#2851=CARTESIAN_POINT('Ctrl Pts',(3.65207268095303,-1.71391437362106,0.00476970088668118));
#2852=CARTESIAN_POINT('Ctrl Pts',(4.13142666288797,-1.80143871897648,-0.0191773582337187));
#2853=CARTESIAN_POINT('Ctrl Pts',(4.95753759496828,-1.94439923645873,-0.0576755810173988));
#2854=CARTESIAN_POINT('Ctrl Pts',(6.20281399144651,-2.02010989518499,-0.113604915352371));
#2855=CARTESIAN_POINT('Ctrl Pts',(8.23300435374947,-1.77400421345826,-0.160169295431093));
#2856=CARTESIAN_POINT('Ctrl Pts',(9.78574316024044,-1.42307727397323,-0.119348063486063));
#2857=CARTESIAN_POINT('Ctrl Pts',(10.6725373860203,-1.19173936018601,-0.0435022190308073));
#2858=CARTESIAN_POINT('Ctrl Pts',(11.1118831248863,-1.07061120219359,0.00950778912731076));
#2859=CARTESIAN_POINT('Ctrl Pts',(11.3079030576132,-1.01439626467822,0.0383730979080149));
#2860=CARTESIAN_POINT('Ctrl Pts',(11.4597946408255,-0.96976347413407,0.0626464919638368));
#2861=CARTESIAN_POINT('Ctrl Pts',(11.6682145772711,-0.912986339136468,0.0944854554321035));
#2862=CARTESIAN_POINT('Ctrl Pts',(12.0503555098085,-0.82356721454728,0.170462732438629));
#2863=CARTESIAN_POINT('Ctrl Pts',(12.3490397794826,-0.768202553179417,0.242067124000338));
#2864=CARTESIAN_POINT('Ctrl Pts',(12.4616174425344,-0.750400023674045,0.264057879335078));
#2865=CARTESIAN_POINT('Ctrl Pts',(12.4999999999996,-0.743624850466614,0.269998309028643));
#2866=CARTESIAN_POINT('Ctrl Pts',(0.527158662722806,-0.628503524589252,
0.0272715953296702));
#2867=CARTESIAN_POINT('Ctrl Pts',(0.577286040782864,-0.597199035333488,
0.0265394323664738));
#2868=CARTESIAN_POINT('Ctrl Pts',(0.687604639918752,-0.552340679336223,
0.0238180694658291));
#2869=CARTESIAN_POINT('Ctrl Pts',(0.926089336305466,-0.545637218491841,
0.0155121083195772));
#2870=CARTESIAN_POINT('Ctrl Pts',(1.09014383032841,-0.610925152549391,0.0105768538057335));
#2871=CARTESIAN_POINT('Ctrl Pts',(1.31520937126459,-0.709216567941995,0.0226627119278052));
#2872=CARTESIAN_POINT('Ctrl Pts',(1.70937818144077,-0.922533288414107,0.0313239613226464));
#2873=CARTESIAN_POINT('Ctrl Pts',(2.38060285409532,-1.30837052435905,0.0168601198411531));
#2874=CARTESIAN_POINT('Ctrl Pts',(3.00261700494434,-1.57794584248894,-0.00516614836575864));
#2875=CARTESIAN_POINT('Ctrl Pts',(3.65248375383132,-1.79731413787302,-0.0313091334157091));
#2876=CARTESIAN_POINT('Ctrl Pts',(4.13168132583232,-1.89207722653148,-0.0523833206810024));
#2877=CARTESIAN_POINT('Ctrl Pts',(4.95700319513374,-2.03985746297428,-0.0919855211089347));
#2878=CARTESIAN_POINT('Ctrl Pts',(6.20152149001931,-2.11276199255206,-0.151618951840086));
#2879=CARTESIAN_POINT('Ctrl Pts',(8.23234932505075,-1.84286392950909,-0.201744038489781));
#2880=CARTESIAN_POINT('Ctrl Pts',(9.78592314365432,-1.46817654212893,-0.158129603329653));
#2881=CARTESIAN_POINT('Ctrl Pts',(10.6727984516725,-1.22519277797238,-0.0763054787040327));
#2882=CARTESIAN_POINT('Ctrl Pts',(11.1120379107457,-1.09968497678015,-0.0186742665619164));
#2883=CARTESIAN_POINT('Ctrl Pts',(11.307958715989,-1.04216621800316,0.012913305951811));
#2884=CARTESIAN_POINT('Ctrl Pts',(11.4597554862418,-0.996866833253776,0.0396060367711539));
#2885=CARTESIAN_POINT('Ctrl Pts',(11.668055196206,-0.937790036577607,0.0754740274085321));
#2886=CARTESIAN_POINT('Ctrl Pts',(12.0498555150414,-0.843152916601978,0.160262524895695));
#2887=CARTESIAN_POINT('Ctrl Pts',(12.3484042985533,-0.783794959359921,0.239499216917504));
#2888=CARTESIAN_POINT('Ctrl Pts',(12.4613530909799,-0.765176707764936,0.26378773038843));
#2889=CARTESIAN_POINT('Ctrl Pts',(12.4999999999996,-0.758592978362195,0.270007613868521));
#2890=CARTESIAN_POINT('Ctrl Pts',(0.527224245287785,-0.629063150672606,
-0.0121066690341458));
#2891=CARTESIAN_POINT('Ctrl Pts',(0.577367395863661,-0.597338125777301,
-0.0128558328245895));
#2892=CARTESIAN_POINT('Ctrl Pts',(0.687699131449126,-0.551727001700246,
-0.015716969815882));
#2893=CARTESIAN_POINT('Ctrl Pts',(0.926141348251797,-0.544314180933224,
-0.0246536136393637));
#2894=CARTESIAN_POINT('Ctrl Pts',(1.09012832675174,-0.609952458011899,-0.030379593464122));
#2895=CARTESIAN_POINT('Ctrl Pts',(1.315253390613,-0.709096768411343,-0.0204964988401008));
#2896=CARTESIAN_POINT('Ctrl Pts',(1.70951809463493,-0.930267441806312,-0.0107525006774802));
#2897=CARTESIAN_POINT('Ctrl Pts',(2.38082816884762,-1.3348233488748,-0.0182721885911644));
#2898=CARTESIAN_POINT('Ctrl Pts',(3.00287059658768,-1.61905430523316,-0.0343805489204191));
#2899=CARTESIAN_POINT('Ctrl Pts',(3.65272118648749,-1.85116276319635,-0.0552739005303006));
#2900=CARTESIAN_POINT('Ctrl Pts',(4.13182841726671,-1.95160979338374,-0.0741646583364137));
#2901=CARTESIAN_POINT('Ctrl Pts',(4.95669452973922,-2.10235881904235,-0.114483366839871));
#2902=CARTESIAN_POINT('Ctrl Pts',(6.2007749507482,-2.17253926601068,-0.17688094104181));
#2903=CARTESIAN_POINT('Ctrl Pts',(8.2319709853159,-1.8853031400009,-0.230617097967745));
#2904=CARTESIAN_POINT('Ctrl Pts',(9.78602710074391,-1.49403310596272,-0.186426067032285));
#2905=CARTESIAN_POINT('Ctrl Pts',(10.6729492412636,-1.24331734611471,-0.101332682138824));
#2906=CARTESIAN_POINT('Ctrl Pts',(11.1121273139141,-1.1151220188558,-0.0409239544406083));
#2907=CARTESIAN_POINT('Ctrl Pts',(11.3079908638555,-1.05693186210952,-0.00762911297400626));
#2908=CARTESIAN_POINT('Ctrl Pts',(11.4597328708438,-1.0113905150666,0.0206098189057817));
#2909=CARTESIAN_POINT('Ctrl Pts',(11.6679631388809,-0.951294003928629,0.059209605409439));
#2910=CARTESIAN_POINT('Ctrl Pts',(12.0495667217596,-0.854412420222835,0.150138883586107));
#2911=CARTESIAN_POINT('Ctrl Pts',(12.3480372494657,-0.793543869826967,0.234862907996018));
#2912=CARTESIAN_POINT('Ctrl Pts',(12.4612004034759,-0.774815470353688,0.260937979639615));
#2913=CARTESIAN_POINT('Ctrl Pts',(12.4999999999997,-0.768433998624779,0.267414568806683));
#2914=CARTESIAN_POINT('Ctrl Pts',(0.527278277011371,-0.620256118707379,
-0.0493727225587057));
#2915=CARTESIAN_POINT('Ctrl Pts',(0.577434422141748,-0.58812019281591,-0.050055008498859));
#2916=CARTESIAN_POINT('Ctrl Pts',(0.687776980497147,-0.541704705719257,
-0.0528378428961843));
#2917=CARTESIAN_POINT('Ctrl Pts',(0.926184199505146,-0.533247567543823,
-0.0619234249950337));
#2918=CARTESIAN_POINT('Ctrl Pts',(1.09011555376902,-0.598873051241902,-0.068201894779084));
#2919=CARTESIAN_POINT('Ctrl Pts',(1.31528965697839,-0.698525171513559,-0.0607228340682486));
#2920=CARTESIAN_POINT('Ctrl Pts',(1.70963336537852,-0.928603521793239,-0.0504561682476042));
#2921=CARTESIAN_POINT('Ctrl Pts',(2.38101379965392,-1.35510703888983,-0.0519754171920304));
#2922=CARTESIAN_POINT('Ctrl Pts',(3.00307952396923,-1.65671770456228,-0.0628356888555181));
#2923=CARTESIAN_POINT('Ctrl Pts',(3.65291680091111,-1.90402171907713,-0.0790335277771577));
#2924=CARTESIAN_POINT('Ctrl Pts',(4.1319496019707,-2.01123612614149,-0.095957424992161));
#2925=CARTESIAN_POINT('Ctrl Pts',(4.95644022856505,-2.16469449861894,-0.13698112610231));
#2926=CARTESIAN_POINT('Ctrl Pts',(6.20015989698263,-2.23088094008848,-0.202209979392061));
#2927=CARTESIAN_POINT('Ctrl Pts',(8.23165928131369,-1.92370796669433,-0.260137109534527));
#2928=CARTESIAN_POINT('Ctrl Pts',(9.7861127482133,-1.51426065747811,-0.216117130977671));
#2929=CARTESIAN_POINT('Ctrl Pts',(10.6730734727802,-1.25554788723929,-0.128230847516392));
#2930=CARTESIAN_POINT('Ctrl Pts',(11.1122009707966,-1.12485215956965,-0.0652680204299022));
#2931=CARTESIAN_POINT('Ctrl Pts',(11.308017349624,-1.06621365312861,-0.0303556101282199));
#2932=CARTESIAN_POINT('Ctrl Pts',(11.4597142386213,-1.02067646068161,-0.000632754344888908));
#2933=CARTESIAN_POINT('Ctrl Pts',(11.6678872953095,-0.960134200243051,0.0405601407658861));
#2934=CARTESIAN_POINT('Ctrl Pts',(12.0493287926882,-0.862364588500829,0.137346631185779));
#2935=CARTESIAN_POINT('Ctrl Pts',(12.3477348475261,-0.801251264234528,0.227427878792612));
#2936=CARTESIAN_POINT('Ctrl Pts',(12.4610746083196,-0.782902462398269,0.25539403699858));
#2937=CARTESIAN_POINT('Ctrl Pts',(12.4999999999997,-0.776819233939274,0.262216159938334));
#2938=CARTESIAN_POINT('Ctrl Pts',(0.527310835591383,-0.614162042345098,
-0.0722351784884406));
#2939=CARTESIAN_POINT('Ctrl Pts',(0.577474811015045,-0.581775089193129,
-0.0728697067042521));
#2940=CARTESIAN_POINT('Ctrl Pts',(0.687823890983998,-0.534864870046903,
-0.0755878922953678));
#2941=CARTESIAN_POINT('Ctrl Pts',(0.926210020927603,-0.525752939563598,
-0.0847296996999573));
#2942=CARTESIAN_POINT('Ctrl Pts',(1.09010785699105,-0.591352699089162,-0.0913331472217997));
#2943=CARTESIAN_POINT('Ctrl Pts',(1.31531151046151,-0.691293341330352,-0.0853616906419193));
#2944=CARTESIAN_POINT('Ctrl Pts',(1.70970282553044,-0.926954901132532,-0.0748248954318362));
#2945=CARTESIAN_POINT('Ctrl Pts',(2.38112565755995,-1.36725844920883,-0.0727069534082807));
#2946=CARTESIAN_POINT('Ctrl Pts',(3.00320541998767,-1.67981086918973,-0.0803760599781135));
#2947=CARTESIAN_POINT('Ctrl Pts',(3.65303467477188,-1.93668363279406,-0.0937093425133993));
#2948=CARTESIAN_POINT('Ctrl Pts',(4.13202262577264,-2.04816321301369,-0.109437048711383));
#2949=CARTESIAN_POINT('Ctrl Pts',(4.95628699108573,-2.20328246757865,-0.150899175506115));
#2950=CARTESIAN_POINT('Ctrl Pts',(6.19978927624527,-2.2669050348489,-0.217890936961595));
#2951=CARTESIAN_POINT('Ctrl Pts',(8.23147145388527,-1.94718841021911,-0.2784461836172));
#2952=CARTESIAN_POINT('Ctrl Pts',(9.78616435789371,-1.52636661231756,-0.234579094339563));
#2953=CARTESIAN_POINT('Ctrl Pts',(10.6731483325385,-1.26268562365005,-0.14499611694591));
#2954=CARTESIAN_POINT('Ctrl Pts',(11.1122453551571,-1.13045797621284,-0.0804675315582664));
#2955=CARTESIAN_POINT('Ctrl Pts',(11.308033309489,-1.07156074117123,-0.0445596900203876));
#2956=CARTESIAN_POINT('Ctrl Pts',(11.4597030111671,-1.02604609900705,-0.0139223548001687));
#2957=CARTESIAN_POINT('Ctrl Pts',(11.6678415932881,-0.965268096150913,0.0288636729486092));
#2958=CARTESIAN_POINT('Ctrl Pts',(12.0491854207543,-0.867040401951766,0.12924898212441));
#2959=CARTESIAN_POINT('Ctrl Pts',(12.3475526253593,-0.805859926043384,0.222631388609063));
#2960=CARTESIAN_POINT('Ctrl Pts',(12.4609988063391,-0.787780898314123,0.251774926935714));
#2961=CARTESIAN_POINT('Ctrl Pts',(12.4999999999998,-0.781889930597872,0.258818011323305));
#2962=CARTESIAN_POINT('Ctrl Pts',(0.527357069391345,-0.60007503773559,-0.107330245196758));
#2963=CARTESIAN_POINT('Ctrl Pts',(0.577532163979704,-0.567298366631896,
-0.107844334596404));
#2964=CARTESIAN_POINT('Ctrl Pts',(0.687890504763359,-0.519590369507558,
-0.110343350336545));
#2965=CARTESIAN_POINT('Ctrl Pts',(0.926246687836301,-0.509308947330908,
-0.119318273490479));
#2966=CARTESIAN_POINT('Ctrl Pts',(1.09009692742063,-0.574711888167872,-0.1263110848538));
#2967=CARTESIAN_POINT('Ctrl Pts',(1.31534254282125,-0.674941152533416,-0.1228404078812));
#2968=CARTESIAN_POINT('Ctrl Pts',(1.70980146026107,-0.919372293676072,-0.114038124847781));
#2969=CARTESIAN_POINT('Ctrl Pts',(2.38128449790403,-1.38164679449367,-0.111335840282531));
#2970=CARTESIAN_POINT('Ctrl Pts',(3.00338419471711,-1.71168806406363,-0.118042051210361));
#2971=CARTESIAN_POINT('Ctrl Pts',(3.65320205788556,-1.98389353063538,-0.130410569225726));
#2972=CARTESIAN_POINT('Ctrl Pts',(4.13212632095376,-2.10221894362741,-0.145757307871813));
#2973=CARTESIAN_POINT('Ctrl Pts',(4.95606939096426,-2.25985783807856,-0.18790999325215));
#2974=CARTESIAN_POINT('Ctrl Pts',(6.19926298778224,-2.31937282137579,-0.255860008447392));
#2975=CARTESIAN_POINT('Ctrl Pts',(8.23120473538127,-1.9802054626674,-0.315268729302115));
#2976=CARTESIAN_POINT('Ctrl Pts',(9.78623764461688,-1.54198587900499,-0.267328391680693));
#2977=CARTESIAN_POINT('Ctrl Pts',(10.6732546348126,-1.27091939572141,-0.17322146361437));
#2978=CARTESIAN_POINT('Ctrl Pts',(11.1123083817893,-1.13655148999221,-0.105660200696922));
#2979=CARTESIAN_POINT('Ctrl Pts',(11.3080559727995,-1.07738961344905,-0.0680917777759216));
#2980=CARTESIAN_POINT('Ctrl Pts',(11.4596870679695,-1.03203243986827,-0.036026604130451));
#2981=CARTESIAN_POINT('Ctrl Pts',(11.6677766955526,-0.971151367712822,0.00921750579721529));
#2982=CARTESIAN_POINT('Ctrl Pts',(12.048981829894,-0.872831270232167,0.115159741045767));
#2983=CARTESIAN_POINT('Ctrl Pts',(12.347293866433,-0.812137654282954,0.213700089723527));
#2984=CARTESIAN_POINT('Ctrl Pts',(12.4608911660918,-0.79471997089141,0.2447587221562));
#2985=CARTESIAN_POINT('Ctrl Pts',(12.4999999999998,-0.789183438675628,0.252198323412496));
#2986=CARTESIAN_POINT('Ctrl Pts',(0.52740806080208,-0.56827598288325,-0.152206908439786));
#2987=CARTESIAN_POINT('Ctrl Pts',(0.577595418753921,-0.535019060458736,
-0.152392090506447));
#2988=CARTESIAN_POINT('Ctrl Pts',(0.687963973320708,-0.486283722259595,
-0.154173725378582));
#2989=CARTESIAN_POINT('Ctrl Pts',(0.926287127891051,-0.474320539437791,
-0.162030152519063));
#2990=CARTESIAN_POINT('Ctrl Pts',(1.0900848731613,-0.539206104853397,-0.169165728304151));
#2991=CARTESIAN_POINT('Ctrl Pts',(1.31537676851332,-0.6393314567381,-0.169749259922424));
#2992=CARTESIAN_POINT('Ctrl Pts',(1.70991024483136,-0.893590589416904,-0.169028884026183));
#2993=CARTESIAN_POINT('Ctrl Pts',(2.38145968344432,-1.38140608528811,-0.178451533556212));
#2994=CARTESIAN_POINT('Ctrl Pts',(3.00358136595688,-1.73197421612289,-0.193986248766395));
#2995=CARTESIAN_POINT('Ctrl Pts',(3.65338666527468,-2.02228600828795,-0.213843213567916));
#2996=CARTESIAN_POINT('Ctrl Pts',(4.13224068671162,-2.14884222959737,-0.232420007537576));
#2997=CARTESIAN_POINT('Ctrl Pts',(4.95582939907134,-2.30984877782863,-0.275593216245496));
#2998=CARTESIAN_POINT('Ctrl Pts',(6.1986825424975,-2.3655842116892,-0.340678007978104));
#2999=CARTESIAN_POINT('Ctrl Pts',(8.23091057066197,-2.00626273544306,-0.386046042856814));
#3000=CARTESIAN_POINT('Ctrl Pts',(9.78631847278601,-1.55036787057649,-0.322161039435868));
#3001=CARTESIAN_POINT('Ctrl Pts',(10.6733718759418,-1.27258847637014,-0.217217482675763));
#3002=CARTESIAN_POINT('Ctrl Pts',(11.1123778940702,-1.13680534204916,-0.143960434749818));
#3003=CARTESIAN_POINT('Ctrl Pts',(11.3080809682394,-1.07786999252289,-0.103776684923154));
#3004=CARTESIAN_POINT('Ctrl Pts',(11.4596694841642,-1.03313473510139,-0.0696767346210426));
#3005=CARTESIAN_POINT('Ctrl Pts',(11.6677051196257,-0.972826296857102,-0.0211717463012368));
#3006=CARTESIAN_POINT('Ctrl Pts',(12.0487572888616,-0.875975545298916,0.0920461978499122));
#3007=CARTESIAN_POINT('Ctrl Pts',(12.3470084803583,-0.817475059452562,0.197505791854004));
#3008=CARTESIAN_POINT('Ctrl Pts',(12.4607724493073,-0.801643577435518,0.23139374237563));
#3009=CARTESIAN_POINT('Ctrl Pts',(12.4999999999999,-0.796788178609712,0.239563578224366));
#3010=CARTESIAN_POINT('Ctrl Pts',(0.527439561104116,-0.52926361436968,-0.186941320503334));
#3011=CARTESIAN_POINT('Ctrl Pts',(0.577634494834858,-0.495703210731828,
-0.186666301169438));
#3012=CARTESIAN_POINT('Ctrl Pts',(0.688009359037895,-0.446305989476763,
-0.187391245184139));
#3013=CARTESIAN_POINT('Ctrl Pts',(0.926312110018837,-0.433186297345606,
-0.193382150617209));
#3014=CARTESIAN_POINT('Ctrl Pts',(1.09007742655796,-0.497580311599853,-0.200291635173092));
#3015=CARTESIAN_POINT('Ctrl Pts',(1.31539791167494,-0.597029619311411,-0.205237684895712));
#3016=CARTESIAN_POINT('Ctrl Pts',(1.70997744726354,-0.855798903263949,-0.21577392581871));
#3017=CARTESIAN_POINT('Ctrl Pts',(2.38156790554196,-1.35685309468467,-0.244542190618757));
#3018=CARTESIAN_POINT('Ctrl Pts',(3.00370316987476,-1.71833764784172,-0.274549995146346));
#3019=CARTESIAN_POINT('Ctrl Pts',(3.65350070778559,-2.01846651300853,-0.30677851425624));
#3020=CARTESIAN_POINT('Ctrl Pts',(4.1323113369616,-2.14974946210555,-0.330650142389102));
#3021=CARTESIAN_POINT('Ctrl Pts',(4.95568114239431,-2.31367424488043,-0.37482854462195));
#3022=CARTESIAN_POINT('Ctrl Pts',(6.19832396834707,-2.36940636349876,-0.435037507588375));
#3023=CARTESIAN_POINT('Ctrl Pts',(8.23072884834106,-2.00332316874377,-0.460956549506844));
#3024=CARTESIAN_POINT('Ctrl Pts',(9.78636840495505,-1.54186930949175,-0.377088197435512));
#3025=CARTESIAN_POINT('Ctrl Pts',(10.6734443024727,-1.26338911207044,-0.259820149663991));
#3026=CARTESIAN_POINT('Ctrl Pts',(11.1124208357699,-1.12852448353096,-0.180540573219407));
#3027=CARTESIAN_POINT('Ctrl Pts',(11.308096409348,-1.07055193291969,-0.137776240982051));
#3028=CARTESIAN_POINT('Ctrl Pts',(11.4596586216451,-1.02684370728613,-0.101761283049003));
#3029=CARTESIAN_POINT('Ctrl Pts',(11.6676609030943,-0.967704699528716,-0.0505506937471533));
#3030=CARTESIAN_POINT('Ctrl Pts',(12.0486185770621,-0.873508929494699,0.0685162218557897));
#3031=CARTESIAN_POINT('Ctrl Pts',(12.3468321811067,-0.818233030245576,0.179723974408315));
#3032=CARTESIAN_POINT('Ctrl Pts',(12.4606991111802,-0.804441959513232,0.216289531785717));
#3033=CARTESIAN_POINT('Ctrl Pts',(12.4999999999999,-0.800424118977671,0.225329194138495));
#3034=CARTESIAN_POINT('Ctrl Pts',(0.52744681268668,-0.501098001029898,-0.20279582871364));
#3035=CARTESIAN_POINT('Ctrl Pts',(0.577643490412959,-0.467493394141286,
-0.202159048765733));
#3036=CARTESIAN_POINT('Ctrl Pts',(0.688019807136933,-0.418007527405344,
-0.202045689291864));
#3037=CARTESIAN_POINT('Ctrl Pts',(0.926317861073608,-0.404714980672466,
-0.206518991202894));
#3038=CARTESIAN_POINT('Ctrl Pts',(1.09007571229951,-0.468933697427246,-0.213163247388756));
#3039=CARTESIAN_POINT('Ctrl Pts',(1.31540277897373,-0.567535665793013,-0.221223731182313));
#3040=CARTESIAN_POINT('Ctrl Pts',(1.70999291771791,-0.825467598272153,-0.239462919123308));
#3041=CARTESIAN_POINT('Ctrl Pts',(2.38159281900074,-1.32640493300327,-0.28115554746071));
#3042=CARTESIAN_POINT('Ctrl Pts',(3.00373120996041,-1.68817831652154,-0.320740867375706));
#3043=CARTESIAN_POINT('Ctrl Pts',(3.65352696114287,-1.9888131919934,-0.361121413495406));
#3044=CARTESIAN_POINT('Ctrl Pts',(4.13232760112696,-2.12069862676865,-0.388458479049317));
#3045=CARTESIAN_POINT('Ctrl Pts',(4.95564701270463,-2.28625155563164,-0.433294373163431));
#3046=CARTESIAN_POINT('Ctrl Pts',(6.19824142215267,-2.34445851402919,-0.490667790141063));
#3047=CARTESIAN_POINT('Ctrl Pts',(8.23068701463385,-1.98272845500669,-0.505330056551324));
#3048=CARTESIAN_POINT('Ctrl Pts',(9.7863798996781,-1.52562230641524,-0.409901072949725));
#3049=CARTESIAN_POINT('Ctrl Pts',(10.6734609755499,-1.25069672199633,-0.285389857201033));
#3050=CARTESIAN_POINT('Ctrl Pts',(11.1124307212396,-1.11801840698355,-0.202504816317534));
#3051=CARTESIAN_POINT('Ctrl Pts',(11.3080999639956,-1.06119130245825,-0.158164216304747));
#3052=CARTESIAN_POINT('Ctrl Pts',(11.4596561210198,-1.01845025036041,-0.120961141031669));
#3053=CARTESIAN_POINT('Ctrl Pts',(11.6676507241498,-0.960382621209806,-0.0683638217751224));
#3054=CARTESIAN_POINT('Ctrl Pts',(12.0485866446678,-0.868409572107655,0.0535246215407301));
#3055=CARTESIAN_POINT('Ctrl Pts',(12.3467915958267,-0.815627157559314,0.167666160640586));
#3056=CARTESIAN_POINT('Ctrl Pts',(12.4606822282474,-0.803387278086182,0.205882819833006));
#3057=CARTESIAN_POINT('Ctrl Pts',(12.5,-0.800036722851629,0.215598182877696));
#3058=CARTESIAN_POINT('Ctrl Pts',(0.52744681268668,-0.487115202163872,-0.208998250757844));
#3059=CARTESIAN_POINT('Ctrl Pts',(0.577643490412959,-0.453534180635438,
-0.208177772775577));
#3060=CARTESIAN_POINT('Ctrl Pts',(0.688019807136932,-0.404108402394441,
-0.2076431685654));
#3061=CARTESIAN_POINT('Ctrl Pts',(0.926317861073608,-0.390914592978593,
-0.211364110634959));
#3062=CARTESIAN_POINT('Ctrl Pts',(1.09007571229951,-0.455102190405927,-0.217891673959512));
#3063=CARTESIAN_POINT('Ctrl Pts',(1.31540277897373,-0.553177578487741,-0.227564985357241));
#3064=CARTESIAN_POINT('Ctrl Pts',(1.70999291771791,-0.80988707895903,-0.249290981971794));
#3065=CARTESIAN_POINT('Ctrl Pts',(2.38159281900074,-1.30892464508499,-0.296392055907995));
#3066=CARTESIAN_POINT('Ctrl Pts',(3.00373120996041,-1.66941352617429,-0.339902068681207));
#3067=CARTESIAN_POINT('Ctrl Pts',(3.65352696114287,-1.96906926608137,-0.383588021592825));
#3068=CARTESIAN_POINT('Ctrl Pts',(4.13232760112696,-2.10073957874205,-0.412326283346477));
#3069=CARTESIAN_POINT('Ctrl Pts',(4.95564701270463,-2.26702290260593,-0.457489657705576));
#3070=CARTESIAN_POINT('Ctrl Pts',(6.19824142215267,-2.32686278698301,-0.513915121166592));
#3071=CARTESIAN_POINT('Ctrl Pts',(8.23068701463385,-1.96886619283854,-0.524457563571304));
#3072=CARTESIAN_POINT('Ctrl Pts',(9.7863798996781,-1.51540687939063,-0.424593440024822));
#3073=CARTESIAN_POINT('Ctrl Pts',(10.6734609755499,-1.24303355243786,-0.297105194899272));
#3074=CARTESIAN_POINT('Ctrl Pts',(11.1124307212396,-1.11177290819406,-0.212648135805168));
#3075=CARTESIAN_POINT('Ctrl Pts',(11.3080999639956,-1.05563421194504,-0.167579688592612));
#3076=CARTESIAN_POINT('Ctrl Pts',(11.4596561210198,-1.01345045628167,-0.129806254094772));
#3077=CARTESIAN_POINT('Ctrl Pts',(11.6676507241498,-0.95596462423733,-0.0766215084628399));
#3078=CARTESIAN_POINT('Ctrl Pts',(12.0485866446678,-0.865130787472125,0.0464057393763682));
#3079=CARTESIAN_POINT('Ctrl Pts',(12.3467915958267,-0.813594185799321,0.161789231929891));
#3080=CARTESIAN_POINT('Ctrl Pts',(12.4606822282474,-0.802149331674015,0.200799903413304));
#3081=CARTESIAN_POINT('Ctrl Pts',(12.5,-0.79916080482701,0.210877759663291));
#3082=CARTESIAN_POINT('',(0.747678900428081,-0.404321977951553,-0.208757180494198));
#3083=CARTESIAN_POINT('Ctrl Pts',(0.747678900428081,-0.404321977951552,
-0.208757180494198));
#3084=CARTESIAN_POINT('Ctrl Pts',(0.734784908972173,-0.428165760579251,
-0.199916262644718));
#3085=CARTESIAN_POINT('Ctrl Pts',(0.721282415515527,-0.450384758336571,
-0.187694298148996));
#3086=CARTESIAN_POINT('Ctrl Pts',(0.707777676663446,-0.470691789196386,
-0.173075375389977));
#3087=CARTESIAN_POINT('Ctrl Pts',(0.683308693699805,-0.50748571743102,-0.14658762350856));
#3088=CARTESIAN_POINT('Ctrl Pts',(0.659517729546326,-0.536904110730398,
-0.114117738677949));
#3089=CARTESIAN_POINT('Ctrl Pts',(0.641807246070035,-0.557300151526982,
-0.0765064709059142));
#3090=CARTESIAN_POINT('Ctrl Pts',(0.62648437654141,-0.574946528738816,-0.0439657133569415));
#3091=CARTESIAN_POINT('Ctrl Pts',(0.61586674789921,-0.585947424528381,-0.00192815778067039));
#3092=CARTESIAN_POINT('Ctrl Pts',(0.623502970056432,-0.577705847582321,
0.0396497907398761));
#3093=CARTESIAN_POINT('Ctrl Pts',(0.628539598405061,-0.572269944955434,
0.0670733871053092));
#3094=CARTESIAN_POINT('Ctrl Pts',(0.639986618055071,-0.559763448905862,
0.0932221301305301));
#3095=CARTESIAN_POINT('Ctrl Pts',(0.653072622451355,-0.544055281937883,
0.116078858103624));
#3096=CARTESIAN_POINT('Ctrl Pts',(0.654487998226955,-0.542356294352959,
0.118551030517977));
#3097=CARTESIAN_POINT('Ctrl Pts',(0.65595008065705,-0.540588018824027,0.121033161779576));
#3098=CARTESIAN_POINT('Ctrl Pts',(0.657491388157891,-0.538706853955108,
0.123574458862994));
#3099=CARTESIAN_POINT('Ctrl Pts',(0.658928650868275,-0.536952675689768,
0.125944207619818));
#3100=CARTESIAN_POINT('Ctrl Pts',(0.660414162987673,-0.535125515055036,
0.128395876327189));
#3101=CARTESIAN_POINT('Ctrl Pts',(0.661974005268044,-0.533188912440407,
0.130970545384561));
#3102=CARTESIAN_POINT('Ctrl Pts',(0.670421385541681,-0.522701173435919,
0.144913755464254));
#3103=CARTESIAN_POINT('Ctrl Pts',(0.681746870973067,-0.508246126490372,
0.164520534206672));
#3104=CARTESIAN_POINT('Ctrl Pts',(0.695735654418857,-0.48831536855844,0.192016041270681));
#3105=CARTESIAN_POINT('Ctrl Pts',(0.734120026372828,-0.433626579590585,
0.267462042296996));
#3106=CARTESIAN_POINT('Ctrl Pts',(0.776092636009868,-0.360715384596523,
0.371204682639039));
#3107=CARTESIAN_POINT('Ctrl Pts',(0.807291017357553,-0.266047389188105,
0.480073548528157));
#3108=CARTESIAN_POINT('Ctrl Pts',(0.828412307931978,-0.201957197558086,
0.553777723284096));
#3109=CARTESIAN_POINT('Ctrl Pts',(0.843936624456425,-0.124790187049072,
0.63119596417177));
#3110=CARTESIAN_POINT('Ctrl Pts',(0.848400866385516,-0.0521149682558254,
0.694017382355218));
#3111=CARTESIAN_POINT('Ctrl Pts',(0.853196638858418,0.0259573717487752,
0.761504143336874));
#3112=CARTESIAN_POINT('Ctrl Pts',(0.846929679244885,0.101716985383041,0.816833622820445));
#3113=CARTESIAN_POINT('Ctrl Pts',(0.832435689167508,0.171903529341942,0.862780009354469));
#3114=CARTESIAN_POINT('Ctrl Pts',(0.822547050094372,0.219788852658374,0.894127294037581));
#3115=CARTESIAN_POINT('Ctrl Pts',(0.808315366151388,0.268251206322114,0.923167749579747));
#3116=CARTESIAN_POINT('Ctrl Pts',(0.788428567119879,0.317616741607389,0.950088457573705));
#3117=CARTESIAN_POINT('Ctrl Pts',(0.7791668588895,0.340607328665883,0.962626007855187));
#3118=CARTESIAN_POINT('Ctrl Pts',(0.76854190968456,0.3635622252696,0.974474458498913));
#3119=CARTESIAN_POINT('Ctrl Pts',(0.760371506801747,0.379914689955574,0.982649147300662));
#3120=CARTESIAN_POINT('Ctrl Pts',(0.755866497833629,0.38893113640476,0.987156519445178));
#3121=CARTESIAN_POINT('Ctrl Pts',(0.751799424829378,0.396679226140236,0.990561010012551));
#3122=CARTESIAN_POINT('Ctrl Pts',(0.748223945653866,0.403312443584576,0.993300694922807));
#3123=CARTESIAN_POINT('Ctrl Pts',(0.735437241807894,0.427034295354155,1.0030984137345));
#3124=CARTESIAN_POINT('Ctrl Pts',(0.729100820692467,0.436984691895908,1.00367584101773));
#3125=CARTESIAN_POINT('Ctrl Pts',(0.725661309374149,0.442623614459731,1.00462924432377));
#3126=CARTESIAN_POINT('Ctrl Pts',(0.720750256340631,0.450675062819661,1.00599054648705));
#3127=CARTESIAN_POINT('Ctrl Pts',(0.716514950833563,0.457365262724033,1.00664482751261));
#3128=CARTESIAN_POINT('Ctrl Pts',(0.711728318472796,0.464696460804132,1.00694929727663));
#3129=CARTESIAN_POINT('Ctrl Pts',(0.67947118901795,0.514101426070984,1.00900111990532));
#3130=CARTESIAN_POINT('Ctrl Pts',(0.640606427111981,0.561259371982894,0.990697598155428));
#3131=CARTESIAN_POINT('Ctrl Pts',(0.602707665923385,0.599369226301438,0.952494412150034));
#3132=CARTESIAN_POINT('Ctrl Pts',(0.587149913084272,0.615013634604708,0.936811690422511));
#3133=CARTESIAN_POINT('Ctrl Pts',(0.570985319939684,0.629941925726241,0.916834432146375));
#3134=CARTESIAN_POINT('Ctrl Pts',(0.556828805140286,0.642216226644922,0.891733040766207));
#3135=CARTESIAN_POINT('Ctrl Pts',(0.531901445486086,0.663829308525558,0.847533502983017));
#3136=CARTESIAN_POINT('Ctrl Pts',(0.516053758875473,0.675571362990582,0.787614188413616));
#3137=CARTESIAN_POINT('Ctrl Pts',(0.527368541038063,0.666620148152893,0.728670180051749));
#3138=CARTESIAN_POINT('Ctrl Pts',(0.540464834304543,0.656259565605115,0.660445444593636));
#3139=CARTESIAN_POINT('Ctrl Pts',(0.58791032616409,0.617057827269268,0.599755635165334));
#3140=CARTESIAN_POINT('Ctrl Pts',(0.629840714158468,0.570789518814379,0.570270059839196));
#3141=CARTESIAN_POINT('Ctrl Pts',(0.638091761384729,0.561684857102409,0.564467898539328));
#3142=CARTESIAN_POINT('Ctrl Pts',(0.645042131374199,0.553776336900451,0.56001784647434));
#3143=CARTESIAN_POINT('Ctrl Pts',(0.655068874300593,0.54165004377601,0.554401401640942));
#3144=CARTESIAN_POINT('Ctrl Pts',(0.670174811004383,0.523380998909285,0.545939864252731));
#3145=CARTESIAN_POINT('Ctrl Pts',(0.692320003682293,0.495279559718532,0.532652478740857));
#3146=CARTESIAN_POINT('Ctrl Pts',(0.71698518378572,0.456543805380993,0.511072485927973));
#3147=CARTESIAN_POINT('Ctrl Pts',(0.741937261574238,0.417357488825659,0.489241481366692));
#3148=CARTESIAN_POINT('Ctrl Pts',(0.765110333086681,0.373113238134072,0.461573012147763));
#3149=CARTESIAN_POINT('Ctrl Pts',(0.782977136440359,0.330827453231522,0.431243723722689));
#3150=CARTESIAN_POINT('Ctrl Pts',(0.81629460644855,0.251974211139202,0.374686591623057));
#3151=CARTESIAN_POINT('Ctrl Pts',(0.835906198095,0.174258435243869,0.307397156160178));
#3152=CARTESIAN_POINT('Ctrl Pts',(0.844844152454216,0.0934791851907041,
0.215852226849889));
#3153=CARTESIAN_POINT('Ctrl Pts',(0.848458339106913,0.060814967448749,0.178834756370835));
#3154=CARTESIAN_POINT('Ctrl Pts',(0.850169596567665,0.027926868767308,0.137889152457738));
#3155=CARTESIAN_POINT('Ctrl Pts',(0.849986690043635,-0.00475675820977274,
0.0921891512840597));
#3156=CARTESIAN_POINT('Ctrl Pts',(0.849854930379228,-0.0283009360072579,
0.059268418412739));
#3157=CARTESIAN_POINT('Ctrl Pts',(0.848730392334739,-0.0514611021560507,
0.0242054397390598));
#3158=CARTESIAN_POINT('Ctrl Pts',(0.846812050586494,-0.0735482901330679,
-0.0120906367545364));
#3159=CARTESIAN_POINT('Ctrl Pts',(0.845390170461962,-0.0899193739715144,
-0.0389933874307036));
#3160=CARTESIAN_POINT('Ctrl Pts',(0.843528778153178,-0.105228566423025,
-0.065983412588328));
#3161=CARTESIAN_POINT('Ctrl Pts',(0.842075146049631,-0.115799172732331,
-0.0852843184755228));
#3162=CARTESIAN_POINT('Ctrl Pts',(0.841479696450178,-0.1201291976936,-0.0931905257280886));
#3163=CARTESIAN_POINT('Ctrl Pts',(0.840920474472325,-0.123957252485,-0.100306514201754));
#3164=CARTESIAN_POINT('Ctrl Pts',(0.840387193894776,-0.127472994542628,
-0.106920516644722));
#3165=CARTESIAN_POINT('Ctrl Pts',(0.840217037426689,-0.12859477972742,-0.109030879074924));
#3166=CARTESIAN_POINT('Ctrl Pts',(0.840047030137341,-0.129700469289656,
-0.111081425083044));
#3167=CARTESIAN_POINT('Ctrl Pts',(0.839876750971208,-0.130793895798114,
-0.113082993963848));
#3168=CARTESIAN_POINT('Ctrl Pts',(0.837871284329764,-0.143671750660672,
-0.136656515682076));
#3169=CARTESIAN_POINT('Ctrl Pts',(0.83532349345561,-0.158581955436779,-0.155139645455114));
#3170=CARTESIAN_POINT('Ctrl Pts',(0.831053650135064,-0.178465208366189,
-0.172421655955549));
#3171=CARTESIAN_POINT('Ctrl Pts',(0.820338511457856,-0.228362077290497,
-0.215790727191029));
#3172=CARTESIAN_POINT('Ctrl Pts',(0.798400033247764,-0.300750269633351,
-0.233258221761384));
#3173=CARTESIAN_POINT('Ctrl Pts',(0.766692215753128,-0.366991888607309,
-0.219526887230685));
#3174=CARTESIAN_POINT('Ctrl Pts',(0.760624614212168,-0.379667871412812,
-0.216899261832879));
#3175=CARTESIAN_POINT('Ctrl Pts',(0.75422127779531,-0.392223705330075,-0.213243038968803));
#3176=CARTESIAN_POINT('Ctrl Pts',(0.747678900428081,-0.404321977951552,
-0.208757180494198));
#3177=CARTESIAN_POINT('',(12.5,-0.79916080482701,0.210877759663291));
#3178=CARTESIAN_POINT('Ctrl Pts',(0.74770590325865,-0.404345832175213,-0.208760411196564));
#3179=CARTESIAN_POINT('Ctrl Pts',(0.786804809349286,-0.399528664412143,
-0.209233884637244));
#3180=CARTESIAN_POINT('Ctrl Pts',(0.826315196032369,-0.399142408569669,
-0.209948460496878));
#3181=CARTESIAN_POINT('Ctrl Pts',(0.865080493230927,-0.402444484720246,
-0.210849081425612));
#3182=CARTESIAN_POINT('Ctrl Pts',(0.980903811482242,-0.412310458787704,
-0.213539965076477));
#3183=CARTESIAN_POINT('Ctrl Pts',(1.09007571229951,-0.455102190405927,-0.217891673959512));
#3184=CARTESIAN_POINT('Ctrl Pts',(1.14990341465461,-0.481142671086409,-0.220460082644866));
#3185=CARTESIAN_POINT('Ctrl Pts',(1.31540277897373,-0.553177578487741,-0.227564985357241));
#3186=CARTESIAN_POINT('Ctrl Pts',(1.51269784834582,-0.681532328723386,-0.238427983664518));
#3187=CARTESIAN_POINT('Ctrl Pts',(1.74566536328843,-0.8455172170664,-0.253279697605396));
#3188=CARTESIAN_POINT('Ctrl Pts',(1.97863287823104,-1.00950210540941,-0.268131411546274));
#3189=CARTESIAN_POINT('Ctrl Pts',(2.24727283874417,-1.2091171318598,-0.286971841120755));
#3190=CARTESIAN_POINT('Ctrl Pts',(2.54419895590177,-1.39581843437303,-0.307755321903319));
#3191=CARTESIAN_POINT('Ctrl Pts',(2.69266201448058,-1.48916908562964,-0.318147062294601));
#3192=CARTESIAN_POINT('Ctrl Pts',(2.84819661222049,-1.57929130590196,-0.329024565487904));
#3193=CARTESIAN_POINT('Ctrl Pts',(3.00718837998826,-1.66180938352651,-0.339924061198507));
#3194=CARTESIAN_POINT('Ctrl Pts',(3.16618014775603,-1.74432746115106,-0.350823556909111));
#3195=CARTESIAN_POINT('Ctrl Pts',(3.32862908555164,-1.81924139612783,-0.361745045137016));
#3196=CARTESIAN_POINT('Ctrl Pts',(3.49012844852473,-1.88381405418575,-0.372219177483802));
#3197=CARTESIAN_POINT('Ctrl Pts',(3.8131271744709,-2.01295937030159,-0.393167442177375));
#3198=CARTESIAN_POINT('Ctrl Pts',(4.13232760112696,-2.10073957874205,-0.412326283346477));
#3199=CARTESIAN_POINT('Ctrl Pts',(4.39987175816366,-2.15477466049382,-0.427002479184838));
#3200=CARTESIAN_POINT('Ctrl Pts',(4.95564701270463,-2.26702290260593,-0.457489657705576));
#3201=CARTESIAN_POINT('Ctrl Pts',(5.57694421742865,-2.29694284479447,-0.485702389436084));
#3202=CARTESIAN_POINT('Ctrl Pts',(6.22633375187086,-2.25223671686466,-0.501565829035457));
#3203=CARTESIAN_POINT('Ctrl Pts',(6.87572328631306,-2.20753058893485,-0.517429268634829));
#3204=CARTESIAN_POINT('Ctrl Pts',(7.55320515047346,-2.08819839088669,-0.520943416103066));
#3205=CARTESIAN_POINT('Ctrl Pts',(8.2030846595625,-1.93784042917303,-0.502727665127889));
#3206=CARTESIAN_POINT('Ctrl Pts',(8.85296416865155,-1.78748246745937,-0.484511914152711));
#3207=CARTESIAN_POINT('Ctrl Pts',(9.47524132266925,-1.60609874208021,-0.444566264734118));
#3208=CARTESIAN_POINT('Ctrl Pts',(10.0206026886263,-1.44187623287658,-0.382684097737235));
#3209=CARTESIAN_POINT('Ctrl Pts',(10.2932833716049,-1.35976497827476,-0.351743014238793));
#3210=CARTESIAN_POINT('Ctrl Pts',(10.5467351075682,-1.28194402771683,-0.315317801345779));
#3211=CARTESIAN_POINT('Ctrl Pts',(10.7775422681193,-1.21225016278292,-0.275023710683407));
#3212=CARTESIAN_POINT('Ctrl Pts',(10.8929458483948,-1.17740323031596,-0.25487666535222));
#3213=CARTESIAN_POINT('Ctrl Pts',(11.0026882848172,-1.14458806925501,-0.233762400578694));
#3214=CARTESIAN_POINT('Ctrl Pts',(11.1064768137174,-1.11414581466228,-0.211938156388792));
#3215=CARTESIAN_POINT('Ctrl Pts',(11.2102653426176,-1.08370356006955,-0.19011391219889));
#3216=CARTESIAN_POINT('Ctrl Pts',(11.3080999639956,-1.05563421194504,-0.167579688592612));
#3217=CARTESIAN_POINT('Ctrl Pts',(11.3998679083625,-1.03009175547932,-0.144707701709288));
#3218=CARTESIAN_POINT('Ctrl Pts',(11.4596561210198,-1.01345045628167,-0.129806254094772));
#3219=CARTESIAN_POINT('Ctrl Pts',(11.5636534225848,-0.984707540259501,-0.103213881278806));
#3220=CARTESIAN_POINT('Ctrl Pts',(11.6791413934536,-0.955197109454215,-0.0694131535642885));
#3221=CARTESIAN_POINT('Ctrl Pts',(11.7946293643225,-0.925686678648928,-0.0356124258497706));
#3222=CARTESIAN_POINT('Ctrl Pts',(11.9216080044951,-0.895408733060526,0.00539665676329885));
#3223=CARTESIAN_POINT('Ctrl Pts',(12.0347981497746,-0.871680326654191,0.0451317801620876));
#3224=CARTESIAN_POINT('Ctrl Pts',(12.1479882950541,-0.847951920247857,0.0848669035608761));
#3225=CARTESIAN_POINT('Ctrl Pts',(12.2473899454404,-0.830773053023589,0.123328067745384));
#3226=CARTESIAN_POINT('Ctrl Pts',(12.3255634287387,-0.819322405880129,0.152311317708491));
#3227=CARTESIAN_POINT('Ctrl Pts',(12.403736912037,-0.807871758736668,0.181294567671597));
#3228=CARTESIAN_POINT('Ctrl Pts',(12.4606822282473,-0.802149331674016,0.200799903413303));
#3229=CARTESIAN_POINT('Ctrl Pts',(12.5,-0.79916080482701,0.21087775966329));
#3230=CARTESIAN_POINT('Ctrl Pts',(12.5,-0.79916080482701,0.210877759663291));
#3231=CARTESIAN_POINT('Ctrl Pts',(12.5,-0.798002373133606,0.204634837718377));
#3232=CARTESIAN_POINT('Ctrl Pts',(12.5000000000001,-0.793273856940314,0.192598133284642));
#3233=CARTESIAN_POINT('Ctrl Pts',(12.5000000000001,-0.784415581758259,0.183178377703322));
#3234=CARTESIAN_POINT('Ctrl Pts',(12.5000000000002,-0.770820267043359,0.173348521300432));
#3235=CARTESIAN_POINT('Ctrl Pts',(12.5000000000003,-0.76042266633235,0.169988731513787));
#3236=CARTESIAN_POINT('Ctrl Pts',(12.5000000000004,-0.745067115367234,0.169999072175676));
#3237=CARTESIAN_POINT('Ctrl Pts',(12.5000000000004,-0.740136008691386,0.169996728014835));
#3238=CARTESIAN_POINT('Ctrl Pts',(12.5000000000005,-0.729013516214056,0.169997448819223));
#3239=CARTESIAN_POINT('Ctrl Pts',(12.5000000000005,-0.722823149101294,0.16999726415279));
#3240=CARTESIAN_POINT('Ctrl Pts',(12.5000000000005,-0.71586838173961,0.169997318491751));
#3241=CARTESIAN_POINT('Ctrl Pts',(12.5000000000005,-0.715104082371208,0.169997312796754));
#3242=CARTESIAN_POINT('Ctrl Pts',(12.5,-0.6586506773786,0.169997581844307));
#3243=CARTESIAN_POINT('Ctrl Pts',(12.5000000000003,-0.547273182309522,0.170000652142468));
#3244=CARTESIAN_POINT('Ctrl Pts',(12.4999999999962,-0.435893342943096,0.169995018894013));
#3245=CARTESIAN_POINT('Ctrl Pts',(12.4999999999947,-0.3763453065688,0.169993375426072));
#3246=CARTESIAN_POINT('Ctrl Pts',(12.4999999999947,-0.372486892673227,0.169993423003166));
#3247=CARTESIAN_POINT('Ctrl Pts',(12.4999999999947,-0.368184634388943,0.169993363624299));
#3248=CARTESIAN_POINT('Ctrl Pts',(12.4999999999947,-0.367740828943699,0.169993391933212));
#3249=CARTESIAN_POINT('Ctrl Pts',(12.4999999999947,-0.361530513355525,0.169992858157454));
#3250=CARTESIAN_POINT('Ctrl Pts',(12.499999999995,-0.3557649360151,0.169996245573436));
#3251=CARTESIAN_POINT('Ctrl Pts',(12.4999999999955,-0.339069215079998,0.169981403014647));
#3252=CARTESIAN_POINT('Ctrl Pts',(12.4999999999962,-0.32809381389231,0.173698767021275));
#3253=CARTESIAN_POINT('Ctrl Pts',(12.499999999997,-0.312539751259825,0.185764690517992));
#3254=CARTESIAN_POINT('Ctrl Pts',(12.4999999999977,-0.301662748554392,0.200024581062957));
#3255=CARTESIAN_POINT('Ctrl Pts',(12.4999999999979,-0.299303149679353,0.217792219854649));
#3256=CARTESIAN_POINT('Ctrl Pts',(12.4999999999983,-0.301338346358974,0.233624590121354));
#3257=CARTESIAN_POINT('Ctrl Pts',(12.4999999999984,-0.306447934392462,0.247750715464045));
#3258=CARTESIAN_POINT('Ctrl Pts',(12.4999999999987,-0.317112122965429,0.25837545665443));
#3259=CARTESIAN_POINT('Ctrl Pts',(12.499999999999,-0.331258173160645,0.267306590476622));
#3260=CARTESIAN_POINT('Ctrl Pts',(12.4999999999992,-0.340625955546899,0.270010915636332));
#3261=CARTESIAN_POINT('Ctrl Pts',(12.4999999999993,-0.355398108600491,0.270003101657645));
#3262=CARTESIAN_POINT('Ctrl Pts',(12.4999999999993,-0.360795937064151,0.270004959779243));
#3263=CARTESIAN_POINT('Ctrl Pts',(12.4999999999994,-0.368774852802316,0.270004523821901));
#3264=CARTESIAN_POINT('Ctrl Pts',(12.4999999999994,-0.37135531195171,0.270004590891811));
#3265=CARTESIAN_POINT('Ctrl Pts',(12.4999999999994,-0.375130782991215,0.270004558521747));
#3266=CARTESIAN_POINT('Ctrl Pts',(12.4999999999994,-0.376325766474339,0.270004573580087));
#3267=CARTESIAN_POINT('Ctrl Pts',(12.4999999999995,-0.405724711460892,0.270004089888076));
#3268=CARTESIAN_POINT('Ctrl Pts',(12.4999999999998,-0.462132888783329,0.270001252969216));
#3269=CARTESIAN_POINT('Ctrl Pts',(12.4999999999998,-0.57494847219631,0.270001159195539));
#3270=CARTESIAN_POINT('Ctrl Pts',(12.4999999999996,-0.65956021968713,0.270000626070818));
#3271=CARTESIAN_POINT('Ctrl Pts',(12.4999999999995,-0.720143186333244,0.270000955588103));
#3272=CARTESIAN_POINT('Ctrl Pts',(12.4999999999995,-0.724318348659403,0.270000903066552));
#3273=CARTESIAN_POINT('Ctrl Pts',(12.4999999999995,-0.729287794424501,0.270000973703927));
#3274=CARTESIAN_POINT('Ctrl Pts',(12.4999999999995,-0.730082043741296,0.270000913270204));
#3275=CARTESIAN_POINT('Ctrl Pts',(12.4999999999995,-0.737250983337494,0.27000156575689));
#3276=CARTESIAN_POINT('Ctrl Pts',(12.4999999999996,-0.743624850466614,0.269998309028643));
#3277=CARTESIAN_POINT('Ctrl Pts',(12.4999999999996,-0.758592978362195,0.270007613868521));
#3278=CARTESIAN_POINT('Ctrl Pts',(12.4999999999997,-0.768433998624779,0.267414568806683));
#3279=CARTESIAN_POINT('Ctrl Pts',(12.4999999999997,-0.776819233939274,0.262216159938334));
#3280=CARTESIAN_POINT('Ctrl Pts',(12.4999999999998,-0.781889930597872,0.258818011323305));
#3281=CARTESIAN_POINT('Ctrl Pts',(12.4999999999998,-0.789183438675628,0.252198323412496));
#3282=CARTESIAN_POINT('Ctrl Pts',(12.4999999999999,-0.796788178609712,0.239563578224366));
#3283=CARTESIAN_POINT('Ctrl Pts',(12.4999999999999,-0.800424118977671,0.225329194138495));
#3284=CARTESIAN_POINT('Ctrl Pts',(12.5,-0.800036722851629,0.215598182877696));
#3285=CARTESIAN_POINT('Ctrl Pts',(12.5,-0.79916080482701,0.210877759663291));
#3286=CARTESIAN_POINT('Origin',(12.5,-0.572739488046717,0.218919877802816));
#3287=CARTESIAN_POINT('Ctrl Pts',(-0.685587757985679,-0.213070579973068,
-0.209000350792033));
#3288=CARTESIAN_POINT('Ctrl Pts',(-0.681586603507307,-0.273345575385426,
-0.208178797530841));
#3289=CARTESIAN_POINT('Ctrl Pts',(-0.69394094515176,-0.393678940360474,
-0.207642226863724));
#3290=CARTESIAN_POINT('Ctrl Pts',(-0.801649822674857,-0.606714154633149,
-0.211361691372758));
#3291=CARTESIAN_POINT('Ctrl Pts',(-0.939157418654435,-0.716472252813683,
-0.21789106589436));
#3292=CARTESIAN_POINT('Ctrl Pts',(-1.13677233082048,-0.862575068381675,
-0.227564780657756));
#3293=CARTESIAN_POINT('Ctrl Pts',(-1.55638806568789,-1.07593755714282,-0.249290488642635));
#3294=CARTESIAN_POINT('Ctrl Pts',(-2.32436161251921,-1.40803231618103,-0.296390310178272));
#3295=CARTESIAN_POINT('Ctrl Pts',(-2.94762263678125,-1.76657050798968,-0.339899895373162));
#3296=CARTESIAN_POINT('Ctrl Pts',(-3.53202942394678,-2.17948328305563,-0.383585848820779));
#3297=CARTESIAN_POINT('Ctrl Pts',(-3.88545480723481,-2.52831218368481,-0.412324534697407));
#3298=CARTESIAN_POINT('Ctrl Pts',(-4.44111336811869,-3.15820683501328,-0.457489917979854));
#3299=CARTESIAN_POINT('Ctrl Pts',(-5.11423431124842,-4.2044185152556,-0.513916534892542));
#3300=CARTESIAN_POINT('Ctrl Pts',(-5.82043532838872,-6.14354899241551,-0.524460329197989));
#3301=CARTESIAN_POINT('Ctrl Pts',(-6.20557329411578,-7.7175346795364,-0.424582947838847));
#3302=CARTESIAN_POINT('Ctrl Pts',(-6.41323026365518,-8.62196494246348,-0.297098032970188));
#3303=CARTESIAN_POINT('Ctrl Pts',(-6.51904011740148,-9.06775343290494,-0.212640119949146));
#3304=CARTESIAN_POINT('Ctrl Pts',(-6.56825689895895,-9.26528056414864,-0.167573412213771));
#3305=CARTESIAN_POINT('Ctrl Pts',(-6.60750266308517,-9.41762535457159,-0.129800813991013));
#3306=CARTESIAN_POINT('Ctrl Pts',(-6.66171568326168,-9.62649829562361,-0.0766167716237194));
#3307=CARTESIAN_POINT('Ctrl Pts',(-6.77351902031303,-10.0018165508937,0.0464087135571525));
#3308=CARTESIAN_POINT('Ctrl Pts',(-6.87798917688244,-10.2858383564323,0.161790741229696));
#3309=CARTESIAN_POINT('Ctrl Pts',(-6.92502281298209,-10.3901926923105,0.200799903413304));
#3310=CARTESIAN_POINT('Ctrl Pts',(-6.94209355868901,-10.425737144892,0.210877759663291));
#3311=CARTESIAN_POINT('Ctrl Pts',(-0.669572513320891,-0.222316985791421,
-0.217203888579223));
#3312=CARTESIAN_POINT('Ctrl Pts',(-0.665598246100011,-0.282576457838428,
-0.2161394016944));
#3313=CARTESIAN_POINT('Ctrl Pts',(-0.678020113332926,-0.4028708368968,-0.215044524225695));
#3314=CARTESIAN_POINT('Ctrl Pts',(-0.785841023089409,-0.615841369329372,
-0.217768232066728));
#3315=CARTESIAN_POINT('Ctrl Pts',(-0.923310961052896,-0.725621209375634,
-0.224141274683504));
#3316=CARTESIAN_POINT('Ctrl Pts',(-1.12031467724635,-0.872076899102927,
-0.235939295899008));
#3317=CARTESIAN_POINT('Ctrl Pts',(-1.53851895938369,-1.08625429047773,-0.262263469188313));
#3318=CARTESIAN_POINT('Ctrl Pts',(-2.30434450778166,-1.41958919698965,-0.316545599875683));
#3319=CARTESIAN_POINT('Ctrl Pts',(-2.92614965385113,-1.77896794046469,-0.36526164761683));
#3320=CARTESIAN_POINT('Ctrl Pts',(-3.50946244116544,-2.19251233663924,-0.413348244071628));
#3321=CARTESIAN_POINT('Ctrl Pts',(-3.86264186093959,-2.54148324436936,-0.443940474523727));
#3322=CARTESIAN_POINT('Ctrl Pts',(-4.41913167774258,-3.17089796986917,-0.489533730136339));
#3323=CARTESIAN_POINT('Ctrl Pts',(-5.09409862645744,-4.21604385828999,-0.544680994967626));
#3324=CARTESIAN_POINT('Ctrl Pts',(-5.80456437898899,-6.15271208932374,-0.549763877390833));
#3325=CARTESIAN_POINT('Ctrl Pts',(-6.19387433714811,-7.72428907549092,-0.444016395239024));
#3326=CARTESIAN_POINT('Ctrl Pts',(-6.40444932593723,-8.62703461921868,-0.312589595132422));
#3327=CARTESIAN_POINT('Ctrl Pts',(-6.51188163113319,-9.07188638687893,-0.226051677832899));
#3328=CARTESIAN_POINT('Ctrl Pts',(-6.56188780328912,-9.26895776324811,-0.180023984688279));
#3329=CARTESIAN_POINT('Ctrl Pts',(-6.60177280966134,-9.42093348698826,-0.141498434435515));
#3330=CARTESIAN_POINT('Ctrl Pts',(-6.65665302291514,-9.6294212239375,-0.0875380372136648));
#3331=CARTESIAN_POINT('Ctrl Pts',(-6.7697620573313,-10.0039856344825,0.0369939635298923));
#3332=CARTESIAN_POINT('Ctrl Pts',(-6.87565993420188,-10.2871831453209,0.154019160958343));
#3333=CARTESIAN_POINT('Ctrl Pts',(-6.92360493308626,-10.39101130565,0.194077571745269));
#3334=CARTESIAN_POINT('Ctrl Pts',(-6.94109032741398,-10.4263163607387,0.204634837718377));
#3335=CARTESIAN_POINT('Ctrl Pts',(-0.635779357813298,-0.241812836334111,
-0.228822002082521));
#3336=CARTESIAN_POINT('Ctrl Pts',(-0.631944916525588,-0.301988053442687,
-0.227302159689472));
#3337=CARTESIAN_POINT('Ctrl Pts',(-0.644654693508892,-0.42211326716279,
-0.225149735636021));
#3338=CARTESIAN_POINT('Ctrl Pts',(-0.752843077029273,-0.634881120804832,
-0.225961918465708));
#3339=CARTESIAN_POINT('Ctrl Pts',(-0.89017205626039,-0.744757427939075,
-0.232023497229635));
#3340=CARTESIAN_POINT('Ctrl Pts',(-1.08573838229153,-0.892029702005257,
-0.247914131458138));
#3341=CARTESIAN_POINT('Ctrl Pts',(-1.4990336593907,-1.1090198940021,-0.281879443847667));
#3342=CARTESIAN_POINT('Ctrl Pts',(-2.25556458081197,-1.44770198524271,-0.346815265440061));
#3343=CARTESIAN_POINT('Ctrl Pts',(-2.87056544334199,-1.81100286867912,-0.402980597801693));
#3344=CARTESIAN_POINT('Ctrl Pts',(-3.4482872420649,-2.22777883220675,-0.457228923299626));
#3345=CARTESIAN_POINT('Ctrl Pts',(-3.7995351061805,-2.57788509305266,-0.490373968693092));
#3346=CARTESIAN_POINT('Ctrl Pts',(-4.35731799315292,-3.20665501907162,-0.536627989973144));
#3347=CARTESIAN_POINT('Ctrl Pts',(-5.03735704915642,-4.24897031222609,-0.590642958209579));
#3348=CARTESIAN_POINT('Ctrl Pts',(-5.76162258747483,-6.17758903737639,-0.589905361269759));
#3349=CARTESIAN_POINT('Ctrl Pts',(-6.16407571854858,-7.74147012250532,-0.477179660580783));
#3350=CARTESIAN_POINT('Ctrl Pts',(-6.38281491231663,-8.63949159342549,-0.340306497660753));
#3351=CARTESIAN_POINT('Ctrl Pts',(-6.49435329793034,-9.08198642457749,-0.25056496816756));
#3352=CARTESIAN_POINT('Ctrl Pts',(-6.54618274882122,-9.27801791291484,-0.202916067008916));
#3353=CARTESIAN_POINT('Ctrl Pts',(-6.58746190304835,-9.42920095295229,-0.163048642578986));
#3354=CARTESIAN_POINT('Ctrl Pts',(-6.6438710878059,-9.63682144397746,-0.107830810496403));
#3355=CARTESIAN_POINT('Ctrl Pts',(-6.75995413256674,-10.0097127407362,0.0190822020751397));
#3356=CARTESIAN_POINT('Ctrl Pts',(-6.86893184395185,-10.2911495816107,0.138921578356976));
#3357=CARTESIAN_POINT('Ctrl Pts',(-6.91870617602562,-10.3938737025376,0.181034181685091));
#3358=CARTESIAN_POINT('Ctrl Pts',(-6.93699529729472,-10.4286806274805,0.192598126606187));
#3359=CARTESIAN_POINT('Ctrl Pts',(-0.600759715172518,-0.261989540009236,
-0.229999395411326));
#3360=CARTESIAN_POINT('Ctrl Pts',(-0.597215471861145,-0.32198711732217,
-0.228102541091233));
#3361=CARTESIAN_POINT('Ctrl Pts',(-0.610465333626215,-0.441792095909728,
-0.225058590042003));
#3362=CARTESIAN_POINT('Ctrl Pts',(-0.71922346972464,-0.654258144717718,
-0.224250319399492));
#3363=CARTESIAN_POINT('Ctrl Pts',(-0.856245056332339,-0.764355102813725,
-0.230076565902154));
#3364=CARTESIAN_POINT('Ctrl Pts',(-1.04993482162178,-0.912672759282251,
-0.249718100355879));
#3365=CARTESIAN_POINT('Ctrl Pts',(-1.45672920211351,-1.13335494836413,-0.286166479313799));
#3366=CARTESIAN_POINT('Ctrl Pts',(-2.2006899640903,-1.47923983694297,-0.349466321852938));
#3367=CARTESIAN_POINT('Ctrl Pts',(-2.80642366210336,-1.847873044416,-0.403235153415717));
#3368=CARTESIAN_POINT('Ctrl Pts',(-3.3764792803565,-2.26908540846701,-0.455000849173028));
#3369=CARTESIAN_POINT('Ctrl Pts',(-3.72487945842638,-2.62089351291527,-0.486908760010916));
#3370=CARTESIAN_POINT('Ctrl Pts',(-4.28323493224487,-3.2496241177321,-0.533441476093307));
#3371=CARTESIAN_POINT('Ctrl Pts',(-4.96828610084169,-4.28932557124296,-0.590980356835058));
#3372=CARTESIAN_POINT('Ctrl Pts',(-5.70861453040137,-6.20843510551004,-0.600168839395694));
#3373=CARTESIAN_POINT('Ctrl Pts',(-6.12687942484762,-7.76287902404516,-0.494570246753046));
#3374=CARTESIAN_POINT('Ctrl Pts',(-6.35534969825687,-8.65525229329791,-0.359086454513536));
#3375=CARTESIAN_POINT('Ctrl Pts',(-6.47172430517241,-9.0949941744639,-0.268654709858559));
#3376=CARTESIAN_POINT('Ctrl Pts',(-6.52567677715058,-9.28983652428283,-0.220090517352552));
#3377=CARTESIAN_POINT('Ctrl Pts',(-6.56856608412976,-9.44012494327988,-0.179199542786699));
#3378=CARTESIAN_POINT('Ctrl Pts',(-6.62681652148027,-9.64672677132476,-0.123299566196975));
#3379=CARTESIAN_POINT('Ctrl Pts',(-6.74639511312152,-10.0177256632042,0.0047570192599839));
#3380=CARTESIAN_POINT('Ctrl Pts',(-6.85871578274825,-10.2972824616445,0.126469931972003));
#3381=CARTESIAN_POINT('Ctrl Pts',(-6.91028113916529,-10.3988355020169,0.170524095647439));
#3382=CARTESIAN_POINT('Ctrl Pts',(-6.9293238065756,-10.4331097647123,0.183178362572929));
#3383=CARTESIAN_POINT('Ctrl Pts',(-0.555284454756621,-0.288172686079302,
-0.224573314908849));
#3384=CARTESIAN_POINT('Ctrl Pts',(-0.552206280327064,-0.347883829893673,
-0.222236734205293));
#3385=CARTESIAN_POINT('Ctrl Pts',(-0.566299453845449,-0.467187455773695,
-0.218147916421559));
#3386=CARTESIAN_POINT('Ctrl Pts',(-0.675874777929205,-0.679228350027207,
-0.215446448426964));
#3387=CARTESIAN_POINT('Ctrl Pts',(-0.812356568033992,-0.789711169763818,
-0.22104960394756));
#3388=CARTESIAN_POINT('Ctrl Pts',(-1.00331110680532,-0.939542612352727,
-0.245439879040186));
#3389=CARTESIAN_POINT('Ctrl Pts',(-1.40256120394865,-1.16447514319829,-0.281832910367166));
#3390=CARTESIAN_POINT('Ctrl Pts',(-2.13289058036512,-1.5181362956985,-0.334914519141523));
#3391=CARTESIAN_POINT('Ctrl Pts',(-2.72886273547072,-1.89237426539862,-0.37908122195815));
#3392=CARTESIAN_POINT('Ctrl Pts',(-3.29099599095216,-2.31817836055831,-0.421892157749269));
#3393=CARTESIAN_POINT('Ctrl Pts',(-3.63657187784333,-2.6717162935797,-0.44970359317069));
#3394=CARTESIAN_POINT('Ctrl Pts',(-4.19524244270516,-3.30076557506589,-0.496380852241148));
#3395=CARTESIAN_POINT('Ctrl Pts',(-4.88482134077719,-4.3383340178386,-0.561575894775913));
#3396=CARTESIAN_POINT('Ctrl Pts',(-5.64153313094952,-6.24758024294711,-0.593854034103268));
#3397=CARTESIAN_POINT('Ctrl Pts',(-6.07712265849566,-7.79149200373657,-0.506585550124947));
#3398=CARTESIAN_POINT('Ctrl Pts',(-6.31712961001887,-8.67715307587965,-0.377258602154805));
#3399=CARTESIAN_POINT('Ctrl Pts',(-6.43961886513679,-9.11343211173405,-0.287502209154498));
#3400=CARTESIAN_POINT('Ctrl Pts',(-6.4964232763559,-9.30669077826731,-0.238171224093706));
#3401=CARTESIAN_POINT('Ctrl Pts',(-6.54156627586913,-9.45573818395234,-0.196126361573058));
#3402=CARTESIAN_POINT('Ctrl Pts',(-6.60241137566308,-9.66091826732069,-0.139688430270376));
#3403=CARTESIAN_POINT('Ctrl Pts',(-6.72684745607681,-10.029328814499,-0.0109091622914298));
#3404=CARTESIAN_POINT('Ctrl Pts',(-6.8436659849953,-10.3063747345964,0.112670431562503));
#3405=CARTESIAN_POINT('Ctrl Pts',(-6.89754448003927,-10.4063567653382,0.159206889216536));
#3406=CARTESIAN_POINT('Ctrl Pts',(-6.91754991175182,-10.4399074260584,0.173348494902067));
#3407=CARTESIAN_POINT('Ctrl Pts',(-0.527850673037908,-0.303949831812827,
-0.213995174247483));
#3408=CARTESIAN_POINT('Ctrl Pts',(-0.525146475595094,-0.363430181435878,
-0.211445910352619));
#3409=CARTESIAN_POINT('Ctrl Pts',(-0.53989585285204,-0.482342541158383,
-0.206842867112588));
#3410=CARTESIAN_POINT('Ctrl Pts',(-0.650044235432272,-0.694092587320753,
-0.203223786892979));
#3411=CARTESIAN_POINT('Ctrl Pts',(-0.786053406650844,-0.804911917892861,
-0.208776867935037));
#3412=CARTESIAN_POINT('Ctrl Pts',(-0.975044879167494,-0.955820650782533,
-0.235881244796708));
#3413=CARTESIAN_POINT('Ctrl Pts',(-1.36936580913501,-1.18350868509709,-0.272968407872872));
#3414=CARTESIAN_POINT('Ctrl Pts',(-2.09100544699739,-1.54210639812196,-0.322001323211859));
#3415=CARTESIAN_POINT('Ctrl Pts',(-2.68083883384294,-1.9198619433837,-0.362027533943553));
#3416=CARTESIAN_POINT('Ctrl Pts',(-3.23802289560642,-2.34853868210508,-0.40087362506715));
#3417=CARTESIAN_POINT('Ctrl Pts',(-3.58182340550202,-2.70318672570427,-0.426757846939526));
#3418=CARTESIAN_POINT('Ctrl Pts',(-4.14023953391818,-3.33281222758927,-0.47328011598279));
#3419=CARTESIAN_POINT('Ctrl Pts',(-4.83179046245175,-4.36965469914068,-0.542043005034111));
#3420=CARTESIAN_POINT('Ctrl Pts',(-5.59764087016988,-6.27327794262453,-0.586295444391017));
#3421=CARTESIAN_POINT('Ctrl Pts',(-6.04360717070511,-7.8107443224791,-0.509067798182442));
#3422=CARTESIAN_POINT('Ctrl Pts',(-6.29085815982776,-8.6921788860696,-0.383396626538286));
#3423=CARTESIAN_POINT('Ctrl Pts',(-6.41731444771223,-9.1262253998555,-0.294241001850101));
#3424=CARTESIAN_POINT('Ctrl Pts',(-6.47602151002564,-9.31843950155315,-0.244627656778404));
#3425=CARTESIAN_POINT('Ctrl Pts',(-6.52269499646891,-9.46665487195279,-0.202071286125461));
#3426=CARTESIAN_POINT('Ctrl Pts',(-6.58531814727484,-9.67087382033774,-0.145670247581239));
#3427=CARTESIAN_POINT('Ctrl Pts',(-6.71301655007062,-10.0375862209537,-0.0172424647060121));
#3428=CARTESIAN_POINT('Ctrl Pts',(-6.83271257154795,-10.3130445428815,0.106880521108614));
#3429=CARTESIAN_POINT('Ctrl Pts',(-6.88797475409928,-10.4120257152376,0.154874583482836));
#3430=CARTESIAN_POINT('Ctrl Pts',(-6.90854532302361,-10.4451062277848,0.169988688575936));
#3431=CARTESIAN_POINT('Ctrl Pts',(-0.49236501795776,-0.3243247265231,-0.189185331308098));
#3432=CARTESIAN_POINT('Ctrl Pts',(-0.490292009850183,-0.38341349259048,
-0.186414199495546));
#3433=CARTESIAN_POINT('Ctrl Pts',(-0.506100409355003,-0.50169177236802,
-0.181269100241785));
#3434=CARTESIAN_POINT('Ctrl Pts',(-0.616996036660277,-0.713083445028147,
-0.176721394232607));
#3435=CARTESIAN_POINT('Ctrl Pts',(-0.752030160045858,-0.824581926000639,
-0.182367309052969));
#3436=CARTESIAN_POINT('Ctrl Pts',(-0.93779983832374,-0.977248355731951,
-0.213163135969264));
#3437=CARTESIAN_POINT('Ctrl Pts',(-1.32412073038956,-1.20939024176448,-0.252196991886831));
#3438=CARTESIAN_POINT('Ctrl Pts',(-2.03160305164991,-1.57601477120377,-0.298047351156619));
#3439=CARTESIAN_POINT('Ctrl Pts',(-2.61143253416153,-1.95949742484112,-0.334216519195909));
#3440=CARTESIAN_POINT('Ctrl Pts',(-3.16053589754299,-2.39286735630985,-0.369137755979767));
#3441=CARTESIAN_POINT('Ctrl Pts',(-3.5013638007633,-2.74938701008592,-0.392961819075342));
#3442=CARTESIAN_POINT('Ctrl Pts',(-4.05881616756704,-3.38035282681279,-0.438962305758234));
#3443=CARTESIAN_POINT('Ctrl Pts',(-4.7525012297046,-4.4167164767978,-0.511314956136613));
#3444=CARTESIAN_POINT('Ctrl Pts',(-5.53143700870721,-6.31215166764828,-0.569521646580094));
#3445=CARTESIAN_POINT('Ctrl Pts',(-5.99298318916182,-7.8397934170272,-0.504822479946607));
#3446=CARTESIAN_POINT('Ctrl Pts',(-6.25132993038642,-8.71474121183575,-0.384123291414273));
#3447=CARTESIAN_POINT('Ctrl Pts',(-6.38393710491362,-9.14534212790722,-0.29603815082094));
#3448=CARTESIAN_POINT('Ctrl Pts',(-6.44562428477472,-9.33593412966224,-0.246255966269518));
#3449=CARTESIAN_POINT('Ctrl Pts',(-6.49470979499764,-9.48285111752211,-0.203220422994957));
#3450=CARTESIAN_POINT('Ctrl Pts',(-6.56011685562379,-9.68558222942031,-0.147387865914955));
#3451=CARTESIAN_POINT('Ctrl Pts',(-6.69280084534993,-10.0497546370186,-0.0206097568640325));
#3452=CARTESIAN_POINT('Ctrl Pts',(-6.81670806993391,-10.3229162284781,0.103413811724431));
#3453=CARTESIAN_POINT('Ctrl Pts',(-6.87389114154516,-10.4204195740018,0.153400790516696));
#3454=CARTESIAN_POINT('Ctrl Pts',(-6.89524702575037,-10.4527840032953,0.169999014421985));
#3455=CARTESIAN_POINT('Ctrl Pts',(-0.481708929915638,-0.330437488773554,
-0.179838686255125));
#3456=CARTESIAN_POINT('Ctrl Pts',(-0.479850850988187,-0.389392640903718,
-0.177009712774386));
#3457=CARTESIAN_POINT('Ctrl Pts',(-0.496013423669061,-0.507458496470184,
-0.171721534916749));
#3458=CARTESIAN_POINT('Ctrl Pts',(-0.607134145960192,-0.718745821368985,
-0.166936532565574));
#3459=CARTESIAN_POINT('Ctrl Pts',(-0.741812590778848,-0.830490395545213,
-0.172635071688514));
#3460=CARTESIAN_POINT('Ctrl Pts',(-0.926497406036666,-0.983747267215192,
-0.204566524788768));
#3461=CARTESIAN_POINT('Ctrl Pts',(-1.31013720367917,-1.21737924430071,-0.24435943139745));
#3462=CARTESIAN_POINT('Ctrl Pts',(-2.0128665830053,-1.58669637773567,-0.289617828754771));
#3463=CARTESIAN_POINT('Ctrl Pts',(-2.58933741156001,-1.97210109490992,-0.324891831572948));
#3464=CARTESIAN_POINT('Ctrl Pts',(-3.13572543720429,-2.40704847384853,-0.358852493378797));
#3465=CARTESIAN_POINT('Ctrl Pts',(-3.47554443053205,-2.76420509669243,-0.382131822491474));
#3466=CARTESIAN_POINT('Ctrl Pts',(-4.03259725762279,-3.39567641963484,-0.427917724675416));
#3467=CARTESIAN_POINT('Ctrl Pts',(-4.7268518839004,-4.43197534706124,-0.501161046436207));
#3468=CARTESIAN_POINT('Ctrl Pts',(-5.50993733216702,-6.32479272090057,-0.563290936076871));
#3469=CARTESIAN_POINT('Ctrl Pts',(-5.97653459470625,-7.84922737381164,-0.50227552217981));
#3470=CARTESIAN_POINT('Ctrl Pts',(-6.23851110149532,-8.72205125233581,-0.383110237671788));
#3471=CARTESIAN_POINT('Ctrl Pts',(-6.3731409679856,-9.15152139660271,-0.29539723350714));
#3472=CARTESIAN_POINT('Ctrl Pts',(-6.43581213582402,-9.34157981696405,-0.245598837382686));
#3473=CARTESIAN_POINT('Ctrl Pts',(-6.48569617752127,-9.48806879913247,-0.20245147304262));
#3474=CARTESIAN_POINT('Ctrl Pts',(-6.552022757111,-9.69031090746465,-0.146972523030983));
#3475=CARTESIAN_POINT('Ctrl Pts',(-6.68633650336183,-10.0536610311763,-0.0211741748120683));
#3476=CARTESIAN_POINT('Ctrl Pts',(-6.81159324830318,-10.3260906707273,0.102402886831954));
#3477=CARTESIAN_POINT('Ctrl Pts',(-6.86937559145372,-10.4231187244952,0.152913875643501));
#3478=CARTESIAN_POINT('Ctrl Pts',(-6.8909765618985,-10.4552495567498,0.169996668283169));
#3479=CARTESIAN_POINT('Ctrl Pts',(-0.45986471734348,-0.342953162423786,
-0.156076926570247));
#3480=CARTESIAN_POINT('Ctrl Pts',(-0.458511963118311,-0.401593415071124,
-0.153146655140423));
#3481=CARTESIAN_POINT('Ctrl Pts',(-0.475489123127614,-0.519169664168597,
-0.147604195939048));
#3482=CARTESIAN_POINT('Ctrl Pts',(-0.587054660779183,-0.730262424192413,
-0.142418261821216));
#3483=CARTESIAN_POINT('Ctrl Pts',(-0.720824171286077,-0.842630798864494,
-0.148286838501929));
#3484=CARTESIAN_POINT('Ctrl Pts',(-0.902959744894102,-0.997272208190262,
-0.182673613473138));
#3485=CARTESIAN_POINT('Ctrl Pts',(-1.28025180162145,-1.23442847141184,-0.224434249549123));
#3486=CARTESIAN_POINT('Ctrl Pts',(-1.97165841594339,-1.6101576110469,-0.2691724691656));
#3487=CARTESIAN_POINT('Ctrl Pts',(-2.5401107079085,-2.00015037589825,-0.303085461753661));
#3488=CARTESIAN_POINT('Ctrl Pts',(-3.0800015517286,-2.43887259418076,-0.335443696804019));
#3489=CARTESIAN_POINT('Ctrl Pts',(-3.41737919338648,-2.79757113727654,-0.35772140758253));
#3490=CARTESIAN_POINT('Ctrl Pts',(-3.97334194600779,-3.43033981665003,-0.402929336125517));
#3491=CARTESIAN_POINT('Ctrl Pts',(-4.66869845351065,-4.46664452718814,-0.477629808550762));
#3492=CARTESIAN_POINT('Ctrl Pts',(-5.46121015103336,-6.3534800534891,-0.547382616141978));
#3493=CARTESIAN_POINT('Ctrl Pts',(-5.93944732644308,-7.87048745752856,-0.493916502687846));
#3494=CARTESIAN_POINT('Ctrl Pts',(-6.20980942657477,-8.73840119851118,-0.3780668865709));
#3495=CARTESIAN_POINT('Ctrl Pts',(-6.34911684911035,-9.1652607588917,-0.291251617296621));
#3496=CARTESIAN_POINT('Ctrl Pts',(-6.41406553214519,-9.35408816949176,-0.241497633120441));
#3497=CARTESIAN_POINT('Ctrl Pts',(-6.46579872157068,-9.49958981978577,-0.198188425803688));
#3498=CARTESIAN_POINT('Ctrl Pts',(-6.53419102477309,-9.70074107717299,-0.143880895961813));
#3499=CARTESIAN_POINT('Ctrl Pts',(-6.6720584058353,-10.0623279133007,-0.0212800225918217));
#3500=CARTESIAN_POINT('Ctrl Pts',(-6.80017057712179,-10.3332236806989,0.100375376497076));
#3501=CARTESIAN_POINT('Ctrl Pts',(-6.85920647216134,-10.4292137162823,0.151807376159087));
#3502=CARTESIAN_POINT('Ctrl Pts',(-6.88134420073126,-10.4608108030627,0.169997384270801));
#3503=CARTESIAN_POINT('Ctrl Pts',(-0.449239049550628,-0.349029569864759,
-0.140979303664891));
#3504=CARTESIAN_POINT('Ctrl Pts',(-0.448181901434365,-0.407485102336904,
-0.138012703246018));
#3505=CARTESIAN_POINT('Ctrl Pts',(-0.465623374726167,-0.524781562536199,
-0.13237544001571));
#3506=CARTESIAN_POINT('Ctrl Pts',(-0.577392257534535,-0.735794705968439,
-0.127057963001522));
#3507=CARTESIAN_POINT('Ctrl Pts',(-0.710581047483832,-0.848558468273687,
-0.133055479944616));
#3508=CARTESIAN_POINT('Ctrl Pts',(-0.891226004209682,-1.00400751499576,
-0.168732828815271));
#3509=CARTESIAN_POINT('Ctrl Pts',(-1.26477399978957,-1.2432400799055,-0.211765236157728));
#3510=CARTESIAN_POINT('Ctrl Pts',(-1.94945565425043,-1.62277588461723,-0.256792066404902));
#3511=CARTESIAN_POINT('Ctrl Pts',(-2.51313383061097,-2.01549982264749,-0.290412305885632));
#3512=CARTESIAN_POINT('Ctrl Pts',(-3.04914684789226,-2.45647528452961,-0.322281357221421));
#3513=CARTESIAN_POINT('Ctrl Pts',(-3.38504903084407,-2.81610605280826,-0.344160359322862));
#3514=CARTESIAN_POINT('Ctrl Pts',(-3.9402722140188,-3.44970719344331,-0.388979357644684));
#3515=CARTESIAN_POINT('Ctrl Pts',(-4.63607828642085,-4.48614200786095,-0.464322019519688));
#3516=CARTESIAN_POINT('Ctrl Pts',(-5.43377786736979,-6.36965477620674,-0.538130596071414));
#3517=CARTESIAN_POINT('Ctrl Pts',(-5.9185774061394,-7.88244429089916,-0.488895445396349));
#3518=CARTESIAN_POINT('Ctrl Pts',(-6.19370717864411,-8.74756370683597,-0.375034358463953));
#3519=CARTESIAN_POINT('Ctrl Pts',(-6.33568661450111,-9.17293521139369,-0.288836254305603));
#3520=CARTESIAN_POINT('Ctrl Pts',(-6.40194111649598,-9.36105964221742,-0.239177879226378));
#3521=CARTESIAN_POINT('Ctrl Pts',(-6.45473699748309,-9.50599647284562,-0.195842022935061));
#3522=CARTESIAN_POINT('Ctrl Pts',(-6.52430952808265,-9.70652811430833,-0.142224347036835));
#3523=CARTESIAN_POINT('Ctrl Pts',(-6.6641781606136,-10.0671345861079,-0.0214225769765017));
#3524=CARTESIAN_POINT('Ctrl Pts',(-6.79385679527865,-10.3371955827344,0.0991949857594042));
#3525=CARTESIAN_POINT('Ctrl Pts',(-6.85355785802779,-10.4326108187954,0.151180861723958));
#3526=CARTESIAN_POINT('Ctrl Pts',(-6.8759831853953,-10.4639059867101,0.169997195547566));
#3527=CARTESIAN_POINT('Ctrl Pts',(-0.439420415883513,-0.354627917696897,
-0.122466456014344));
#3528=CARTESIAN_POINT('Ctrl Pts',(-0.438705333114412,-0.412868987148063,
-0.119478481659829));
#3529=CARTESIAN_POINT('Ctrl Pts',(-0.456666958570766,-0.529850985288195,
-0.113779523834543));
#3530=CARTESIAN_POINT('Ctrl Pts',(-0.568589705925394,-0.740820930391004,
-0.108400437773804));
#3531=CARTESIAN_POINT('Ctrl Pts',(-0.701033422990671,-0.854087458040202,
-0.114572602308963));
#3532=CARTESIAN_POINT('Ctrl Pts',(-0.879933358118468,-1.01048001697354,
-0.151616578124652));
#3533=CARTESIAN_POINT('Ctrl Pts',(-1.24900071715993,-1.25219641576543,-0.196210989193561));
#3534=CARTESIAN_POINT('Ctrl Pts',(-1.92554018720025,-1.63634133146653,-0.242043983527327));
#3535=CARTESIAN_POINT('Ctrl Pts',(-2.48341239856846,-2.03238695287666,-0.275725576329154));
#3536=CARTESIAN_POINT('Ctrl Pts',(-3.01469135701311,-2.47611299194235,-0.30738172580111));
#3537=CARTESIAN_POINT('Ctrl Pts',(-3.34876962236292,-2.83689386660089,-0.328944734842419));
#3538=CARTESIAN_POINT('Ctrl Pts',(-3.90302571382059,-3.47154307395638,-0.373259082294352));
#3539=CARTESIAN_POINT('Ctrl Pts',(-4.59917282957522,-4.50825160766621,-0.449151046467178));
#3540=CARTESIAN_POINT('Ctrl Pts',(-5.40264673769937,-6.38803498263427,-0.527319387270454));
#3541=CARTESIAN_POINT('Ctrl Pts',(-5.89490776499915,-7.89599834141465,-0.482864635860036));
#3542=CARTESIAN_POINT('Ctrl Pts',(-6.17549378923958,-8.75791721504942,-0.371387435195697));
#3543=CARTESIAN_POINT('Ctrl Pts',(-6.32054207708958,-9.18158289982199,-0.286006602398886));
#3544=CARTESIAN_POINT('Ctrl Pts',(-6.38830060847464,-9.36890049691857,-0.236530437890196));
#3545=CARTESIAN_POINT('Ctrl Pts',(-6.44232257698389,-9.51318829498937,-0.193231766165451));
#3546=CARTESIAN_POINT('Ctrl Pts',(-6.5132516049502,-9.71301138896618,-0.140427767201146));
#3547=CARTESIAN_POINT('Ctrl Pts',(-6.65539319441091,-10.0725169995086,-0.0216647569173472));
#3548=CARTESIAN_POINT('Ctrl Pts',(-6.78680924946966,-10.3416589898789,0.0978205404002734));
#3549=CARTESIAN_POINT('Ctrl Pts',(-6.84722402267773,-10.436431764686,0.15046909094312));
#3550=CARTESIAN_POINT('Ctrl Pts',(-6.86996018014148,-10.4673833704148,0.169997248691683));
#3551=CARTESIAN_POINT('Ctrl Pts',(-0.43836689754072,-0.35522835867395,-0.120413303122574));
#3552=CARTESIAN_POINT('Ctrl Pts',(-0.437687705729606,-0.4134468252957,-0.117424551548597));
#3553=CARTESIAN_POINT('Ctrl Pts',(-0.455701292784983,-0.530397254732503,
-0.111723112796048));
#3554=CARTESIAN_POINT('Ctrl Pts',(-0.567627541032001,-0.741370236968003,
-0.106347256689321));
#3555=CARTESIAN_POINT('Ctrl Pts',(-0.699980866984056,-0.854696998868091,
-0.112544183295949));
#3556=CARTESIAN_POINT('Ctrl Pts',(-0.878687963454446,-1.01119380189572,
-0.149737268487486));
#3557=CARTESIAN_POINT('Ctrl Pts',(-1.24726271952848,-1.25318318133139,-0.194502582966988));
#3558=CARTESIAN_POINT('Ctrl Pts',(-1.92290906435468,-1.63783356977526,-0.240423889315251));
#3559=CARTESIAN_POINT('Ctrl Pts',(-2.48014482384321,-2.0342432780955,-0.274112110093778));
#3560=CARTESIAN_POINT('Ctrl Pts',(-3.01090523553603,-2.47827062528594,-0.30574464166232));
#3561=CARTESIAN_POINT('Ctrl Pts',(-3.34478356691694,-2.83917769109729,-0.327272716416574));
#3562=CARTESIAN_POINT('Ctrl Pts',(-3.89893138418448,-3.47394369227215,-0.371530761640411));
#3563=CARTESIAN_POINT('Ctrl Pts',(-4.59511346489295,-4.5106842040599,-0.447480848084944));
#3564=CARTESIAN_POINT('Ctrl Pts',(-5.39922132059897,-6.39005772142802,-0.526125576249959));
#3565=CARTESIAN_POINT('Ctrl Pts',(-5.89230349706745,-7.89748954353877,-0.482196609879634));
#3566=CARTESIAN_POINT('Ctrl Pts',(-6.17349051853983,-8.75905584765718,-0.370983410798239));
#3567=CARTESIAN_POINT('Ctrl Pts',(-6.31887696416939,-9.18253361068152,-0.285694081423684));
#3568=CARTESIAN_POINT('Ctrl Pts',(-6.38680127689671,-9.36976231273156,-0.236238971224258));
#3569=CARTESIAN_POINT('Ctrl Pts',(-6.44095841872388,-9.51397859150608,-0.192945307766095));
#3570=CARTESIAN_POINT('Ctrl Pts',(-6.51203693922889,-9.71372364777908,-0.140231252314719));
#3571=CARTESIAN_POINT('Ctrl Pts',(-6.65442867007208,-10.0731082748163,-0.0216925147177153));
#3572=CARTESIAN_POINT('Ctrl Pts',(-6.78603537668828,-10.3421495136914,0.0976688279925196));
#3573=CARTESIAN_POINT('Ctrl Pts',(-6.84652812759103,-10.4368517297497,0.150390748002758));
#3574=CARTESIAN_POINT('Ctrl Pts',(-6.86929827748258,-10.4677655200931,0.169997243241206));
#3575=CARTESIAN_POINT('Ctrl Pts',(-0.362512622973129,-0.398441251937215,
0.0325769374268843));
#3576=CARTESIAN_POINT('Ctrl Pts',(-0.364353494446193,-0.455064638896601,
0.0355084825322777));
#3577=CARTESIAN_POINT('Ctrl Pts',(-0.385809485683083,-0.569910752771725,
0.0410819410985036));
#3578=CARTESIAN_POINT('Ctrl Pts',(-0.49697103204433,-0.781702011821905,
0.0454907049414342));
#3579=CARTESIAN_POINT('Ctrl Pts',(-0.622004592922775,-0.899854221465638,
0.0370618332303065));
#3580=CARTESIAN_POINT('Ctrl Pts',(-0.786409773087216,-1.06408003583205,
-0.0110540705848272));
#3581=CARTESIAN_POINT('Ctrl Pts',(-1.11862124635786,-1.32621285696935,-0.0683646832999959));
#3582=CARTESIAN_POINT('Ctrl Pts',(-1.72837001395191,-1.74815146210406,-0.120818883973679));
#3583=CARTESIAN_POINT('Ctrl Pts',(-2.23868913348909,-2.17139758149646,-0.155002745082907));
#3584=CARTESIAN_POINT('Ctrl Pts',(-2.73122264242215,-2.63763862739085,-0.184902251732064));
#3585=CARTESIAN_POINT('Ctrl Pts',(-3.05037575061475,-3.00784871180597,-0.203832774718827));
#3586=CARTESIAN_POINT('Ctrl Pts',(-3.59640380740664,-3.65134586247723,-0.243855618388323));
#3587=CARTESIAN_POINT('Ctrl Pts',(-4.2950331490628,-4.69055899614892,-0.32390820235659));
#3588=CARTESIAN_POINT('Ctrl Pts',(-5.14590413525598,-6.53966777869669,-0.437545188950397));
#3589=CARTESIAN_POINT('Ctrl Pts',(-5.69972915188769,-8.00775080810974,-0.432468888380982));
#3590=CARTESIAN_POINT('Ctrl Pts',(-6.02540346678599,-8.84321646343522,-0.340903938133312));
#3591=CARTESIAN_POINT('Ctrl Pts',(-6.19583303710332,-9.2527803397027,-0.262495474223984));
#3592=CARTESIAN_POINT('Ctrl Pts',(-6.27603868169627,-9.43342631802882,-0.214669278913715));
#3593=CARTESIAN_POINT('Ctrl Pts',(-6.34021173900098,-9.57234577894005,-0.171811902816645));
#3594=CARTESIAN_POINT('Ctrl Pts',(-6.42236222668374,-9.76631456590452,-0.125779456064973));
#3595=CARTESIAN_POINT('Ctrl Pts',(-6.58325419886198,-10.1167636948335,-0.0238232982698469));
#3596=CARTESIAN_POINT('Ctrl Pts',(-6.72892044581893,-10.378381951863,0.0864157177274912));
#3597=CARTESIAN_POINT('Ctrl Pts',(-6.79513954162192,-10.4678758253085,0.144596972845042));
#3598=CARTESIAN_POINT('Ctrl Pts',(-6.82040819364914,-10.4959922231549,0.169997490268992));
#3599=CARTESIAN_POINT('Ctrl Pts',(-0.182472730534328,-0.500540817522952,
0.30140767082169));
#3600=CARTESIAN_POINT('Ctrl Pts',(-0.191989135124397,-0.552287860987989,
0.303389144763842));
#3601=CARTESIAN_POINT('Ctrl Pts',(-0.2236428890571,-0.660875326999968,0.307753434267575));
#3602=CARTESIAN_POINT('Ctrl Pts',(-0.331404720114128,-0.875825649331555,
0.311017640524872));
#3603=CARTESIAN_POINT('Ctrl Pts',(-0.433906493014786,-1.00888957952108,
0.301562061407491));
#3604=CARTESIAN_POINT('Ctrl Pts',(-0.560077863622522,-1.19351268460634,
0.24388133491702));
#3605=CARTESIAN_POINT('Ctrl Pts',(-0.820620422252722,-1.49432199645989,
0.171157302709698));
#3606=CARTESIAN_POINT('Ctrl Pts',(-1.31490474344321,-1.98051817402025,0.107680583236518));
#3607=CARTESIAN_POINT('Ctrl Pts',(-1.7480869970224,-2.4475026191741,0.073314454514307));
#3608=CARTESIAN_POINT('Ctrl Pts',(-2.18014832966426,-2.94911253294346,0.0481415249131128));
#3609=CARTESIAN_POINT('Ctrl Pts',(-2.47591068747112,-3.33537168331878,0.036685811714733));
#3610=CARTESIAN_POINT('Ctrl Pts',(-2.98641085878436,-4.0122177500817,0.014629192692676));
#3611=CARTESIAN_POINT('Ctrl Pts',(-3.66639500135941,-5.07453203313688,-0.0488703841824136));
#3612=CARTESIAN_POINT('Ctrl Pts',(-4.60198507017975,-6.86435882286028,-0.203331862563143));
#3613=CARTESIAN_POINT('Ctrl Pts',(-5.28824897019412,-8.24239303395476,-0.278751467082068));
#3614=CARTESIAN_POINT('Ctrl Pts',(-5.71584903613039,-9.01769138325214,-0.247317866160257));
#3615=CARTESIAN_POINT('Ctrl Pts',(-5.94513297471027,-9.3950052736157,-0.200195093507805));
#3616=CARTESIAN_POINT('Ctrl Pts',(-6.05476955130768,-9.5602718622968,-0.166299687354771));
#3617=CARTESIAN_POINT('Ctrl Pts',(-6.14322980886966,-9.68671171558974,-0.133920231667258));
#3618=CARTESIAN_POINT('Ctrl Pts',(-6.25156825833967,-9.86751705684037,-0.106564109640886));
#3619=CARTESIAN_POINT('Ctrl Pts',(-6.45251759066297,-10.2003812804122,-0.0397294930445913));
#3620=CARTESIAN_POINT('Ctrl Pts',(-6.62278944150069,-10.4499978304272,0.0573813530004511));
#3621=CARTESIAN_POINT('Ctrl Pts',(-6.69551868443939,-10.5296936061115,0.132047820530278));
#3622=CARTESIAN_POINT('Ctrl Pts',(-6.72395243915778,-10.5516809789746,0.170000482124009));
#3623=CARTESIAN_POINT('Ctrl Pts',(0.0601177371339982,-0.638715729389103,
0.485262187645846));
#3624=CARTESIAN_POINT('Ctrl Pts',(0.0430954195496228,-0.685675145349805,
0.485966591694344));
#3625=CARTESIAN_POINT('Ctrl Pts',(0.00103890803480206,-0.787877926150367,
0.488428060048048));
#3626=CARTESIAN_POINT('Ctrl Pts',(-0.105120453252154,-1.00497444812434,
0.490586044017025));
#3627=CARTESIAN_POINT('Ctrl Pts',(-0.18734093507219,-1.15169018868756,0.483531658528179));
#3628=CARTESIAN_POINT('Ctrl Pts',(-0.280821353237665,-1.3534756800851,0.436549869666625));
#3629=CARTESIAN_POINT('Ctrl Pts',(-0.482119479025691,-1.68573224947013,
0.372861845273707));
#3630=CARTESIAN_POINT('Ctrl Pts',(-0.879481865266922,-2.2254306451724,0.317711528818864));
#3631=CARTESIAN_POINT('Ctrl Pts',(-1.2480985388409,-2.72887888017672,0.293141320646093));
#3632=CARTESIAN_POINT('Ctrl Pts',(-1.62928694810826,-3.26032495954673,0.279351086188757));
#3633=CARTESIAN_POINT('Ctrl Pts',(-1.90383557015675,-3.66142897592943,0.277038275627781));
#3634=CARTESIAN_POINT('Ctrl Pts',(-2.37115554140539,-4.37630790322566,0.272906639870292));
#3635=CARTESIAN_POINT('Ctrl Pts',(-3.0337098402561,-5.46127716118609,0.237358709452635));
#3636=CARTESIAN_POINT('Ctrl Pts',(-4.07086508599458,-7.18188108898492,0.0672162430883446));
#3637=CARTESIAN_POINT('Ctrl Pts',(-4.89878731181519,-8.46426225655112,-0.0819802004431443));
#3638=CARTESIAN_POINT('Ctrl Pts',(-5.42295802841414,-9.18245771927251,-0.124157408785443));
#3639=CARTESIAN_POINT('Ctrl Pts',(-5.70337044195973,-9.53201799391339,-0.122712548740164));
#3640=CARTESIAN_POINT('Ctrl Pts',(-5.83680639117206,-9.68518997489704,-0.112423857230099));
#3641=CARTESIAN_POINT('Ctrl Pts',(-5.94408647901557,-9.80233875884709,-0.0996393264845168));
#3642=CARTESIAN_POINT('Ctrl Pts',(-6.07798820233068,-9.97038183471915,-0.0916624253023679));
#3643=CARTESIAN_POINT('Ctrl Pts',(-6.32316757780994,-10.2833668442397,-0.0520897859328458));
#3644=CARTESIAN_POINT('Ctrl Pts',(-6.52145470142519,-10.5190587705604,0.03821312035856));
#3645=CARTESIAN_POINT('Ctrl Pts',(-6.59877629704674,-10.5899385977806,0.125401138583205));
#3646=CARTESIAN_POINT('Ctrl Pts',(-6.62749466713939,-10.6073708996153,0.169994820106243));
#3647=CARTESIAN_POINT('Ctrl Pts',(0.205577463140388,-0.722042577524408,
0.557730821794629));
#3648=CARTESIAN_POINT('Ctrl Pts',(0.186088516353613,-0.767420231558137,
0.558009858865021));
#3649=CARTESIAN_POINT('Ctrl Pts',(0.140213450440929,-0.867286906544505,
0.559548260013295));
#3650=CARTESIAN_POINT('Ctrl Pts',(0.033008615409466,-1.08420374370402,0.560622430361692));
#3651=CARTESIAN_POINT('Ctrl Pts',(-0.0438529582649661,-1.23468782755021,
0.554814280413579));
#3652=CARTESIAN_POINT('Ctrl Pts',(-0.128156515701361,-1.44117728702831,
0.517960273660777));
#3653=CARTESIAN_POINT('Ctrl Pts',(-0.304197886524135,-1.78705847199543,
0.466951335621535));
#3654=CARTESIAN_POINT('Ctrl Pts',(-0.651546656815452,-2.35477966011263,
0.425157297316156));
#3655=CARTESIAN_POINT('Ctrl Pts',(-0.983836105939456,-2.87891910770272,
0.410362987368049));
#3656=CARTESIAN_POINT('Ctrl Pts',(-1.33474709508169,-3.42800719089638,0.405221482784336));
#3657=CARTESIAN_POINT('Ctrl Pts',(-1.59597257221477,-3.83770501095565,0.407277941554047));
#3658=CARTESIAN_POINT('Ctrl Pts',(-2.04652225646015,-4.56681537381673,0.407541423612245));
#3659=CARTESIAN_POINT('Ctrl Pts',(-2.71290542431502,-5.65394575769188,0.379789012550418));
#3660=CARTESIAN_POINT('Ctrl Pts',(-3.81739192418856,-7.33200127999536,0.199593061830057));
#3661=CARTESIAN_POINT('Ctrl Pts',(-4.71921454072911,-8.56690174625994,0.0165421206706319));
#3662=CARTESIAN_POINT('Ctrl Pts',(-5.28458087938199,-9.26084496867958,-0.0607848996551292));
#3663=CARTESIAN_POINT('Ctrl Pts',(-5.58314466454495,-9.60053847566764,-0.0819937307951583));
#3664=CARTESIAN_POINT('Ctrl Pts',(-5.72351228579296,-9.750279911823,-0.0837719153536359));
#3665=CARTESIAN_POINT('Ctrl Pts',(-5.83551043837785,-9.86525138796408,-0.0811975738584585));
#3666=CARTESIAN_POINT('Ctrl Pts',(-5.98042254993325,-10.0276308403519,-0.0810210307395437));
#3667=CARTESIAN_POINT('Ctrl Pts',(-6.24957747341218,-10.3287376012861,-0.0505365944676652));
#3668=CARTESIAN_POINT('Ctrl Pts',(-6.46634028542064,-10.5545437548575,0.0369014538578699));
#3669=CARTESIAN_POINT('Ctrl Pts',(-6.54765081024201,-10.6209803213216,0.125608587729866));
#3670=CARTESIAN_POINT('Ctrl Pts',(-6.575924559293,-10.6371449152627,0.169993175746234));
#3671=CARTESIAN_POINT('Ctrl Pts',(0.214935868071533,-0.727404841226701,
0.563345564454098));
#3672=CARTESIAN_POINT('Ctrl Pts',(0.19530353649009,-0.772689878902932,0.563526973998897));
#3673=CARTESIAN_POINT('Ctrl Pts',(0.149215493660878,-0.872425392051568,
0.564805813822694));
#3674=CARTESIAN_POINT('Ctrl Pts',(0.0419984673197574,-1.08936163122692,
0.565326896315142));
#3675=CARTESIAN_POINT('Ctrl Pts',(-0.034503222679521,-1.24009555612427,
0.559319126213015));
#3676=CARTESIAN_POINT('Ctrl Pts',(-0.118249983333243,-1.44686941508115,
0.523142071556827));
#3677=CARTESIAN_POINT('Ctrl Pts',(-0.292684696898535,-1.79361849053695,
0.472991533996261));
#3678=CARTESIAN_POINT('Ctrl Pts',(-0.636799433917019,-2.36315367147703,
0.432100361270693));
#3679=CARTESIAN_POINT('Ctrl Pts',(-0.966726242459774,-2.88863958139856,
0.417958675057458));
#3680=CARTESIAN_POINT('Ctrl Pts',(-1.31566014486821,-3.43887919842909,0.413386445627906));
#3681=CARTESIAN_POINT('Ctrl Pts',(-1.57601356932063,-3.84913673796523,0.415724033288795));
#3682=CARTESIAN_POINT('Ctrl Pts',(-2.02550558111063,-4.57914148459812,0.416250217133017));
#3683=CARTESIAN_POINT('Ctrl Pts',(-2.69219721787456,-5.66636644654974,0.388973252839328));
#3684=CARTESIAN_POINT('Ctrl Pts',(-3.80110470538296,-7.34164031325715,0.208116863145354));
#3685=CARTESIAN_POINT('Ctrl Pts',(-4.7077077680118,-8.57348051130462,0.0228969755791666));
#3686=CARTESIAN_POINT('Ctrl Pts',(-5.27569648229436,-9.26588051834828,-0.0566892172176059));
#3687=CARTESIAN_POINT('Ctrl Pts',(-5.57539518612162,-9.60495700943995,-0.079358059337898));
#3688=CARTESIAN_POINT('Ctrl Pts',(-5.71618594246734,-9.75448979133689,-0.0819156805060854));
#3689=CARTESIAN_POINT('Ctrl Pts',(-5.82846581685367,-9.86933271204097,-0.0800017316211025));
#3690=CARTESIAN_POINT('Ctrl Pts',(-5.97407942004278,-10.0313503959263,-0.0803191584843572));
#3691=CARTESIAN_POINT('Ctrl Pts',(-6.24478930867271,-10.3316818982154,-0.0503990494931058));
#3692=CARTESIAN_POINT('Ctrl Pts',(-6.4627649451261,-10.5568365503676,0.0368567626786771));
#3693=CARTESIAN_POINT('Ctrl Pts',(-6.54434081488997,-10.6229864283486,0.125639063744749));
#3694=CARTESIAN_POINT('Ctrl Pts',(-6.5725830751327,-10.6390741220421,0.16999322475436));
#3695=CARTESIAN_POINT('Ctrl Pts',(0.225089005681026,-0.733223144141121,
0.570642644094537));
#3696=CARTESIAN_POINT('Ctrl Pts',(0.205329794812409,-0.778424420348624,
0.570636002131306));
#3697=CARTESIAN_POINT('Ctrl Pts',(0.159083290336463,-0.878059683559525,
0.571399310965595));
#3698=CARTESIAN_POINT('Ctrl Pts',(0.0520096404359693,-1.09510695571502,
0.57075703770762));
#3699=CARTESIAN_POINT('Ctrl Pts',(-0.0240223988145293,-1.24615698125639,
0.564208805509241));
#3700=CARTESIAN_POINT('Ctrl Pts',(-0.107191698598814,-1.45322462721924,
0.528807955045934));
#3701=CARTESIAN_POINT('Ctrl Pts',(-0.279866937512344,-1.80092572586374,
0.4796539670542));
#3702=CARTESIAN_POINT('Ctrl Pts',(-0.620384556425203,-2.37248087869561,
0.439816581587859));
#3703=CARTESIAN_POINT('Ctrl Pts',(-0.947666417523802,-2.89947503289072,
0.426426576386851));
#3704=CARTESIAN_POINT('Ctrl Pts',(-1.29437947819674,-3.45100760606598,0.422503599454041));
#3705=CARTESIAN_POINT('Ctrl Pts',(-1.55374950433536,-3.86189300865867,0.425151379156861));
#3706=CARTESIAN_POINT('Ctrl Pts',(-2.00209613318009,-4.59286224360324,0.425941804871293));
#3707=CARTESIAN_POINT('Ctrl Pts',(-2.66920074851445,-5.68014015082977,0.399154104213502));
#3708=CARTESIAN_POINT('Ctrl Pts',(-3.78310616907887,-7.35228353897095,0.217551188365388));
#3709=CARTESIAN_POINT('Ctrl Pts',(-4.69502859962177,-8.58073172259294,0.0299422353100136));
#3710=CARTESIAN_POINT('Ctrl Pts',(-5.26588599702239,-9.27144430634233,-0.0521389216483699));
#3711=CARTESIAN_POINT('Ctrl Pts',(-5.5668016889598,-9.60985902135315,-0.0764248971193104));
#3712=CARTESIAN_POINT('Ctrl Pts',(-5.70803375178678,-9.75917510291145,-0.0798477941271592));
#3713=CARTESIAN_POINT('Ctrl Pts',(-5.82059964469946,-9.873889326565,-0.0786679740453463));
#3714=CARTESIAN_POINT('Ctrl Pts',(-5.96698128243653,-10.0355097895816,-0.0795223709889983));
#3715=CARTESIAN_POINT('Ctrl Pts',(-6.23942642575452,-10.3349703468144,-0.0502026681076747));
#3716=CARTESIAN_POINT('Ctrl Pts',(-6.45877286186766,-10.5593856330147,0.0368537137249854));
#3717=CARTESIAN_POINT('Ctrl Pts',(-6.54065298833965,-10.6252171990156,0.125692508058646));
#3718=CARTESIAN_POINT('Ctrl Pts',(-6.56885721048638,-10.6412252509986,0.16999316624426));
#3719=CARTESIAN_POINT('Ctrl Pts',(0.226132950582742,-0.733821389358879,
0.571409197826434));
#3720=CARTESIAN_POINT('Ctrl Pts',(0.206361087789083,-0.779014282434641,
0.571383281646796));
#3721=CARTESIAN_POINT('Ctrl Pts',(0.160099269339288,-0.878639804754313,
0.572093625401312));
#3722=CARTESIAN_POINT('Ctrl Pts',(0.0530425677648924,-1.09569976216207,
0.571332012276891));
#3723=CARTESIAN_POINT('Ctrl Pts',(-0.0229400765276317,-1.24678291945732,
0.564728324939736));
#3724=CARTESIAN_POINT('Ctrl Pts',(-0.106050489093197,-1.45388049826453,
0.529407356529053));
#3725=CARTESIAN_POINT('Ctrl Pts',(-0.278544995871765,-1.80167939300971,
0.480353673950683));
#3726=CARTESIAN_POINT('Ctrl Pts',(-0.618691363720455,-2.37344305503393,
0.440621566815094));
#3727=CARTESIAN_POINT('Ctrl Pts',(-0.945700171810673,-2.90059292503983,
0.427305841618424));
#3728=CARTESIAN_POINT('Ctrl Pts',(-1.29218364570185,-3.45225915388128,0.423447403146847));
#3729=CARTESIAN_POINT('Ctrl Pts',(-1.55145216139327,-3.86320933217283,0.426125751275072));
#3730=CARTESIAN_POINT('Ctrl Pts',(-1.99968120429115,-4.59427757686652,0.426943107710939));
#3731=CARTESIAN_POINT('Ctrl Pts',(-2.66682959090091,-5.68156012069995,0.400204725937157));
#3732=CARTESIAN_POINT('Ctrl Pts',(-3.78125136575482,-7.35338025217545,0.218524077459726));
#3733=CARTESIAN_POINT('Ctrl Pts',(-4.69372251806988,-8.58147869547259,0.0306689726748259));
#3734=CARTESIAN_POINT('Ctrl Pts',(-5.26487525483651,-9.27201756369696,-0.0516693009144726));
#3735=CARTESIAN_POINT('Ctrl Pts',(-5.56591595031884,-9.61036430108265,-0.0761219311048326));
#3736=CARTESIAN_POINT('Ctrl Pts',(-5.70719321622033,-9.7596581941075,-0.0796338716996985));
#3737=CARTESIAN_POINT('Ctrl Pts',(-5.81978830286747,-9.87435930263208,-0.0785296432344832));
#3738=CARTESIAN_POINT('Ctrl Pts',(-5.96624897363445,-10.0359388784325,-0.0794393299434166));
#3739=CARTESIAN_POINT('Ctrl Pts',(-6.23887303792022,-10.3353095720457,-0.050181533491258));
#3740=CARTESIAN_POINT('Ctrl Pts',(-6.4583609898514,-10.5596484982188,0.036853971586069));
#3741=CARTESIAN_POINT('Ctrl Pts',(-6.54027260018277,-10.6254472450568,0.125698287765096));
#3742=CARTESIAN_POINT('Ctrl Pts',(-6.56847286364372,-10.6414471537517,0.169993194399257));
#3743=CARTESIAN_POINT('Ctrl Pts',(0.24069126537789,-0.742164312397062,0.582320998889681));
#3744=CARTESIAN_POINT('Ctrl Pts',(0.220747111018683,-0.787242717471446,
0.582022553585677));
#3745=CARTESIAN_POINT('Ctrl Pts',(0.17428262267609,-0.886738707329145,0.581985335533657));
#3746=CARTESIAN_POINT('Ctrl Pts',(0.0674842808154009,-1.10398820440327,
0.579533331726947));
#3747=CARTESIAN_POINT('Ctrl Pts',(-0.00779803528535922,-1.25553992634734,
0.572144235492241));
#3748=CARTESIAN_POINT('Ctrl Pts',(-0.0900887345075888,-1.46305416412084,
0.537954897307444));
#3749=CARTESIAN_POINT('Ctrl Pts',(-0.260052173462966,-1.81222318741887,
0.490310274427607));
#3750=CARTESIAN_POINT('Ctrl Pts',(-0.595008975151066,-2.38690184391434,
0.451977754237722));
#3751=CARTESIAN_POINT('Ctrl Pts',(-0.918195678079163,-2.91623151818638,
0.439648704775671));
#3752=CARTESIAN_POINT('Ctrl Pts',(-1.26146811351084,-3.46976700631701,0.436633885143043));
#3753=CARTESIAN_POINT('Ctrl Pts',(-1.51931291006979,-3.8816250486542,0.439720375074397));
#3754=CARTESIAN_POINT('Ctrl Pts',(-1.96589941000246,-4.61407488891629,0.44091078638733));
#3755=CARTESIAN_POINT('Ctrl Pts',(-2.63366589612321,-5.70141695134497,0.414872918834375));
#3756=CARTESIAN_POINT('Ctrl Pts',(-3.75532485898558,-7.36870870010126,0.232114766826388));
#3757=CARTESIAN_POINT('Ctrl Pts',(-4.6754702247118,-8.59191790411837,0.040821206742318));
#3758=CARTESIAN_POINT('Ctrl Pts',(-5.25074483863192,-9.28003243749938,-0.0451108114137592));
#3759=CARTESIAN_POINT('Ctrl Pts',(-5.55352584096379,-9.61743278603592,-0.0718945078720325));
#3760=CARTESIAN_POINT('Ctrl Pts',(-5.69542965975003,-9.76641936625631,-0.0766556366669993));
#3761=CARTESIAN_POINT('Ctrl Pts',(-5.80842808383879,-9.88093967440925,-0.0766112936099543));
#3762=CARTESIAN_POINT('Ctrl Pts',(-5.95599288196617,-10.0419478073869,-0.0782908699477796));
#3763=CARTESIAN_POINT('Ctrl Pts',(-6.23112294882307,-10.3400587219116,-0.0498872648071969));
#3764=CARTESIAN_POINT('Ctrl Pts',(-6.45259658151324,-10.5633256162477,0.0368648105735847));
#3765=CARTESIAN_POINT('Ctrl Pts',(-6.53495018821224,-10.628665331243,0.125781502366628));
#3766=CARTESIAN_POINT('Ctrl Pts',(-6.56309457367195,-10.6445523109147,0.169992663943781));
#3767=CARTESIAN_POINT('Ctrl Pts',(0.253580185072839,-0.749551687964156,
0.594792801677205));
#3768=CARTESIAN_POINT('Ctrl Pts',(0.233544290123997,-0.794564105603244,
0.594244826924038));
#3769=CARTESIAN_POINT('Ctrl Pts',(0.187054990318605,-0.894034912718697,
0.593514001439871));
#3770=CARTESIAN_POINT('Ctrl Pts',(0.0808242673614814,-1.11164713740324,
0.589490866616704));
#3771=CARTESIAN_POINT('Ctrl Pts',(0.00633577561019074,-1.26371287261538,
0.581370644628685));
#3772=CARTESIAN_POINT('Ctrl Pts',(-0.0752851199789896,-1.4715647372621,
0.548262095842115));
#3773=CARTESIAN_POINT('Ctrl Pts',(-0.242965453403499,-1.82197283964284,
0.501654369179213));
#3774=CARTESIAN_POINT('Ctrl Pts',(-0.573098907404015,-2.3993658401402,0.463936513678073));
#3775=CARTESIAN_POINT('Ctrl Pts',(-0.892700762801426,-2.93074190950357,
0.45193787930983));
#3776=CARTESIAN_POINT('Ctrl Pts',(-1.2329405331158,-3.48604163210525,0.4491962150972));
#3777=CARTESIAN_POINT('Ctrl Pts',(-1.48943805751958,-3.89875199478326,0.452414534071653));
#3778=CARTESIAN_POINT('Ctrl Pts',(-1.93457225510321,-4.63241604522107,0.453892557064846));
#3779=CARTESIAN_POINT('Ctrl Pts',(-2.60305918344051,-5.71970323275471,0.428602950515551));
#3780=CARTESIAN_POINT('Ctrl Pts',(-3.73157097317451,-7.38273499761347,0.245413873144739));
#3781=CARTESIAN_POINT('Ctrl Pts',(-4.658819548671,-8.6014455361856,0.0514911815219244));
#3782=CARTESIAN_POINT('Ctrl Pts',(-5.23781032204543,-9.28737589573082,-0.0375093630319044));
#3783=CARTESIAN_POINT('Ctrl Pts',(-5.54211011837416,-9.62394999183519,-0.0663652058667708));
#3784=CARTESIAN_POINT('Ctrl Pts',(-5.6845353320959,-9.77268274281023,-0.0722613688450702));
#3785=CARTESIAN_POINT('Ctrl Pts',(-5.79785227869041,-9.88706430271707,-0.0731935360358594));
#3786=CARTESIAN_POINT('Ctrl Pts',(-5.94641454125963,-10.0475538048447,-0.0757632661561371));
#3787=CARTESIAN_POINT('Ctrl Pts',(-6.22387615756033,-10.344480814117,-0.048707860912484));
#3788=CARTESIAN_POINT('Ctrl Pts',(-6.44723230831253,-10.5667253551737,0.0371745446073887));
#3789=CARTESIAN_POINT('Ctrl Pts',(-6.53001478912162,-10.6316406904017,0.12590204485607));
#3790=CARTESIAN_POINT('Ctrl Pts',(-6.55810144009877,-10.6474350979272,0.169996059708022));
#3791=CARTESIAN_POINT('Ctrl Pts',(0.287083442155776,-0.768750517178025,
0.636985873055723));
#3792=CARTESIAN_POINT('Ctrl Pts',(0.266953093350448,-0.813673639862858,
0.635772113548241));
#3793=CARTESIAN_POINT('Ctrl Pts',(0.220786161727544,-0.913301579265366,
0.633178954751729));
#3794=CARTESIAN_POINT('Ctrl Pts',(0.116935054811231,-1.13238114895411,0.624912398694933));
#3795=CARTESIAN_POINT('Ctrl Pts',(0.0450274192191948,-1.28608564011919,
0.614867094615394));
#3796=CARTESIAN_POINT('Ctrl Pts',(-0.0349238304771351,-1.4947704350038,
0.585055832381612));
#3797=CARTESIAN_POINT('Ctrl Pts',(-0.195866427488605,-1.84885747215659,
0.540822192127498));
#3798=CARTESIAN_POINT('Ctrl Pts',(-0.511300752239751,-2.43454902703565,
0.502661819500433));
#3799=CARTESIAN_POINT('Ctrl Pts',(-0.819821004172659,-2.97226081237002,
0.489799597209358));
#3800=CARTESIAN_POINT('Ctrl Pts',(-1.15062706822131,-3.53304265998431,0.486149475826642));
#3801=CARTESIAN_POINT('Ctrl Pts',(-1.4029141925084,-3.94838271658904,0.489009340355837));
#3802=CARTESIAN_POINT('Ctrl Pts',(-1.84406252647307,-4.6853510707924,0.491154875447143));
#3803=CARTESIAN_POINT('Ctrl Pts',(-2.51522471199044,-5.77205765013666,0.46845958120573));
#3804=CARTESIAN_POINT('Ctrl Pts',(-3.66447323192846,-7.42230680048222,0.285772241158631));
#3805=CARTESIAN_POINT('Ctrl Pts',(-4.61259651516148,-8.62790378409117,0.0859224988293197));
#3806=CARTESIAN_POINT('Ctrl Pts',(-5.20216124087675,-9.30762609072674,-0.0111358780074433));
#3807=CARTESIAN_POINT('Ctrl Pts',(-5.5106050517137,-9.64194278854518,-0.0457045229781336));
#3808=CARTESIAN_POINT('Ctrl Pts',(-5.65435509564485,-9.79003665320956,-0.0548287417689833));
#3809=CARTESIAN_POINT('Ctrl Pts',(-5.76841656986061,-9.9041088985954,-0.0585744040320832));
#3810=CARTESIAN_POINT('Ctrl Pts',(-5.919619224001,-10.0632268244625,-0.0642272419345014));
#3811=CARTESIAN_POINT('Ctrl Pts',(-6.20336661455078,-10.3569578053796,-0.0426719058164638));
#3812=CARTESIAN_POINT('Ctrl Pts',(-6.43181937288054,-10.5764320645474,0.0389386817899104));
#3813=CARTESIAN_POINT('Ctrl Pts',(-6.51573942066973,-10.6402187060926,0.126346908984518));
#3814=CARTESIAN_POINT('Ctrl Pts',(-6.54364253245825,-10.6557829521457,0.16998125082837));
#3815=CARTESIAN_POINT('Ctrl Pts',(0.304040475963327,-0.778461308086978,
0.672428739893126));
#3816=CARTESIAN_POINT('Ctrl Pts',(0.284063396891412,-0.823453801943624,
0.670876624888361));
#3817=CARTESIAN_POINT('Ctrl Pts',(0.238602721722592,-0.923473555767469,
0.667304001569766));
#3818=CARTESIAN_POINT('Ctrl Pts',(0.137241522053866,-1.14404208439147,0.656816540388656));
#3819=CARTESIAN_POINT('Ctrl Pts',(0.06738303732427,-1.29901143745993,0.645831142653819));
#3820=CARTESIAN_POINT('Ctrl Pts',(-0.0118192308570468,-1.50805658467714,
0.618281870129536));
#3821=CARTESIAN_POINT('Ctrl Pts',(-0.168181907928135,-1.86467173498128,
0.574566551020564));
#3822=CARTESIAN_POINT('Ctrl Pts',(-0.472982280917421,-2.45639940897053,
0.533495396287732));
#3823=CARTESIAN_POINT('Ctrl Pts',(-0.773305496629614,-2.99880951735399,
0.517829637918139));
#3824=CARTESIAN_POINT('Ctrl Pts',(-1.0970485277185,-3.5636887736914,0.511644100098194));
#3825=CARTESIAN_POINT('Ctrl Pts',(-1.34617652031742,-3.98096210618651,0.513315224722936));
#3826=CARTESIAN_POINT('Ctrl Pts',(-1.78500152526424,-4.71982352193284,0.515654799065163));
#3827=CARTESIAN_POINT('Ctrl Pts',(-2.45868397854555,-5.80560519921704,0.494969122578549));
#3828=CARTESIAN_POINT('Ctrl Pts',(-3.62265458418214,-7.44690890642723,0.314704857672879));
#3829=CARTESIAN_POINT('Ctrl Pts',(-4.5848743026469,-8.64378346248741,0.113074216507929));
#3830=CARTESIAN_POINT('Ctrl Pts',(-5.18115753790031,-9.31957008740198,0.0117504744543587));
#3831=CARTESIAN_POINT('Ctrl Pts',(-5.49201037208982,-9.65257026742823,-0.0262010164803675));
#3832=CARTESIAN_POINT('Ctrl Pts',(-5.6364068701234,-9.80036020445636,-0.0373416514740506));
#3833=CARTESIAN_POINT('Ctrl Pts',(-5.75073959729167,-9.91434213834633,-0.0428945454179749));
#3834=CARTESIAN_POINT('Ctrl Pts',(-5.90334435139006,-10.0727346316459,-0.0507494546502587));
#3835=CARTESIAN_POINT('Ctrl Pts',(-6.19056830234153,-10.3646966059431,-0.0334672494526177));
#3836=CARTESIAN_POINT('Ctrl Pts',(-6.42185467612523,-10.5826296119552,0.0444751956238552));
#3837=CARTESIAN_POINT('Ctrl Pts',(-6.50637494871401,-10.6458101573383,0.130514711324995));
#3838=CARTESIAN_POINT('Ctrl Pts',(-6.53413757042934,-10.6612706445316,0.173698653774594));
#3839=CARTESIAN_POINT('Ctrl Pts',(0.319160932200055,-0.787080997789343,
0.741680788464144));
#3840=CARTESIAN_POINT('Ctrl Pts',(0.299657936008526,-0.83232067527847,0.739809647112636));
#3841=CARTESIAN_POINT('Ctrl Pts',(0.255794073047349,-0.933240227886555,
0.735249050387955));
#3842=CARTESIAN_POINT('Ctrl Pts',(0.159156930830348,-1.15660752530891,0.722513736425316));
#3843=CARTESIAN_POINT('Ctrl Pts',(0.0927379412913552,-1.31367614911211,
0.710873110551768));
#3844=CARTESIAN_POINT('Ctrl Pts',(0.0141651335105358,-1.5229847134761,0.687736360147544));
#3845=CARTESIAN_POINT('Ctrl Pts',(-0.132633692210454,-1.88496045785602,
0.644199845843327));
#3846=CARTESIAN_POINT('Ctrl Pts',(-0.413737307110694,-2.49022599753065,
0.594551888502908));
#3847=CARTESIAN_POINT('Ctrl Pts',(-0.695390628802168,-3.04336766823878,
0.571085123778915));
#3848=CARTESIAN_POINT('Ctrl Pts',(-1.00285750870275,-3.61767111136169,0.557624902333622));
#3849=CARTESIAN_POINT('Ctrl Pts',(-1.24473567482205,-4.03928185918403,0.556009941825996));
#3850=CARTESIAN_POINT('Ctrl Pts',(-1.68002311382599,-4.78095116744288,0.558303930431695));
#3851=CARTESIAN_POINT('Ctrl Pts',(-2.36039409587133,-5.86360685074924,0.541822019602924));
#3852=CARTESIAN_POINT('Ctrl Pts',(-3.55474769646816,-7.48675058806885,0.368721790747845));
#3853=CARTESIAN_POINT('Ctrl Pts',(-4.54444511841549,-8.6669507840978,0.166921326950735));
#3854=CARTESIAN_POINT('Ctrl Pts',(-5.15294276237762,-9.3356066771461,0.0596002278609991));
#3855=CARTESIAN_POINT('Ctrl Pts',(-5.46768093939596,-9.66646679142674,0.0162190080384049));
#3856=CARTESIAN_POINT('Ctrl Pts',(-5.61281427096452,-9.81392747661145,0.00163717889916787));
#3857=CARTESIAN_POINT('Ctrl Pts',(-5.72719080888018,-9.92797610418105,-0.00707332171774439));
#3858=CARTESIAN_POINT('Ctrl Pts',(-5.88148133642408,-10.0855119650301,-0.0189295640102162));
#3859=CARTESIAN_POINT('Ctrl Pts',(-6.17315871597738,-10.3752332401441,-0.00972302080928041));
#3860=CARTESIAN_POINT('Ctrl Pts',(-6.40803743081506,-10.5912236546815,0.0608185989142197));
#3861=CARTESIAN_POINT('Ctrl Pts',(-6.49318959472282,-10.6536792374208,0.143678681340524));
#3862=CARTESIAN_POINT('Ctrl Pts',(-6.52066738081684,-10.6690476621304,0.185764633352552));
#3863=CARTESIAN_POINT('Ctrl Pts',(0.322073034093458,-0.788687215721508,
0.806427742305721));
#3864=CARTESIAN_POINT('Ctrl Pts',(0.303116663067705,-0.834224397539614,
0.804467129736132));
#3865=CARTESIAN_POINT('Ctrl Pts',(0.260866946710025,-0.936060793489775,
0.799529063661293));
#3866=CARTESIAN_POINT('Ctrl Pts',(0.168520080491929,-1.1619537255214,0.785958483006309));
#3867=CARTESIAN_POINT('Ctrl Pts',(0.104944709712111,-1.32074149457949,0.774397924095757));
#3868=CARTESIAN_POINT('Ctrl Pts',(0.0264497036941378,-1.53002678552914,
0.75526499931243));
#3869=CARTESIAN_POINT('Ctrl Pts',(-0.112556783755807,-1.89639158423217,
0.717260051009265));
#3870=CARTESIAN_POINT('Ctrl Pts',(-0.373598773974936,-2.51314187889784,
0.673420689954191));
#3871=CARTESIAN_POINT('Ctrl Pts',(-0.639262267311775,-3.07548288651832,
0.653594686589705));
#3872=CARTESIAN_POINT('Ctrl Pts',(-0.932713999597281,-3.65789649035084,
0.642942113531851));
#3873=CARTESIAN_POINT('Ctrl Pts',(-1.16830687924078,-4.08323951342098,0.64221400661765));
#3874=CARTESIAN_POINT('Ctrl Pts',(-1.60090133694652,-4.82698560162762,0.644116442334494));
#3875=CARTESIAN_POINT('Ctrl Pts',(-2.28703578157583,-5.90681538112958,0.625299995150472));
#3876=CARTESIAN_POINT('Ctrl Pts',(-3.50611218444803,-7.51526375039883,0.442067478289301));
#3877=CARTESIAN_POINT('Ctrl Pts',(-4.51756044603943,-8.68235367822329,0.22694578365234));
#3878=CARTESIAN_POINT('Ctrl Pts',(-5.13519672395904,-9.34567968515584,0.108749336178585));
#3879=CARTESIAN_POINT('Ctrl Pts',(-5.45251506162855,-9.67512047373895,0.058908487221244));
#3880=CARTESIAN_POINT('Ctrl Pts',(-5.59791271744655,-9.82249412309692,0.0410481527975641));
#3881=CARTESIAN_POINT('Ctrl Pts',(-5.71202701090955,-9.93675688492577,0.0296247636459132));
#3882=CARTESIAN_POINT('Ctrl Pts',(-5.86723617820257,-10.0938419131118,0.0142214783735628));
#3883=CARTESIAN_POINT('Ctrl Pts',(-6.1616166343673,-10.3822279297506,0.0160515741312557));
#3884=CARTESIAN_POINT('Ctrl Pts',(-6.39863793325711,-10.5970709581489,0.0795289926225201));
#3885=CARTESIAN_POINT('Ctrl Pts',(-6.48404383194882,-10.6591344642145,0.159106941081591));
#3886=CARTESIAN_POINT('Ctrl Pts',(-6.51124764540055,-10.6744861489087,0.200024582263786));
#3887=CARTESIAN_POINT('Ctrl Pts',(0.303705657150625,-0.778056125027115,
0.866632903238234));
#3888=CARTESIAN_POINT('Ctrl Pts',(0.285412119042833,-0.823969565556194,
0.864873396661921));
#3889=CARTESIAN_POINT('Ctrl Pts',(0.244757036756235,-0.926721263740528,
0.860287379882816));
#3890=CARTESIAN_POINT('Ctrl Pts',(0.155847626411477,-1.15461609651679,0.847512253322406));
#3891=CARTESIAN_POINT('Ctrl Pts',(0.0940382615282058,-1.31445096620107,
0.836975325642453));
#3892=CARTESIAN_POINT('Ctrl Pts',(0.0145552538331764,-1.52314160266073,
0.822199069961271));
#3893=CARTESIAN_POINT('Ctrl Pts',(-0.124691967147525,-1.88932837816083,
0.795152093075331));
#3894=CARTESIAN_POINT('Ctrl Pts',(-0.383911643133523,-2.50709602371958,
0.769694985885904));
#3895=CARTESIAN_POINT('Ctrl Pts',(-0.647772408074582,-3.07046632589436,
0.76329619208831));
#3896=CARTESIAN_POINT('Ctrl Pts',(-0.939422650557847,-3.6539265982145,0.763828316369035));
#3897=CARTESIAN_POINT('Ctrl Pts',(-1.17391105588664,-4.07994405453038,0.767392074230468));
#3898=CARTESIAN_POINT('Ctrl Pts',(-1.60477235958543,-4.82487626241774,0.76821184636798));
#3899=CARTESIAN_POINT('Ctrl Pts',(-2.28994345820639,-5.9054404802939,0.741571536152792));
#3900=CARTESIAN_POINT('Ctrl Pts',(-3.50974767221266,-7.5133188179031,0.534425530132885));
#3901=CARTESIAN_POINT('Ctrl Pts',(-4.5212889304442,-8.68015875883717,0.2956239780733));
#3902=CARTESIAN_POINT('Ctrl Pts',(-5.1374019076718,-9.34434516443494,0.162470476746446));
#3903=CARTESIAN_POINT('Ctrl Pts',(-5.45322459590067,-9.67467445796379,0.105075513942922));
#3904=CARTESIAN_POINT('Ctrl Pts',(-5.59763890119078,-9.8226391453244,0.0838582914167493));
#3905=CARTESIAN_POINT('Ctrl Pts',(-5.71083436680262,-9.93745468220752,0.0698726745461634));
#3906=CARTESIAN_POINT('Ctrl Pts',(-5.86575270177376,-10.0947358877759,0.0512804347318819));
#3907=CARTESIAN_POINT('Ctrl Pts',(-6.16025844554565,-10.3831296502919,0.0463863952000317));
#3908=CARTESIAN_POINT('Ctrl Pts',(-6.3972839737555,-10.598002087926,0.102831686039464));
#3909=CARTESIAN_POINT('Ctrl Pts',(-6.4823190601036,-10.6601924171602,0.178478544836093));
#3910=CARTESIAN_POINT('Ctrl Pts',(-6.50920417219462,-10.6756659487142,0.217792238302712));
#3911=CARTESIAN_POINT('Ctrl Pts',(0.279366216046239,-0.764003742153574,
0.915244809960838));
#3912=CARTESIAN_POINT('Ctrl Pts',(0.261734993792342,-0.810299570919187,
0.91372937035176));
#3913=CARTESIAN_POINT('Ctrl Pts',(0.222521980424121,-0.913883847981735,
0.909588805189043));
#3914=CARTESIAN_POINT('Ctrl Pts',(0.136298363277799,-1.1433293241841,0.897772024671702));
#3915=CARTESIAN_POINT('Ctrl Pts',(0.0755459750879054,-1.30377443964683,
0.8883039791707));
#3916=CARTESIAN_POINT('Ctrl Pts',(-0.0053606414755837,-1.51164315514307,
0.877708241242396));
#3917=CARTESIAN_POINT('Ctrl Pts',(-0.148665298231502,-1.87548736900612,
0.859006547237656));
#3918=CARTESIAN_POINT('Ctrl Pts',(-0.415041238956997,-2.48912334319113,
0.84562111991023));
#3919=CARTESIAN_POINT('Ctrl Pts',(-0.684084753464844,-3.04950138350839,
0.847566348556717));
#3920=CARTESIAN_POINT('Ctrl Pts',(-0.980001332884939,-3.6304984850496,0.854791945655216));
#3921=CARTESIAN_POINT('Ctrl Pts',(-1.2159557746199,-4.05566952485173,0.860660767687261));
#3922=CARTESIAN_POINT('Ctrl Pts',(-1.64569800051765,-4.80124783260876,0.860122463153299));
#3923=CARTESIAN_POINT('Ctrl Pts',(-2.32699584717377,-5.88404827354946,0.828249119102666));
#3924=CARTESIAN_POINT('Ctrl Pts',(-3.53673567022693,-7.49773728998467,0.606416047374186));
#3925=CARTESIAN_POINT('Ctrl Pts',(-4.53858693868997,-8.67017174912004,0.352492548716648));
#3926=CARTESIAN_POINT('Ctrl Pts',(-5.14841716706307,-9.3379855014602,0.208721562199336));
#3927=CARTESIAN_POINT('Ctrl Pts',(-5.46096538659379,-9.67020531037338,0.145461036209098));
#3928=CARTESIAN_POINT('Ctrl Pts',(-5.60387787123709,-9.8190370742887,0.121412329435197));
#3929=CARTESIAN_POINT('Ctrl Pts',(-5.71589982733246,-9.93453013720705,0.105145706233472));
#3930=CARTESIAN_POINT('Ctrl Pts',(-5.87004131206487,-10.0922598574699,0.0839592310956339));
#3931=CARTESIAN_POINT('Ctrl Pts',(-6.16366090080136,-10.3811652418341,0.0736833112461953));
#3932=CARTESIAN_POINT('Ctrl Pts',(-6.39991234183615,-10.5964845989071,0.124149658257103));
#3933=CARTESIAN_POINT('Ctrl Pts',(-6.48439544576293,-10.6589936153409,0.196006902812113));
#3934=CARTESIAN_POINT('Ctrl Pts',(-6.51096670447909,-10.6746483502254,0.23362463487897));
#3935=CARTESIAN_POINT('Ctrl Pts',(0.250038621872889,-0.747090580711188,
0.956686367999675));
#3936=CARTESIAN_POINT('Ctrl Pts',(0.233031297111944,-0.793751226476262,
0.955504792002547));
#3937=CARTESIAN_POINT('Ctrl Pts',(0.195107981474414,-0.8980839547009,0.952103293565881));
#3938=CARTESIAN_POINT('Ctrl Pts',(0.111059574561527,-1.12877289412525,0.941990540902543));
#3939=CARTESIAN_POINT('Ctrl Pts',(0.0509325699215118,-1.28955935685812,
0.933979130576812));
#3940=CARTESIAN_POINT('Ctrl Pts',(-0.0316167909772548,-1.49649701006353,
0.927108484190851));
#3941=CARTESIAN_POINT('Ctrl Pts',(-0.181353841802013,-1.85665547228129,
0.914139292339352));
#3942=CARTESIAN_POINT('Ctrl Pts',(-0.460416446893695,-2.46299172603632,
0.907227979701796));
#3943=CARTESIAN_POINT('Ctrl Pts',(-0.738999836589193,-3.01787017160897,
0.913129649981353));
#3944=CARTESIAN_POINT('Ctrl Pts',(-1.04291908171675,-3.59424221490374,0.923263302858724));
#3945=CARTESIAN_POINT('Ctrl Pts',(-1.28198462178862,-4.01759069694684,0.929853687845943));
#3946=CARTESIAN_POINT('Ctrl Pts',(-1.71110699280574,-4.7633938667507,0.928066350640197));
#3947=CARTESIAN_POINT('Ctrl Pts',(-2.38671068359161,-5.84935400523598,0.892862586282496));
#3948=CARTESIAN_POINT('Ctrl Pts',(-3.57916664487547,-7.47312930813657,0.662657851133819));
#3949=CARTESIAN_POINT('Ctrl Pts',(-4.56483471139523,-8.65504790835086,0.399757894107757));
#3950=CARTESIAN_POINT('Ctrl Pts',(-5.16535329379174,-9.3282514240099,0.248908686893365));
#3951=CARTESIAN_POINT('Ctrl Pts',(-5.47356182089419,-9.66295883400265,0.181401950054004));
#3952=CARTESIAN_POINT('Ctrl Pts',(-5.61469629584543,-9.81280042343143,0.15516835079441));
#3953=CARTESIAN_POINT('Ctrl Pts',(-5.72543953375623,-9.9290157706046,0.137072563848938));
#3954=CARTESIAN_POINT('Ctrl Pts',(-5.87849459057415,-10.0873524710438,0.113662099443697));
#3955=CARTESIAN_POINT('Ctrl Pts',(-6.17050928228914,-10.3771270165424,0.098539976441426));
#3956=CARTESIAN_POINT('Ctrl Pts',(-6.40539496493282,-10.5932120539285,0.143430365050248));
#3957=CARTESIAN_POINT('Ctrl Pts',(-6.48915279601348,-10.6562023856601,0.211696727267718));
#3958=CARTESIAN_POINT('Ctrl Pts',(-6.51539173775439,-10.6720935560727,0.24775077194378));
#3959=CARTESIAN_POINT('Ctrl Pts',(0.209147799388684,-0.723536641895723,
0.984571748446498));
#3960=CARTESIAN_POINT('Ctrl Pts',(0.192692836295944,-0.770529297404658,
0.983859661714147));
#3961=CARTESIAN_POINT('Ctrl Pts',(0.155722772474103,-0.875423312541124,
0.981621042097149));
#3962=CARTESIAN_POINT('Ctrl Pts',(0.0726395568488589,-1.10663427061177,
0.974278213591911));
#3963=CARTESIAN_POINT('Ctrl Pts',(0.0121224514366807,-1.26713945664195,
0.968335996861053));
#3964=CARTESIAN_POINT('Ctrl Pts',(-0.0726158427902631,-1.47286272442645,
0.964983105719959));
#3965=CARTESIAN_POINT('Ctrl Pts',(-0.230186780706231,-1.82857786396794,
0.950681590736956));
#3966=CARTESIAN_POINT('Ctrl Pts',(-0.524731142544829,-2.42604658510619,
0.932866623798098));
#3967=CARTESIAN_POINT('Ctrl Pts',(-0.81482982503832,-2.97430013880402,0.928812137089042));
#3968=CARTESIAN_POINT('Ctrl Pts',(-1.12840793618414,-3.54508222422382,0.929664029211139));
#3969=CARTESIAN_POINT('Ctrl Pts',(-1.37123873291725,-3.96618188946912,0.931754222448639));
#3970=CARTESIAN_POINT('Ctrl Pts',(-1.80046132983446,-4.71154908721928,0.928711924499374));
#3971=CARTESIAN_POINT('Ctrl Pts',(-2.46972579637807,-5.80080581527682,0.896995572101193));
#3972=CARTESIAN_POINT('Ctrl Pts',(-3.6404102882228,-7.4374563097911,0.68007710975334));
#3973=CARTESIAN_POINT('Ctrl Pts',(-4.60512210352716,-8.63187415518567,0.427427452849657));
#3974=CARTESIAN_POINT('Ctrl Pts',(-5.1935777557246,-9.31208110020013,0.278892239949366));
#3975=CARTESIAN_POINT('Ctrl Pts',(-5.49618626723089,-9.64997073585829,0.210649663053786));
#3976=CARTESIAN_POINT('Ctrl Pts',(-5.63504065668671,-9.80108123557573,0.183250173504372));
#3977=CARTESIAN_POINT('Ctrl Pts',(-5.74414866634448,-9.91819524497677,0.163815658304398));
#3978=CARTESIAN_POINT('Ctrl Pts',(-5.89536852987676,-10.0775338760116,0.138670646762731));
#3979=CARTESIAN_POINT('Ctrl Pts',(-6.18411731407775,-10.3690307495542,0.11947177244437));
#3980=CARTESIAN_POINT('Ctrl Pts',(-6.41622665435995,-10.5866537806121,0.159224121870315));
#3981=CARTESIAN_POINT('Ctrl Pts',(-6.49879872691859,-10.6505066009502,0.223892443664867));
#3982=CARTESIAN_POINT('Ctrl Pts',(-6.52462718701791,-10.6667614669544,0.258375544611754));
#3983=CARTESIAN_POINT('Ctrl Pts',(0.159071140406097,-0.694705135795088,
1.00562975051599));
#3984=CARTESIAN_POINT('Ctrl Pts',(0.143179456223164,-0.742042338762239,
1.00546394327603));
#3985=CARTESIAN_POINT('Ctrl Pts',(0.107035134990931,-0.847429222220734,
1.00460519696586));
#3986=CARTESIAN_POINT('Ctrl Pts',(0.02423166123412,-1.0787496899305,1.00057245380826));
#3987=CARTESIAN_POINT('Ctrl Pts',(-0.0373746032712589,-1.23854332843544,
0.997071304848358));
#3988=CARTESIAN_POINT('Ctrl Pts',(-0.124924620910257,-1.4427161451433,0.997609038199225));
#3989=CARTESIAN_POINT('Ctrl Pts',(-0.289389404769385,-1.79456855612766,
0.97814901060169));
#3990=CARTESIAN_POINT('Ctrl Pts',(-0.595849048065896,-2.38526256687806,
0.938927188573846));
#3991=CARTESIAN_POINT('Ctrl Pts',(-0.894390988133132,-2.92867603388084,
0.916352337054482));
#3992=CARTESIAN_POINT('Ctrl Pts',(-1.21477905936326,-3.49550659808648,0.900321610411798));
#3993=CARTESIAN_POINT('Ctrl Pts',(-1.46012762666637,-3.91504202445767,0.894603419929201));
#3994=CARTESIAN_POINT('Ctrl Pts',(-1.88986878258128,-4.6595518235828,0.89014163636033));
#3995=CARTESIAN_POINT('Ctrl Pts',(-2.55466973052106,-5.75084931505002,0.866202447260069));
#3996=CARTESIAN_POINT('Ctrl Pts',(-3.70720165832842,-7.39843094672021,0.676354734499728));
#3997=CARTESIAN_POINT('Ctrl Pts',(-4.65302792356794,-8.60434290644758,0.445952083105984));
#3998=CARTESIAN_POINT('Ctrl Pts',(-5.22960110932026,-9.29146759534884,0.305207824750655));
#3999=CARTESIAN_POINT('Ctrl Pts',(-5.52621357451417,-9.63274386572714,0.238047270330187));
#4000=CARTESIAN_POINT('Ctrl Pts',(-5.66239603516543,-9.78532690733471,0.209873633055543));
#4001=CARTESIAN_POINT('Ctrl Pts',(-5.76945649357642,-9.90355601486773,0.189177623898361));
#4002=CARTESIAN_POINT('Ctrl Pts',(-5.91819595798458,-10.0642416714599,0.162443394682656));
#4003=CARTESIAN_POINT('Ctrl Pts',(-6.20236044311381,-10.3581443755674,0.13938921078028));
#4004=CARTESIAN_POINT('Ctrl Pts',(-6.4305742522868,-10.5779206715378,0.173906790310803));
#4005=CARTESIAN_POINT('Ctrl Pts',(-6.51155515728163,-10.6429546832508,0.23461060006556));
#4006=CARTESIAN_POINT('Ctrl Pts',(-6.53687801755936,-10.6596884466435,0.267306708195829));
#4007=CARTESIAN_POINT('Ctrl Pts',(0.128496856329077,-0.677111215161439,
1.0096535363869));
#4008=CARTESIAN_POINT('Ctrl Pts',(0.112872929718058,-0.724617017971582,
1.0097995279182));
#4009=CARTESIAN_POINT('Ctrl Pts',(0.0770073492920227,-0.830176515009917,
1.00974299783997));
#4010=CARTESIAN_POINT('Ctrl Pts',(-0.00623225327539247,-1.06120751170404,
1.00765741881146));
#4011=CARTESIAN_POINT('Ctrl Pts',(-0.0689082341372332,-1.22032362025866,
1.00556916233959));
#4012=CARTESIAN_POINT('Ctrl Pts',(-0.158225934409828,-1.42352867736512,
1.00817927187868));
#4013=CARTESIAN_POINT('Ctrl Pts',(-0.326169918726767,-1.77345744916919,
0.986715478469474));
#4014=CARTESIAN_POINT('Ctrl Pts',(-0.63814952983499,-2.36104027034434,0.937985709916711));
#4015=CARTESIAN_POINT('Ctrl Pts',(-0.9403932892346,-2.9023415795476,0.90700447818747));
#4016=CARTESIAN_POINT('Ctrl Pts',(-1.26368724493836,-3.46748009411667,0.883267048029304));
#4017=CARTESIAN_POINT('Ctrl Pts',(-1.51002270413851,-3.88636560953828,0.873900505004108));
#4018=CARTESIAN_POINT('Ctrl Pts',(-1.94032000408087,-4.63015005922385,0.868630688918573));
#4019=CARTESIAN_POINT('Ctrl Pts',(-2.6033606488088,-5.72207536581189,0.848170759821844));
#4020=CARTESIAN_POINT('Ctrl Pts',(-3.74706224122213,-7.37508174775054,0.671451355512439));
#4021=CARTESIAN_POINT('Ctrl Pts',(-4.68304580557641,-8.58710421887129,0.452276942789124));
#4022=CARTESIAN_POINT('Ctrl Pts',(-5.25303685938499,-9.2780706869613,0.315722636871615));
#4023=CARTESIAN_POINT('Ctrl Pts',(-5.54616917331218,-9.62130175500324,0.249327892397359));
#4024=CARTESIAN_POINT('Ctrl Pts',(-5.68073365118874,-9.7747681563886,0.220898827708041));
#4025=CARTESIAN_POINT('Ctrl Pts',(-5.78651728575744,-9.89368585845658,0.199686427927134));
#4026=CARTESIAN_POINT('Ctrl Pts',(-5.93358773243777,-10.0552735187599,0.172342902723161));
#4027=CARTESIAN_POINT('Ctrl Pts',(-6.21455970325936,-10.350844886002,0.14770170587173));
#4028=CARTESIAN_POINT('Ctrl Pts',(-6.44006091187739,-10.5721178833223,0.1797359170081));
#4029=CARTESIAN_POINT('Ctrl Pts',(-6.51997885378545,-10.6379557920275,0.238316108227629));
#4030=CARTESIAN_POINT('Ctrl Pts',(-6.54499074969628,-10.6550045585604,0.270011052665337));
#4031=CARTESIAN_POINT('Ctrl Pts',(0.0821457052616985,-0.650460252031875,
1.00295289848052));
#4032=CARTESIAN_POINT('Ctrl Pts',(0.0668872746693847,-0.698203548499888,
1.00351140418731));
#4033=CARTESIAN_POINT('Ctrl Pts',(0.0312302207287525,-0.803905514661176,
1.00452076116447));
#4034=CARTESIAN_POINT('Ctrl Pts',(-0.0534467048194218,-1.03403548428875,
1.0050458587086));
#4035=CARTESIAN_POINT('Ctrl Pts',(-0.118408459717479,-1.19171865351844,
1.00490791366368));
#4036=CARTESIAN_POINT('Ctrl Pts',(-0.210814032340552,-1.39324072582111,
1.0106489894622));
#4037=CARTESIAN_POINT('Ctrl Pts',(-0.384433684424326,-1.7400534205974,0.987738596581438));
#4038=CARTESIAN_POINT('Ctrl Pts',(-0.705027016715965,-2.32280628048547,
0.928433354365836));
#4039=CARTESIAN_POINT('Ctrl Pts',(-1.01293514713504,-2.86088467320295,0.887750181592257));
#4040=CARTESIAN_POINT('Ctrl Pts',(-1.34056913791956,-3.42349037590149,0.854940916385317));
#4041=CARTESIAN_POINT('Ctrl Pts',(-1.58837860806979,-3.84137345242581,0.841165736506677));
#4042=CARTESIAN_POINT('Ctrl Pts',(-2.01996087947782,-4.58365209841283,0.834628002245295));
#4043=CARTESIAN_POINT('Ctrl Pts',(-2.68112246263086,-5.67592814404147,0.818226435868296));
#4044=CARTESIAN_POINT('Ctrl Pts',(-3.81199768929646,-7.33695691695536,0.658453391006119));
#4045=CARTESIAN_POINT('Ctrl Pts',(-4.73283655716738,-8.55853163989235,0.454478928730885));
#4046=CARTESIAN_POINT('Ctrl Pts',(-5.29230689922543,-9.2556508237289,0.323984480248298));
#4047=CARTESIAN_POINT('Ctrl Pts',(-5.57971580651377,-9.6020833733693,0.258934551422367));
#4048=CARTESIAN_POINT('Ctrl Pts',(-5.71155101587715,-9.75702955452982,0.230336886282174));
#4049=CARTESIAN_POINT('Ctrl Pts',(-5.81514672936255,-9.87711865219681,0.208580973361859));
#4050=CARTESIAN_POINT('Ctrl Pts',(-5.95926533225113,-10.0402941476312,0.180847200075258));
#4051=CARTESIAN_POINT('Ctrl Pts',(-6.23453642185508,-10.3388271015631,0.155036792569776));
#4052=CARTESIAN_POINT('Ctrl Pts',(-6.45522369089186,-10.5627482472407,0.184322014521756));
#4053=CARTESIAN_POINT('Ctrl Pts',(-6.53329636522548,-10.6300109311466,0.239876896536316));
#4054=CARTESIAN_POINT('Ctrl Pts',(-6.55778380504854,-10.6476184846091,0.270003255442157));
#4055=CARTESIAN_POINT('Ctrl Pts',(0.0656055809665065,-0.640954809216237,
0.99782856668218));
#4056=CARTESIAN_POINT('Ctrl Pts',(0.0504708718892313,-0.688780137631453,
0.998522218055389));
#4057=CARTESIAN_POINT('Ctrl Pts',(0.0148479329007305,-0.794510640199236,
0.999881244350562));
#4058=CARTESIAN_POINT('Ctrl Pts',(-0.0704982453454078,-1.02422571031154,
1.00127043592568));
#4059=CARTESIAN_POINT('Ctrl Pts',(-0.136412263332398,-1.18131374206767,
1.00178967520867));
#4060=CARTESIAN_POINT('Ctrl Pts',(-0.230001523168135,-1.38219237533226,
1.00864074813073));
#4061=CARTESIAN_POINT('Ctrl Pts',(-0.405731741000886,-1.72785091290085,
0.985542250532587));
#4062=CARTESIAN_POINT('Ctrl Pts',(-0.729502065574699,-2.30882686694357,
0.923293617571916));
#4063=CARTESIAN_POINT('Ctrl Pts',(-1.03947473292904,-2.84573228320133,0.879801173687166));
#4064=CARTESIAN_POINT('Ctrl Pts',(-1.36868704174294,-3.40741589518887,0.844323490636988));
#4065=CARTESIAN_POINT('Ctrl Pts',(-1.61702275606498,-3.82493451127724,0.829213541991429));
#4066=CARTESIAN_POINT('Ctrl Pts',(-2.04915416465693,-4.56659021020645,0.822213149380492));
#4067=CARTESIAN_POINT('Ctrl Pts',(-2.7097846935897,-5.65887888550587,0.806983627215839));
#4068=CARTESIAN_POINT('Ctrl Pts',(-3.8361779036054,-7.32274245465108,0.652612437780404));
#4069=CARTESIAN_POINT('Ctrl Pts',(-4.75154483027634,-8.54780013911307,0.453673609133717));
#4070=CARTESIAN_POINT('Ctrl Pts',(-5.30712739930844,-9.24719539595161,0.325279095328702));
#4071=CARTESIAN_POINT('Ctrl Pts',(-5.59239095533048,-9.59482534841358,0.260750344118799));
#4072=CARTESIAN_POINT('Ctrl Pts',(-5.72319093439721,-9.75033079263843,0.23214236307646));
#4073=CARTESIAN_POINT('Ctrl Pts',(-5.8259506972581,-9.87086576617273,0.210246171062456));
#4074=CARTESIAN_POINT('Ctrl Pts',(-5.96892619826966,-10.0346546160399,0.182599624629749));
#4075=CARTESIAN_POINT('Ctrl Pts',(-6.2419814513035,-10.3343348128004,0.156969865507055));
#4076=CARTESIAN_POINT('Ctrl Pts',(-6.46080469570373,-10.55927962412,0.18582284107489));
#4077=CARTESIAN_POINT('Ctrl Pts',(-6.53816993964007,-10.6270946633902,0.240450110018594));
#4078=CARTESIAN_POINT('Ctrl Pts',(-6.56245846030271,-10.6449195711397,0.270005118329912));
#4079=CARTESIAN_POINT('Ctrl Pts',(0.042704372057964,-0.62780305954735,0.986725287192712));
#4080=CARTESIAN_POINT('Ctrl Pts',(0.0277453724013407,-0.675746763544168,
0.987585819998421));
#4081=CARTESIAN_POINT('Ctrl Pts',(-0.00786734615948501,-0.78149728408934,
0.9893756997158));
#4082=CARTESIAN_POINT('Ctrl Pts',(-0.0943555555463576,-1.01050747920633,
0.991840950997453));
#4083=CARTESIAN_POINT('Ctrl Pts',(-0.161812068882124,-1.16663253234937,
0.993210278190629));
#4084=CARTESIAN_POINT('Ctrl Pts',(-0.257234713184757,-1.36651647950396,
1.00165493194991));
#4085=CARTESIAN_POINT('Ctrl Pts',(-0.436280306422002,-1.71036369317833,
0.978754833139469));
#4086=CARTESIAN_POINT('Ctrl Pts',(-0.765086030199455,-2.28852401345751,
0.913414839988441));
#4087=CARTESIAN_POINT('Ctrl Pts',(-1.07835268499491,-2.82355796239581,0.866781791397433));
#4088=CARTESIAN_POINT('Ctrl Pts',(-1.41008518582448,-3.38376921657943,0.828243459485982));
#4089=CARTESIAN_POINT('Ctrl Pts',(-1.65928515387461,-3.80069202755785,0.81154078806996));
#4090=CARTESIAN_POINT('Ctrl Pts',(-2.09234684530799,-4.54132211754047,0.803854302144846));
#4091=CARTESIAN_POINT('Ctrl Pts',(-2.75237791759731,-5.63348742765909,0.789905589135901));
#4092=CARTESIAN_POINT('Ctrl Pts',(-3.87224592737608,-7.3015129326318,0.642350019896582));
#4093=CARTESIAN_POINT('Ctrl Pts',(-4.77945405218295,-8.53179809057556,0.450061496155651));
#4094=CARTESIAN_POINT('Ctrl Pts',(-5.32917468860687,-9.2346279856073,0.324583909314166));
#4095=CARTESIAN_POINT('Ctrl Pts',(-5.61117754418611,-9.58407468412254,0.260857741892761));
#4096=CARTESIAN_POINT('Ctrl Pts',(-5.74039376548203,-9.74043314479413,0.232301540797973));
#4097=CARTESIAN_POINT('Ctrl Pts',(-5.84186941672032,-9.86165079606061,0.210277593256421));
#4098=CARTESIAN_POINT('Ctrl Pts',(-5.98313200405789,-10.0263541542684,0.183105249471015));
#4099=CARTESIAN_POINT('Ctrl Pts',(-6.25292466480377,-10.3277070992762,0.158667388602849));
#4100=CARTESIAN_POINT('Ctrl Pts',(-6.46904273911895,-10.5541298545182,0.187759227174951));
#4101=CARTESIAN_POINT('Ctrl Pts',(-6.54538299184794,-10.6227665055954,0.241289858416329));
#4102=CARTESIAN_POINT('Ctrl Pts',(-6.56936840312597,-10.6409301137906,0.270004685655692));
#4103=CARTESIAN_POINT('Ctrl Pts',(0.03534077809373,-0.623575221941355,0.983024769924746));
#4104=CARTESIAN_POINT('Ctrl Pts',(0.020451292913574,-0.671564730404749,
0.983905064325819));
#4105=CARTESIAN_POINT('Ctrl Pts',(-0.0151254444431868,-0.777340752985456,
0.985738915398462));
#4106=CARTESIAN_POINT('Ctrl Pts',(-0.101913508949554,-1.00616257964619,
0.988324443351957));
#4107=CARTESIAN_POINT('Ctrl Pts',(-0.169835222949967,-1.16199479392778,
0.989835085832155));
#4108=CARTESIAN_POINT('Ctrl Pts',(-0.265862144372165,-1.36155123639209,
0.99878726592761));
#4109=CARTESIAN_POINT('Ctrl Pts',(-0.446009080780847,-1.70479702310649,
0.976021933446882));
#4110=CARTESIAN_POINT('Ctrl Pts',(-0.776503656989512,-2.28201294860585,
0.909874025828253));
#4111=CARTESIAN_POINT('Ctrl Pts',(-1.09087792281601,-2.81641757216315,0.862379026768934));
#4112=CARTESIAN_POINT('Ctrl Pts',(-1.42346210395302,-3.37613130607548,0.822985468120999));
#4113=CARTESIAN_POINT('Ctrl Pts',(-1.67295529400372,-3.79285239465307,0.805825857906752));
#4114=CARTESIAN_POINT('Ctrl Pts',(-2.10633486072943,-4.5331353426198,0.797918178626162));
#4115=CARTESIAN_POINT('Ctrl Pts',(-2.76619408214797,-5.62524263408953,0.784314309389457));
#4116=CARTESIAN_POINT('Ctrl Pts',(-3.88396304192035,-7.29461219278835,0.638781696907184));
#4117=CARTESIAN_POINT('Ctrl Pts',(-4.78851955563688,-8.52660141358551,0.448523300575409));
#4118=CARTESIAN_POINT('Ctrl Pts',(-5.33632407053075,-9.23055441207301,0.323961021561367));
#4119=CARTESIAN_POINT('Ctrl Pts',(-5.61725781400939,-9.58059631757794,0.260499908231572));
#4120=CARTESIAN_POINT('Ctrl Pts',(-5.74595344293063,-9.73723478890447,0.231971628162185));
#4121=CARTESIAN_POINT('Ctrl Pts',(-5.84700637964658,-9.8586768326286,0.209919158114011));
#4122=CARTESIAN_POINT('Ctrl Pts',(-5.98771191424372,-10.0236768722473,0.182952869709163));
#4123=CARTESIAN_POINT('Ctrl Pts',(-6.25645264074975,-10.3255665115844,0.159040886427595));
#4124=CARTESIAN_POINT('Ctrl Pts',(-6.47170491556565,-10.5524610402079,0.188342905271803));
#4125=CARTESIAN_POINT('Ctrl Pts',(-6.547717172887,-10.6213640374459,0.241560992250796));
#4126=CARTESIAN_POINT('Ctrl Pts',(-6.57160314614686,-10.639639884306,0.270004753300307));
#4127=CARTESIAN_POINT('Ctrl Pts',(0.0246415923828634,-0.617433614343541,
0.977453697271831));
#4128=CARTESIAN_POINT('Ctrl Pts',(0.0098781937904997,-0.665504488686924,
0.978316842562481));
#4129=CARTESIAN_POINT('Ctrl Pts',(-0.0255816563585824,-0.771355142210733,
0.980086900886389));
#4130=CARTESIAN_POINT('Ctrl Pts',(-0.112666452796017,-0.999982607024671,
0.98254196329175));
#4131=CARTESIAN_POINT('Ctrl Pts',(-0.181195879447094,-1.15542730025031,
0.98407964840247));
#4132=CARTESIAN_POINT('Ctrl Pts',(-0.278124963864825,-1.3544951835712,0.993763415265056));
#4133=CARTESIAN_POINT('Ctrl Pts',(-0.459940015448635,-1.6968299250874,0.971292591504886));
#4134=CARTESIAN_POINT('Ctrl Pts',(-0.793015069628942,-2.27260235591642,
0.904222751243988));
#4135=CARTESIAN_POINT('Ctrl Pts',(-1.10909127002892,-2.80603971355759,0.855675700782999));
#4136=CARTESIAN_POINT('Ctrl Pts',(-1.44298726973411,-3.36498729918447,0.815213942921564));
#4137=CARTESIAN_POINT('Ctrl Pts',(-1.692939160484,-3.78139454280414,0.797464117048595));
#4138=CARTESIAN_POINT('Ctrl Pts',(-2.12680979415846,-4.52114669114829,0.789231911720643));
#4139=CARTESIAN_POINT('Ctrl Pts',(-2.78645020666962,-5.61314267217533,0.776032166685168));
#4140=CARTESIAN_POINT('Ctrl Pts',(-3.90114581022423,-7.28448638395958,0.633201454966465));
#4141=CARTESIAN_POINT('Ctrl Pts',(-4.80178750793418,-8.5189975218431,0.445737910662345));
#4142=CARTESIAN_POINT('Ctrl Pts',(-5.34675526920076,-9.2246137570846,0.322472883341526));
#4143=CARTESIAN_POINT('Ctrl Pts',(-5.62610292996797,-9.57553806990407,0.25940640418703));
#4144=CARTESIAN_POINT('Ctrl Pts',(-5.75402496394971,-9.73259211295681,0.2309335019813));
#4145=CARTESIAN_POINT('Ctrl Pts',(-5.85444907867351,-9.85436749123734,0.208856725543491));
#4146=CARTESIAN_POINT('Ctrl Pts',(-5.99434232533316,-10.0197988228173,0.182268273952532));
#4147=CARTESIAN_POINT('Ctrl Pts',(-6.26156990599213,-10.3224553152722,0.159330483647349));
#4148=CARTESIAN_POINT('Ctrl Pts',(-6.47558949406949,-10.5500190727368,0.189134692247765));
#4149=CARTESIAN_POINT('Ctrl Pts',(-6.55113420028698,-10.6193083513125,0.241956433627251));
#4150=CARTESIAN_POINT('Ctrl Pts',(-6.57487279983273,-10.6377521488703,0.27000472140246));
#4151=CARTESIAN_POINT('Ctrl Pts',(0.0212612190234285,-0.615493379803155,
0.975677783464769));
#4152=CARTESIAN_POINT('Ctrl Pts',(0.00653822084943409,-0.663590331894905,
0.976535479653707));
#4153=CARTESIAN_POINT('Ctrl Pts',(-0.0288838603131009,-0.769465086633843,
0.978285457920469));
#4154=CARTESIAN_POINT('Ctrl Pts',(-0.116062554111843,-0.998030938313334,
0.980699723949977));
#4155=CARTESIAN_POINT('Ctrl Pts',(-0.184785721710411,-1.15335200081385,
0.982246083548092));
#4156=CARTESIAN_POINT('Ctrl Pts',(-0.282002651746218,-1.35226407253955,
0.992159694655187));
#4157=CARTESIAN_POINT('Ctrl Pts',(-0.464347453372157,-1.69430967817234,
0.969782630947869));
#4158=CARTESIAN_POINT('Ctrl Pts',(-0.79824123534829,-2.26962430202979,0.902425725419447));
#4159=CARTESIAN_POINT('Ctrl Pts',(-1.11485647516157,-2.80275537431796,0.853549552599884));
#4160=CARTESIAN_POINT('Ctrl Pts',(-1.44916791985008,-3.36146028596466,0.812753111600705));
#4161=CARTESIAN_POINT('Ctrl Pts',(-1.69926469282944,-3.77776813877946,0.794818023760417));
#4162=CARTESIAN_POINT('Ctrl Pts',(-2.13329426361233,-4.51734909918734,0.786483205395089));
#4163=CARTESIAN_POINT('Ctrl Pts',(-2.79286880293249,-5.60930678357246,0.773396751018418));
#4164=CARTESIAN_POINT('Ctrl Pts',(-3.90659053849926,-7.28127691686892,0.631383069930787));
#4165=CARTESIAN_POINT('Ctrl Pts',(-4.8059875920563,-8.51659070596587,0.444778564172355));
#4166=CARTESIAN_POINT('Ctrl Pts',(-5.3500521261934,-9.22273658962191,0.321918158151835));
#4167=CARTESIAN_POINT('Ctrl Pts',(-5.62889442966215,-9.57394196907445,0.258977689732923));
#4168=CARTESIAN_POINT('Ctrl Pts',(-5.75656984300846,-9.73112842119312,0.230524638214767));
#4169=CARTESIAN_POINT('Ctrl Pts',(-5.85679342663727,-9.85301003155003,0.208442837614345));
#4170=CARTESIAN_POINT('Ctrl Pts',(-5.9964300735528,-10.0185774075951,0.181985038861374));
#4171=CARTESIAN_POINT('Ctrl Pts',(-6.26318276017328,-10.3214737888957,0.159385109720018));
#4172=CARTESIAN_POINT('Ctrl Pts',(-6.47681742928024,-10.5492461405022,0.189376255401551));
#4173=CARTESIAN_POINT('Ctrl Pts',(-6.55221600880364,-10.6186571532907,0.242081457106064));
#4174=CARTESIAN_POINT('Ctrl Pts',(-6.57590768594068,-10.6371546570973,0.270004736382702));
#4175=CARTESIAN_POINT('Ctrl Pts',(-0.0617541353797862,-0.567849533153598,
0.931674718833316));
#4176=CARTESIAN_POINT('Ctrl Pts',(-0.0754728072571396,-0.616595018871785,
0.93239630568288));
#4177=CARTESIAN_POINT('Ctrl Pts',(-0.10995166145956,-0.723071620953761,
0.933651273335241));
#4178=CARTESIAN_POINT('Ctrl Pts',(-0.199449771445663,-0.950113665454545,
0.935063569060638));
#4179=CARTESIAN_POINT('Ctrl Pts',(-0.272979616748144,-1.10236578180963,
0.936820544134782));
#4180=CARTESIAN_POINT('Ctrl Pts',(-0.377340649104306,-1.29741212412689,
0.952348362943245));
#4181=CARTESIAN_POINT('Ctrl Pts',(-0.572765835047146,-1.6323228731945,0.932295383887556));
#4182=CARTESIAN_POINT('Ctrl Pts',(-0.926812946197468,-2.19637341656733,
0.857986157350645));
#4183=CARTESIAN_POINT('Ctrl Pts',(-1.25667579223906,-2.72197897995827,0.801104490640618));
#4184=CARTESIAN_POINT('Ctrl Pts',(-1.60117865289059,-3.27472958849517,0.752154571075619));
#4185=CARTESIAN_POINT('Ctrl Pts',(-1.85483125069692,-3.68859164359413,0.72969719103));
#4186=CARTESIAN_POINT('Ctrl Pts',(-2.29286340813217,-4.42387977365842,0.718837625815138));
#4187=CARTESIAN_POINT('Ctrl Pts',(-2.95091594679708,-5.51481153046636,0.708186509256384));
#4188=CARTESIAN_POINT('Ctrl Pts',(-4.04062658248341,-7.2022454517174,0.58536136729287));
#4189=CARTESIAN_POINT('Ctrl Pts',(-4.90924510008294,-8.45742670740515,0.419276484619183));
#4190=CARTESIAN_POINT('Ctrl Pts',(-5.43095441905114,-9.17668324935968,0.306224747063895));
#4191=CARTESIAN_POINT('Ctrl Pts',(-5.69728206399933,-9.53484693072503,0.24641035203571));
#4192=CARTESIAN_POINT('Ctrl Pts',(-5.81884744478949,-9.69531204134561,0.218498784953771));
#4193=CARTESIAN_POINT('Ctrl Pts',(-5.91410142600221,-9.81982468285223,0.196356225150391));
#4194=CARTESIAN_POINT('Ctrl Pts',(-6.04744867428293,-9.98872122252649,0.173383137487115));
#4195=CARTESIAN_POINT('Ctrl Pts',(-6.30265033708709,-10.2974309053887,0.15981918561629));
#4196=CARTESIAN_POINT('Ctrl Pts',(-6.50697637211717,-10.5302372620293,0.195097409552219));
#4197=CARTESIAN_POINT('Ctrl Pts',(-6.57883713615506,-10.6026232895358,0.245152126945409));
#4198=CARTESIAN_POINT('Ctrl Pts',(-6.60136791678749,-10.6224551859642,0.270004256977804));
#4199=CARTESIAN_POINT('Ctrl Pts',(-0.214231058880679,-0.48054581454272,
0.833108582448267));
#4200=CARTESIAN_POINT('Ctrl Pts',(-0.225526326822009,-0.530866057516341,
0.833494852501489));
#4201=CARTESIAN_POINT('Ctrl Pts',(-0.257479115765996,-0.638947515677622,
0.833798291097043));
#4202=CARTESIAN_POINT('Ctrl Pts',(-0.35167707966368,-0.862803908094283,
0.833488663464254));
#4203=CARTESIAN_POINT('Ctrl Pts',(-0.436133974956308,-1.00799612383751,
0.835586229424079));
#4204=CARTESIAN_POINT('Ctrl Pts',(-0.556905348669476,-1.19422991661348,
0.860022338479765));
#4205=CARTESIAN_POINT('Ctrl Pts',(-0.779510774191736,-1.51451453949216,
0.845216819455684));
#4206=CARTESIAN_POINT('Ctrl Pts',(-1.17341909243492,-2.05650086733842,0.762829321403592));
#4207=CARTESIAN_POINT('Ctrl Pts',(-1.52851009474622,-2.56785541507709,0.694927941637769));
#4208=CARTESIAN_POINT('Ctrl Pts',(-1.89189145492503,-3.10952681984045,0.634172814628348));
#4209=CARTESIAN_POINT('Ctrl Pts',(-2.15201411122554,-3.51864903076803,0.604719749719532));
#4210=CARTESIAN_POINT('Ctrl Pts',(-2.60176302056484,-4.24210539249496,0.589007512260239));
#4211=CARTESIAN_POINT('Ctrl Pts',(-3.26284336466251,-5.32641952580381,0.577838362829089));
#4212=CARTESIAN_POINT('Ctrl Pts',(-4.30995358478817,-7.04254192158325,0.482862156403774));
#4213=CARTESIAN_POINT('Ctrl Pts',(-5.11723527020415,-8.33849849308563,0.355291751940922));
#4214=CARTESIAN_POINT('Ctrl Pts',(-5.59204744614117,-9.08535233253216,0.266332228816345));
#4215=CARTESIAN_POINT('Ctrl Pts',(-5.83130299228914,-9.45846337315974,0.21742903673585));
#4216=CARTESIAN_POINT('Ctrl Pts',(-5.93933021750521,-9.62610821351454,0.193684977255849));
#4217=CARTESIAN_POINT('Ctrl Pts',(-6.02341501721552,-9.75646046941733,0.17429846444178));
#4218=CARTESIAN_POINT('Ctrl Pts',(-6.14376174322938,-9.9320907013611,0.15934418569081));
#4219=CARTESIAN_POINT('Ctrl Pts',(-6.37679073111721,-10.251414104328,0.163142211472643));
#4220=CARTESIAN_POINT('Ctrl Pts',(-6.56455659868848,-10.4929113576728,0.206951629335822));
#4221=CARTESIAN_POINT('Ctrl Pts',(-6.63021063754602,-10.5712647948544,0.2508476008409));
#4222=CARTESIAN_POINT('Ctrl Pts',(-6.65021882587894,-10.5942511004495,0.270001459102336));
#4223=CARTESIAN_POINT('Ctrl Pts',(-0.48912856436839,-0.323677415210345,
0.584529711920224));
#4224=CARTESIAN_POINT('Ctrl Pts',(-0.494608485523756,-0.377799356363861,
0.584176935614195));
#4225=CARTESIAN_POINT('Ctrl Pts',(-0.520008233025887,-0.490034626035777,
0.58279035935118));
#4226=CARTESIAN_POINT('Ctrl Pts',(-0.623731078358023,-0.707197380326527,
0.579605567403629));
#4227=CARTESIAN_POINT('Ctrl Pts',(-0.733041505430196,-0.836140266004809,
0.58155124501878));
#4228=CARTESIAN_POINT('Ctrl Pts',(-0.890903856158997,-1.00263407126802,
0.615123412055812));
#4229=CARTESIAN_POINT('Ctrl Pts',(-1.17307790268178,-1.29122426537256,0.611909435224475));
#4230=CARTESIAN_POINT('Ctrl Pts',(-1.65437570420187,-1.78515850532988,0.532771858192111));
#4231=CARTESIAN_POINT('Ctrl Pts',(-2.06423252896183,-2.26568946222404,0.459975435850841));
#4232=CARTESIAN_POINT('Ctrl Pts',(-2.46840448186355,-2.78335584844649,0.391173915431305));
#4233=CARTESIAN_POINT('Ctrl Pts',(-2.74310588337579,-3.18152041745058,0.354816065171968));
#4234=CARTESIAN_POINT('Ctrl Pts',(-3.22646030218348,-3.87275697175132,0.329536448793934));
#4235=CARTESIAN_POINT('Ctrl Pts',(-3.90563730214798,-4.93430513200013,0.303917780717977));
#4236=CARTESIAN_POINT('Ctrl Pts',(-4.87072218495717,-6.70813875692447,0.239830310507665));
#4237=CARTESIAN_POINT('Ctrl Pts',(-5.54841879616107,-8.09247615423167,0.185742538350485));
#4238=CARTESIAN_POINT('Ctrl Pts',(-5.92241848682255,-8.89885257793439,0.159112559346899));
#4239=CARTESIAN_POINT('Ctrl Pts',(-6.10302923655824,-9.30409519832886,0.14570064068294));
#4240=CARTESIAN_POINT('Ctrl Pts',(-6.18155990727568,-9.4871597304539,0.139126885760373));
#4241=CARTESIAN_POINT('Ctrl Pts',(-6.2412213893727,-9.6300724915671,0.133426219356034));
#4242=CARTESIAN_POINT('Ctrl Pts',(-6.33379542101145,-9.81978404456396,0.137433699484528));
#4243=CARTESIAN_POINT('Ctrl Pts',(-6.52149582139412,-10.1597439973882,0.174071843931917));
#4244=CARTESIAN_POINT('Ctrl Pts',(-6.67803452975166,-10.4170692157018,0.23005318646456));
#4245=CARTESIAN_POINT('Ctrl Pts',(-6.73290972082035,-10.5076762414899,0.260386109283163));
#4246=CARTESIAN_POINT('Ctrl Pts',(-6.74791998913482,-10.5378433075436,0.270001316000048));
#4247=CARTESIAN_POINT('Ctrl Pts',(-0.658512259968532,-0.2273165948862,0.346629480699096));
#4248=CARTESIAN_POINT('Ctrl Pts',(-0.659685694225178,-0.284270109935293,
0.345907224261139));
#4249=CARTESIAN_POINT('Ctrl Pts',(-0.680017350943064,-0.399719314739985,
0.343749362067629));
#4250=CARTESIAN_POINT('Ctrl Pts',(-0.790045126257813,-0.612313632117226,
0.338817325873742));
#4251=CARTESIAN_POINT('Ctrl Pts',(-0.917074519700693,-0.729549743462748,
0.339072194992664));
#4252=CARTESIAN_POINT('Ctrl Pts',(-1.10019038809773,-0.882764788756211,
0.368312557953051));
#4253=CARTESIAN_POINT('Ctrl Pts',(-1.42933338270736,-1.14633388080922,0.372486660625199));
#4254=CARTESIAN_POINT('Ctrl Pts',(-1.98798933894143,-1.5974723226005,0.315489895353911));
#4255=CARTESIAN_POINT('Ctrl Pts',(-2.4494100319756,-2.04885108075414,0.257801834712173));
#4256=CARTESIAN_POINT('Ctrl Pts',(-2.89400674329496,-2.54282495351283,0.20054612288688));
#4257=CARTESIAN_POINT('Ctrl Pts',(-3.18488274925111,-2.92967663928283,0.167263853366639));
#4258=CARTESIAN_POINT('Ctrl Pts',(-3.69815033273855,-3.59368135468934,0.135127680055719));
#4259=CARTESIAN_POINT('Ctrl Pts',(-4.391203356525,-4.63764514688727,0.0917989634387602));
#4260=CARTESIAN_POINT('Ctrl Pts',(-5.28633458459651,-6.45991322982247,0.0355750323013471));
#4261=CARTESIAN_POINT('Ctrl Pts',(-5.86158751007639,-7.91393867421405,0.0326205025385143));
#4262=CARTESIAN_POINT('Ctrl Pts',(-6.16221559730182,-8.76370088380369,0.0609019766068434));
#4263=CARTESIAN_POINT('Ctrl Pts',(-6.30249016954603,-9.1908894319037,0.0827751399309763));
#4264=CARTESIAN_POINT('Ctrl Pts',(-6.36162064281084,-9.38390331571855,0.0948927020198428));
#4265=CARTESIAN_POINT('Ctrl Pts',(-6.40562690844045,-9.53465754642289,0.104926790630471));
#4266=CARTESIAN_POINT('Ctrl Pts',(-6.47758427132622,-9.73475413531867,0.123742735710742));
#4267=CARTESIAN_POINT('Ctrl Pts',(-6.62911968460886,-10.0912931692856,0.180667984911724));
#4268=CARTESIAN_POINT('Ctrl Pts',(-6.76064640169459,-10.3613484880551,0.242038725803189));
#4269=CARTESIAN_POINT('Ctrl Pts',(-6.80849950625821,-10.4606963614485,0.264234179283432));
#4270=CARTESIAN_POINT('Ctrl Pts',(-6.82119596285476,-10.4955374043904,0.270001040506191));
#4271=CARTESIAN_POINT('Ctrl Pts',(-0.760668565248841,-0.169019757079759,
0.159449129594828));
#4272=CARTESIAN_POINT('Ctrl Pts',(-0.759885857214344,-0.227267235415677,
0.158811599922737));
#4273=CARTESIAN_POINT('Ctrl Pts',(-0.778004273972764,-0.344131496977696,
0.156615688407752));
#4274=CARTESIAN_POINT('Ctrl Pts',(-0.891267049364143,-0.554415529078066,
0.150483332265119));
#4275=CARTESIAN_POINT('Ctrl Pts',(-1.02647501453101,-0.666225715065898,
0.148209430282844));
#4276=CARTESIAN_POINT('Ctrl Pts',(-1.2194099445799,-0.814392145225651,0.167660890896702));
#4277=CARTESIAN_POINT('Ctrl Pts',(-1.57969777508583,-1.06097922716979,0.173890568343212));
#4278=CARTESIAN_POINT('Ctrl Pts',(-2.20201718612797,-1.47625162167604,0.139612589235356));
#4279=CARTESIAN_POINT('Ctrl Pts',(-2.71041755436679,-1.90080138397379,0.100820123849599));
#4280=CARTESIAN_POINT('Ctrl Pts',(-3.19449604926668,-2.37181201853752,0.0599336089575339));
#4281=CARTESIAN_POINT('Ctrl Pts',(-3.50256781021198,-2.74779440623422,0.0329117172718976));
#4282=CARTESIAN_POINT('Ctrl Pts',(-4.03306325778288,-3.39710350509787,-0.00382866809602641));
#4283=CARTESIAN_POINT('Ctrl Pts',(-4.72353345364663,-4.43799456896654,-0.0552841601621071));
#4284=CARTESIAN_POINT('Ctrl Pts',(-5.55307931445933,-6.30196462459802,-0.101189534227017));
#4285=CARTESIAN_POINT('Ctrl Pts',(-6.05486176944963,-7.80343421315748,-0.0694697258965082));
#4286=CARTESIAN_POINT('Ctrl Pts',(-6.31369457394978,-8.67781544986227,-0.00539471682152583));
#4287=CARTESIAN_POINT('Ctrl Pts',(-6.43514324746437,-9.1152332568508,0.0394645551896068));
#4288=CARTESIAN_POINT('Ctrl Pts',(-6.48688031324363,-9.31191914477475,0.0637946339685658));
#4289=CARTESIAN_POINT('Ctrl Pts',(-6.52572878585718,-9.46508052658686,0.0841465410124102));
#4290=CARTESIAN_POINT('Ctrl Pts',(-6.58513180036063,-9.67170166745282,0.111262971327161));
#4291=CARTESIAN_POINT('Ctrl Pts',(-6.70872322129247,-10.0423237845501,0.178513265131341));
#4292=CARTESIAN_POINT('Ctrl Pts',(-6.81802842011441,-10.3243931882392,0.243636673828814));
#4293=CARTESIAN_POINT('Ctrl Pts',(-6.86061896517097,-10.429013748067,0.264251692021101));
#4294=CARTESIAN_POINT('Ctrl Pts',(-6.87366236384077,-10.4652459136574,0.270001442594889));
#4295=CARTESIAN_POINT('Ctrl Pts',(-0.767613537650926,-0.16505540571917,
0.146465883645821));
#4296=CARTESIAN_POINT('Ctrl Pts',(-0.76670183576196,-0.22338827992019,0.145836053838502));
#4297=CARTESIAN_POINT('Ctrl Pts',(-0.784675169773871,-0.340345411956566,
0.143640399703461));
#4298=CARTESIAN_POINT('Ctrl Pts',(-0.898154824022894,-0.550474862422906,
0.137426126006022));
#4299=CARTESIAN_POINT('Ctrl Pts',(-1.03390376782531,-0.661925997588464,
0.134971606536443));
#4300=CARTESIAN_POINT('Ctrl Pts',(-1.22747369853089,-0.809766979067358,
0.153714760217684));
#4301=CARTESIAN_POINT('Ctrl Pts',(-1.58989543792693,-1.0551883694818,0.160069605406469));
#4302=CARTESIAN_POINT('Ctrl Pts',(-2.21664194004913,-1.46796384344436,0.127389515433066));
#4303=CARTESIAN_POINT('Ctrl Pts',(-2.72832966573773,-1.89063520645288,0.0899386098329214));
#4304=CARTESIAN_POINT('Ctrl Pts',(-3.21518050669822,-2.3600340505127,0.0502190264302962));
#4305=CARTESIAN_POINT('Ctrl Pts',(-3.52446589873659,-2.73525328492939,0.0236490710956659));
#4306=CARTESIAN_POINT('Ctrl Pts',(-4.05612807460194,-3.38357363865918,-0.013406329245581));
#4307=CARTESIAN_POINT('Ctrl Pts',(-4.74634941695503,-4.42430553182799,-0.0655195330461853));
#4308=CARTESIAN_POINT('Ctrl Pts',(-5.57126965663737,-6.29120075096688,-0.111057446455875));
#4309=CARTESIAN_POINT('Ctrl Pts',(-6.0679666408587,-7.79593994207656,-0.0772636686493914));
#4310=CARTESIAN_POINT('Ctrl Pts',(-6.32396413693245,-8.67199056066636,-0.010873432926467));
#4311=CARTESIAN_POINT('Ctrl Pts',(-6.44416369289984,-9.11008708585083,0.0355164236391561));
#4312=CARTESIAN_POINT('Ctrl Pts',(-6.49542381455063,-9.30700875048732,0.0606747287340543));
#4313=CARTESIAN_POINT('Ctrl Pts',(-6.5339476977212,-9.46031966427545,0.0817329750977246));
#4314=CARTESIAN_POINT('Ctrl Pts',(-6.59250555283772,-9.66738073560393,0.109532143871057));
#4315=CARTESIAN_POINT('Ctrl Pts',(-6.71418706444448,-10.0389694826466,0.177839830899964));
#4316=CARTESIAN_POINT('Ctrl Pts',(-6.82196518436763,-10.321866431004,0.243588515707386));
#4317=CARTESIAN_POINT('Ctrl Pts',(-6.86420063358527,-10.4268402690416,0.264238860627759));
#4318=CARTESIAN_POINT('Ctrl Pts',(-6.87727816307987,-10.4631583309934,0.270001400442364));
#4319=CARTESIAN_POINT('Ctrl Pts',(-0.775764461723334,-0.160401174865379,
0.130915250430471));
#4320=CARTESIAN_POINT('Ctrl Pts',(-0.774706551513818,-0.218830920096466,
0.130296774672396));
#4321=CARTESIAN_POINT('Ctrl Pts',(-0.792516380672542,-0.335892839767361,
0.128104499624736));
#4322=CARTESIAN_POINT('Ctrl Pts',(-0.906245893629899,-0.545844536412449,
0.121792627383764));
#4323=CARTESIAN_POINT('Ctrl Pts',(-1.04260938850904,-0.656887571630236,
0.119114607839259));
#4324=CARTESIAN_POINT('Ctrl Pts',(-1.23688133238672,-0.804370206368131,
0.136973049669212));
#4325=CARTESIAN_POINT('Ctrl Pts',(-1.60182542585713,-1.04841096634637,0.143455458032946));
#4326=CARTESIAN_POINT('Ctrl Pts',(-2.23389374842634,-1.45818125626741,0.112719310437594));
#4327=CARTESIAN_POINT('Ctrl Pts',(-2.74955801169671,-1.87857907297165,0.0769146219801908));
#4328=CARTESIAN_POINT('Ctrl Pts',(-3.23977650658701,-2.3460208531735,0.0386346540101684));
#4329=CARTESIAN_POINT('Ctrl Pts',(-3.55054155256051,-2.72031455870768,0.0126270882830658));
#4330=CARTESIAN_POINT('Ctrl Pts',(-4.0835632741288,-3.36749051132724,-0.0248020925245745));
#4331=CARTESIAN_POINT('Ctrl Pts',(-4.77336524536877,-4.40811907803628,-0.0778119810215895));
#4332=CARTESIAN_POINT('Ctrl Pts',(-5.59256174310298,-6.27860927228431,-0.123308606883233));
#4333=CARTESIAN_POINT('Ctrl Pts',(-6.08310638729998,-7.78728094031969,-0.0874168869874214));
#4334=CARTESIAN_POINT('Ctrl Pts',(-6.33575544679265,-8.66530175569777,-0.0184530329483829));
#4335=CARTESIAN_POINT('Ctrl Pts',(-6.45451938121463,-9.1041787039562,0.0296923555890212));
#4336=CARTESIAN_POINT('Ctrl Pts',(-6.50525116686623,-9.30136024733777,0.0558183359889951));
#4337=CARTESIAN_POINT('Ctrl Pts',(-6.54342761773045,-9.45482855394307,0.0777097952229965));
#4338=CARTESIAN_POINT('Ctrl Pts',(-6.60103361585066,-9.6623844018614,0.106449891672742));
#4339=CARTESIAN_POINT('Ctrl Pts',(-6.72054817709478,-10.0350690412283,0.176420103616094));
#4340=CARTESIAN_POINT('Ctrl Pts',(-6.82660011310072,-10.3189008747777,0.243343637735688));
#4341=CARTESIAN_POINT('Ctrl Pts',(-6.86845091431566,-10.4242659105515,0.264206545430249));
#4342=CARTESIAN_POINT('Ctrl Pts',(-6.88158182527067,-10.460673610469,0.270001454659094));
#4343=CARTESIAN_POINT('Ctrl Pts',(-0.777059950969671,-0.159661419854669,
0.128422492329568));
#4344=CARTESIAN_POINT('Ctrl Pts',(-0.775976795737832,-0.21810771494419,
0.127803386100081));
#4345=CARTESIAN_POINT('Ctrl Pts',(-0.793754877184433,-0.33518961076146,
0.125604680122015));
#4346=CARTESIAN_POINT('Ctrl Pts',(-0.907509906809329,-0.545121265661515,
0.119260253004535));
#4347=CARTESIAN_POINT('Ctrl Pts',(-1.04396247247279,-0.656104429123885,
0.11653636034243));
#4348=CARTESIAN_POINT('Ctrl Pts',(-1.23834494377247,-0.803530694502835,
0.134252101835483));
#4349=CARTESIAN_POINT('Ctrl Pts',(-1.6036959594207,-1.04734850923602,0.140759310979015));
#4350=CARTESIAN_POINT('Ctrl Pts',(-2.23662739885159,-1.45663115718896,0.110347993554508));
#4351=CARTESIAN_POINT('Ctrl Pts',(-2.75293787353024,-1.87665941968716,0.0748181768811605));
#4352=CARTESIAN_POINT('Ctrl Pts',(-3.24370446834635,-2.34378273359022,0.0367788874347665));
#4353=CARTESIAN_POINT('Ctrl Pts',(-3.55471022706669,-2.71792616978036,0.0108657705839274));
#4354=CARTESIAN_POINT('Ctrl Pts',(-4.08794821320227,-3.3649202834182,-0.0266231318059215));
#4355=CARTESIAN_POINT('Ctrl Pts',(-4.77767900861919,-4.40553518667406,-0.0797799290023562));
#4356=CARTESIAN_POINT('Ctrl Pts',(-5.59595385304292,-6.27660352400146,-0.12528213078279));
#4357=CARTESIAN_POINT('Ctrl Pts',(-6.08551192099713,-7.78590509217336,-0.0890664114918976));
#4358=CARTESIAN_POINT('Ctrl Pts',(-6.33762634925184,-8.66424043805467,-0.0196968862034071));
#4359=CARTESIAN_POINT('Ctrl Pts',(-6.4561622926248,-9.10324133989979,0.0287270345649966));
#4360=CARTESIAN_POINT('Ctrl Pts',(-6.50681074412524,-9.3004638386372,0.0550070935868272));
#4361=CARTESIAN_POINT('Ctrl Pts',(-6.54493280661775,-9.45395669924194,0.0770314833928265));
#4362=CARTESIAN_POINT('Ctrl Pts',(-6.60238840930993,-9.66159069517514,0.105925902350452));
#4363=CARTESIAN_POINT('Ctrl Pts',(-6.72156017018872,-10.0344486503754,0.176174220045297));
#4364=CARTESIAN_POINT('Ctrl Pts',(-6.82733932384497,-10.3184281905461,0.24329873546634));
#4365=CARTESIAN_POINT('Ctrl Pts',(-6.86912983881179,-10.4238548397326,0.26420080765863));
#4366=CARTESIAN_POINT('Ctrl Pts',(-6.88226966959437,-10.4602764833636,0.270001411833636));
#4367=CARTESIAN_POINT('Ctrl Pts',(-0.788702808737871,-0.153012763289212,
0.105874534668064));
#4368=CARTESIAN_POINT('Ctrl Pts',(-0.787375092194768,-0.211617927919292,
0.105229398233602));
#4369=CARTESIAN_POINT('Ctrl Pts',(-0.804816407618144,-0.328908991886114,
0.102914666841577));
#4370=CARTESIAN_POINT('Ctrl Pts',(-0.918672948490189,-0.538734520224994,
0.0961350314712227));
#4371=CARTESIAN_POINT('Ctrl Pts',(-1.05584759720746,-0.649225195064279,
0.0929124730906065));
#4372=CARTESIAN_POINT('Ctrl Pts',(-1.2512141624113,-0.796149910678528,0.109330090480435));
#4373=CARTESIAN_POINT('Ctrl Pts',(-1.62027000689639,-1.03793605824692,0.116097437072827));
#4374=CARTESIAN_POINT('Ctrl Pts',(-2.26109030636601,-1.44275964039911,0.0887263704295319));
#4375=CARTESIAN_POINT('Ctrl Pts',(-2.78331969934032,-1.85940226033415,0.0557697804875314));
#4376=CARTESIAN_POINT('Ctrl Pts',(-3.27910809240339,-2.32360815380075,0.0199827601937947));
#4377=CARTESIAN_POINT('Ctrl Pts',(-3.59232454944683,-2.69637416920168,-0.00504024996712213));
#4378=CARTESIAN_POINT('Ctrl Pts',(-4.12750994404782,-3.34173401688502,-0.0430661981099594));
#4379=CARTESIAN_POINT('Ctrl Pts',(-4.81657180106094,-4.38224508621007,-0.0975733321781562));
#4380=CARTESIAN_POINT('Ctrl Pts',(-5.6264656029497,-6.25856413251336,-0.143227686356348));
#4381=CARTESIAN_POINT('Ctrl Pts',(-6.10709215293505,-7.77356196988449,-0.104183885460275));
#4382=CARTESIAN_POINT('Ctrl Pts',(-6.35439021206239,-8.65473050086084,-0.0311979925866476));
#4383=CARTESIAN_POINT('Ctrl Pts',(-6.47088338592548,-9.09484209004692,0.0197232374041284));
#4384=CARTESIAN_POINT('Ctrl Pts',(-6.52079168551413,-9.29242785847814,0.0473901472244257));
#4385=CARTESIAN_POINT('Ctrl Pts',(-6.55843421044451,-9.44613630180294,0.0706127204867892));
#4386=CARTESIAN_POINT('Ctrl Pts',(-6.61454745072404,-9.65446760417823,0.100932859750708));
#4387=CARTESIAN_POINT('Ctrl Pts',(-6.73065451021374,-10.028874807668,0.173794932272));
#4388=CARTESIAN_POINT('Ctrl Pts',(-6.8339964626532,-10.3141739017557,0.242844167833717));
#4389=CARTESIAN_POINT('Ctrl Pts',(-6.87525423661447,-10.4201480392377,0.264145135855266));
#4390=CARTESIAN_POINT('Ctrl Pts',(-6.88847810760715,-10.4566920400057,0.27000187412553));
#4391=CARTESIAN_POINT('Ctrl Pts',(-0.796680937248657,-0.148467351503623,
0.0833017750930953));
#4392=CARTESIAN_POINT('Ctrl Pts',(-0.79513684293897,-0.207212081213642,
0.082625333089659));
#4393=CARTESIAN_POINT('Ctrl Pts',(-0.812259254913596,-0.324699471496595,
0.0801783544109373));
#4394=CARTESIAN_POINT('Ctrl Pts',(-0.926099012477192,-0.534495325382655,
0.0729272045499425));
#4395=CARTESIAN_POINT('Ctrl Pts',(-1.06380474926716,-0.64461675521359,0.0691952306536804));
#4396=CARTESIAN_POINT('Ctrl Pts',(-1.25993947876284,-0.791153155952475,
0.0843764654079492));
#4397=CARTESIAN_POINT('Ctrl Pts',(-1.63254828296143,-1.03097690145871,0.0916467857601439));
#4398=CARTESIAN_POINT('Ctrl Pts',(-2.28122178523143,-1.43134560386291,0.0678479377399855));
#4399=CARTESIAN_POINT('Ctrl Pts',(-2.8094277120825,-1.84456388602185,0.037905417986752));
#4400=CARTESIAN_POINT('Ctrl Pts',(-3.31033147025893,-2.30580144155996,0.00477150370975028));
#4401=CARTESIAN_POINT('Ctrl Pts',(-3.62580216600894,-2.67718224329613,-0.0191761796041205));
#4402=CARTESIAN_POINT('Ctrl Pts',(-4.16265951959634,-3.32115436454683,-0.0576771748622884));
#4403=CARTESIAN_POINT('Ctrl Pts',(-4.85086645849412,-4.36175307187876,-0.113607095612662));
#4404=CARTESIAN_POINT('Ctrl Pts',(-5.65283925899251,-6.24298653429585,-0.160170781771584));
#4405=CARTESIAN_POINT('Ctrl Pts',(-6.12529615421216,-7.76314816902968,-0.1193370780243));
#4406=CARTESIAN_POINT('Ctrl Pts',(-6.36834796858102,-8.64681172219549,-0.0434942980388063));
#4407=CARTESIAN_POINT('Ctrl Pts',(-6.48312088772666,-9.08785958535498,0.00951652380913305));
#4408=CARTESIAN_POINT('Ctrl Pts',(-6.53244712813399,-9.28572834142611,0.0383801987329681));
#4409=CARTESIAN_POINT('Ctrl Pts',(-6.56973973622094,-9.43958804687373,0.0626528081849702));
#4410=CARTESIAN_POINT('Ctrl Pts',(-6.62477901367129,-9.64847503035505,0.0944910980816237));
#4411=CARTESIAN_POINT('Ctrl Pts',(-6.73840944081896,-10.0241297414976,0.170466751255216));
#4412=CARTESIAN_POINT('Ctrl Pts',(-6.83980343394459,-10.3104809525206,0.242069801979256));
#4413=CARTESIAN_POINT('Ctrl Pts',(-6.88067447644936,-10.416877108786,0.264059214719835));
#4414=CARTESIAN_POINT('Ctrl Pts',(-6.89399828306925,-10.4535049652167,0.2699996444134));
#4415=CARTESIAN_POINT('Ctrl Pts',(-0.806960345751869,-0.142652815890322,
0.0318683649654217));
#4416=CARTESIAN_POINT('Ctrl Pts',(-0.804938848113087,-0.201702153932803,
0.0311416388366583));
#4417=CARTESIAN_POINT('Ctrl Pts',(-0.821289538434796,-0.31965926303643,
0.0284438406903324));
#4418=CARTESIAN_POINT('Ctrl Pts',(-0.934747914012995,-0.529597383964828,
0.020223589741717));
#4419=CARTESIAN_POINT('Ctrl Pts',(-1.07328236951123,-0.63911639054153,0.0153845293075087));
#4420=CARTESIAN_POINT('Ctrl Pts',(-1.27082710806342,-0.784947964098469,
0.0277249839003507));
#4421=CARTESIAN_POINT('Ctrl Pts',(-1.65189769279578,-1.02006228148389,0.0362723407175672));
#4422=CARTESIAN_POINT('Ctrl Pts',(-2.31992394453185,-1.4094143884749,0.0210431483024992));
#4423=CARTESIAN_POINT('Ctrl Pts',(-2.86305831188893,-1.81406562694383,-0.00163259732897169));
#4424=CARTESIAN_POINT('Ctrl Pts',(-3.37682359907233,-2.26784792045963,-0.0283493775767437));
#4425=CARTESIAN_POINT('Ctrl Pts',(-3.69797820279549,-2.63578137121914,-0.0496598831061796));
#4426=CARTESIAN_POINT('Ctrl Pts',(-4.23830431334268,-3.27691459853943,-0.0891739878462213));
#4427=CARTESIAN_POINT('Ctrl Pts',(-4.92393103783769,-4.31819939302321,-0.148504114763687));
#4428=CARTESIAN_POINT('Ctrl Pts',(-5.70728054047608,-6.21086049412507,-0.19833765391869));
#4429=CARTESIAN_POINT('Ctrl Pts',(-6.16122988894944,-7.74259241781295,-0.154940055582366));
#4430=CARTESIAN_POINT('Ctrl Pts',(-6.39505950126886,-8.63166642688358,-0.0736096395659076));
#4431=CARTESIAN_POINT('Ctrl Pts',(-6.5063015029602,-9.07464019850322,-0.0163566781382669));
#4432=CARTESIAN_POINT('Ctrl Pts',(-6.55454544523952,-9.27302877561643,0.0150059228031802));
#4433=CARTESIAN_POINT('Ctrl Pts',(-6.59126447381444,-9.42711915007065,0.0414994220624915));
#4434=CARTESIAN_POINT('Ctrl Pts',(-6.64442081118772,-9.63696582209695,0.0770363108749651));
#4435=CARTESIAN_POINT('Ctrl Pts',(-6.75374809430023,-10.0147439292018,0.161100558507382));
#4436=CARTESIAN_POINT('Ctrl Pts',(-6.85190680760422,-10.3028194368607,0.239709982747872));
#4437=CARTESIAN_POINT('Ctrl Pts',(-6.89230002363895,-10.4098848824547,0.263808642850177));
#4438=CARTESIAN_POINT('Ctrl Pts',(-6.90589736458248,-10.4466350273021,0.270005608276266));
#4439=CARTESIAN_POINT('Ctrl Pts',(-0.808491841159584,-0.141845757406938,
-0.00713382515086198));
#4440=CARTESIAN_POINT('Ctrl Pts',(-0.80611672737994,-0.201117843414476,
-0.00788040201756675));
#4441=CARTESIAN_POINT('Ctrl Pts',(-0.821836987885674,-0.319454431022126,
-0.0107242028511167));
#4442=CARTESIAN_POINT('Ctrl Pts',(-0.934715537410627,-0.529677333695248,
-0.0195854543300673));
#4443=CARTESIAN_POINT('Ctrl Pts',(-1.07356827883752,-0.638933067501884,
-0.0252164010914465));
#4444=CARTESIAN_POINT('Ctrl Pts',(-1.27191551630827,-0.78437138665152,-0.0150546252341853));
#4445=CARTESIAN_POINT('Ctrl Pts',(-1.65971525027466,-1.01571350477556,-0.00544939632607087));
#4446=CARTESIAN_POINT('Ctrl Pts',(-2.34363510285264,-1.39598995818824,-0.0138495432941473));
#4447=CARTESIAN_POINT('Ctrl Pts',(-2.89917346665557,-1.79351303208901,-0.0307096989687182));
#4448=CARTESIAN_POINT('Ctrl Pts',(-3.42369271073843,-2.24106750489922,-0.0522699227182366));
#4449=CARTESIAN_POINT('Ctrl Pts',(-3.7496035136058,-2.6061486526499,-0.0714394383965947));
#4450=CARTESIAN_POINT('Ctrl Pts',(-4.29229165023731,-3.24538181490967,-0.111671234846206));
#4451=CARTESIAN_POINT('Ctrl Pts',(-4.97544579092567,-4.2875787212744,-0.173717893989501));
#4452=CARTESIAN_POINT('Ctrl Pts',(-5.74418657265004,-6.18910742435855,-0.226977771818611));
#4453=CARTESIAN_POINT('Ctrl Pts',(-6.1841474610291,-7.7294832037508,-0.182821225243538));
#4454=CARTESIAN_POINT('Ctrl Pts',(-6.41131748993869,-8.62245729578135,-0.0981272815078188));
#4455=CARTESIAN_POINT('Ctrl Pts',(-6.52017814769533,-9.06673367109865,-0.0380601063009112));
#4456=CARTESIAN_POINT('Ctrl Pts',(-6.5677886266935,-9.26542060238153,-0.00497886237420127));
#4457=CARTESIAN_POINT('Ctrl Pts',(-6.60424594419092,-9.41959762253137,0.0230667595622616));
#4458=CARTESIAN_POINT('Ctrl Pts',(-6.65642204817216,-9.6299284997073,0.0613228195784552));
#4459=CARTESIAN_POINT('Ctrl Pts',(-6.76355578183046,-10.0087414888819,0.151476351314601));
#4460=CARTESIAN_POINT('Ctrl Pts',(-6.86022554935165,-10.297584538178,0.235504460310659));
#4461=CARTESIAN_POINT('Ctrl Pts',(-6.90057871497817,-10.4049254468014,0.261349806606355));
#4462=CARTESIAN_POINT('Ctrl Pts',(-6.91441955841162,-10.441714736401,0.26779299754014));
#4463=CARTESIAN_POINT('Ctrl Pts',(-0.801865407403832,-0.145735577115021,
-0.0447576631016594));
#4464=CARTESIAN_POINT('Ctrl Pts',(-0.799138782096956,-0.205226038803345,
-0.0454486287597815));
#4465=CARTESIAN_POINT('Ctrl Pts',(-0.814170006809077,-0.323973308402357,
-0.0482435133930409));
#4466=CARTESIAN_POINT('Ctrl Pts',(-0.926154414737772,-0.534670952475956,
-0.0573193123377503));
#4467=CARTESIAN_POINT('Ctrl Pts',(-1.06500267874239,-0.643863266198894,
-0.0635356371936448));
#4468=CARTESIAN_POINT('Ctrl Pts',(-1.26385317529337,-0.789069195685867,
-0.0557521325710562));
#4469=CARTESIAN_POINT('Ctrl Pts',(-1.65930150482876,-1.01608909932256,-0.0455399506374979));
#4470=CARTESIAN_POINT('Ctrl Pts',(-2.36193207053076,-1.38564636465855,-0.0477909101873481));
#4471=CARTESIAN_POINT('Ctrl Pts',(-2.93225245208683,-1.77466266895386,-0.059294201099429));
#4472=CARTESIAN_POINT('Ctrl Pts',(-3.46966958680916,-2.21475475110319,-0.0760686777338693));
#4473=CARTESIAN_POINT('Ctrl Pts',(-3.80129113993592,-2.57645054275417,-0.0932346318206547));
#4474=CARTESIAN_POINT('Ctrl Pts',(-4.3461620250327,-3.21397824714221,-0.134172552289438));
#4475=CARTESIAN_POINT('Ctrl Pts',(-5.0258128193753,-4.25776992535312,-0.199047462044677));
#4476=CARTESIAN_POINT('Ctrl Pts',(-5.77772843126715,-6.16937230784442,-0.256444945704029));
#4477=CARTESIAN_POINT('Ctrl Pts',(-6.20232610725511,-7.71908924470068,-0.212381344388222));
#4478=CARTESIAN_POINT('Ctrl Pts',(-6.4226197111541,-8.61607924226132,-0.124840930890813));
#4479=CARTESIAN_POINT('Ctrl Pts',(-6.52926861979492,-9.06157258034049,-0.0621933159028125));
#4480=CARTESIAN_POINT('Ctrl Pts',(-6.57644236877174,-9.26045572591038,-0.0274834834319461));
#4481=CARTESIAN_POINT('Ctrl Pts',(-6.61285324465836,-9.4146060535452,0.00205403129387013));
#4482=CARTESIAN_POINT('Ctrl Pts',(-6.66455313656276,-9.6251440217192,0.042924792771657));
#4483=CARTESIAN_POINT('Ctrl Pts',(-6.77069225471402,-10.0043390203529,0.138983450598446));
#4484=CARTESIAN_POINT('Ctrl Pts',(-6.86698451060121,-10.2933235683496,0.228397232102236));
#4485=CARTESIAN_POINT('Ctrl Pts',(-6.90770584024173,-10.4006613962385,0.256124386686382));
#4486=CARTESIAN_POINT('Ctrl Pts',(-6.92185905632373,-10.4374195402788,0.262901918834793));
#4487=CARTESIAN_POINT('Ctrl Pts',(-0.795541817364495,-0.149431658010872,
-0.0722336246277299));
#4488=CARTESIAN_POINT('Ctrl Pts',(-0.792558482707522,-0.209081209775537,
-0.0728670697469154));
#4489=CARTESIAN_POINT('Ctrl Pts',(-0.807078288771124,-0.328132818653924,
-0.0755838917223248));
#4490=CARTESIAN_POINT('Ctrl Pts',(-0.918367514930845,-0.539202573457647,
-0.0847265631447759));
#4491=CARTESIAN_POINT('Ctrl Pts',(-1.05716845745317,-0.648375672808331,
-0.0913330305809225));
#4492=CARTESIAN_POINT('Ctrl Pts',(-1.25633696203945,-0.793439009690593,
-0.0853607681075432));
#4493=CARTESIAN_POINT('Ctrl Pts',(-1.65762524080615,-1.01715328114184,-0.0748231504094818));
#4494=CARTESIAN_POINT('Ctrl Pts',(-2.37464541872491,-1.37846153256786,-0.0727049698528824));
#4495=CARTESIAN_POINT('Ctrl Pts',(-2.95636315836565,-1.76091705065908,-0.0803741133446052));
#4496=CARTESIAN_POINT('Ctrl Pts',(-3.50373577236299,-2.19525020176143,-0.0937084712751465));
#4497=CARTESIAN_POINT('Ctrl Pts',(-3.83976947817567,-2.55433641513017,-0.109436500074135));
#4498=CARTESIAN_POINT('Ctrl Pts',(-4.38623257045191,-3.19063094647288,-0.150900588779501));
#4499=CARTESIAN_POINT('Ctrl Pts',(-5.06308354460034,-4.23573743005671,-0.217892494894187));
#4500=CARTESIAN_POINT('Ctrl Pts',(-5.80205368386524,-6.1550674570932,-0.278448653402801));
#4501=CARTESIAN_POINT('Ctrl Pts',(-6.21495654974413,-7.71186860664896,-0.234568951502247));
#4502=CARTESIAN_POINT('Ctrl Pts',(-6.43009284136181,-8.61186846990115,-0.144989163411985));
#4503=CARTESIAN_POINT('Ctrl Pts',(-6.53512887608931,-9.05825070571937,-0.0804597347358984));
#4504=CARTESIAN_POINT('Ctrl Pts',(-6.58201606676889,-9.25725986225325,-0.0445536152852802));
#4505=CARTESIAN_POINT('Ctrl Pts',(-6.61843397563886,-9.41136840646783,-0.0139171226003056));
#4506=CARTESIAN_POINT('Ctrl Pts',(-6.66986792390001,-9.62201208102306,0.0288681656714726));
#4507=CARTESIAN_POINT('Ctrl Pts',(-6.77547203049983,-10.00138043978,0.129251678193897));
#4508=CARTESIAN_POINT('Ctrl Pts',(-6.87167155956336,-10.2903646188049,0.222632574289189));
#4509=CARTESIAN_POINT('Ctrl Pts',(-6.91273760176397,-10.397651115207,0.251774639684689));
#4510=CARTESIAN_POINT('Ctrl Pts',(-6.92713647089916,-10.4343726235532,0.25881772407228));
#4511=CARTESIAN_POINT('Ctrl Pts',(-0.783366702405877,-0.15651431724333,
-0.107329057805558));
#4512=CARTESIAN_POINT('Ctrl Pts',(-0.780051394636672,-0.216368387949029,
-0.10784205917366));
#4513=CARTESIAN_POINT('Ctrl Pts',(-0.793884755228938,-0.335827035047789,
-0.110339748980562));
#4514=CARTESIAN_POINT('Ctrl Pts',(-0.904145844243203,-0.547455820957085,
-0.119315576315812));
#4515=CARTESIAN_POINT('Ctrl Pts',(-1.04275249138857,-0.656686111758678,
-0.126311598486099));
#4516=CARTESIAN_POINT('Ctrl Pts',(-1.24219201032133,-0.801641434071357,
-0.122840742736799));
#4517=CARTESIAN_POINT('Ctrl Pts',(-1.65110870293348,-1.02102949828371,-0.114038268175259));
#4518=CARTESIAN_POINT('Ctrl Pts',(-2.38718627756717,-1.3714044715891,-0.111334113826497));
#4519=CARTESIAN_POINT('Ctrl Pts',(-2.98405971846993,-1.74513286036137,-0.118039512450542));
#4520=CARTESIAN_POINT('Ctrl Pts',(-3.54470492206795,-2.17178992452916,-0.130407366134514));
#4521=CARTESIAN_POINT('Ctrl Pts',(-3.88663542332221,-2.52739810309493,-0.145754528982542));
#4522=CARTESIAN_POINT('Ctrl Pts',(-4.43511985904197,-3.16215470144919,-0.187909518630645));
#4523=CARTESIAN_POINT('Ctrl Pts',(-5.10825909457152,-4.20904771124777,-0.2558611133728));
#4524=CARTESIAN_POINT('Ctrl Pts',(-5.83051423997765,-6.13832775891504,-0.315271195256917));
#4525=CARTESIAN_POINT('Ctrl Pts',(-6.22852004945587,-7.70412225956855,-0.267318141262773));
#4526=CARTESIAN_POINT('Ctrl Pts',(-6.43727683870314,-8.60784348330196,-0.17321469465886));
#4527=CARTESIAN_POINT('Ctrl Pts',(-6.5404377393026,-9.05525835314003,-0.105652650287863));
#4528=CARTESIAN_POINT('Ctrl Pts',(-6.58707560449882,-9.25436486418322,-0.0680859428682846));
#4529=CARTESIAN_POINT('Ctrl Pts',(-6.62361060619585,-9.40836123242068,-0.0360215830160163));
#4530=CARTESIAN_POINT('Ctrl Pts',(-6.67493078152417,-9.61901407176964,0.00922185864692231));
#4531=CARTESIAN_POINT('Ctrl Pts',(-6.78038541759479,-9.99830858999835,0.115162428188318));
#4532=CARTESIAN_POINT('Ctrl Pts',(-6.87697887764967,-10.2870016403527,0.213701405315865));
#4533=CARTESIAN_POINT('Ctrl Pts',(-6.91869324539789,-10.3940883305003,0.244758591859772));
#4534=CARTESIAN_POINT('Ctrl Pts',(-6.93345288480418,-10.430725840285,0.252198193116068));
#4535=CARTESIAN_POINT('Ctrl Pts',(-0.75585446738145,-0.172457357108693,
-0.152206481518226));
#4536=CARTESIAN_POINT('Ctrl Pts',(-0.752129346623299,-0.23256221036631,
-0.152390534621891));
#4537=CARTESIAN_POINT('Ctrl Pts',(-0.765077871514364,-0.352543539332102,
-0.15417056850732));
#4538=CARTESIAN_POINT('Ctrl Pts',(-0.873865358172014,-0.564984989041094,
-0.162027157767937));
#4539=CARTESIAN_POINT('Ctrl Pts',(-1.01199746820835,-0.674428610791045,
-0.169165521706954));
#4540=CARTESIAN_POINT('Ctrl Pts',(-1.21137016309786,-0.819475955864464,
-0.169748841882533));
#4541=CARTESIAN_POINT('Ctrl Pts',(-1.62883546619352,-1.03401456964667,-0.16902800132015));
#4542=CARTESIAN_POINT('Ctrl Pts',(-2.38706514273609,-1.37167668927807,-0.178449987934556));
#4543=CARTESIAN_POINT('Ctrl Pts',(-3.00172613662939,-1.73516081714675,-0.193984651204038));
#4544=CARTESIAN_POINT('Ctrl Pts',(-3.57804562600339,-2.15275382088172,-0.213842022686449));
#4545=CARTESIAN_POINT('Ctrl Pts',(-3.9270687968471,-2.50418596110043,-0.232419359736165));
#4546=CARTESIAN_POINT('Ctrl Pts',(-4.4782923094961,-3.1369520750004,-0.275594573239423));
#4547=CARTESIAN_POINT('Ctrl Pts',(-5.14798826386119,-4.18543993744832,-0.340679968487025));
#4548=CARTESIAN_POINT('Ctrl Pts',(-5.85293311706653,-6.12504453271884,-0.38604897500769));
#4549=CARTESIAN_POINT('Ctrl Pts',(-6.23581949007794,-7.70000116845711,-0.322150677660996));
#4550=CARTESIAN_POINT('Ctrl Pts',(-6.43878089403496,-8.60711043859526,-0.217210380170016));
#4551=CARTESIAN_POINT('Ctrl Pts',(-6.5406923072205,-9.05519158254388,-0.143952468038802));
#4552=CARTESIAN_POINT('Ctrl Pts',(-6.58750404328217,-9.25414632093244,-0.103770464305462));
#4553=CARTESIAN_POINT('Ctrl Pts',(-6.62455632709433,-9.40779487715215,-0.0696713580091337));
#4554=CARTESIAN_POINT('Ctrl Pts',(-6.67634542845905,-9.61811464358348,-0.0211670892513149));
#4555=CARTESIAN_POINT('Ctrl Pts',(-6.78299611624855,-9.9965420049865,0.0920490700258716));
#4556=CARTESIAN_POINT('Ctrl Pts',(-6.88145851798234,-10.2840857746834,0.197507176813857));
#4557=CARTESIAN_POINT('Ctrl Pts',(-6.92462989686791,-10.3905237208412,0.23139361470248));
#4558=CARTESIAN_POINT('Ctrl Pts',(-6.94003877348553,-10.4269234756821,0.239563450551216));
#4559=CARTESIAN_POINT('Ctrl Pts',(-0.72208546313045,-0.191990251830597,
-0.186942066283716));
#4560=CARTESIAN_POINT('Ctrl Pts',(-0.718101305612066,-0.252253417918668,
-0.186665949481464));
#4561=CARTESIAN_POINT('Ctrl Pts',(-0.730479661872816,-0.372571236857545,
-0.187389162031547));
#4562=CARTESIAN_POINT('Ctrl Pts',(-0.838255064661761,-0.585573463996067,
-0.19337954167015));
#4563=CARTESIAN_POINT('Ctrl Pts',(-0.97594513787363,-0.695234833075784,
-0.200291434350051));
#4564=CARTESIAN_POINT('Ctrl Pts',(-1.17474668556414,-0.840644944235782,
-0.205237685917941));
#4565=CARTESIAN_POINT('Ctrl Pts',(-1.59614097307047,-1.05296834183095,-0.215773689843394));
#4566=CARTESIAN_POINT('Ctrl Pts',(-2.36585644643587,-1.38404649597173,-0.244540517445461));
#4567=CARTESIAN_POINT('Ctrl Pts',(-2.98997836644443,-1.74208403897144,-0.274547806577343));
#4568=CARTESIAN_POINT('Ctrl Pts',(-3.57479580724374,-2.15476178616421,-0.306776081130804));
#4569=CARTESIAN_POINT('Ctrl Pts',(-3.9278908701763,-2.50379292839498,-0.330648177771038));
#4570=CARTESIAN_POINT('Ctrl Pts',(-4.4815321360176,-3.13491044124662,-0.374828666366527));
#4571=CARTESIAN_POINT('Ctrl Pts',(-5.15111976352358,-4.18321798948246,-0.435038916513919));
#4572=CARTESIAN_POINT('Ctrl Pts',(-5.85029698453259,-6.12635666393119,-0.460959329488323));
#4573=CARTESIAN_POINT('Ctrl Pts',(-6.22848462815543,-7.7042935544167,-0.377077778077083));
#4574=CARTESIAN_POINT('Ctrl Pts',(-6.43085030495009,-8.61177276248116,-0.259813121170287));
#4575=CARTESIAN_POINT('Ctrl Pts',(-6.53354240873627,-9.0593691251031,-0.180532708478855));
#4576=CARTESIAN_POINT('Ctrl Pts',(-6.58117421298185,-9.25781865144423,-0.137770112977074));
#4577=CARTESIAN_POINT('Ctrl Pts',(-6.61910278591388,-9.41093091355678,-0.101755985025493));
#4578=CARTESIAN_POINT('Ctrl Pts',(-6.67188795527794,-9.62063708991064,-0.0505460872043286));
#4579=CARTESIAN_POINT('Ctrl Pts',(-6.78079064880373,-9.99765514939435,0.0685190956722468));
#4580=CARTESIAN_POINT('Ctrl Pts',(-6.88202679756818,-10.283554100119,0.179725411902433));
#4581=CARTESIAN_POINT('Ctrl Pts',(-6.92701671687915,-10.3890610060903,0.21628947598188));
#4582=CARTESIAN_POINT('Ctrl Pts',(-6.94318760931689,-10.4251054944673,0.225329138334659));
#4583=CARTESIAN_POINT('Ctrl Pts',(-0.697697269103565,-0.206079150469402,
-0.202797458852555));
#4584=CARTESIAN_POINT('Ctrl Pts',(-0.693675692785203,-0.266365936436575,
-0.202159592898628));
#4585=CARTESIAN_POINT('Ctrl Pts',(-0.705977979700024,-0.386729355223789,
-0.2020443260055));
#4586=CARTESIAN_POINT('Ctrl Pts',(-0.813601289451368,-0.59981397207252,
-0.206516431030025));
#4587=CARTESIAN_POINT('Ctrl Pts',(-0.951135798875103,-0.709556531768825,
-0.213162663991731));
#4588=CARTESIAN_POINT('Ctrl Pts',(-1.14920677814074,-0.855396036874098,
-0.221223454130235));
#4589=CARTESIAN_POINT('Ctrl Pts',(-1.5698811979641,-1.06814729359094,-0.239462396113595));
#4590=CARTESIAN_POINT('Ctrl Pts',(-2.33950023521314,-1.39929202829353,-0.281154355237559));
#4591=CARTESIAN_POINT('Ctrl Pts',(-2.96387388043772,-1.75718784808995,-0.32073972295507));
#4592=CARTESIAN_POINT('Ctrl Pts',(-3.5491286919123,-2.16961101609279,-0.361120536425159));
#4593=CARTESIAN_POINT('Ctrl Pts',(-3.90274050576865,-2.51833228098317,-0.388458279891444));
#4594=CARTESIAN_POINT('Ctrl Pts',(-4.45776653592777,-3.14859212409584,-0.433296187400489));
#4595=CARTESIAN_POINT('Ctrl Pts',(-5.1294731270006,-4.19562038087895,-0.490670299551909));
#4596=CARTESIAN_POINT('Ctrl Pts',(-5.83244063129563,-6.13661772755051,-0.505333379443868));
#4597=CARTESIAN_POINT('Ctrl Pts',(-6.21442011892752,-7.71242696284987,-0.409890703106268));
#4598=CARTESIAN_POINT('Ctrl Pts',(-6.41986672693557,-8.61813337860208,-0.285382713662582));
#4599=CARTESIAN_POINT('Ctrl Pts',(-6.52444882414426,-9.06463071461103,-0.202496777079516));
#4600=CARTESIAN_POINT('Ctrl Pts',(-6.57306943000267,-9.26250204805507,-0.158157916663726));
#4601=CARTESIAN_POINT('Ctrl Pts',(-6.61183256270135,-9.41512548586263,-0.120955677687286));
#4602=CARTESIAN_POINT('Ctrl Pts',(-6.66554173728754,-9.62428932230185,-0.0683590674937782));
#4603=CARTESIAN_POINT('Ctrl Pts',(-6.77635850480277,-10.0001771737592,0.0535276048335636));
#4604=CARTESIAN_POINT('Ctrl Pts',(-6.87974977105307,-10.2848218769139,0.167667668192578));
#4605=CARTESIAN_POINT('Ctrl Pts',(-6.92609490602355,-10.3895737191044,0.205882819833006));
#4606=CARTESIAN_POINT('Ctrl Pts',(-6.94285212594997,-10.4252991858797,0.215598182877696));
#4607=CARTESIAN_POINT('Ctrl Pts',(-0.685587757985679,-0.213070579973068,
-0.209000350792033));
#4608=CARTESIAN_POINT('Ctrl Pts',(-0.681586603507307,-0.273345575385426,
-0.208178797530841));
#4609=CARTESIAN_POINT('Ctrl Pts',(-0.69394094515176,-0.393678940360474,
-0.207642226863724));
#4610=CARTESIAN_POINT('Ctrl Pts',(-0.801649822674857,-0.606714154633149,
-0.211361691372758));
#4611=CARTESIAN_POINT('Ctrl Pts',(-0.939157418654435,-0.716472252813683,
-0.21789106589436));
#4612=CARTESIAN_POINT('Ctrl Pts',(-1.13677233082048,-0.862575068381675,
-0.227564780657756));
#4613=CARTESIAN_POINT('Ctrl Pts',(-1.55638806568789,-1.07593755714282,-0.249290488642635));
#4614=CARTESIAN_POINT('Ctrl Pts',(-2.32436161251921,-1.40803231618103,-0.296390310178272));
#4615=CARTESIAN_POINT('Ctrl Pts',(-2.94762263678125,-1.76657050798968,-0.339899895373162));
#4616=CARTESIAN_POINT('Ctrl Pts',(-3.53202942394678,-2.17948328305563,-0.383585848820779));
#4617=CARTESIAN_POINT('Ctrl Pts',(-3.88545480723481,-2.52831218368481,-0.412324534697407));
#4618=CARTESIAN_POINT('Ctrl Pts',(-4.44111336811869,-3.15820683501328,-0.457489917979854));
#4619=CARTESIAN_POINT('Ctrl Pts',(-5.11423431124842,-4.2044185152556,-0.513916534892542));
#4620=CARTESIAN_POINT('Ctrl Pts',(-5.82043532838872,-6.14354899241551,-0.524460329197989));
#4621=CARTESIAN_POINT('Ctrl Pts',(-6.20557329411578,-7.7175346795364,-0.424582947838847));
#4622=CARTESIAN_POINT('Ctrl Pts',(-6.41323026365518,-8.62196494246348,-0.297098032970188));
#4623=CARTESIAN_POINT('Ctrl Pts',(-6.51904011740148,-9.06775343290494,-0.212640119949146));
#4624=CARTESIAN_POINT('Ctrl Pts',(-6.56825689895895,-9.26528056414864,-0.167573412213771));
#4625=CARTESIAN_POINT('Ctrl Pts',(-6.60750266308517,-9.41762535457159,-0.129800813991012));
#4626=CARTESIAN_POINT('Ctrl Pts',(-6.66171568326168,-9.62649829562361,-0.0766167716237193));
#4627=CARTESIAN_POINT('Ctrl Pts',(-6.77351902031303,-10.0018165508937,0.0464087135571525));
#4628=CARTESIAN_POINT('Ctrl Pts',(-6.87798917688244,-10.2858383564323,0.161790741229696));
#4629=CARTESIAN_POINT('Ctrl Pts',(-6.92502281298209,-10.3901926923105,0.200799903413304));
#4630=CARTESIAN_POINT('Ctrl Pts',(-6.94209355868901,-10.425737144892,0.210877759663291));
#4631=CARTESIAN_POINT('',(-0.723992554428457,-0.445347932668557,-0.208757180494198));
#4632=CARTESIAN_POINT('Ctrl Pts',(-0.723992554428457,-0.445347932668558,
-0.208757180494198));
#4633=CARTESIAN_POINT('Ctrl Pts',(-0.73285739641832,-0.430936549733898,
-0.203238835037213));
#4634=CARTESIAN_POINT('Ctrl Pts',(-0.746936067616734,-0.407018689417498,
-0.192754072967823));
#4635=CARTESIAN_POINT('Ctrl Pts',(-0.761519885128543,-0.377607553623879,
-0.173075375389977));
#4636=CARTESIAN_POINT('Ctrl Pts',(-0.780669063350024,-0.338989470220671,
-0.147236401007604));
#4637=CARTESIAN_POINT('Ctrl Pts',(-0.792444692121129,-0.308277652723878,
-0.117481267081877));
#4638=CARTESIAN_POINT('Ctrl Pts',(-0.805243553016393,-0.272619311728922,
-0.0714845735201198));
#4639=CARTESIAN_POINT('Ctrl Pts',(-0.808920981182871,-0.261143024671157,
-0.051759921026139));
#4640=CARTESIAN_POINT('Ctrl Pts',(-0.812814262870252,-0.248735139761007,
-0.0161512974360182));
#4641=CARTESIAN_POINT('Ctrl Pts',(-0.813434266660096,-0.246627471250159,
-0.000709961095372073));
#4642=CARTESIAN_POINT('Ctrl Pts',(-0.813038284908166,-0.247929951245412,
0.0302669477407269));
#4643=CARTESIAN_POINT('Ctrl Pts',(-0.811865810384346,-0.25179623852106,
0.0443680399565453));
#4644=CARTESIAN_POINT('Ctrl Pts',(-0.80784680345159,-0.264477951122957,
0.0762594491414864));
#4645=CARTESIAN_POINT('Ctrl Pts',(-0.804329981414486,-0.275090770418512,
0.0924552336293843));
#4646=CARTESIAN_POINT('Ctrl Pts',(-0.794709601289943,-0.302071057751219,
0.127690129208077));
#4647=CARTESIAN_POINT('Ctrl Pts',(-0.788131992604904,-0.319953886735374,
0.144891904779318));
#4648=CARTESIAN_POINT('Ctrl Pts',(-0.755173440917286,-0.393119589567413,
0.234461779193083));
#4649=CARTESIAN_POINT('Ctrl Pts',(-0.733709592303041,-0.431038160089348,
0.286845826897818));
#4650=CARTESIAN_POINT('Ctrl Pts',(-0.670648541441997,-0.527598916076605,
0.422514801336938));
#4651=CARTESIAN_POINT('Ctrl Pts',(-0.612962585982623,-0.596464737380647,
0.523668383440494));
#4652=CARTESIAN_POINT('Ctrl Pts',(-0.436848257973882,-0.741206264888693,
0.741769332323349));
#4653=CARTESIAN_POINT('Ctrl Pts',(-0.331562037605905,-0.788896178438964,
0.822464572981603));
#4654=CARTESIAN_POINT('Ctrl Pts',(-0.179154299907672,-0.833049268316837,
0.919535888049676));
#4655=CARTESIAN_POINT('Ctrl Pts',(-0.123625021146784,-0.842633617584163,
0.949089618649568));
#4656=CARTESIAN_POINT('Ctrl Pts',(-0.0221370890869517,-0.851111222755563,
0.996338258134268));
#4657=CARTESIAN_POINT('Ctrl Pts',(0.00404535044712358,-0.850443348064308,
1.00332175301181));
#4658=CARTESIAN_POINT('Ctrl Pts',(0.0652806688685371,-0.848152310373172,
1.00920030270269));
#4659=CARTESIAN_POINT('Ctrl Pts',(0.0957504672600904,-0.845029424158421,
1.0053061285622));
#4660=CARTESIAN_POINT('Ctrl Pts',(0.159631858462815,-0.835708744835297,
0.988321066230485));
#4661=CARTESIAN_POINT('Ctrl Pts',(0.190717883609943,-0.828746652711724,
0.972079724672975));
#4662=CARTESIAN_POINT('Ctrl Pts',(0.247364146636419,-0.813848434800818,
0.931001475340189));
#4663=CARTESIAN_POINT('Ctrl Pts',(0.270962830835494,-0.805848363691754,
0.904321953135735));
#4664=CARTESIAN_POINT('Ctrl Pts',(0.302524662483803,-0.794500154110977,
0.851839291115307));
#4665=CARTESIAN_POINT('Ctrl Pts',(0.311537119521913,-0.79086301779184,0.826737358838139));
#4666=CARTESIAN_POINT('Ctrl Pts',(0.319962897505163,-0.787493015723527,
0.77718503073476));
#4667=CARTESIAN_POINT('Ctrl Pts',(0.318841045507831,-0.78794760767067,0.754111208319251));
#4668=CARTESIAN_POINT('Ctrl Pts',(0.309380038125127,-0.791716688510223,
0.70747165541404));
#4669=CARTESIAN_POINT('Ctrl Pts',(0.299747783588777,-0.795482378361905,
0.685880021571656));
#4670=CARTESIAN_POINT('Ctrl Pts',(0.27214511375192,-0.805445443103268,0.640341399745099));
#4671=CARTESIAN_POINT('Ctrl Pts',(0.25186554242446,-0.812110166990348,0.619350782115999));
#4672=CARTESIAN_POINT('Ctrl Pts',(0.213100737487969,-0.823069632371474,
0.588379469604028));
#4673=CARTESIAN_POINT('Ctrl Pts',(0.183459941514576,-0.831020692068414,
0.56964509061221));
#4674=CARTESIAN_POINT('Ctrl Pts',(0.12763285678537,-0.840492484013566,0.549339505344239));
#4675=CARTESIAN_POINT('Ctrl Pts',(0.0676534346479702,-0.849806149629687,
0.527553183031514));
#4676=CARTESIAN_POINT('Ctrl Pts',(-0.091653855705974,-0.850271146161871,
0.445980151528807));
#4677=CARTESIAN_POINT('Ctrl Pts',(-0.168047107939708,-0.835874458197476,
0.390337003665888));
#4678=CARTESIAN_POINT('Ctrl Pts',(-0.318366090829934,-0.793217432093695,
0.253058118971853));
#4679=CARTESIAN_POINT('Ctrl Pts',(-0.393710233644507,-0.756980391350553,
0.157560824511101));
#4680=CARTESIAN_POINT('Ctrl Pts',(-0.486193730636908,-0.698112252564563,
-0.00726913326512698));
#4681=CARTESIAN_POINT('Ctrl Pts',(-0.509606901671013,-0.680765017380037,
-0.0572105818850818));
#4682=CARTESIAN_POINT('Ctrl Pts',(-0.535638998727256,-0.660041217598397,
-0.118877648517189));
#4683=CARTESIAN_POINT('Ctrl Pts',(-0.549781243200565,-0.648984917352847,
-0.150048173490941));
#4684=CARTESIAN_POINT('Ctrl Pts',(-0.589791377181758,-0.612532573173103,
-0.194238512366163));
#4685=CARTESIAN_POINT('Ctrl Pts',(-0.607380867681504,-0.595125239714773,
-0.206303406344603));
#4686=CARTESIAN_POINT('Ctrl Pts',(-0.644715297873802,-0.554787067815003,
-0.223450349622939));
#4687=CARTESIAN_POINT('Ctrl Pts',(-0.663303660613225,-0.532217274158895,
-0.225592056612922));
#4688=CARTESIAN_POINT('Ctrl Pts',(-0.696441783992183,-0.488122790568683,
-0.222488530611166));
#4689=CARTESIAN_POINT('Ctrl Pts',(-0.710442348796014,-0.467203501369953,
-0.216892969692172));
#4690=CARTESIAN_POINT('Ctrl Pts',(-0.722851892972925,-0.447198134459879,
-0.209460059421096));
#4691=CARTESIAN_POINT('Ctrl Pts',(-0.723410925720966,-0.44629347394713,
-0.209119243138891));
#4692=CARTESIAN_POINT('Ctrl Pts',(-0.723992554428457,-0.445347932668558,
-0.208757180494198));
#4693=CARTESIAN_POINT('',(-6.94209355868901,-10.425737144892,0.210877759663291));
#4694=CARTESIAN_POINT('Ctrl Pts',(-0.724027275686258,-0.445358835307467,
-0.208760413870111));
#4695=CARTESIAN_POINT('Ctrl Pts',(-0.73939510547178,-0.481604911846033,
-0.209233579262034));
#4696=CARTESIAN_POINT('Ctrl Pts',(-0.758800601380359,-0.515994339382664,
-0.209947530568836));
#4697=CARTESIAN_POINT('Ctrl Pts',(-0.781025485276,-0.547897760784539,-0.210847355927703));
#4698=CARTESIAN_POINT('Ctrl Pts',(-0.847485688001383,-0.643300187359994,
-0.213538149546626));
#4699=CARTESIAN_POINT('Ctrl Pts',(-0.939157418654435,-0.716472252813683,
-0.21789106589436));
#4700=CARTESIAN_POINT('Ctrl Pts',(-0.991635344987141,-0.755270806568249,
-0.220459983822429));
#4701=CARTESIAN_POINT('Ctrl Pts',(-1.13677233082048,-0.862575068381675,
-0.227564780657756));
#4702=CARTESIAN_POINT('Ctrl Pts',(-1.34658019825418,-0.969256312762246,
-0.238427634650195));
#4703=CARTESIAN_POINT('Ctrl Pts',(-1.6050788413373,-1.08901588676017,-0.253279025953542));
#4704=CARTESIAN_POINT('Ctrl Pts',(-1.86357748442042,-1.2087754607581,-0.26813041725689));
#4705=CARTESIAN_POINT('Ctrl Pts',(-2.17076690315295,-1.34161336437338,-0.286970345871144));
#4706=CARTESIAN_POINT('Ctrl Pts',(-2.4809170508178,-1.50540539618136,-0.30775351714086));
#4707=CARTESIAN_POINT('Ctrl Pts',(-2.63599212465023,-1.58730141208535,-0.318145102775717));
#4708=CARTESIAN_POINT('Ctrl Pts',(-2.79180738071574,-1.67693596003752,-0.32902249907444));
#4709=CARTESIAN_POINT('Ctrl Pts',(-2.94276585714419,-1.77336733089684,-0.339921941404753));
#4710=CARTESIAN_POINT('Ctrl Pts',(-3.09372433357263,-1.86979870175617,-0.350821383735066));
#4711=CARTESIAN_POINT('Ctrl Pts',(-3.23982603036401,-1.97302689552266,-0.361742872096971));
#4712=CARTESIAN_POINT('Ctrl Pts',(-3.37649664859027,-2.08060445810356,-0.372217051657865));
#4713=CARTESIAN_POINT('Ctrl Pts',(-3.64983788504279,-2.29575958326536,-0.393165410779655));
#4714=CARTESIAN_POINT('Ctrl Pts',(-3.88545480723481,-2.52831218368481,-0.412324534697407));
#4715=CARTESIAN_POINT('Ctrl Pts',(-4.06602045305996,-2.73300143446861,-0.427001383351305));
#4716=CARTESIAN_POINT('Ctrl Pts',(-4.44111336811869,-3.15820683501328,-0.457489917979854));
#4717=CARTESIAN_POINT('Ctrl Pts',(-4.77767383968355,-3.68131267513444,-0.485703226436198));
#4718=CARTESIAN_POINT('Ctrl Pts',(-5.06365424498937,-4.26605400805501,-0.501567179715278));
#4719=CARTESIAN_POINT('Ctrl Pts',(-5.34963465029519,-4.85079534097557,-0.517431132994358));
#4720=CARTESIAN_POINT('Ctrl Pts',(-5.58503498934195,-5.49717216669554,-0.520945731096173));
#4721=CARTESIAN_POINT('Ctrl Pts',(-5.77976275201075,-6.13515771697971,-0.502727553875253));
#4722=CARTESIAN_POINT('Ctrl Pts',(-5.97449051467954,-6.77314326726387,-0.484509376654332));
#4723=CARTESIAN_POINT('Ctrl Pts',(-6.12854570097037,-7.40273754211222,-0.444558424110675));
#4724=CARTESIAN_POINT('Ctrl Pts',(-6.25900484670136,-7.95714716246247,-0.382675758074729));
#4725=CARTESIAN_POINT('Ctrl Pts',(-6.32423441956686,-8.23435197263759,-0.351734425056756));
#4726=CARTESIAN_POINT('Ctrl Pts',(-6.38356498229241,-8.49276061918818,-0.315310163665711));
#4727=CARTESIAN_POINT('Ctrl Pts',(-6.43861178778302,-8.72749299818554,-0.275016105528348));
#4728=CARTESIAN_POINT('Ctrl Pts',(-6.46613519052833,-8.84485918768421,-0.254869076459667));
#4729=CARTESIAN_POINT('Ctrl Pts',(-6.49258765396491,-8.95630631029457,-0.233754598204406));
#4730=CARTESIAN_POINT('Ctrl Pts',(-6.51811808107256,-9.06141165441068,-0.211930682142932));
#4731=CARTESIAN_POINT('Ctrl Pts',(-6.54364850818022,-9.16651699852679,-0.190106766081458));
#4732=CARTESIAN_POINT('Ctrl Pts',(-6.56825689895895,-9.26528056414864,-0.167573412213771));
#4733=CARTESIAN_POINT('Ctrl Pts',(-6.59202038814795,-9.35752602963565,-0.144701931698824));
#4734=CARTESIAN_POINT('Ctrl Pts',(-6.60750266308517,-9.41762535457159,-0.129800813991013));
#4735=CARTESIAN_POINT('Ctrl Pts',(-6.63460917317342,-9.5220618250976,-0.103208792807366));
#4736=CARTESIAN_POINT('Ctrl Pts',(-6.66679631772611,-9.63683310290562,-0.0694085346853975));
#4737=CARTESIAN_POINT('Ctrl Pts',(-6.69898346227879,-9.75160438071364,-0.0356082765634287));
#4738=CARTESIAN_POINT('Ctrl Pts',(-6.73625124129591,-9.87671046580367,0.00540021849686187));
#4739=CARTESIAN_POINT('Ctrl Pts',(-6.77229682356604,-9.98660047593845,0.0451348039724312));
#4740=CARTESIAN_POINT('Ctrl Pts',(-6.80834240583617,-10.0964904860732,0.0848693894480002));
#4741=CARTESIAN_POINT('Ctrl Pts',(-6.8431657913593,-10.1911644212527,0.123330065338848));
#4742=CARTESIAN_POINT('Ctrl Pts',(-6.87233589314578,-10.2645899728121,0.152312693830174));
#4743=CARTESIAN_POINT('Ctrl Pts',(-6.90150599493226,-10.3380155243714,0.1812953223215));
#4744=CARTESIAN_POINT('Ctrl Pts',(-6.92502281298209,-10.3901926923105,0.200799903413304));
#4745=CARTESIAN_POINT('Ctrl Pts',(-6.94209355868901,-10.425737144892,0.210877759663291));
#4746=CARTESIAN_POINT('Ctrl Pts',(-6.94209355868901,-10.425737144892,0.210877759663291));
#4747=CARTESIAN_POINT('Ctrl Pts',(-6.94109032741398,-10.4263163607387,0.204634837718377));
#4748=CARTESIAN_POINT('Ctrl Pts',(-6.93699529729472,-10.4286806274805,0.192598126606187));
#4749=CARTESIAN_POINT('Ctrl Pts',(-6.9293238065756,-10.4331097647123,0.183178362572929));
#4750=CARTESIAN_POINT('Ctrl Pts',(-6.91754991175182,-10.4399074260584,0.173348494902067));
#4751=CARTESIAN_POINT('Ctrl Pts',(-6.90854532302361,-10.4451062277848,0.169988688575936));
#4752=CARTESIAN_POINT('Ctrl Pts',(-6.89524702575037,-10.4527840032953,0.169999014421985));
#4753=CARTESIAN_POINT('Ctrl Pts',(-6.8909765618985,-10.4552495567498,0.169996668283169));
#4754=CARTESIAN_POINT('Ctrl Pts',(-6.88134420073126,-10.4608108030627,0.169997384270801));
#4755=CARTESIAN_POINT('Ctrl Pts',(-6.8759831853953,-10.4639059867101,0.169997195547566));
#4756=CARTESIAN_POINT('Ctrl Pts',(-6.86996018014148,-10.4673833704148,0.169997248691683));
#4757=CARTESIAN_POINT('Ctrl Pts',(-6.86929827748258,-10.4677655200931,0.169997243241206));
#4758=CARTESIAN_POINT('Ctrl Pts',(-6.82040819364914,-10.4959922231549,0.169997490268992));
#4759=CARTESIAN_POINT('Ctrl Pts',(-6.72395243915778,-10.5516809789746,0.170000482124009));
#4760=CARTESIAN_POINT('Ctrl Pts',(-6.62749466713939,-10.6073708996153,0.169994820106243));
#4761=CARTESIAN_POINT('Ctrl Pts',(-6.575924559293,-10.6371449152627,0.169993175746234));
#4762=CARTESIAN_POINT('Ctrl Pts',(-6.5725830751327,-10.6390741220421,0.16999322475436));
#4763=CARTESIAN_POINT('Ctrl Pts',(-6.56885721048638,-10.6412252509986,0.16999316624426));
#4764=CARTESIAN_POINT('Ctrl Pts',(-6.56847286364372,-10.6414471537517,0.169993194399257));
#4765=CARTESIAN_POINT('Ctrl Pts',(-6.56309457367195,-10.6445523109147,0.169992663943781));
#4766=CARTESIAN_POINT('Ctrl Pts',(-6.55810144009877,-10.6474350979272,0.169996059708022));
#4767=CARTESIAN_POINT('Ctrl Pts',(-6.54364253245825,-10.6557829521457,0.16998125082837));
#4768=CARTESIAN_POINT('Ctrl Pts',(-6.53413757042934,-10.6612706445316,0.173698653774594));
#4769=CARTESIAN_POINT('Ctrl Pts',(-6.52066738081684,-10.6690476621304,0.185764633352552));
#4770=CARTESIAN_POINT('Ctrl Pts',(-6.51124764540055,-10.6744861489087,0.200024582263786));
#4771=CARTESIAN_POINT('Ctrl Pts',(-6.50920417219462,-10.6756659487142,0.217792238302712));
#4772=CARTESIAN_POINT('Ctrl Pts',(-6.51096670447909,-10.6746483502254,0.23362463487897));
#4773=CARTESIAN_POINT('Ctrl Pts',(-6.51539173775439,-10.6720935560727,0.24775077194378));
#4774=CARTESIAN_POINT('Ctrl Pts',(-6.52462718701791,-10.6667614669544,0.258375544611754));
#4775=CARTESIAN_POINT('Ctrl Pts',(-6.53687801755936,-10.6596884466435,0.267306708195829));
#4776=CARTESIAN_POINT('Ctrl Pts',(-6.54499074969628,-10.6550045585604,0.270011052665337));
#4777=CARTESIAN_POINT('Ctrl Pts',(-6.55778380504854,-10.6476184846091,0.270003255442157));
#4778=CARTESIAN_POINT('Ctrl Pts',(-6.56245846030271,-10.6449195711397,0.270005118329912));
#4779=CARTESIAN_POINT('Ctrl Pts',(-6.56936840312597,-10.6409301137906,0.270004685655692));
#4780=CARTESIAN_POINT('Ctrl Pts',(-6.57160314614686,-10.639639884306,0.270004753300307));
#4781=CARTESIAN_POINT('Ctrl Pts',(-6.57487279983273,-10.6377521488703,0.27000472140246));
#4782=CARTESIAN_POINT('Ctrl Pts',(-6.57590768594068,-10.6371546570973,0.270004736382702));
#4783=CARTESIAN_POINT('Ctrl Pts',(-6.60136791678749,-10.6224551859642,0.270004256977804));
#4784=CARTESIAN_POINT('Ctrl Pts',(-6.65021882587894,-10.5942511004495,0.270001459102336));
#4785=CARTESIAN_POINT('Ctrl Pts',(-6.74791998913482,-10.5378433075436,0.270001316000048));
#4786=CARTESIAN_POINT('Ctrl Pts',(-6.82119596285476,-10.4955374043904,0.270001040506191));
#4787=CARTESIAN_POINT('Ctrl Pts',(-6.87366236384077,-10.4652459136574,0.270001442594889));
#4788=CARTESIAN_POINT('Ctrl Pts',(-6.87727816307987,-10.4631583309934,0.270001400442364));
#4789=CARTESIAN_POINT('Ctrl Pts',(-6.88158182527067,-10.460673610469,0.270001454659094));
#4790=CARTESIAN_POINT('Ctrl Pts',(-6.88226966959437,-10.4602764833636,0.270001411833636));
#4791=CARTESIAN_POINT('Ctrl Pts',(-6.88847810760715,-10.4566920400057,0.27000187412553));
#4792=CARTESIAN_POINT('Ctrl Pts',(-6.89399828306925,-10.4535049652167,0.2699996444134));
#4793=CARTESIAN_POINT('Ctrl Pts',(-6.90589736458248,-10.4466350273021,0.270005608276266));
#4794=CARTESIAN_POINT('Ctrl Pts',(-6.91441955841162,-10.441714736401,0.26779299754014));
#4795=CARTESIAN_POINT('Ctrl Pts',(-6.92185905632373,-10.4374195402788,0.262901918834793));
#4796=CARTESIAN_POINT('Ctrl Pts',(-6.92713647089916,-10.4343726235532,0.25881772407228));
#4797=CARTESIAN_POINT('Ctrl Pts',(-6.93345288480418,-10.430725840285,0.252198193116068));
#4798=CARTESIAN_POINT('Ctrl Pts',(-6.94003877348553,-10.4269234756821,0.239563450551216));
#4799=CARTESIAN_POINT('Ctrl Pts',(-6.94318760931689,-10.4251054944673,0.225329138334659));
#4800=CARTESIAN_POINT('Ctrl Pts',(-6.94285212594997,-10.4252991858797,0.215598182877696));
#4801=CARTESIAN_POINT('Ctrl Pts',(-6.94209355868901,-10.425737144892,0.210877759663291));
#4802=CARTESIAN_POINT('Origin',(-6.74600694639896,-10.5389478032821,0.218919877802816));
#4803=CARTESIAN_POINT('Origin',(0.,0.,-0.35));
#4804=CARTESIAN_POINT('',(-0.85,-1.04094977927525E-16,-0.35));
#4805=CARTESIAN_POINT('Origin',(0.,0.,-0.35));
#4806=CARTESIAN_POINT('',(-0.25,-3.06161699786838E-17,-0.35));
#4807=CARTESIAN_POINT('Origin',(0.,0.,-0.35));
#4808=CARTESIAN_POINT('Origin',(0.,0.,0.));
#4809=CARTESIAN_POINT('',(-0.25,-3.06161699786838E-17,1.2));
#4810=CARTESIAN_POINT('Origin',(0.,0.,1.2));
#4811=CARTESIAN_POINT('',(-0.25,-3.06161699786838E-17,0.));
#4812=CARTESIAN_POINT('Origin',(0.,0.,0.));
#4813=CARTESIAN_POINT('',(-0.85,-1.04094977927525E-16,1.2));
#4814=CARTESIAN_POINT('Origin',(0.,0.,1.2));
#4815=CARTESIAN_POINT('',(-0.85,-1.04094977927525E-16,0.));
#4816=CARTESIAN_POINT('Origin',(0.,0.,1.2));
#4817=UNCERTAINTY_MEASURE_WITH_UNIT(LENGTH_MEASURE(0.001),#4821,
'DISTANCE_ACCURACY_VALUE',
'Maximum model space distance between geometric entities at asserted c
onnectivities');
#4818=UNCERTAINTY_MEASURE_WITH_UNIT(LENGTH_MEASURE(0.001),#4821,
'DISTANCE_ACCURACY_VALUE',
'Maximum model space distance between geometric entities at asserted c
onnectivities');
#4819=(
GEOMETRIC_REPRESENTATION_CONTEXT(3)
GLOBAL_UNCERTAINTY_ASSIGNED_CONTEXT((#4817))
GLOBAL_UNIT_ASSIGNED_CONTEXT((#4821,#4823,#4824))
REPRESENTATION_CONTEXT('','3D')
);
#4820=(
GEOMETRIC_REPRESENTATION_CONTEXT(3)
GLOBAL_UNCERTAINTY_ASSIGNED_CONTEXT((#4818))
GLOBAL_UNIT_ASSIGNED_CONTEXT((#4821,#4823,#4824))
REPRESENTATION_CONTEXT('','3D')
);
#4821=(
LENGTH_UNIT()
NAMED_UNIT(*)
SI_UNIT(.CENTI.,.METRE.)
);
#4822=(
LENGTH_UNIT()
NAMED_UNIT(*)
SI_UNIT($,.METRE.)
);
#4823=(
NAMED_UNIT(*)
PLANE_ANGLE_UNIT()
SI_UNIT($,.RADIAN.)
);
#4824=(
NAMED_UNIT(*)
SI_UNIT($,.STERADIAN.)
SOLID_ANGLE_UNIT()
);
#4825=SHAPE_DEFINITION_REPRESENTATION(#4826,#4827);
#4826=PRODUCT_DEFINITION_SHAPE('',$,#4829);
#4827=SHAPE_REPRESENTATION('',(#150),#4819);
#4828=PRODUCT_DEFINITION_CONTEXT('part definition',#4833,'design');
#4829=PRODUCT_DEFINITION('2026-08-12-16-35-00-120','PROPS',#4830,#4828);
#4830=PRODUCT_DEFINITION_FORMATION('',$,#4835);
#4831=PRODUCT_RELATED_PRODUCT_CATEGORY('PROPS','PROPS',(#4835));
#4832=APPLICATION_PROTOCOL_DEFINITION('international standard',
'automotive_design',2009,#4833);
#4833=APPLICATION_CONTEXT(
'Core Data for Automotive Mechanical Design Process');
#4834=PRODUCT_CONTEXT('part definition',#4833,'mechanical');
#4835=PRODUCT('2026-08-12-16-35-00-120','PROPS',$,(#4834));
#4836=PRESENTATION_STYLE_ASSIGNMENT((#4838));
#4837=PRESENTATION_STYLE_ASSIGNMENT((#4839));
#4838=SURFACE_STYLE_USAGE(.BOTH.,#4840);
#4839=SURFACE_STYLE_USAGE(.BOTH.,#4841);
#4840=SURFACE_SIDE_STYLE('',(#4842));
#4841=SURFACE_SIDE_STYLE('',(#4843));
#4842=SURFACE_STYLE_FILL_AREA(#4844);
#4843=SURFACE_STYLE_FILL_AREA(#4845);
#4844=FILL_AREA_STYLE('Steel - Satin',(#4846));
#4845=FILL_AREA_STYLE('Aluminum - Anodized Glossy (Blue)',(#4847));
#4846=FILL_AREA_STYLE_COLOUR('Steel - Satin',#4848);
#4847=FILL_AREA_STYLE_COLOUR('Aluminum - Anodized Glossy (Blue)',#4849);
#4848=COLOUR_RGB('Steel - Satin',0.627450980392157,0.627450980392157,0.627450980392157);
#4849=COLOUR_RGB('Aluminum - Anodized Glossy (Blue)',0.349019607843137,
0.584313725490196,0.854901960784314);
ENDSEC;
END-ISO-10303-21;
